path	size_bytes	sha256	pack
.gitignore	75	f387aaa94bb94e4900e768c10c6742ec2bc84b519115f2b486c88df55d2afe37	shared
ARTIFACT_REGISTRY.json	42446	3e945beab603fca9c809d888c06955bc0d51df6026ecf0ba5a439bf8a8b61238	shared
CLEANUP_PACK_AA_EVENT_BUNDLE_20260722T090049Z.sh	1085	c87dfdc057c481e348577687c1e2f6833377e8165fade12033f456cf62618c92	shared
CLEANUP_PACK_AA_EVENT_BUNDLE_20260722T090049Z_1.sh	1087	547ebe9cb912d3e818a914c0442eca3fdf04ffd5c9e485f2ebcd630c5282b90e	shared
CLEANUP_PACK_AA_EVENT_BUNDLE_20260722T090049Z_2.sh	1087	1502260bf36799186d06f1f8f579a19d6fdc574da250f9569290dea07df7c81b	shared
CLEANUP_PACK_AA_EVENT_BUNDLE_20260722T090049Z_3.sh	1087	f537f4866c1cca9001a4bc9e404f76f057164e04005d4b4c478e0b364b8de562	shared
CLEANUP_PACK_AA_EVENT_BUNDLE_20260722T090049Z_4.sh	1087	5542e67f9e945443e0865bec45297a53754f6b3df3c554b860aa8054fbd883a6	shared
CLEANUP_PACK_AA_EVENT_BUNDLE_20260722T092243Z.sh	1085	071daaec9123ff2c4cb55961ebae0b699ee6231d02389224febf35128946b1c0	shared
CLEANUP_PACK_AA_EVENT_BUNDLE_20260722T092243Z_1.sh	1087	6f7973aecebf4246d582b38b33bd074437fdc2c18c1ffd66cebb51b69092875a	shared
CLEANUP_PACK_AA_EVENT_BUNDLE_20260722T092243Z_2.sh	1087	2fc63c18acce2f626d8816a756c346e50325d6a4fcdcba1b72ec409a12f137ae	shared
CLEANUP_PACK_AA_EVENT_BUNDLE_20260722T092243Z_3.sh	935	3ce0c146d3edee40498e4856c59d17b15276091d7d903d94596b7a6edc9ff9ec	shared
CLEANUP_PACK_AA_EVENT_BUNDLE_20260722T092243Z_4.sh	935	7a02435464dddec70ccac14a1cdbe35a6249337b1d10b4ec7085182b2659eabc	shared
CLEANUP_PACK_AA_EVENT_BUNDLE_20260722T092243Z_5.sh	935	0113583a56db55d53e42c78cf317da0bcacd487bea9a7c6da22a554af5e0fbf3	shared
CLEANUP_PACK_A_MC_20260722T093054Z.sh	1652	45d7ed3e4fc24ccdab354c2a72abdaab8beadf2a17de6319e287b3d7fba995a0	shared
CONSOLIDATION_VALIDATION.json	892	556edb32ed6bf717d6efb8480c6ce7e9556f0f26a221cfe7409dec87e8f03882	shared
CURRENT_STATE.md	2146	49dd7dd9b92245030acc583807834bb9fe354118f527e878497fb26785903d40	shared
OPEN_PACK_A_MC_PR.sh	4130	b7423fd6a075a60e65743b48e3f23129623c828806f8aad68e1635b8092370c9	shared
PACK_AA_DEMO_RESULTS.json	24181	eefdc5193750d4cf8f9e7383ac299867d8add1893c9b11168c2bd206d85e30d4	shared
PACK_AA_GATE_MATRIX_FINAL.json	218	c54d73a7ae4583759770f5c546a7bbe83733164de6697f7d638965a225ea03e1	shared
PACK_AA_IMPLEMENTATION_MANIFEST.json	988	1b7a66a657253e79548506ee3d7b0a461097c1455f24de0ffb1d4ad7869a77f4	shared
PACK_AA_OPERATOR_COMMANDS.md	360	dfe58bc1bcefa69caa05ea17aae3441a3bcf32a3fac0db90edecd61979124947	shared
PACK_AA_PRESENTATION_EVIDENCE.zip	234935	e9efae259ea61c1170bd3ef18bc140e62f62c69d3f684733182626a2832e7836	shared
PACK_AA_RESEARCHER_PRESENTATION.md	682	8bd28d8dcdd348d4268dc2c54657fc2067cfbf981055e86f60bbaa25d59cab70	shared
PACK_AA_RESEARCHER_RESULTS_BRIEF.md	542	3fe09fa1fa57dc4cea5d5934cfff4ab0cb25e936a14eb364994925e30c501b70	shared
PACK_AA_VALIDATION_REPORT.md	686	5d33318f66bc951631be974b9325f25535b70d7f9ad055a368e3af6961ffaa92	shared
PATCH_PACK_AA_IMPLEMENTATION.diff	81641	2d72ccf9f9c3106d4b253927eead1310105789fe473ac036f4cca2e7ffe7bf94	shared
PATH_MIGRATION.tsv	458518	4a5934f6de5b4857e5c81611d042e4696ef6fcf74123519d17e01f69e87ec492	shared
README.md	2865	295695c3b904755b9c5092cb6ed920c2af7b840b2c9c64a765835dc2304c5de6	shared
RESTORE_PRE_CONSOLIDATION.md	2024	f625f2788da20b6e11452334f4e69b738dc63a6f19bc6be1c326ad95134edeb3	shared
ROLLBACK_WORKSPACE_LAYOUT.sh	2894	3d1961d188d8bce5a89065a8417fb8a050f47124605786e04eebcaf8ef9ce683	shared
WORKSPACE_HASHES_AFTER.sha256	415495	a146d555a4b90c76de2bee47c588bcbd805b3b08774547f808a38462a5a1dc34	shared
WORKSPACE_HASHES_BEFORE.sha256	384159	272e2798865442042a831c4f09cc14cf92d55603cd33f77377dd8a8fa074c339	shared
WORKSPACE_INVENTORY_BEFORE.tsv	425157	c31cacde83f818d823638e3e9956af904a320150ee148b0182088dcab0dbfbd9	shared
WORKSPACE_LAYOUT_VALIDATION.md	2723	d81cbe6662bb5e449e012e2807e22e21b61c857dea7941b5340efeec16dd6294	shared
WORKSPACE_SYMLINKS_BEFORE.tsv	12	ce02cee40880f19033d4f99b6cff6ae3c77f9c9439f7b661e1f98bf9a93c1d45	shared
WORKSPACE_TREE_AFTER.txt	298453	0f5d45677ae905cfb526384765f8b4349f07de357a4d655c376e99b0188eb68d	shared
WORKSPACE_TREE_BEFORE.txt	262136	25a1695bdf5d5fa64df000750776ff8861c90b913337e1495ea6239299582452	shared
checksums.sha256	230	cddc9fd674870d99d0684c3ddde87864cf499311a94c6506bf34e14b34722a79	shared
evidence/pack_a/pack_a_native_failed_20260718T023622Z/EVIDENCE_SUMMARY.txt	4702	6806e36b3a368ee733cfe8424aba9095bc5a067f3e346e596473ae2efc6efedb	pack_a
evidence/pack_a/pack_a_native_failed_20260718T023622Z/mg5_events.log	2547	e1b2752562517e31377d29d6b51521fec99dfa5f0437443bb512af97280107d6	pack_a
evidence/pack_a/pack_a_native_failed_20260718T023622Z/pack_a_mg5.log	40947	fddef63d169d8278080ed933534a73e2f432029730e082932f32a0e83a49a15c	pack_a
evidence/pack_a/pack_a_native_failed_20260718T023622Z/parameters.py	23054	7f84d779ff83dd52bbfecbbfe31df147e2df79faab0bcda716d5908d63b3d45b	pack_a
evidence/pack_a/pack_a_native_failed_20260718T023622Z/particles.py	11211	01c61a7a352a5bebb747fff0c9ac3e228fa7575dfc381a339ecb285332b223c6	pack_a
evidence/pack_a/pack_a_native_failed_20260718T023622Z/point_param_card.dat	1643	442e79ea6440fff031aed96d9aa8616f987a425a4f68f4dc16375d55b975e4f4	pack_a
evidence/pack_a/pack_a_native_failed_20260718T023622Z/process_param_card.dat	1643	442e79ea6440fff031aed96d9aa8616f987a425a4f68f4dc16375d55b975e4f4	pack_a
evidence/pack_a/pack_a_native_failed_20260718T023622Z/smoke_tag_1_debug.log	19520	1a811e0d32cc5b6d70f661616bd6ad251379f3450131782da5638a674af3660a	pack_a
.code-review-graph/.gitignore	142	0372cef6feb8cafaacc589b124a0afaf613ecd97de03c58e8c6cc949254bf464	shared
.code-review-graph/graph.db	139264	2e6644a73dbd262708a8768ef0589b09202d6ff17bc39a13cea5c3b83e216155	shared
inputs/supporting_packs/ufo_pack_validation_support_v1.zip	10840	f81f3981f817997d56e6173c6bb53f59322c0f7190601835118b6a9891be2992	shared
inputs/coupling_basis/coupling_basis_ufo_v1.zip	210258	e60f087ff6a1edef848b6f0fc67a2809807c84737305867e668e4d38de096496	shared
design/pack_aa/PACK_AA_CONFIG_SCHEMA.yaml	5805	0c02ac68efc3256ee121082a136acedab59c012798ba72e04c6e14ee150a6bb3	pack_a
design/pack_aa/PACK_AA_DECAY_OWNERSHIP.md	2478	594c9a73fab17778647abf27af2b7f88669b5ccabc320a5fa425516f89bb90c1	pack_a
design/pack_aa/PACK_AA_DEMO_MATRIX_V1.yaml	6077	a1581ec7c3f7f7a220e154ddffaf1e6139b65dc5449a6655041e0a6f05b5dff0	pack_a
design/pack_aa/PACK_AA_DESIGN_ADDENDUM_V1.md	12173	cc9c469c176f3d87a34e33c7be3eee5e3e3318d48cc5bf95fcf131ffc0efcd72	pack_a
design/pack_aa/PACK_AA_DESIGN_CONTRACT.md	13809	1a30ebbbae3807794fa38f5d6186b6adc7882c3a7320c764c9fb499b89377b29	pack_a
design/pack_aa/PACK_AA_IMPLEMENTATION_MISSION.md	2837	644760c88574da8c232d0d621eae03287ff482ceb9e1e3a72ec931b137784875	pack_a
design/pack_aa/PACK_AA_IMPLEMENTATION_READINESS.json	5838	0e2b0dc151b6f5b75d9c37929f4a286bb5aee749377e5d2f80c4a9194f9b143b	pack_a
design/pack_aa/PACK_AA_OPEN_DECISIONS.md	3112	e795f70c777aeae865263440959b7d6f58848a1823b1df6fd758c4801a56f50b	pack_a
design/pack_aa/PACK_AA_RESEARCHER_DECISION_SHEET.md	9550	500c3aac661310bdb82951d239cc13f6e613fbb5d016ec1f3ffa8789cbeb61df	pack_a
design/pack_aa/PACK_AA_RESEARCHER_DEMO_PLAN.md	3187	64d8e51a7d12a55878f37b723315f49056117b02b404eaad22a172846b672324	pack_a
design/pack_aa/PACK_AA_RESEARCHER_MEETING_BRIEF.md	3630	1680cf68c144238b54db5938f33a7e93070c3cfc58e1e37d520a4ca5e23128fd	pack_a
design/pack_aa/PACK_AA_TECHNICAL_DECISIONS.md	21670	9f0e224af6dea96e270007d8ab589ffb5ee1374855dcd6f5d3e0f8a78706acd1	pack_a
design/pack_aa/PACK_AA_VALIDATION_MATRIX.json	8740	d71ad1224331888dd3c672e1273502162b641257ce64dfa0f9b52fd8238e7859	pack_a
pack_aa/inputs/pack_a_A_PI_NATIVE_200_1000events.lhe.gz	132704	38b471d8f5c7aec4b983dce9229bd1564a264e87be687c0cbbf0d9d6f0e768cb	pack_a
pack_aa/inputs/pack_a_A_PI_NATIVE_200_source.lhe.gz	18125	c83fbf9d29b3f58bbe98579e6c7b9846d60f45ed4f0262528cb61875b3646838	pack_a
pack_aa/validation/aa0_provenance_check.json	1116	f7efae0ba0758b47de3bce939be45cb5a49a1aa5cd94ab157ee5aaba5411d45e	pack_a
pack_aa/validation/aa2_single_event_dump.txt	5298	6f1b400c51f03d5d92d08fdf600652aaaf017b74ffc3ea2cfbed5f1520d73bd1	pack_a
pack_aa/validation/aa3_reproducibility_report.json	409	5e263f8d02003df072aa3bd129274a3fdf11a10f27a94238eac45ed00612962c	pack_a
pack_aa/validation/aa7_hepmc2_compile_attempt.log	296	9427721d218e661d38603d298fd357395353d16c910b2d0ebe2dbbc4ea1f2539	pack_a
pack_aa/validation/aa7_reader_smoke_report.json	1239	436ce891be355b47c1cd07666c105b74fa8fa82af105c1a01170fdea165103de	pack_a
pack_aa/validation/cycle2_adapter.cmnd	277	2f33a1e58090edcb7e4643bba336e3baefc99b44679aa52dacc205c9293f688f	pack_a
pack_aa/validation/is_resonance_ab.json	2213	2644ff331d93c9cb234042b13a328fd8500da8ebebab63fffb96bb49d18d0b93	pack_a
pack_aa/validation/pack_aa_recast_adapter.cmnd	281	a37f0d7c887a00af25ceffe2afa612322db82b5c15ddf7c08eef7ac0ccf8b507	pack_a
pack_aa/python/pack_aa.py	55185	b66f9c309ed086b9ac04ed839177e41a80c277950e88c950282306a61a53dd69	pack_a
pack_aa/python/prepare_input.py	1805	56eb57345fd014a79855c578dba7b0a66c93533dd9f7d5553b9f4711f652e5a1	pack_a
pack_aa/configs/ctau_1000_bb.yaml	1100	99bda0c22f5d96e54c57b40b0f0e392871d85c5740c64da269fd493aa6709219	pack_a
pack_aa/configs/ctau_1000_gamma_gamma.yaml	1110	9620e73985c3fdbda57ede98e465947bd4231372a42b7c4b2ff5c1c7ba554420	pack_a
pack_aa/configs/ctau_1000_mixed.yaml	1157	ca50f6436a6c3991c50280387b4b392dde8fb0a3dc6965f039ee2c69ef62b0c3	pack_a
pack_aa/configs/ctau_1_bb.yaml	1094	9e6458821ec4b9f8ac5e975879e3e2c0f34923195cec4db91e8187ffd488846a	pack_a
pack_aa/configs/ctau_1_gamma_gamma.yaml	1104	ef2918ce1b46cbc1ccfa5ab609c2a3aaf9209f258648dd0be1a5ba5832cdf290	pack_a
pack_aa/configs/ctau_1_mixed.yaml	1151	5d3113d646bcbecc5c9cab9ebde5830f2761bd0fe58e9b28fdc5a1e2ef37a3fb	pack_a
pack_aa/configs/ctau_50000_bb.yaml	1102	87b69eae1bae378bd3adfc96237c5ee4ab04fc365d5e632888be60477f10e306	pack_a
pack_aa/configs/ctau_50000_gamma_gamma.yaml	1112	94dde1fabdb7fe39ca206cfd2277705ecf9a7e8c064719db4eded4bdf078d17b	pack_a
pack_aa/configs/ctau_50000_mixed.yaml	1159	4027f3775f864585e560557929337f0793ffac5f6fe354785a1ea15742b45f71	pack_a
pack_aa/mission/BLOCKERS.md	532	f959b7e603be36d83c1bf430d11e6202eddd66b797424830f17401dabe1b9988	pack_a
pack_aa/mission/COMMAND_LEDGER.tsv	1054	a34e5696e57103e8614782d990a288b4825822ba54c31c8486d218ab0d448c1d	pack_a
pack_aa/mission/DECISIONS_LOCKED.yaml	1156	3a4a19d12b026c5047bdd155172a30db716308ac9dfa17d73f0f5ff98da36952	pack_a
pack_aa/mission/MISSION_STATE.json	2441	16d0c8c5656f148d8604ccd9d7ccacbdc8bc5897d4945cf8bc50a13200f31dd5	pack_a
pack_aa/mission/REVIEW_LEDGER.json	1030	b02c579c4b1f3f25edbdb89373c8b67a11c03a19a23749eef91450b2ccd059f9	pack_a
pack_aa/mission/agent_toolchain_probe.txt	6309	2ae0a02641f28e585d0a26b865e4952c0786748d4e7728f3728b7b0211ab8fb3	pack_a
pack_aa/mission/agent_validation_probe.txt	10708	90655a6af9867249fdc5de624933a6e47b978354082d462bb5e40ed8fc6afbfe	pack_a
pack_aa/mission/planner_correction_notes.txt	5732	4ca19febb73f91cdab8ee29a3d428fcd79993030aa49efa2d49510e35fdcf56b	pack_a
pack_aa/mission/logs/20260722T_ab_true.log	7788	fd31d9a63274f6b5e632f136338d68e6be2075ba0f0f6429934c1626a15772a9	pack_a
pack_aa/mission/logs/20260722T_ab_true_floor.log	7704	e12efc1cfe43533e1f640b0144f9c3d102ab557b3a3351c29c2c4688e23b059c	pack_a
pack_aa/mission/logs/20260722T_ab_true_lifetime.log	8573	367ade47bc82a1aaee20d9f10ad437e4743df935b0daf16e40e8440e5bafb18e	pack_a
pack_aa/mission/logs/20260722T_ab_true_postinit.log	8573	b41b9103f1d82a00160406e83b8e1b6141ca880bd82893c20cb11bea5a8a9139	pack_a
pack_aa/mission/logs/20260722T_ab_true_retry.log	76	006f2f91f15ac625a899b59f0b9f5037f4279c4dca980bf02d04d54a0b0d09a4	pack_a
pack_aa/mission/logs/20260722T_ab_true_retry2.log	7788	e7ffc27bb2622b01130b57d1ad51b466f65198b9da1b942646dd4b13fc9b489d	pack_a
pack_aa/mission/logs/20260722T_ab_true_retry3.log	7788	5ed780598dadf21a58a350ae568861764be6ad5eaa2f52d606c7bb690dde4f8d	pack_a
pack_aa/mission/logs/20260722T_ab_true_retry4.log	7704	c37bde6c0d0274225ff4b6d113d14080ff6b2a9bb46825060bb113dd6ab4eb20	pack_a
pack_aa/mission/logs/20260722T_cycle2_demo.log	1131	151cd7eab0941054a87de9646f2fad9ec720ca464191f74d3ea10d9ade1f08ce	pack_a
pack_aa/mission/logs/20260722T_cycle2_preflight.log	1116	f7efae0ba0758b47de3bce939be45cb5a49a1aa5cd94ab157ee5aaba5411d45e	pack_a
pack_aa/mission/logs/20260722T_cycle2_run_smoke.log	3627	d218f89de2130b74c61cec2b36d9316d600623cfc6ccd1978b5878e8cfd53656	pack_a
pack_aa/mission/logs/20260722T_cycle2_validate.log	16903	fd07e3028771970068a3bfeb19e2d2dc6cb7d3a98b8cbb794145722b3253ad27	pack_a
pack_aa/mission/logs/20260722T_cycle2_validate_retry.log	27796	7cc68f8c2eda4652f4fff51d9350d05229dff618af8e6ea2def843a44c96b7e6	pack_a
pack_aa/mission/logs/20260722T_demo_corrected.log	704	85810673318e9fbd10334242006a0e5d1f75ed6e42e152de9039c1a343946da1	pack_a
pack_aa/mission/logs/20260722T_demo_corrected_retry.log	1185	477deed98e87ba8ce9da3a2fc2e04b6770b7c859c977663107f96f366de5daf7	pack_a
pack_aa/mission/logs/20260722T_demo_final.log	1185	69cdfc05857d231f59f41e393946e390d3283c3f550bab63f4a522f8f0c40489	pack_a
pack_aa/mission/logs/20260722T_demo_release_rebuild.log	1185	471c6cc9b865acc8322f8e2ba15063e37a5a41460234365aff2be869098b0ab3	pack_a
pack_aa/mission/logs/20260722T_event_bundle_sigma_probe.log	221	29ced9178f13316bf71235ca86c02ba1a4a7e9badcab9bc4ca1bde56ff50f779	pack_a
pack_aa/mission/logs/20260722T_preflight.log	1141	3ec96ac93c2a6ed3e64aedf7f9096d18c262f453bb8794e65609ec631b9f84d3	pack_a
pack_aa/mission/logs/20260722T_run_1000_mixed.log	3442	78a89a081c3fbd79cbc71c8d29f0acadb88c73dc8fcf7ea9b32d91ef9868c748	pack_a
pack_aa/mission/logs/20260722T_run_mixed_corrected.log	3339	8ac940865ce7dd12fa6a835421290e2cd3171aa4fe093b7117e6264f7d82d8bc	pack_a
pack_aa/mission/logs/20260722T_status.log	3234	2833fb14147d6a5d69f4c1a12f14f7f72775a3cfca489c9804900b09781c96af	pack_a
pack_aa/mission/logs/20260722T_validate_mixed.log	16631	44db0a7fe92e040ece9997718f21f3dd45b5a72efc5d53765b4201a7bdba6553	pack_a
pack_aa/bin/.pack_aa_driver	150656	fbb9b8bae925ba86a6653978efbe8f63cf63a87832f8ff737031691bb4566f7e	pack_a
pack_aa/bin/pack-aa	139	6c8e83be868d200d31fc3b514c06a7511b65f2343498b95c2e56a30a6e653800	pack_a
pack_aa/src/pack_aa_driver.cc	12045	c2dff2510d45ff3662907e71f3941b50b0f1a90d08ad6039f4d2a49ebbdfcd52	pack_a
pack_aa/tests/hepmc2_compile_probe.cc	61	9b2aa24e6856d8d74794478af5fbe9aa9f600dc60423b74f2627ee4708cef478	pack_a
pack_aa/include/README.md	176	e52a595c9d5523889f851c8c054ed15e34f3e306c39b8d90c85f5d768478673f	pack_a
.pytest_cache/.gitignore	37	3ed731b65d06150c138e2dadb0be0697550888a6b47eb8c45ecc9adba8b8e9bd	shared
.pytest_cache/CACHEDIR.TAG	191	37dc88ef9a0abeddbe81053a6dd8fdfb13afb613045ea1eb4a5c815a74a3bde4	shared
.pytest_cache/README.md	302	73fd6fccdd802c419a6b2d983d6c3173b7da97558ac4b589edec2dfe443db9ad	shared
.pytest_cache/v/cache/nodeids	3123	18e204734ebc32807b640a2ce9f1dad7028f9ea056d35d40c01233158ef5f53d	shared
bin/pack-aa	143	3488832624dd3c2136e2d96c29a6ce9a4fd37daa0111a22c522eacea7baef4a3	shared
scripts/pack_b/run_validation_pack_b.sh	1516	d7260a72933d69688ee72dbaa986ce2dcaf2269120c482d3a0da1baef556205e	pack_b
scripts/shared/run_validation_ab.sh	2859	81efc62503259e31da581b014eac3f7b561b93be05ce9054af209e131eb73d09	shared
scripts/pack_a/run_validation_pack_a.sh	1077	2b30cf80781ff781b0f3d2282caf536a4a34e47f9c1d186c605403533d83b5a0	pack_a
review/cycle_2/REVIEW.json	1280	8d21bfcd853c4a90f8e241f4d32f9c21ad281bef425322fc19f4b2d5404f55b1	shared
review/cycle_2/REVIEW.md	1097	949405c4fafd5598f19a540114148a7ac5742932d55e1882925ddddd321efc57	shared
review/event_bundle_cycle_2/CORRECTION_PROMPT.md	1042	723a8d323760fa56a78fa30d7aca353ca0cc5df2d262dbb3b5fc3f505f0ae4ab	shared
review/event_bundle_cycle_2/REVIEW.json	5133	3714b6a0a454cda9b3aea9f9baf3c1e5a76aeb65cbcbf305b70d2758c2cc32fa	shared
review/event_bundle_cycle_2/REVIEW.md	3831	7fb8783f6dc0ba4786eaf815933ec62118511dd1da38ffd5a8692397abdf543b	shared
review/event_bundle_cycle_1/CORRECTION_PROMPT.md	953	7d9e4a4741365ad7e7cc37ae2a76a1f9cb7591b821816a182b0a221e8ea835be	shared
review/event_bundle_cycle_1/REVIEW.json	3774	42e07ed65de3c86affe5716e9526df11700bc8a9798678fb4f3c53fa71205fde	shared
review/event_bundle_cycle_1/REVIEW.md	3508	bd3fb7c9d73d3ac29f0231d9ab819af54d53a4be906816986450605bc5e786d0	shared
review/event_bundle_cycle_3/CORRECTION_PROMPT.md	588	143e3406feed4498359ac77b8a38edd45d30748d192bf894014cb050b372043b	shared
review/event_bundle_cycle_3/REVIEW.json	4650	d9456c9810e3ed7e44ec7d07684fbe7c403cdcd7c0a78361be1fc2da095eadad	shared
review/event_bundle_cycle_3/REVIEW.md	3615	e02588c52b4e472cb1976f28b4e513b289d1df562078c67f7de984de6f9291b0	shared
review/cycle_1/CORRECTION_PROMPT.md	3373	bf98dd8ba21c0f9f166687a5d2232159634b25083d2ac2464e321a0d56a81c09	shared
review/cycle_1/REVIEW.json	10390	4e4c361ed0637fac4807dd04cbf9f9645fcb76d882318da9cfb2b10be85b80f9	shared
review/cycle_1/REVIEW.md	3967	384b10b7a6a2751511a1c876947be538c6f92e28cfdd8af88becf949d7cc7225	shared
review/event_bundle_cycle_4/REVIEW.json	3502	7ac4ed5c5dfb7b81ff266fe1e7cafc2fc8b1b088bb8415746550bce49512ff5b	shared
review/event_bundle_cycle_4/REVIEW.md	2774	43a68aae7a536d13109e5191630613012d952ae1112459bb65dc64eddfc3ea3f	shared
review/cycle_3/REVIEW.json	2137	783ea4ca6436f437479ead9d264c74bcb53aa6f36cd8b33a3dddd1822bea7250	shared
review/cycle_3/REVIEW.md	1459	e44c8adb81037225b886126b7016fc666300d6970b98af4c5016ceed35c7710f	shared
review/pack_a_seed_mc/20260722T093054Z/cycle_1/REVIEW.json	766	be55cd59684821fbaabc761b4ac070b51745ed1f9de62036f98908862a32ed59	pack_a
review/pack_a_seed_mc/20260722T093054Z/cycle_1/REVIEW.md	1783	1580955ca469bc3aa9b03491fef5483791f6d56fb1049fd6d03bbac75bb6e189	pack_a
review/pack_b/20260722T092951Z/review_report.md	1024	398a90278b69d31131912469277fc2a4c0f2737619ad6c1435c28ec02ea604d7	pack_b
review/pack_b/20260722T091121Z/review_report.md	871	ed160f767af306f57e75e987c0d7289c7a586a4dfce9947ba4ca96a45ab58883	pack_b
review/cycle_4/REVIEW.json	2121	97d074795789a43a7e5786c42ad5bcb010da5166972d68db0baaf50d1850b6ea	shared
review/cycle_4/REVIEW.md	1151	a4c11a6b0a1ffdd39b3de31f37226c6e18197ba5015e1ae25ffb66264628b3eb	shared
studies/pack_a_seed_mc/.current_run_id	17	f588126e12cc5dd9f9c739a6aff6e2fae82d1cec05ff3c9a4f521a390b1b08e3	pack_a
studies/pack_a_seed_mc/PACK_A_POST_MC_IMPROVEMENTS.md	3306	f6feee07bd07715ebf661274515060c07ced6053eb4355f1d11975c4457f66d0	pack_a
studies/pack_a_seed_mc/README.md	2657	c7fd9ea7216f5124eae3384c7b8ca1f65647ccbb4e838c289ba22bff2118e355	pack_a
studies/pack_a_seed_mc/presentation/PACK_A_MC_PRESENTATION_CORRECTION_PROMPT.md	3124	a7733567097f58a865403dacee5dec108bfadf35e73c5b8705920e4cdbddcd9c	pack_a
studies/pack_a_seed_mc/presentation/PACK_A_MC_PRESENTATION_HANDOFF.md	3601	ed843eaf4d63fabb65a06fecfc7c3e3128984df69f7b9c4826a7f4802029b575	pack_a
studies/pack_a_seed_mc/presentation/PACK_A_MC_PRESENTATION_VALUES.json	2451	c21474f8f1bff1cd334657f1e9825a5d7e33d3142085d35d4f8d488fccc57d6f	pack_a
studies/pack_a_seed_mc/presentation/PACK_A_MC_SLIDE_PATCH.tex	2489	07978c9e3d9b72bb771dd888789a15401bb0e0587381c4bbc3a590c1bc443747	pack_a
studies/pack_a_seed_mc/config/ensemble_contract_v1.yaml	4642	2794d995922058338ab305e82aa8bdd58dd11dd78b5ad514857c06f1fc76aa00	pack_a
studies/pack_a_seed_mc/config/seeds_v1.txt	180	2020d9883fb3fc741eeaadc9b044347ff41ab08c902a31ef6396c39b10d5d7e4	pack_a
studies/pack_a_seed_mc/mission/BLOCKERS.md	1973	67a448a92d755a6ba558b41044afa890b00f02c721b032afaa6489671aa358b0	pack_a
studies/pack_a_seed_mc/mission/COMMAND_LEDGER.tsv	1681	edcc5ad8a23cb41fc75c9a550bcc21c02d4565d7c1a17654473a2b7bc52a0618	pack_a
studies/pack_a_seed_mc/mission/CURRENT_RUN_ID.txt	17	f588126e12cc5dd9f9c739a6aff6e2fae82d1cec05ff3c9a4f521a390b1b08e3	pack_a
studies/pack_a_seed_mc/mission/DECISIONS_LOCKED.yaml	1564	8c943e43c0f6d7bff227c53dceb1b92fc52e9676b289d06154cf53d4a6578a6d	pack_a
studies/pack_a_seed_mc/mission/DETERMINISM_CONTROL.md	1181	ad9e9fcae0242ead8ab2ec8714be6d9130e045a75c531efc539c62cf3829384e	pack_a
studies/pack_a_seed_mc/mission/MISSION_STATE.json	995	5ab10c4e51fd67fe6c532af9228e81b6b1e05159572094a1547ebc158d8efda6	pack_a
studies/pack_a_seed_mc/mission/REVIEW_LEDGER.json	177	52c1e1342284c83366efbf0b3c00901b3423ff48ef479f759d346d15836cf2ab	pack_a
studies/pack_a_seed_mc/mission/SEED_LEDGER_20260722T093054Z.json	70044	c08a97e2cff5ba468b642cc3f667f60d2ac3213024ad656a5d9345b7499a9c7c	pack_a
studies/pack_a_seed_mc/mission/WORKTREE_STATE.txt	1592	2f9337eecb769353425ab41d392387f693936a656a9586a9502660a5bca2b2c2	pack_a
studies/pack_a_seed_mc/docs/ARCHITECTURE.md	2567	93bfd3405b5cb839b915590e6ab5159792d049e70bc7cd8e8dbf1aa6164ed05c	pack_a
studies/pack_a_seed_mc/src/pack_a_seed_mc/__init__.py	69	36b801ce583a67c0308881cd5dba2a1657cdb8517e9137783fc097da8e5a8d81	pack_a
studies/pack_a_seed_mc/src/pack_a_seed_mc/__main__.py	79	307299fda7b77d22c64cb51430ec75e5f59d78e9c948786afb3b2544fe45e4b7	pack_a
studies/pack_a_seed_mc/src/pack_a_seed_mc/bundle.py	1582	bfa94a81881e3256d23e8456b7400614e5b348f4d9ced882acc896d29eef4bfa	pack_a
studies/pack_a_seed_mc/src/pack_a_seed_mc/cli.py	10235	a151f9fb816ae1b806006d7cfdf3e4ea0b28619e960e9cbf6b6b0874c706de99	pack_a
studies/pack_a_seed_mc/src/pack_a_seed_mc/config.py	1474	87dc4f79211ee1fea3fa185541ae56e16a16083bfd70cdd4c53e5f5829874516	pack_a
studies/pack_a_seed_mc/src/pack_a_seed_mc/ledger.py	1964	955d2ebf5a980ce1862657ef959ea34019e387949097c907980108736c47589f	pack_a
studies/pack_a_seed_mc/src/pack_a_seed_mc/pack_a_worker.py	5422	6bdcf6be15b9e7776f70d4b6e152b0b64139e29826a6bfafd4d848d1ee326e70	pack_a
studies/pack_a_seed_mc/src/pack_a_seed_mc/parser.py	4654	1b4230fddcb0ae30f96fcdc8b407a2fa5ede23150f054eb65e072cf2cf804c73	pack_a
studies/pack_a_seed_mc/src/pack_a_seed_mc/plots.py	7468	1aa038c2bb2cabcac79d1bf043c605fdfd1d0e47b4f07882ab66e5a32a2bcb98	pack_a
studies/pack_a_seed_mc/src/pack_a_seed_mc/stats.py	4986	c6545699c0312836d9a1826fd214a546fc1d079028747160fe0b2ff3b0e1b9d0	pack_a
studies/pack_a_seed_mc/tests/test_bundle_and_reproducibility.py	2419	fc640ffae6caad67eac36eaa9e5f9d44372d4fb21111f412293e938092ea0d1b	pack_a
studies/pack_a_seed_mc/tests/test_ledger.py	1809	0eb2254cccf09c04bf423a640f8d2d44467720dc7cbd083e5adee7667e58ffc7	pack_a
studies/pack_a_seed_mc/tests/test_parser.py	3194	7bd0fc251efd1333479359afa9884d0bdcef8ba9595690fc1e8a80b1ea4391b1	pack_a
studies/pack_a_seed_mc/tests/test_seed_list_and_worker.py	4782	2e326f5e311a18a0e7d520a66f495001aa659d2573a7103512d88699217fb98d	pack_a
studies/pack_a_seed_mc/tests/test_stats.py	2147	4e318186cfbaec611ad278d5ced2eb46641fc8ead1e9f155c4dd121e2f24ea67	pack_a
integration/consolidation_20260723T062842Z/CONSOLIDATION_VALIDATION.json	892	556edb32ed6bf717d6efb8480c6ce7e9556f0f26a221cfe7409dec87e8f03882	shared
integration/consolidation_20260723T062842Z/PRE_MERGE_STATE.md	5964	7e9c33a67c965f12bcebd9446412efd8a937a215ee632e89126a084dd900cf32	shared
integration/consolidation_20260723T062842Z/RESTORE_PRE_CONSOLIDATION.md	2024	f625f2788da20b6e11452334f4e69b738dc63a6f19bc6be1c326ad95134edeb3	shared
integration/consolidation_20260723T062842Z/STRATEGIC_INTEGRATION.md	1984	01c63f2394f72549dfcc0d818d4da92dc7a4688b1de16fd6b6774c6a2aa29ca9	shared
integration/consolidation_20260723T062842Z/BACKUP/KEY_ARTIFACT_CHECKSUMS.sha256	541	09bf7c96325eefb799fef7d8f65c3bb6668f912e1f02c61abe43930bcb8a8c20	shared
integration/consolidation_20260723T062842Z/BACKUP/pre_consolidation.bundle	742270	cdfb9a6b7123456ec1f137bebc33035b796bb3a9431497886ceb92d797d41d45	shared
integration/consolidation_20260723T062842Z/BACKUP/primary_cached_diff.patch	0	e3b0c44298fc1c149afbf4c8996fb92427ae41e4649b934ca495991b7852b855	shared
integration/consolidation_20260723T062842Z/BACKUP/primary_tracked_diff.patch	0	e3b0c44298fc1c149afbf4c8996fb92427ae41e4649b934ca495991b7852b855	shared
artifacts/pack_a_seed_mc/20260722T093054Z/PACK_A_SEED_ENSEMBLE_BUNDLE_20260722T093054Z.zip	367673	0719cb237ecce1fbee004778bb89b5a050ba7f8acbe0971e76af643a64c0f50d	pack_a
artifacts/pack_a_seed_mc/20260722T093054Z/PACK_A_SEED_ENSEMBLE_CHECKSUMS.sha256	2729	c9e03d67c7a4bba2fd834e7bb6f72383313c00ffef40b30b39fb4e90d2214ade	pack_a
artifacts/pack_a_seed_mc/20260722T093054Z/PACK_A_SEED_ENSEMBLE_REPORT.md	2861	765cafaf06ceac1c8a06d228f615b2ae6701c39ccdc2637608342a1b894da207	pack_a
artifacts/pack_a_seed_mc/20260722T093054Z/PACK_A_SEED_ENSEMBLE_RESULTS.csv	11074	a5005d1e6358cfb4bce33b528b8f66b869552cae9421d71e00c5c3f413acf70a	pack_a
artifacts/pack_a_seed_mc/20260722T093054Z/PACK_A_SEED_ENSEMBLE_RESULTS.json	65466	94405a8158ef2739c34a39951eb63f5d0ff139b2fe4fc79b02070702a125d51e	pack_a
artifacts/pack_a_seed_mc/20260722T093054Z/PACK_A_SEED_ENSEMBLE_SUMMARY.json	2314	a2b88840cc9de7b03e7b3c1ec4d4859edc28aba71816ca6c4466b2af71b9dabb	pack_a
artifacts/pack_a_seed_mc/20260722T093054Z/presentation_handoff/PACK_A_MC_PRESENTATION_CORRECTION_PROMPT.md	3124	a7733567097f58a865403dacee5dec108bfadf35e73c5b8705920e4cdbddcd9c	pack_a
artifacts/pack_a_seed_mc/20260722T093054Z/presentation_handoff/PACK_A_MC_PRESENTATION_HANDOFF.md	3601	ed843eaf4d63fabb65a06fecfc7c3e3128984df69f7b9c4826a7f4802029b575	pack_a
artifacts/pack_a_seed_mc/20260722T093054Z/presentation_handoff/PACK_A_MC_PRESENTATION_VALUES.json	2451	c21474f8f1bff1cd334657f1e9825a5d7e33d3142085d35d4f8d488fccc57d6f	pack_a
artifacts/pack_a_seed_mc/20260722T093054Z/presentation_handoff/PACK_A_MC_SLIDE_PATCH.tex	2489	07978c9e3d9b72bb771dd888789a15401bb0e0587381c4bbc3a590c1bc443747	pack_a
artifacts/pack_a_seed_mc/20260722T093054Z/figures/01_seed_ensemble_forest_plot.csv	956	8df4bef63eb2acbc06a8d860248615323ec20a05d1fe60321f4522169fbb09c0	pack_a
artifacts/pack_a_seed_mc/20260722T093054Z/figures/01_seed_ensemble_forest_plot.pdf	23330	b441a061bb6873154100bc78edc2b49781675a6d27142c0040249ed51dbae5ac	pack_a
artifacts/pack_a_seed_mc/20260722T093054Z/figures/01_seed_ensemble_forest_plot.png	88479	4b068fffc2db5ae3614942cb0a716da3a9148221914a4d64b4378e0071fab995	pack_a
artifacts/pack_a_seed_mc/20260722T093054Z/figures/02_seed_scatter.csv	859	c972ee4ee7c8d217517b9b494475b774d38d70d4668454d6225467494823408d	pack_a
artifacts/pack_a_seed_mc/20260722T093054Z/figures/02_seed_scatter.pdf	18757	c1968b81568e19fae3c90a874a6f76e341d10f16ef81ed080f23b808632fc359	pack_a
artifacts/pack_a_seed_mc/20260722T093054Z/figures/02_seed_scatter.png	48360	c3faa683255207095a068b827c63b9203c7a59fb7e18c52aeb6f193b56bd7819	pack_a
artifacts/pack_a_seed_mc/20260722T093054Z/figures/03_pull_distribution.csv	815	dc381fef051dbc20191c6e873df0e03df9df2ca7316592851370ee1a0d5db95f	pack_a
artifacts/pack_a_seed_mc/20260722T093054Z/figures/03_pull_distribution.pdf	12466	f48fa7c2d68b1065325079cd41ab745e9156db2db7d6de2143939d5c067d0472	pack_a
artifacts/pack_a_seed_mc/20260722T093054Z/figures/03_pull_distribution.png	28007	491e0d71914c459f112d3d6c02303b1b2339974f4e20f1318fa3ffefb6e38411	pack_a
artifacts/pack_a_seed_mc/20260722T093054Z/figures/04_cumulative_mean.csv	1451	fe79157d650b0a6ca6da20e664bdb0d5ba8f1a269d4a289d55b1d1bd3dbbfadb	pack_a
artifacts/pack_a_seed_mc/20260722T093054Z/figures/04_cumulative_mean.pdf	16756	7a1dd2b28676782eaaab5d41c12c3f08db732c94a29e76ea47e62a71fd369159	pack_a
artifacts/pack_a_seed_mc/20260722T093054Z/figures/04_cumulative_mean.png	67414	5e1c8dd0ac6c129d48b541a2e94b104cd7f4690d88ea9b27fea2812b333f03f0	pack_a
artifacts/pack_a_seed_mc/20260722T093054Z/figures/05_reported_error_vs_deviation.csv	1232	308460e3549bfaf6dcf0c38dbf5ca05daa5491ffe83d0d6360d3f8657e041a59	pack_a
artifacts/pack_a_seed_mc/20260722T093054Z/figures/05_reported_error_vs_deviation.pdf	17117	6204e4bf0e4e5228de2e20a05ec9738b720d8fd49c2d7e005792c63af9546be0	pack_a
artifacts/pack_a_seed_mc/20260722T093054Z/figures/05_reported_error_vs_deviation.png	58668	c8fbf627e93fc0491cdbe555e7553068b7d9cf2c5a03470e7a954af10a8483d6	pack_a
artifacts/pack_a_seed_mc/20260722T093054Z/figures/06_canonical_seeds_in_ensemble.json	468	e3906aef560e7470e25922823fda76cf5397672a0500182df3e4a1f9d83a601f	pack_a
artifacts/pack_a_seed_mc/20260722T093054Z/figures/06_canonical_seeds_in_ensemble.pdf	16642	2c4146f7eff50f3991be100cfa8b8f67d7d694ab447c800a827b5e5e7f8f6dd3	pack_a
artifacts/pack_a_seed_mc/20260722T093054Z/figures/06_canonical_seeds_in_ensemble.png	33139	39d5e962dc4af32fbbb5a1a4daa3da82a6a38e05f82b0790b6e51892e6984b93	pack_a
pack_b/README.md	974	c5662c5361a957b072f9e3d0dc187f07a1e4ba28363adeda6ff1b45ea1608901	pack_b
pack_b/mission/BLOCKERS.md	619	9340a77c2400cb68df69690f71982487cef595f50081080b0d5c41e41e5986ee	pack_b
pack_b/mission/COMMAND_LEDGER.tsv	2095	149b88f3a732c5287ab7fc3756058f6fcf71008d1d96a7e659807213fe99b35f	pack_b
pack_b/mission/DECISIONS_LOCKED.yaml	429	ec904962448645e3ecad953e084ea1649cdbcdb54979247ab6fdf56ae473b8e6	pack_b
pack_b/mission/DEFERRED_HEAVY_COMMANDS.sh	1311	20c60a73b75ffa7e5fbf23040db4626187d3c37fd9718757bc7e1b4e4f100797	pack_b
pack_b/mission/MISSION_STATE.json	738	873f96216f0da5d5aaf6f99e05bc3bfaf365f9702da7d47bdec3849413c78a91	pack_b
pack_b/mission/PROVENANCE_MANIFEST.json	1909	e04e934a3329cab8fd8c66cf3ba751c2937067143f925d48a07f38c8073ff7a8	pack_b
pack_b/mission/REVIEW_LEDGER.json	852	265793ef323daa9721039df46bb6d6412311a109f7f534e966f0dd08ae508726	pack_b
pack_b/mission/cleanup_pack_b_20260722T091121Z.sh	931	21608103a14c01d1a8614d1f1c9cd18df3e1e06d28f5ca33fe9837b337603dfd	pack_b
pack_b/mission/cleanup_pack_b_20260722T092951Z.sh	931	f3497b318e00ddbab551c29dafe2dd0fd3f842e60ae433bb8ac495f0585df490	pack_b
pack_b/tests/test_pack_b_preflight.py	1146	3a442a929dfa5ea57294be2b9af3aca1d432737a522449f06f9e8d641d52c3c4	pack_b
pack_b/operator/config.json	1494	4f4cd3f67fc7890f2e68b7f95feb2986342503dcd6189a1bae41c7406e7b9f28	pack_b
pack_b/operator/pack_b_generate.py	3650	4f316679ab8c49ee374dc7c81b7a8e278beb40dc3842e749feadd6346e42c97d	pack_b
pack_b/operator/pack_b_preflight.py	5782	f0533782c598861f41113dc37469c4a77819361450c59eb22c45e321712e26f9	pack_b
pack_b/operator/pack_b_smoke.cc	211	814397a1bef5c23abafb17801615b262c4a0fb63a5857350d1f23497ddae67de	pack_b
logs/historical/validation_pack_a_20260717T061757Z.log	65	24645f4db0c95ed0f21318b238effa973a90b05d5dc8a2df8194d781cc1ab50b	pack_a
logs/historical/validation_pack_a_20260717T180129Z.log	6421	d3c507da05d20843a41619bb8b2abd990cc04122584578cc15dd116a9055ce0f	pack_a
logs/pack_a/pack_a_clean_reproduction_20260718T045536Z.log	45774	3e42f84b7c8c10a392acfd2a2a031ab9bf170ca533b53064dc573a63ecba8070	pack_a
logs/pack_a/pack_a_native_20260718T022101Z.log	59046	beadc66e8dfcd646a4eb47a9ec9706cfc5cc5ddf7a99170fb1aed126bd42342a	pack_a
logs/pack_a/pack_a_native_clean.log	49578	a8a7169c6556837799157c678886f0dc59f97d3bba7054964d4da89120ecedd8	pack_a
logs/pack_a/pack_a_native_runtimefix_full.log	49109	4a79039193338964a28a0f8887a2e356405a47f1b3394d2547fd16a932877273	pack_a
archive/superseded/.pack_a_native_clean/pi_ufo_baseline_v1_runtimefix/CHANGELOG.md	333	c3d53198fd200b55e50ab8e29a0cb0f934aba20ee4a8d996fd9fee141cf09cba	pack_a
archive/superseded/.pack_a_native_clean/pi_ufo_baseline_v1_runtimefix/KNOWN_LIMITATIONS.md	856	45d9ae5e457158e37fc8303a3ee74a3f98bbd028601f9397f010b059714a5159	pack_a
archive/superseded/.pack_a_native_clean/pi_ufo_baseline_v1_runtimefix/MODEL_CARD.md	907	0776312fe51bce3b4dd6595f05044408feb0585e08febe29006fd5911684229e	pack_a
archive/superseded/.pack_a_native_clean/pi_ufo_baseline_v1_runtimefix/PROVENANCE.md	945	c0e2cca2ecd310972a32818dff00f46382057a9822b597487f7e0af00d6d0474	pack_a
archive/superseded/.pack_a_native_clean/pi_ufo_baseline_v1_runtimefix/README.md	1526	f55290a1b7f397c09068336021322fec5a309aab4db27de7571c5b497e8d8bfe	pack_a
archive/superseded/.pack_a_native_clean/pi_ufo_baseline_v1_runtimefix/checksums.sha256	10915	dd99659fa2074b5ed2332baab7acd38835b9d4e7df364af8407ff1ac2cf2e57b	pack_a
archive/superseded/.pack_a_native_clean/pi_ufo_baseline_v1_runtimefix/manifest.json	18900	c9355e29f447b15be7f724fd9225e684b80ee881f63e42d3fdafdf3b12d00c5b	pack_a
archive/superseded/.pack_a_native_clean/pi_ufo_baseline_v1_runtimefix/py.py	17566	fda73df8dd1d7a07e74969bd148678514dec235a70d5a2d63cb2cd8407778382	pack_a
archive/superseded/.pack_a_native_clean/pi_ufo_baseline_v1_runtimefix/requirements.txt	24	7ba71c714356e35c488aedd73284407e47c8b3c8627a8eca228773d54f1fd938	pack_a
archive/superseded/.pack_a_native_clean/pi_ufo_baseline_v1_runtimefix/points/A_PI_NATIVE_200.yaml	224	6f5b2ff857e0400a345c26a69e8c3efd4749d19b2adf14bfb0451429f9d838c8	pack_a
archive/superseded/.pack_a_native_clean/pi_ufo_baseline_v1_runtimefix/points/point_000001.yaml	219	e039065312c82e5f44367f09035dc4d73d8ea58891faa5ff5e15c6f25b527f05	pack_a
archive/superseded/.pack_a_native_clean/pi_ufo_baseline_v1_runtimefix/validation/AB_STATIC_REGRESSION.json	638	8820eeede0af161ef5de48bdde24928d4da78bc8ff3e744f6cc609e5bbb81b19	pack_a
archive/superseded/.pack_a_native_clean/pi_ufo_baseline_v1_runtimefix/validation/EXTERNAL_RUNTIME_STATUS.md	426	92a681803f3a97d4b0cf198a627d132934b2ec9278d5f852771bb8dabb603315	pack_a
archive/superseded/.pack_a_native_clean/pi_ufo_baseline_v1_runtimefix/validation/RECAST_ADAPTER.md	556	071f5b79b7836d9e16d0c659f624dfb4738221577cebb768a5e2b3fa18b00b2c	pack_a
archive/superseded/.pack_a_native_clean/pi_ufo_baseline_v1_runtimefix/validation/STATIC_VALIDATION.json	2585	a755e05135e9a65090650f180aa101d9e7a71eace754adde74c291ac3f4305f5	pack_a
archive/superseded/.pack_a_native_clean/pi_ufo_baseline_v1_runtimefix/validation/provenance_inventory.json	22789	a1fe73c94d34ea7bb1c3408371fa60119cbc76304c6edead412ff3ea0d013921	pack_a
archive/superseded/.pack_a_native_clean/pi_ufo_baseline_v1_runtimefix/validation/pythia_llp_smoke.cc	3381	c073542f90272ccacab0d123170dfe1036e97f43ac90754733432bd34fa368ad	pack_a
archive/superseded/.pack_a_native_clean/pi_ufo_baseline_v1_runtimefix/validation/source_material/2HDMC_COUPLING_TRACE.md	972	2897e54ccf3328eb6659c23ae2791b9bc047fdc71c143894b88cf79ac79e5d24	pack_a
archive/superseded/.pack_a_native_clean/pi_ufo_baseline_v1_runtimefix/validation/source_material/LLSCALAR_V3_MODEL_CARD.md	4365	eb50e8f975c486c622fdd3fa6f9c83f368237323ee6e87f0c472df729ae8fe45	pack_a
archive/superseded/.pack_a_native_clean/pi_ufo_baseline_v1_runtimefix/validation/source_material/MADGRAPH_SMOKE_REPORT.md	1976	b3bdc5833322974bc0b630b5cd6bef2cae2f37547e1cf376ac1c8a9887655e0d	pack_a
archive/superseded/.pack_a_native_clean/pi_ufo_baseline_v1_runtimefix/validation/source_material/PhysScanWithFixings.cpp	13308	786d630bc989350e49259a41aef834a222f6ef924972d18458aa102b75585246	pack_a
archive/superseded/.pack_a_native_clean/pi_ufo_baseline_v1_runtimefix/validation/source_material/UFO_AUDIT_ADDENDUM_20260716.md	5362	1b64e18d3e7fc3e66d79940d885232c634f079f3f73a557ded022ce06ef418f6	pack_a
archive/superseded/.pack_a_native_clean/pi_ufo_baseline_v1_runtimefix/validation/source_material/UFO_HASH_MANIFEST.json	2842	0c69511d0951c8a93b69a579fa15b4457b26a04c46e38f13b695fb7a3ac34606	pack_a
archive/superseded/.pack_a_native_clean/pi_ufo_baseline_v1_runtimefix/validation/source_material/UFO_SCIENTIFIC_DIFF.md	7430	49be46d31a8207f85477fdbe1ae4a12aab0c0bd8c933c998e9c708fd266003a5	pack_a
archive/superseded/.pack_a_native_clean/pi_ufo_baseline_v1_runtimefix/validation/source_material/VERSION_DECISION.md	3983	db14efd68f3b89358221e361fdf5170e4dce593726fa3ed920994c6baab2afe0	pack_a
archive/superseded/.pack_a_native_clean/pi_ufo_baseline_v1_runtimefix/validation/logs/build_point.log	67	add34281d7b1547db4ab6f92d6d73c321b892e95d2b6f7fd89ce62ea24a6dd26	pack_a
archive/superseded/.pack_a_native_clean/pi_ufo_baseline_v1_runtimefix/validation/logs/compileall.log	0	e3b0c44298fc1c149afbf4c8996fb92427ae41e4649b934ca495991b7852b855	pack_a
archive/superseded/.pack_a_native_clean/pi_ufo_baseline_v1_runtimefix/validation/logs/shell_syntax.log	0	e3b0c44298fc1c149afbf4c8996fb92427ae41e4649b934ca495991b7852b855	pack_a
archive/superseded/.pack_a_native_clean/pi_ufo_baseline_v1_runtimefix/validation/logs/standalone_param_card.dat	1681	520869311058818f46eb103f49c7cee51e1687548685c11e1bf32e73854c1ccf	pack_a
archive/superseded/.pack_a_native_clean/pi_ufo_baseline_v1_runtimefix/validation/logs/static_tests.log	73	f0c6add6887a524e3318195865b0fc39f0c2e4069d859f4d3f45e63103210c62	pack_a
archive/superseded/.pack_a_native_clean/pi_ufo_baseline_v1_runtimefix/validation/logs/unittest.log	1053	b37bcbe136912834dbdbdad4eac2ef290dd2594f3604b5fa1647af6617fbb85b	pack_a
archive/superseded/.pack_a_native_clean/pi_ufo_baseline_v1_runtimefix/validation/logs/writer.log	90	48f80afdeead575514dc214c2ba0639f259fca15b9d09a00f0c3e3aef9bce58f	pack_a
archive/superseded/.pack_a_native_clean/pi_ufo_baseline_v1_runtimefix/model/LLscalar_v3_UFO_runtime/CT_couplings.py	298	58e07e6b6dea344858f32bccd1948a10768d38a217b88448aa4dc976c0a77b58	pack_a
archive/superseded/.pack_a_native_clean/pi_ufo_baseline_v1_runtimefix/model/LLscalar_v3_UFO_runtime/__init__.py	955	e2198b46e727a0aa09378d715bd33364095057dd910f3b8cf7d7dd6ec1bc71d7	pack_a
archive/superseded/.pack_a_native_clean/pi_ufo_baseline_v1_runtimefix/model/LLscalar_v3_UFO_runtime/coupling_orders.py	665	80d652d3441c1fed3242dc7a4141a12f5a7ccc2f2cc6764dd5d22bb39083d132	pack_a
archive/superseded/.pack_a_native_clean/pi_ufo_baseline_v1_runtimefix/model/LLscalar_v3_UFO_runtime/couplings.py	18621	199021f332fa57314f1a9dbd487a08c8310f9d5b4ce408eaa6c5ea99a649c3f4	pack_a
archive/superseded/.pack_a_native_clean/pi_ufo_baseline_v1_runtimefix/model/LLscalar_v3_UFO_runtime/decays.py	23449	ebb92183abff92cdaf55aeb80399effe2cc0256f1423ce807a390cd420564e23	pack_a
archive/superseded/.pack_a_native_clean/pi_ufo_baseline_v1_runtimefix/model/LLscalar_v3_UFO_runtime/form_factors.py	598	9fdae69a684ddd1eb5963a1695e0f5449045755826aa62a8829569848b32f478	pack_a
archive/superseded/.pack_a_native_clean/pi_ufo_baseline_v1_runtimefix/model/LLscalar_v3_UFO_runtime/function_library.py	3502	af85d1d7e83bc0f7a016258b6cc3e179c4d9fd6778ce553ebf7ff4b8be5b968f	pack_a
archive/superseded/.pack_a_native_clean/pi_ufo_baseline_v1_runtimefix/model/LLscalar_v3_UFO_runtime/lorentz.py	4392	4b818a0fd7a9f1ded91a957251380f4116a30454f8e1fc72e1c7ccacdab6bf8f	pack_a
archive/superseded/.pack_a_native_clean/pi_ufo_baseline_v1_runtimefix/model/LLscalar_v3_UFO_runtime/object_library.py	10877	4bef9ba0a44b89048f5ed02f0c97f5937e1a2ce8a949574bdaa6f67ae80f9e11	pack_a
archive/superseded/.pack_a_native_clean/pi_ufo_baseline_v1_runtimefix/model/LLscalar_v3_UFO_runtime/parameters.py	23054	7f84d779ff83dd52bbfecbbfe31df147e2df79faab0bcda716d5908d63b3d45b	pack_a
archive/superseded/.pack_a_native_clean/pi_ufo_baseline_v1_runtimefix/model/LLscalar_v3_UFO_runtime/particles.py	11211	01c61a7a352a5bebb747fff0c9ac3e228fa7575dfc381a339ecb285332b223c6	pack_a
archive/superseded/.pack_a_native_clean/pi_ufo_baseline_v1_runtimefix/model/LLscalar_v3_UFO_runtime/propagators.py	1351	1a4495d00654b6de8044d7a993b798cb12ca7265199f8e25ce42abdfbc98384a	pack_a
archive/superseded/.pack_a_native_clean/pi_ufo_baseline_v1_runtimefix/model/LLscalar_v3_UFO_runtime/py3_model.pkl	57580	547fc1931ede9789cee5b542eb5b9aa04ce335fbd1c94a88e238f7f8e48ba933	pack_a
archive/superseded/.pack_a_native_clean/pi_ufo_baseline_v1_runtimefix/model/LLscalar_v3_UFO_runtime/vertices.py	36546	60bb131379499fd85ac21da8e15f960cffcf2d33afc54217481730e82648f6ba	pack_a
archive/superseded/.pack_a_native_clean/pi_ufo_baseline_v1_runtimefix/model/LLscalar_v3_UFO_runtime/write_param_card.py	3221	081e24c63a197a6c58fd60a4253e10960738ac35050fe49364941268381ffbb9	pack_a
archive/superseded/.pack_a_native_clean/pi_ufo_baseline_v1_runtimefix/.pytest_cache/.gitignore	37	3ed731b65d06150c138e2dadb0be0697550888a6b47eb8c45ecc9adba8b8e9bd	pack_a
archive/superseded/.pack_a_native_clean/pi_ufo_baseline_v1_runtimefix/.pytest_cache/CACHEDIR.TAG	191	37dc88ef9a0abeddbe81053a6dd8fdfb13afb613045ea1eb4a5c815a74a3bde4	pack_a
archive/superseded/.pack_a_native_clean/pi_ufo_baseline_v1_runtimefix/.pytest_cache/README.md	302	73fd6fccdd802c419a6b2d983d6c3173b7da97558ac4b589edec2dfe443db9ad	pack_a
archive/superseded/.pack_a_native_clean/pi_ufo_baseline_v1_runtimefix/.pytest_cache/v/cache/nodeids	2387	c9da74fa25387b9de0d44ed3654b06298de13ff0281972a34a53ee75c8034646	pack_a
archive/superseded/.pack_a_native_clean/pi_ufo_baseline_v1_runtimefix/build/A_PI_NATIVE_200/cross_section.json	271	a85113feb370814455d71dfc6eaeab4e996d5d5de149d54f613657b7c402c110	pack_a
archive/superseded/.pack_a_native_clean/pi_ufo_baseline_v1_runtimefix/build/A_PI_NATIVE_200/decay.slha	474	f12c11eac372629c0275963341370ac94e3f7dd2868554a3af8f1b452968c524	pack_a
archive/superseded/.pack_a_native_clean/pi_ufo_baseline_v1_runtimefix/build/A_PI_NATIVE_200/events.lhe.gz	18150	e756583bfab44ebc148da94c2dcbf5c189bd3b177b09eebd54fa7e803bcf4a54	pack_a
archive/superseded/.pack_a_native_clean/pi_ufo_baseline_v1_runtimefix/build/A_PI_NATIVE_200/lhe_report.json	12185	07e2a4b9d9a5d1f63ca369ea1728a9a4196e2c2dc87063991e519bf1526e7901	pack_a
archive/superseded/.pack_a_native_clean/pi_ufo_baseline_v1_runtimefix/build/A_PI_NATIVE_200/mg5_events.log	8184	c72c055a331d8f36d57ef7fe41f9d1c86d4b633234df96e7619c92f506429c45	pack_a
archive/superseded/.pack_a_native_clean/pi_ufo_baseline_v1_runtimefix/build/A_PI_NATIVE_200/mg5_generate.log	5855	26d01dfda62a9a1c374517dc2fdbefd76abca30d28d5ab329be194d4bdd0ca53	pack_a
archive/superseded/.pack_a_native_clean/pi_ufo_baseline_v1_runtimefix/build/A_PI_NATIVE_200/param_card.dat	1643	442e79ea6440fff031aed96d9aa8616f987a425a4f68f4dc16375d55b975e4f4	pack_a
archive/superseded/.pack_a_native_clean/pi_ufo_baseline_v1_runtimefix/build/A_PI_NATIVE_200/point.json	1362	83501147178e5ac94aff8d53a7ce26b8afcd1bc379bfece979f1f1f8cdd66d08	pack_a
archive/superseded/.pack_a_native_clean/pi_ufo_baseline_v1_runtimefix/build/A_PI_NATIVE_200/proc_card.dat	162	fec16391dad47a6fb527bc1d71ae29aefa5111448bce74b031769b85e640cf70	pack_a
archive/superseded/.pack_a_native_clean/pi_ufo_baseline_v1_runtimefix/build/A_PI_NATIVE_200/provenance.json	1974	7e0ebca79cc3b507744b9f5eae62792466cdce1508b9c6fc6e534c89f87ce86f	pack_a
archive/superseded/.pack_a_native_clean/pi_ufo_baseline_v1_runtimefix/build/A_PI_NATIVE_200/pythia8.cmnd	385	65d7721a242f171d260096ac22f78a08923cc035e68d6cb42d0e8192e5ce6458	pack_a
archive/superseded/.pack_a_native_clean/pi_ufo_baseline_v1_runtimefix/build/A_PI_NATIVE_200/run_card.dat	384	0f0ea8bd8bda68e30ef4da98d145b6563045b64a13830104806fed244ed2ec1e	pack_a
archive/superseded/.pack_a_native_clean/pi_ufo_baseline_v1_runtimefix/build/A_PI_NATIVE_200/MG5_PROC/MGMEVersion.txt	5	878103c645ee9a78bccb0be542dca18fd14c37ff9fa7e269250288da0cfb8217	pack_a
archive/superseded/.pack_a_native_clean/pi_ufo_baseline_v1_runtimefix/build/A_PI_NATIVE_200/MG5_PROC/README	6747	526514d60b377501fc2ff3f3e89fe398cb60860de756941032c987026a288d3a	pack_a
archive/superseded/.pack_a_native_clean/pi_ufo_baseline_v1_runtimefix/build/A_PI_NATIVE_200/MG5_PROC/README.systematics	5371	d11504feb0c9116e3455180e687f782fc6370626ab71d5742299e155bd755af4	pack_a
archive/superseded/.pack_a_native_clean/pi_ufo_baseline_v1_runtimefix/build/A_PI_NATIVE_200/MG5_PROC/TemplateVersion.txt	6	732f64d874f90788c0199b0c19bfd9b3b6436e140114e53e462832532d74c61c	pack_a
archive/superseded/.pack_a_native_clean/pi_ufo_baseline_v1_runtimefix/build/A_PI_NATIVE_200/MG5_PROC/crossx.html	2084	217a8cc34ceab4b557f6e490bb6c7993d3072d4500455b692b2275cd3b88aac1	pack_a
archive/superseded/.pack_a_native_clean/pi_ufo_baseline_v1_runtimefix/build/A_PI_NATIVE_200/MG5_PROC/index.html	1997	1effeab9bd041e055d369522b82b2e88049132223075de442c637fe1a2d53a1f	pack_a
archive/superseded/.pack_a_native_clean/pi_ufo_baseline_v1_runtimefix/build/A_PI_NATIVE_200/MG5_PROC/madevent.tar.gz	3399589	9d85a033dde15a4e623bc1bb00383f783b20f47662af7aa8f54b6bec807e6ef3	pack_a
archive/superseded/.pack_a_native_clean/pi_ufo_baseline_v1_runtimefix/build/A_PI_NATIVE_200/MG5_PROC/HTML/crossx.html	0	e3b0c44298fc1c149afbf4c8996fb92427ae41e4649b934ca495991b7852b855	pack_a
archive/superseded/.pack_a_native_clean/pi_ufo_baseline_v1_runtimefix/build/A_PI_NATIVE_200/MG5_PROC/HTML/info-default.html	685	48cd8ccaa2a07f9a2744e142558ff0e9c8d2bab35636df22c29cc6e828e71cb0	pack_a
archive/superseded/.pack_a_native_clean/pi_ufo_baseline_v1_runtimefix/build/A_PI_NATIVE_200/MG5_PROC/HTML/info.html	1372	77bb464f063cac567706b2d30767a8eb628fc3abe54e07f1e31c0206e911c352	pack_a
archive/superseded/.pack_a_native_clean/pi_ufo_baseline_v1_runtimefix/build/A_PI_NATIVE_200/MG5_PROC/HTML/mgstyle.css	652	d12e48c9910c15a22b8095d045578863ca2fac20b765692ea248d81911673ba6	pack_a
archive/superseded/.pack_a_native_clean/pi_ufo_baseline_v1_runtimefix/build/A_PI_NATIVE_200/MG5_PROC/HTML/results.pkl	2152	ac68a0864174396a446ad3336f68af8b4234c4d77a11b6a2cb6ebd04d5966cf6	pack_a
archive/superseded/.pack_a_native_clean/pi_ufo_baseline_v1_runtimefix/build/A_PI_NATIVE_200/MG5_PROC/HTML/sortable.js	9967	9a1e49c93b802edad64c0195a0eba240e0efb1a2f47bfcfa8288ad5f8bcceef9	pack_a
archive/superseded/.pack_a_native_clean/pi_ufo_baseline_v1_runtimefix/build/A_PI_NATIVE_200/MG5_PROC/HTML/stop.jpg	9241	ba221735467931a9f936c1a62ab9159940eab27ad5adc2369df0edd21121fa90	pack_a
archive/superseded/.pack_a_native_clean/pi_ufo_baseline_v1_runtimefix/build/A_PI_NATIVE_200/MG5_PROC/HTML/thinking.gif	54166	e24769c8b69e96e5ab0714fb216bb04722482357d3fbc182c0cf038a324031d4	pack_a
archive/superseded/.pack_a_native_clean/pi_ufo_baseline_v1_runtimefix/build/A_PI_NATIVE_200/MG5_PROC/HTML/smoke/results.html	2268	a0973c4d2da5144cfc1090711ec51457dbef61716dd99517acdf3082d4bdf1da	pack_a
archive/superseded/.pack_a_native_clean/pi_ufo_baseline_v1_runtimefix/build/A_PI_NATIVE_200/MG5_PROC/SubProcesses/MGVersion.txt	5	878103c645ee9a78bccb0be542dca18fd14c37ff9fa7e269250288da0cfb8217	pack_a
archive/superseded/.pack_a_native_clean/pi_ufo_baseline_v1_runtimefix/build/A_PI_NATIVE_200/MG5_PROC/SubProcesses/addmothers.f	46762	0e966f5242bdc70bbb96d606cd1aa73bfe40ea152d76a505600ad77a811a0120	pack_a
archive/superseded/.pack_a_native_clean/pi_ufo_baseline_v1_runtimefix/build/A_PI_NATIVE_200/MG5_PROC/SubProcesses/cluster.f	32017	651a462c5d36410dd4092e6543bd9bac1e35d518ae01949ac654a165cf330d4a	pack_a
archive/superseded/.pack_a_native_clean/pi_ufo_baseline_v1_runtimefix/build/A_PI_NATIVE_200/MG5_PROC/SubProcesses/cluster.inc	1723	19710e29a625143930935b641cbbb38fe3e535224bc910f5982a9f77c7076d0a	pack_a
archive/superseded/.pack_a_native_clean/pi_ufo_baseline_v1_runtimefix/build/A_PI_NATIVE_200/MG5_PROC/SubProcesses/cuts.f	55278	c077cc390dc052a8526ddb187c98005e08bab7e5d999c8c879b66a1500b65c2c	pack_a
archive/superseded/.pack_a_native_clean/pi_ufo_baseline_v1_runtimefix/build/A_PI_NATIVE_200/MG5_PROC/SubProcesses/done	0	e3b0c44298fc1c149afbf4c8996fb92427ae41e4649b934ca495991b7852b855	pack_a
archive/superseded/.pack_a_native_clean/pi_ufo_baseline_v1_runtimefix/build/A_PI_NATIVE_200/MG5_PROC/SubProcesses/dummy_fct.f	5288	b3ac74b7ff05185bbe4a2e9647f501c53dc5fcd5502075b37c4a54179b3b1b33	pack_a
archive/superseded/.pack_a_native_clean/pi_ufo_baseline_v1_runtimefix/build/A_PI_NATIVE_200/MG5_PROC/SubProcesses/genps.f	65885	fff7a5138e8c171d5fa235c057cee987c31df92c551e890b3f62991a59bdede7	pack_a
archive/superseded/.pack_a_native_clean/pi_ufo_baseline_v1_runtimefix/build/A_PI_NATIVE_200/MG5_PROC/SubProcesses/idenparts.f	2119	0584c11e0f53fba6a2747d1918150e2841ee6cead3972b3bdc50d1b9be9d5a0f	pack_a
archive/superseded/.pack_a_native_clean/pi_ufo_baseline_v1_runtimefix/build/A_PI_NATIVE_200/MG5_PROC/SubProcesses/initcluster.f	1721	b83e276ade00f20369ad1d2f300ee21940e9650d60084eb7b59fa6e9da575704	pack_a
archive/superseded/.pack_a_native_clean/pi_ufo_baseline_v1_runtimefix/build/A_PI_NATIVE_200/MG5_PROC/SubProcesses/makefile	3212	9704832a58bb3eb3ca1e8ac4db29f8735ae863c278f65a3b6537dc886b1ecd48	pack_a
archive/superseded/.pack_a_native_clean/pi_ufo_baseline_v1_runtimefix/build/A_PI_NATIVE_200/MG5_PROC/SubProcesses/message.inc	48	9d5515b45568d67213152a88a0ad8bdef0a8c4dfc9153c682293f8073942d0c5	pack_a
archive/superseded/.pack_a_native_clean/pi_ufo_baseline_v1_runtimefix/build/A_PI_NATIVE_200/MG5_PROC/SubProcesses/myamp.f	21004	cb45cac4a4d64d5aa69c84b4c8ebd73c0c4ef3ad82cea55c451532705cdcbaa1	pack_a
archive/superseded/.pack_a_native_clean/pi_ufo_baseline_v1_runtimefix/build/A_PI_NATIVE_200/MG5_PROC/SubProcesses/proc_characteristics	538	3eb390c2ed247d28d7e98a32c56a534342e277b1ce36a2d02111df9bb343e5a6	pack_a
archive/superseded/.pack_a_native_clean/pi_ufo_baseline_v1_runtimefix/build/A_PI_NATIVE_200/MG5_PROC/SubProcesses/procdef_mg5.dat	2203	12cf2782a72af64a5d5232b6b831bb66503769d25803bb5d4efc46b0a81e0791	pack_a
archive/superseded/.pack_a_native_clean/pi_ufo_baseline_v1_runtimefix/build/A_PI_NATIVE_200/MG5_PROC/SubProcesses/randinit	8	50c1ecf438c14af9edb07969a2e71bb2419b535b9283804f59f87d691f537245	pack_a
archive/superseded/.pack_a_native_clean/pi_ufo_baseline_v1_runtimefix/build/A_PI_NATIVE_200/MG5_PROC/SubProcesses/refine.sh	2484	86fd2e92d3e8c3a2fff476b4ed8193616178868f98bf63e14cd8e9b6f94b6ff0	pack_a
archive/superseded/.pack_a_native_clean/pi_ufo_baseline_v1_runtimefix/build/A_PI_NATIVE_200/MG5_PROC/SubProcesses/refine_splitted.sh	2032	ce244c7d9c40098c9459fccf4153886201f00ab35c232eb69fe9b021448056c4	pack_a
archive/superseded/.pack_a_native_clean/pi_ufo_baseline_v1_runtimefix/build/A_PI_NATIVE_200/MG5_PROC/SubProcesses/results.dat	189	a93ff072db22f38a1412cbdf304d8a37a35e566fb4520636c96777948fdecffe	pack_a
archive/superseded/.pack_a_native_clean/pi_ufo_baseline_v1_runtimefix/build/A_PI_NATIVE_200/MG5_PROC/SubProcesses/reweight.f	68991	a505ba2611cee9c335b94d016956fbdd07c981431009c944e1561c02d4fd1014	pack_a
archive/superseded/.pack_a_native_clean/pi_ufo_baseline_v1_runtimefix/build/A_PI_NATIVE_200/MG5_PROC/SubProcesses/setcuts.f	35393	f0e3e5e3ad3f5599fa56aa7baef614112e383ee51701caa38d16c977185cab18	pack_a
archive/superseded/.pack_a_native_clean/pi_ufo_baseline_v1_runtimefix/build/A_PI_NATIVE_200/MG5_PROC/SubProcesses/setscales.f	6849	6308378112ef4dfcf12af53bf322f1c564294fc98e63948bd7323fb13a004c28	pack_a
archive/superseded/.pack_a_native_clean/pi_ufo_baseline_v1_runtimefix/build/A_PI_NATIVE_200/MG5_PROC/SubProcesses/subproc.mg	11	25373adac33ffc2eabb28ca6d596ab3b4d709f0354f6ffc5f1313b0a80dbff86	pack_a
archive/superseded/.pack_a_native_clean/pi_ufo_baseline_v1_runtimefix/build/A_PI_NATIVE_200/MG5_PROC/SubProcesses/subproc.txt	10	d9cd0ac93ce2f17b682820fae7d43be3065b27acff843c228e939af3a27c94e1	pack_a
archive/superseded/.pack_a_native_clean/pi_ufo_baseline_v1_runtimefix/build/A_PI_NATIVE_200/MG5_PROC/SubProcesses/sudakov.inc	960	e9271a4ce6644118a2feb3d4da31c6c9f4a928a9877999b45a24fe76a960676c	pack_a
archive/superseded/.pack_a_native_clean/pi_ufo_baseline_v1_runtimefix/build/A_PI_NATIVE_200/MG5_PROC/SubProcesses/survey.sh	1823	94975fb5487b8ca1f888a4dd285eb474671616f67347724c002a038ecd364077	pack_a
archive/superseded/.pack_a_native_clean/pi_ufo_baseline_v1_runtimefix/build/A_PI_NATIVE_200/MG5_PROC/SubProcesses/symmetry.f	20076	ac58500c883d11c50631e4fa6443c3445c1b0babf74f792191237fa4639c79c3	pack_a
archive/superseded/.pack_a_native_clean/pi_ufo_baseline_v1_runtimefix/build/A_PI_NATIVE_200/MG5_PROC/SubProcesses/unwgt.f	25753	fafc8b2fc8e652c363a455fcf729dd113338111e799dd96478c351d0746303a3	pack_a
archive/superseded/.pack_a_native_clean/pi_ufo_baseline_v1_runtimefix/build/A_PI_NATIVE_200/MG5_PROC/SubProcesses/P1_gg_h2h2/addmothers.o	27936	c5e68ec48fd20e86a7f942eca7888d746d79608933aac2283c490e9900c346aa	pack_a
archive/superseded/.pack_a_native_clean/pi_ufo_baseline_v1_runtimefix/build/A_PI_NATIVE_200/MG5_PROC/SubProcesses/P1_gg_h2h2/auto_dsig.f	19608	e414f39e668f6494af742835bf2039bd62cda4ce16a4c74f8c0fd0cc103fc869	pack_a
archive/superseded/.pack_a_native_clean/pi_ufo_baseline_v1_runtimefix/build/A_PI_NATIVE_200/MG5_PROC/SubProcesses/P1_gg_h2h2/auto_dsig.o	20280	60d889f9047e49e3a66ad4902bdd8915f5d959e6da7bc1cc3d8c2c713d4fa03d	pack_a
archive/superseded/.pack_a_native_clean/pi_ufo_baseline_v1_runtimefix/build/A_PI_NATIVE_200/MG5_PROC/SubProcesses/P1_gg_h2h2/auto_dsig1.f	5880	62c9db734d215dcbd3161672982d12e3cbfe876b843809360e35168d966df2a3	pack_a
archive/superseded/.pack_a_native_clean/pi_ufo_baseline_v1_runtimefix/build/A_PI_NATIVE_200/MG5_PROC/SubProcesses/P1_gg_h2h2/auto_dsig1.o	7600	eec030377b324f0b376b25dda482ed6bb172e535a1b0fedfd0a97c20fac28d10	pack_a
archive/superseded/.pack_a_native_clean/pi_ufo_baseline_v1_runtimefix/build/A_PI_NATIVE_200/MG5_PROC/SubProcesses/P1_gg_h2h2/cluster.o	13992	2b5a62dd230f57d6185a4d74f967a7655983faf231843fd0dcb59bd76742c8b4	pack_a
archive/superseded/.pack_a_native_clean/pi_ufo_baseline_v1_runtimefix/build/A_PI_NATIVE_200/MG5_PROC/SubProcesses/P1_gg_h2h2/coloramps.inc	70	ec1006156ae22166a26ba3031a5f0a491d1cb00ade9ea92cb56de72253c912d6	pack_a
archive/superseded/.pack_a_native_clean/pi_ufo_baseline_v1_runtimefix/build/A_PI_NATIVE_200/MG5_PROC/SubProcesses/P1_gg_h2h2/config_nqcd.inc	22	4e03443c8378f97d54bb44892e5802ab6911df9de56d83c4220f0bb3ae5a3e55	pack_a
archive/superseded/.pack_a_native_clean/pi_ufo_baseline_v1_runtimefix/build/A_PI_NATIVE_200/MG5_PROC/SubProcesses/P1_gg_h2h2/config_subproc_map.inc	35	9e5897df67b51e186bb0938a67a490f3522f4ff37342920f709bbf190c0b08bd	pack_a
archive/superseded/.pack_a_native_clean/pi_ufo_baseline_v1_runtimefix/build/A_PI_NATIVE_200/MG5_PROC/SubProcesses/P1_gg_h2h2/configs.inc	224	3ed151c1c2c37bacff3d3f5d549fdae017a5972d93c6964508b61c78efb764c5	pack_a
archive/superseded/.pack_a_native_clean/pi_ufo_baseline_v1_runtimefix/build/A_PI_NATIVE_200/MG5_PROC/SubProcesses/P1_gg_h2h2/cuts.o	34904	694eae2b2ca461007887d3bf29f6bcf708de03d40c6ccfcca783a874bd1d220c	pack_a
archive/superseded/.pack_a_native_clean/pi_ufo_baseline_v1_runtimefix/build/A_PI_NATIVE_200/MG5_PROC/SubProcesses/P1_gg_h2h2/decayBW.inc	29	148f48bf08c4108079a92d88832d57c587222624e1f7162c630fa4eda0811e30	pack_a
archive/superseded/.pack_a_native_clean/pi_ufo_baseline_v1_runtimefix/build/A_PI_NATIVE_200/MG5_PROC/SubProcesses/P1_gg_h2h2/dname.mg	19	2a00b40a786dc11d4603044741b4928a9226546248113d765a939c04d5023287	pack_a
archive/superseded/.pack_a_native_clean/pi_ufo_baseline_v1_runtimefix/build/A_PI_NATIVE_200/MG5_PROC/SubProcesses/P1_gg_h2h2/driver.f	12785	83c6311fbd89267d2ca13d29b26dd6ec0cc142d3fabde8e70905594e6dce5259	pack_a
archive/superseded/.pack_a_native_clean/pi_ufo_baseline_v1_runtimefix/build/A_PI_NATIVE_200/MG5_PROC/SubProcesses/P1_gg_h2h2/driver.o	26184	8183f080421e6f29d38d5f6e8196cd3a6b6a2f3c84d29ce1c9f0bbf833c68eff	pack_a
archive/superseded/.pack_a_native_clean/pi_ufo_baseline_v1_runtimefix/build/A_PI_NATIVE_200/MG5_PROC/SubProcesses/P1_gg_h2h2/dummy_fct.o	3752	5b91de14ba4f3eb85f9c0f79a085719a3aeabe56f1902aeeab168b2189fbcc95	pack_a
archive/superseded/.pack_a_native_clean/pi_ufo_baseline_v1_runtimefix/build/A_PI_NATIVE_200/MG5_PROC/SubProcesses/P1_gg_h2h2/genps.o	37560	178fc27a7d5d88cdfe78d5542a81535e1d7046c913eb4e0c1ca0508e5ebccbe3	pack_a
archive/superseded/.pack_a_native_clean/pi_ufo_baseline_v1_runtimefix/build/A_PI_NATIVE_200/MG5_PROC/SubProcesses/P1_gg_h2h2/gensym	80032	7361a998a8378da1051bc20300fa8a7afaf01cb3043647607071ccacae4d5ee1	pack_a
archive/superseded/.pack_a_native_clean/pi_ufo_baseline_v1_runtimefix/build/A_PI_NATIVE_200/MG5_PROC/SubProcesses/P1_gg_h2h2/get_color.f	528	7678c371ee22b87c00b8007ed7d6f75e1bd3dd94d016bc1e8ccfcdf704097e37	pack_a
archive/superseded/.pack_a_native_clean/pi_ufo_baseline_v1_runtimefix/build/A_PI_NATIVE_200/MG5_PROC/SubProcesses/P1_gg_h2h2/get_color.o	1904	ce93b13295db5e0cdf885ecf79a58e30eefcd6f9b2eafa76e4eeb1cc2973b56b	pack_a
archive/superseded/.pack_a_native_clean/pi_ufo_baseline_v1_runtimefix/build/A_PI_NATIVE_200/MG5_PROC/SubProcesses/P1_gg_h2h2/idenparts.o	1640	f8586ae21a69e28e327cf5abd6824e53d03411adfd2fd81a863531ab0cf95beb	pack_a
archive/superseded/.pack_a_native_clean/pi_ufo_baseline_v1_runtimefix/build/A_PI_NATIVE_200/MG5_PROC/SubProcesses/P1_gg_h2h2/initcluster.o	3104	270aad248455b108d23c67fddfcc7537a765585a8668e1e3c3356963c992394b	pack_a
archive/superseded/.pack_a_native_clean/pi_ufo_baseline_v1_runtimefix/build/A_PI_NATIVE_200/MG5_PROC/SubProcesses/P1_gg_h2h2/input_app.txt	232	7c4cd2c702cdcb1ecf2f9f39708fccaa80c2a2b30492d40ae2b6c5cdf7bf3bbb	pack_a
archive/superseded/.pack_a_native_clean/pi_ufo_baseline_v1_runtimefix/build/A_PI_NATIVE_200/MG5_PROC/SubProcesses/P1_gg_h2h2/iproc.dat	8	9f1484819efbd27552b308c7bef1309cb037d836d4a9e6962f6bc56c87399fbe	pack_a
archive/superseded/.pack_a_native_clean/pi_ufo_baseline_v1_runtimefix/build/A_PI_NATIVE_200/MG5_PROC/SubProcesses/P1_gg_h2h2/leshouche.inc	258	6733d8d79e190c01a5c265169f96382df5b8ad4af5d7b918a2ea933a35cb652a	pack_a
archive/superseded/.pack_a_native_clean/pi_ufo_baseline_v1_runtimefix/build/A_PI_NATIVE_200/MG5_PROC/SubProcesses/P1_gg_h2h2/madevent	2173920	1c783d566a69db3932de6bd63f27803d66ac3e17649814316b939a2ee38295c4	pack_a
archive/superseded/.pack_a_native_clean/pi_ufo_baseline_v1_runtimefix/build/A_PI_NATIVE_200/MG5_PROC/SubProcesses/P1_gg_h2h2/madevent_forhel	2178160	f375f6f1922d9cad716dc47bc5ed4eafe5791d4720d4440447c1b3a6e8c56b6e	pack_a
archive/superseded/.pack_a_native_clean/pi_ufo_baseline_v1_runtimefix/build/A_PI_NATIVE_200/MG5_PROC/SubProcesses/P1_gg_h2h2/matrix1.ps	12790	6e1945697f0bb5db13011a4c44c0a8fa6c73d773b0ac5e2a82d4444c5d7960da	pack_a
archive/superseded/.pack_a_native_clean/pi_ufo_baseline_v1_runtimefix/build/A_PI_NATIVE_200/MG5_PROC/SubProcesses/P1_gg_h2h2/matrix1_optim.f	14556	9a9710bf3fcd43c9349f2a21df83ce874b4385ff7ec4115d31ae445c537c3652	pack_a
archive/superseded/.pack_a_native_clean/pi_ufo_baseline_v1_runtimefix/build/A_PI_NATIVE_200/MG5_PROC/SubProcesses/P1_gg_h2h2/matrix1_optim.o	12248	df2778f15eacc11e220aafead4cfb883fcf043af976ad2604d295d40458ec816	pack_a
archive/superseded/.pack_a_native_clean/pi_ufo_baseline_v1_runtimefix/build/A_PI_NATIVE_200/MG5_PROC/SubProcesses/P1_gg_h2h2/matrix1_orig.f	19681	5ebdb85e08b66995891e93dde4b9467af38a2185e9a2a9ee6bee0f79670de195	pack_a
archive/superseded/.pack_a_native_clean/pi_ufo_baseline_v1_runtimefix/build/A_PI_NATIVE_200/MG5_PROC/SubProcesses/P1_gg_h2h2/matrix1_orig.o	17568	76e689d953c67931b40e2dcac39babe94645b7913f745e22de1829d3c6d72baf	pack_a
archive/superseded/.pack_a_native_clean/pi_ufo_baseline_v1_runtimefix/build/A_PI_NATIVE_200/MG5_PROC/SubProcesses/P1_gg_h2h2/maxamps.inc	132	25f44ebb2a7b47b434d968a4d91a07af4e7652148710261c854ef0b13d363dcf	pack_a
archive/superseded/.pack_a_native_clean/pi_ufo_baseline_v1_runtimefix/build/A_PI_NATIVE_200/MG5_PROC/SubProcesses/P1_gg_h2h2/mg.sym	8	ce0beb5d3db56633838f88474455c79deba0d0ba4a099b11351d3db3921ab6e1	pack_a
archive/superseded/.pack_a_native_clean/pi_ufo_baseline_v1_runtimefix/build/A_PI_NATIVE_200/MG5_PROC/SubProcesses/P1_gg_h2h2/mirrorprocs.inc	43	935a25c04c2fb91c02081b241829da3156e4269aeb0e32009dfeb83a04edd2c1	pack_a
archive/superseded/.pack_a_native_clean/pi_ufo_baseline_v1_runtimefix/build/A_PI_NATIVE_200/MG5_PROC/SubProcesses/P1_gg_h2h2/myamp.o	17688	16dcee59ed339bdd826e30521b9aa5b898cbeaafb59a93b9b83c1a8e580b5f21	pack_a
archive/superseded/.pack_a_native_clean/pi_ufo_baseline_v1_runtimefix/build/A_PI_NATIVE_200/MG5_PROC/SubProcesses/P1_gg_h2h2/ncombs.inc	56	06bf072f92425bdfbe34d5da8c6c7f2bd1265799bdcd750f0d4ff3aaeff196d8	pack_a
archive/superseded/.pack_a_native_clean/pi_ufo_baseline_v1_runtimefix/build/A_PI_NATIVE_200/MG5_PROC/SubProcesses/P1_gg_h2h2/nexternal.inc	114	74fd71600ab057b2329dd63d20970faad5acc6b19819e455d0bbe4cf75680b28	pack_a
archive/superseded/.pack_a_native_clean/pi_ufo_baseline_v1_runtimefix/build/A_PI_NATIVE_200/MG5_PROC/SubProcesses/P1_gg_h2h2/ngraphs.inc	55	f025f52826df5616a1bbec3d33e320238090bd6bad71ee9bc1551cdfb42dfac9	pack_a
archive/superseded/.pack_a_native_clean/pi_ufo_baseline_v1_runtimefix/build/A_PI_NATIVE_200/MG5_PROC/SubProcesses/P1_gg_h2h2/pmass.inc	96	d82449c6077b613993a1d7818fd712f54c84524a103ed6d10c329143cc290ebe	pack_a
archive/superseded/.pack_a_native_clean/pi_ufo_baseline_v1_runtimefix/build/A_PI_NATIVE_200/MG5_PROC/SubProcesses/P1_gg_h2h2/processes.dat	32	d02cb2e05bd9bc3a660ecf35d59c925045b9407ae2185908fc7ed57b84b991b5	pack_a
archive/superseded/.pack_a_native_clean/pi_ufo_baseline_v1_runtimefix/build/A_PI_NATIVE_200/MG5_PROC/SubProcesses/P1_gg_h2h2/props.inc	88	c8f09d5645099a2196e2ffc6b772a951772c587501a11fd665299f28df9ceb70	pack_a
archive/superseded/.pack_a_native_clean/pi_ufo_baseline_v1_runtimefix/build/A_PI_NATIVE_200/MG5_PROC/SubProcesses/P1_gg_h2h2/reweight.o	45888	6c8724fd1aeae4fbf4f9f3c76538347cb1797afca4e8aa9f52d8798958ddc186	pack_a
archive/superseded/.pack_a_native_clean/pi_ufo_baseline_v1_runtimefix/build/A_PI_NATIVE_200/MG5_PROC/SubProcesses/P1_gg_h2h2/setcuts.o	27384	8d6b6cc9455bf671809f09333cf7655359be0c11d1302502157739d550975886	pack_a
archive/superseded/.pack_a_native_clean/pi_ufo_baseline_v1_runtimefix/build/A_PI_NATIVE_200/MG5_PROC/SubProcesses/P1_gg_h2h2/setscales.o	4840	57be7ada425b994d430a888b3ffc10cc45bb1483978d24099ef0eecf9cc64c8f	pack_a
archive/superseded/.pack_a_native_clean/pi_ufo_baseline_v1_runtimefix/build/A_PI_NATIVE_200/MG5_PROC/SubProcesses/P1_gg_h2h2/symfact.dat	17	d41353f57e2a4260b59af832af1de7db5f6c90b3c64ffc3b13ce59ba4fe4a774	pack_a
archive/superseded/.pack_a_native_clean/pi_ufo_baseline_v1_runtimefix/build/A_PI_NATIVE_200/MG5_PROC/SubProcesses/P1_gg_h2h2/symfact_orig.dat	7	0f8d6984b4abd7a95420e165b32ff8258634f06eb5648c390575f726c0b045f6	pack_a
archive/superseded/.pack_a_native_clean/pi_ufo_baseline_v1_runtimefix/build/A_PI_NATIVE_200/MG5_PROC/SubProcesses/P1_gg_h2h2/symmetry.o	19344	dfca6341955a8c7a0d4b7740e9f03a15898ff52f0205edb49201ca38860ebea0	pack_a
archive/superseded/.pack_a_native_clean/pi_ufo_baseline_v1_runtimefix/build/A_PI_NATIVE_200/MG5_PROC/SubProcesses/P1_gg_h2h2/symperms.inc	47	f1f1925d51fcba3df8d683d8c1ea6497c56d6dea4978686d428fccdc549b06fd	pack_a
archive/superseded/.pack_a_native_clean/pi_ufo_baseline_v1_runtimefix/build/A_PI_NATIVE_200/MG5_PROC/SubProcesses/P1_gg_h2h2/symswap.inc	65	9eee3eaf8365eb19d489c170079bb88598bbb79744432fd88bfbc7c4449414c1	pack_a
archive/superseded/.pack_a_native_clean/pi_ufo_baseline_v1_runtimefix/build/A_PI_NATIVE_200/MG5_PROC/SubProcesses/P1_gg_h2h2/template_matrix1.f	13652	18401b1c27fd74a81ab55475b66469feaf6e28bcc9bc8c1157654b2e2770e2d2	pack_a
archive/superseded/.pack_a_native_clean/pi_ufo_baseline_v1_runtimefix/build/A_PI_NATIVE_200/MG5_PROC/SubProcesses/P1_gg_h2h2/unwgt.o	38664	2f0586eb342f98a2b6e79fae3d5f296b920380f340230bd24f1f710e07aad1f2	pack_a
archive/superseded/.pack_a_native_clean/pi_ufo_baseline_v1_runtimefix/build/A_PI_NATIVE_200/MG5_PROC/SubProcesses/P1_gg_h2h2/Hel/events.lhe	1	01ba4719c80b6fe911b091a7c05124b64eeece964e09c058ef8f9805daca546b	pack_a
archive/superseded/.pack_a_native_clean/pi_ufo_baseline_v1_runtimefix/build/A_PI_NATIVE_200/MG5_PROC/SubProcesses/P1_gg_h2h2/Hel/grid_information	2	e16f1596201850fd4a63680b27f603cb64e67176159be3d8ed78a4403fdb1700	pack_a
archive/superseded/.pack_a_native_clean/pi_ufo_baseline_v1_runtimefix/build/A_PI_NATIVE_200/MG5_PROC/SubProcesses/P1_gg_h2h2/Hel/input_app.txt	30	cde3ed6f372492dac968d0daf0b1eb8ac71603065437a4482dabb2db6862bfe4	pack_a
archive/superseded/.pack_a_native_clean/pi_ufo_baseline_v1_runtimefix/build/A_PI_NATIVE_200/MG5_PROC/SubProcesses/P1_gg_h2h2/Hel/results.dat	297	840f6a268d886884d7c3ad7f4f137eb4b67d48dcf0988dda566b96218fe06847	pack_a
archive/superseded/.pack_a_native_clean/pi_ufo_baseline_v1_runtimefix/build/A_PI_NATIVE_200/MG5_PROC/SubProcesses/P1_gg_h2h2/Hel/selection	66	c286bcfc2082a589d24bbe3e95448960d35b7a79f87982c33d4e7e90f50d7d4c	pack_a
archive/superseded/.pack_a_native_clean/pi_ufo_baseline_v1_runtimefix/build/A_PI_NATIVE_200/MG5_PROC/SubProcesses/P1_gg_h2h2/G1.2/ftn26	8755	4c7c9a6e975a8e75c1bb0c44045f1ad74daa32d6baa16a20c116c90d63a1859e	pack_a
archive/superseded/.pack_a_native_clean/pi_ufo_baseline_v1_runtimefix/build/A_PI_NATIVE_200/MG5_PROC/SubProcesses/P1_gg_h2h2/G1.2/input_app.txt	236	002f4212aebe88787395420602b9c84ee067b08a4e49dbe378eacba3e8df8d6c	pack_a
archive/superseded/.pack_a_native_clean/pi_ufo_baseline_v1_runtimefix/build/A_PI_NATIVE_200/MG5_PROC/SubProcesses/P1_gg_h2h2/G1.2/results.dat	468	282278377b245918d1d250f80999ec8f9d6eae155980152ca05a5a717e222209	pack_a
archive/superseded/.pack_a_native_clean/pi_ufo_baseline_v1_runtimefix/build/A_PI_NATIVE_200/MG5_PROC/SubProcesses/P1_gg_h2h2/G1.2/run1_app.log	13265	b84b1e67dc91eb291e2107fb522441759ace2e92c83b352af178c2a9adc1299a	pack_a
archive/superseded/.pack_a_native_clean/pi_ufo_baseline_v1_runtimefix/build/A_PI_NATIVE_200/MG5_PROC/SubProcesses/P1_gg_h2h2/G1.2/smoke_log.txt	13265	b84b1e67dc91eb291e2107fb522441759ace2e92c83b352af178c2a9adc1299a	pack_a
archive/superseded/.pack_a_native_clean/pi_ufo_baseline_v1_runtimefix/build/A_PI_NATIVE_200/MG5_PROC/Events/.keep	0	e3b0c44298fc1c149afbf4c8996fb92427ae41e4649b934ca495991b7852b855	pack_a
archive/superseded/.pack_a_native_clean/pi_ufo_baseline_v1_runtimefix/build/A_PI_NATIVE_200/MG5_PROC/Events/smoke/smoke_tag_1_banner.txt	18257	ccd9e0a2e9e1dd2792fee3fc891dabfcd97d3929e89abdde57d0860e3e99df87	pack_a
archive/superseded/.pack_a_native_clean/pi_ufo_baseline_v1_runtimefix/build/A_PI_NATIVE_200/MG5_PROC/Events/smoke/unweighted_events.lhe.gz	18150	e756583bfab44ebc148da94c2dcbf5c189bd3b177b09eebd54fa7e803bcf4a54	pack_a
archive/superseded/.pack_a_native_clean/pi_ufo_baseline_v1_runtimefix/build/A_PI_NATIVE_200/MG5_PROC/bin/cleanall	915	72f285016ba0ab688a54eeca202b4355c219fb7f71df42b543ce107cc6b88e83	pack_a
archive/superseded/.pack_a_native_clean/pi_ufo_baseline_v1_runtimefix/build/A_PI_NATIVE_200/MG5_PROC/bin/generate_events	5885	3b454a48b9ee004458c0f67333711f05b2bb77ddfb0adb6c2edaddea7142c904	pack_a
archive/superseded/.pack_a_native_clean/pi_ufo_baseline_v1_runtimefix/build/A_PI_NATIVE_200/MG5_PROC/bin/madevent	8030	13d0f53355f7b52e4ec0218f5e8e3a755e3da07c89d57f74f8df6956500bc9e2	pack_a
archive/superseded/.pack_a_native_clean/pi_ufo_baseline_v1_runtimefix/build/A_PI_NATIVE_200/MG5_PROC/bin/newprocess_mg5	3529	f55d3f285147a8bb844d89b0ff3d81b5c3e86584f383a4e3e7c6780a2b795ff8	pack_a
archive/superseded/.pack_a_native_clean/pi_ufo_baseline_v1_runtimefix/build/A_PI_NATIVE_200/MG5_PROC/bin/internal/FO_analyse_card.py	5863	a43b37ac9ee097deb85e4f1b5abca970b9ed32188d33f811f618b77ec4ce6ac6	pack_a
archive/superseded/.pack_a_native_clean/pi_ufo_baseline_v1_runtimefix/build/A_PI_NATIVE_200/MG5_PROC/bin/internal/__init__.py	2270	6371c71acf6135d279bc3935b7fae4f758ba3e583f15978b9cea8adc52dccf26	pack_a
archive/superseded/.pack_a_native_clean/pi_ufo_baseline_v1_runtimefix/build/A_PI_NATIVE_200/MG5_PROC/bin/internal/addmasses_optional.py	10027	41ff69c9ebeb9cfb2e8bf23a34cd74723f207471e1f0eadd3f3cb018ba92d042	pack_a
archive/superseded/.pack_a_native_clean/pi_ufo_baseline_v1_runtimefix/build/A_PI_NATIVE_200/MG5_PROC/bin/internal/banner.py	276635	04e364bd29ee26cd6d84240de49edd5a0c2a4d15272ddb6edc323ea4ff0eb685	pack_a
archive/superseded/.pack_a_native_clean/pi_ufo_baseline_v1_runtimefix/build/A_PI_NATIVE_200/MG5_PROC/bin/internal/check_param_card.py	73864	48b64f72f246687d3b7ed9dc30ebac5507a81ba5691276af29ef1e17ec37ad2f	pack_a
archive/superseded/.pack_a_native_clean/pi_ufo_baseline_v1_runtimefix/build/A_PI_NATIVE_200/MG5_PROC/bin/internal/clean	718	dfdc00d3c3e9ac3f966c4ace24cbbab7e4a2f3780f33f07a0463d6ec9eb83eaf	pack_a
archive/superseded/.pack_a_native_clean/pi_ufo_baseline_v1_runtimefix/build/A_PI_NATIVE_200/MG5_PROC/bin/internal/clean_template	2842	f6bcadb43be98c2a98c28765ca6e1bef7debde0e211270759e5dddce0fd5deb2	pack_a
archive/superseded/.pack_a_native_clean/pi_ufo_baseline_v1_runtimefix/build/A_PI_NATIVE_200/MG5_PROC/bin/internal/cluster.py	84691	f18d05b07b2f36bdc9e3658507c0f0e759c0be3c7584a3c07bbd5cdba3a6d5fd	pack_a
archive/superseded/.pack_a_native_clean/pi_ufo_baseline_v1_runtimefix/build/A_PI_NATIVE_200/MG5_PROC/bin/internal/coloring_logging.py	3301	a8027424a9810a5332523b2f37f2a8acda222a5fca75b78cd225474017f3b486	pack_a
archive/superseded/.pack_a_native_clean/pi_ufo_baseline_v1_runtimefix/build/A_PI_NATIVE_200/MG5_PROC/bin/internal/combine_grid.py	29721	4ebc76f6ed1e40752c0faba92b2dc88e854e4978df9610a61558b1c6f65d0a7c	pack_a
archive/superseded/.pack_a_native_clean/pi_ufo_baseline_v1_runtimefix/build/A_PI_NATIVE_200/MG5_PROC/bin/internal/combine_runs.py	6910	1ac132149aebd19b9f20d63617245f70dc947559bc81d8fbdaf103ef43fc9476	pack_a
archive/superseded/.pack_a_native_clean/pi_ufo_baseline_v1_runtimefix/build/A_PI_NATIVE_200/MG5_PROC/bin/internal/common_run_interface.py	367601	df07c70f8dac590345f0e6c195ef6d63ecd5db153bad2946d9285187cee4a733	pack_a
archive/superseded/.pack_a_native_clean/pi_ufo_baseline_v1_runtimefix/build/A_PI_NATIVE_200/MG5_PROC/bin/internal/create_matching_plots.C	723	fe1bd40e7e21cffe4d033d136f9f59d7df37af32818ca39b76439d90925e08c3	pack_a
archive/superseded/.pack_a_native_clean/pi_ufo_baseline_v1_runtimefix/build/A_PI_NATIVE_200/MG5_PROC/bin/internal/create_matching_plots.sh	943	b18887efa732028e4145d90add7b619d1abefc62098eb4381851ece166c9bb2d	pack_a
archive/superseded/.pack_a_native_clean/pi_ufo_baseline_v1_runtimefix/build/A_PI_NATIVE_200/MG5_PROC/bin/internal/eval.sh	20	6d167bcde1277a9c85d5413a825e17eda41f47082c6171905850477caeeb326d	pack_a
archive/superseded/.pack_a_native_clean/pi_ufo_baseline_v1_runtimefix/build/A_PI_NATIVE_200/MG5_PROC/bin/internal/extended_cmd.py	129251	73b6f30afb200b4e1d169908b72e04ab9c2cfd558ffc743f330db5129b31d22c	pack_a
archive/superseded/.pack_a_native_clean/pi_ufo_baseline_v1_runtimefix/build/A_PI_NATIVE_200/MG5_PROC/bin/internal/extract_banner-pl	508	6960620d20ab0e702df2ee0d6d0f5f27296d5ebac374a88520f7b70cdb2b4d32	pack_a
archive/superseded/.pack_a_native_clean/pi_ufo_baseline_v1_runtimefix/build/A_PI_NATIVE_200/MG5_PROC/bin/internal/file_writers.py	41579	fff9a790853aa44559bd04bda7371b466c4b4ed6476e77445105a8af876d203b	pack_a
archive/superseded/.pack_a_native_clean/pi_ufo_baseline_v1_runtimefix/build/A_PI_NATIVE_200/MG5_PROC/bin/internal/files.py	8707	cfec87ab0e4071abbf9989f1b029ee1128e02d7a435e79852294b4f3cab7ccde	pack_a
archive/superseded/.pack_a_native_clean/pi_ufo_baseline_v1_runtimefix/build/A_PI_NATIVE_200/MG5_PROC/bin/internal/gen_cardhtml-pl	10534	30b1cbdbd4d88a035824dc90e3ddd1f6f6c2e7f1618e1719511c3c3c28aa2236	pack_a
archive/superseded/.pack_a_native_clean/pi_ufo_baseline_v1_runtimefix/build/A_PI_NATIVE_200/MG5_PROC/bin/internal/gen_crossxhtml.py	71047	ba2646284802d699fb4ce34b4980749a1284374365e7780cd2e8cb8d1c84482f	pack_a
archive/superseded/.pack_a_native_clean/pi_ufo_baseline_v1_runtimefix/build/A_PI_NATIVE_200/MG5_PROC/bin/internal/gen_jpeg-pl	2941	3bba9f0f4b861372111bfa4641c4b9600d97b7c7e43823f1313cb61a321bb1e2	pack_a
archive/superseded/.pack_a_native_clean/pi_ufo_baseline_v1_runtimefix/build/A_PI_NATIVE_200/MG5_PROC/bin/internal/gen_ximprove.py	85872	9c5c32bb4e610234dde339ed88de75174ee280bd3e06b073ca3ff61a5a8ae167	pack_a
archive/superseded/.pack_a_native_clean/pi_ufo_baseline_v1_runtimefix/build/A_PI_NATIVE_200/MG5_PROC/bin/internal/hel_recycle.py	31149	8ec199b1746f73fdd26cff06e0bee46e1c482a71e7f3646bb349f88ccaeb978e	pack_a
archive/superseded/.pack_a_native_clean/pi_ufo_baseline_v1_runtimefix/build/A_PI_NATIVE_200/MG5_PROC/bin/internal/histograms.py	176703	8fe6f18a51f4a41389436a32fdf01e8f284f15067efdc40a5d7e0c28ad2c7f2c	pack_a
archive/superseded/.pack_a_native_clean/pi_ufo_baseline_v1_runtimefix/build/A_PI_NATIVE_200/MG5_PROC/bin/internal/lhe_parser.py	136178	21056fcacdc41b56aacf3584e4ee30504a646edce31629e4c119b3a7600273c8	pack_a
archive/superseded/.pack_a_native_clean/pi_ufo_baseline_v1_runtimefix/build/A_PI_NATIVE_200/MG5_PROC/bin/internal/madevent_interface.py	350048	5073c8c649d0c35bc0cae69a1eb09e42dc3a0e85fba9b15b2b47a242107cecef	pack_a
archive/superseded/.pack_a_native_clean/pi_ufo_baseline_v1_runtimefix/build/A_PI_NATIVE_200/MG5_PROC/bin/internal/make_gridpack	438	b32aacebbeddd45d84d898a457062e4b1b6946349c54f8abe8d774cc17a9a012	pack_a
archive/superseded/.pack_a_native_clean/pi_ufo_baseline_v1_runtimefix/build/A_PI_NATIVE_200/MG5_PROC/bin/internal/make_madevent_tar	215	1f9bea9265eb1c49a8b2274a0f0284ad3fe6628e1b4489681931f5000028c810	pack_a
archive/superseded/.pack_a_native_clean/pi_ufo_baseline_v1_runtimefix/build/A_PI_NATIVE_200/MG5_PROC/bin/internal/me5_logging.conf	2611	a593dfa321744db9344d6b722a9208910469af501a38513a030096f0b2f08948	pack_a
archive/superseded/.pack_a_native_clean/pi_ufo_baseline_v1_runtimefix/build/A_PI_NATIVE_200/MG5_PROC/bin/internal/merge.pl	10475	be04f05efda2bb515a723276ee947f98b8da7705b72dc41d3ff4cd638cf016df	pack_a
archive/superseded/.pack_a_native_clean/pi_ufo_baseline_v1_runtimefix/build/A_PI_NATIVE_200/MG5_PROC/bin/internal/misc.py	94456	074368ffb6204bf3c822a622ee074f5197c53bda7b4c5310dcf8c4fb4a057149	pack_a
archive/superseded/.pack_a_native_clean/pi_ufo_baseline_v1_runtimefix/build/A_PI_NATIVE_200/MG5_PROC/bin/internal/monitor	1137	91020174912796bbe93d4bc5a04b42e6ef973ddb58d1ba8454661e7b82efd33c	pack_a
archive/superseded/.pack_a_native_clean/pi_ufo_baseline_v1_runtimefix/build/A_PI_NATIVE_200/MG5_PROC/bin/internal/multicore	478	58ee77d2f9cb743d4cd7ff23f4a97512c62725fceb8da0900d14c2cb23341d08	pack_a
archive/superseded/.pack_a_native_clean/pi_ufo_baseline_v1_runtimefix/build/A_PI_NATIVE_200/MG5_PROC/bin/internal/plot	1467	58343673450356ea31858f251ecf9e2c14da1c81c9978fa69d22c244c1c25cc9	pack_a
archive/superseded/.pack_a_native_clean/pi_ufo_baseline_v1_runtimefix/build/A_PI_NATIVE_200/MG5_PROC/bin/internal/plot_djrs.py	7143	154178e34982ecad225e7067eb04690d72643732963147be013de62df386203f	pack_a
archive/superseded/.pack_a_native_clean/pi_ufo_baseline_v1_runtimefix/build/A_PI_NATIVE_200/MG5_PROC/bin/internal/plot_page-pl	3521	41f363947856f97ecc26d605671a1a0ccb5cef2ff33f27d149191269ca92db89	pack_a
archive/superseded/.pack_a_native_clean/pi_ufo_baseline_v1_runtimefix/build/A_PI_NATIVE_200/MG5_PROC/bin/internal/plot_pypage-pl	2426	063e24ab272f9d7795164b4fdc600484bfe03b4603caa8f866b8f3a26c640c84	pack_a
archive/superseded/.pack_a_native_clean/pi_ufo_baseline_v1_runtimefix/build/A_PI_NATIVE_200/MG5_PROC/bin/internal/plot_tree.C	2436	dac4d5d361cf3ab788d086a25144b3af7b8b8d7e7e4706b77c48f85f1cb9f94a	pack_a
archive/superseded/.pack_a_native_clean/pi_ufo_baseline_v1_runtimefix/build/A_PI_NATIVE_200/MG5_PROC/bin/internal/restore_data	1518	aa337f19616ee50170f98204805569038d3d1bfe2276e2267275ae78c9f2719e	pack_a
archive/superseded/.pack_a_native_clean/pi_ufo_baseline_v1_runtimefix/build/A_PI_NATIVE_200/MG5_PROC/bin/internal/run_combine	323	22d90ff09e294d63bc7bddd9af9202b026c2763dc9855bb0f852dcba82e6847e	pack_a
archive/superseded/.pack_a_native_clean/pi_ufo_baseline_v1_runtimefix/build/A_PI_NATIVE_200/MG5_PROC/bin/internal/run_delphes	1171	e37c42ab4ed5be796e5dc45ff6918edfbf92e206c9be9872ae0eaf6f125bb958	pack_a
archive/superseded/.pack_a_native_clean/pi_ufo_baseline_v1_runtimefix/build/A_PI_NATIVE_200/MG5_PROC/bin/internal/run_delphes3	1675	210683a1c9f34bf863bff6d2a7106c22c64d40e9fd012ba6d89bbe6852fe47eb	pack_a
archive/superseded/.pack_a_native_clean/pi_ufo_baseline_v1_runtimefix/build/A_PI_NATIVE_200/MG5_PROC/bin/internal/run_genissud	2418	a1fb4351a215baae8915ad3c6c2ab2ba9f1ee478dcc196da8bfb1cd057bb92d3	pack_a
archive/superseded/.pack_a_native_clean/pi_ufo_baseline_v1_runtimefix/build/A_PI_NATIVE_200/MG5_PROC/bin/internal/run_hep2lhe	824	4c280cfad5ff4f0bbafc47233e28980352b5530d73f1286f4f672496bc681046	pack_a
archive/superseded/.pack_a_native_clean/pi_ufo_baseline_v1_runtimefix/build/A_PI_NATIVE_200/MG5_PROC/bin/internal/run_pgs	634	cb1c2537913cc9fc10d237ce225f0547ed8ac85d0fa8021ae74cc3b7e863d9ab	pack_a
archive/superseded/.pack_a_native_clean/pi_ufo_baseline_v1_runtimefix/build/A_PI_NATIVE_200/MG5_PROC/bin/internal/run_plot	913	93b3590538f04226fd933a0ba1caa3469c59d31014f3a69d56c35bfbc9c377fd	pack_a
archive/superseded/.pack_a_native_clean/pi_ufo_baseline_v1_runtimefix/build/A_PI_NATIVE_200/MG5_PROC/bin/internal/run_plot_delphes	939	a6ce412f11761a9b647b6b5a564852165343c8bcf0f6928cd74d54f675695e77	pack_a
archive/superseded/.pack_a_native_clean/pi_ufo_baseline_v1_runtimefix/build/A_PI_NATIVE_200/MG5_PROC/bin/internal/run_plot_pgs	902	0860957ba69202e5d47a5a535bcfd6ebc07cdadafe52675604fdd3c350ccac40	pack_a
archive/superseded/.pack_a_native_clean/pi_ufo_baseline_v1_runtimefix/build/A_PI_NATIVE_200/MG5_PROC/bin/internal/run_plot_pythia	1005	e212bf1c2de6dc86bd50e2dc1023654ad470e9b885cc7a744add9371955526e0	pack_a
archive/superseded/.pack_a_native_clean/pi_ufo_baseline_v1_runtimefix/build/A_PI_NATIVE_200/MG5_PROC/bin/internal/save_load_object.py	3723	676b216218f99f6995a22d7df6a9b48b78d0f4d9a1c68aec0e3a27160270b4c9	pack_a
archive/superseded/.pack_a_native_clean/pi_ufo_baseline_v1_runtimefix/build/A_PI_NATIVE_200/MG5_PROC/bin/internal/shower_card.py	16856	dcdd28e900b7a7a60bb27e4bbb0ecca5604bf9ea3b4c4caef985d74be082ed8e	pack_a
archive/superseded/.pack_a_native_clean/pi_ufo_baseline_v1_runtimefix/build/A_PI_NATIVE_200/MG5_PROC/bin/internal/store4grid	1538	df350c66976db88edfba4b79ee82e672236b78023a89308dcdd59f83bdc7d4bb	pack_a
archive/superseded/.pack_a_native_clean/pi_ufo_baseline_v1_runtimefix/build/A_PI_NATIVE_200/MG5_PROC/bin/internal/sum_html.py	32551	b9bbf9f686025d7ab76d9b9b6e1d9990b11f90d2380c3499635e668cd0b6a5f8	pack_a
archive/superseded/.pack_a_native_clean/pi_ufo_baseline_v1_runtimefix/build/A_PI_NATIVE_200/MG5_PROC/bin/internal/syscalc_template.dat	362	a2012c82a6521bc4465339c7a707bfecdfea40066be1d7161109b851a54192ed	pack_a
archive/superseded/.pack_a_native_clean/pi_ufo_baseline_v1_runtimefix/build/A_PI_NATIVE_200/MG5_PROC/bin/internal/systematics.py	53093	f9e8581c85e05f36282842ae11791eb29ac301d78f889a0b5c53f889056f59de	pack_a
archive/superseded/.pack_a_native_clean/pi_ufo_baseline_v1_runtimefix/build/A_PI_NATIVE_200/MG5_PROC/bin/internal/ufomodel/CT_couplings.py	298	58e07e6b6dea344858f32bccd1948a10768d38a217b88448aa4dc976c0a77b58	pack_a
archive/superseded/.pack_a_native_clean/pi_ufo_baseline_v1_runtimefix/build/A_PI_NATIVE_200/MG5_PROC/bin/internal/ufomodel/__init__.py	955	e2198b46e727a0aa09378d715bd33364095057dd910f3b8cf7d7dd6ec1bc71d7	pack_a
archive/superseded/.pack_a_native_clean/pi_ufo_baseline_v1_runtimefix/build/A_PI_NATIVE_200/MG5_PROC/bin/internal/ufomodel/coupling_orders.py	665	80d652d3441c1fed3242dc7a4141a12f5a7ccc2f2cc6764dd5d22bb39083d132	pack_a
archive/superseded/.pack_a_native_clean/pi_ufo_baseline_v1_runtimefix/build/A_PI_NATIVE_200/MG5_PROC/bin/internal/ufomodel/couplings.py	18621	199021f332fa57314f1a9dbd487a08c8310f9d5b4ce408eaa6c5ea99a649c3f4	pack_a
archive/superseded/.pack_a_native_clean/pi_ufo_baseline_v1_runtimefix/build/A_PI_NATIVE_200/MG5_PROC/bin/internal/ufomodel/decays.py	23449	ebb92183abff92cdaf55aeb80399effe2cc0256f1423ce807a390cd420564e23	pack_a
archive/superseded/.pack_a_native_clean/pi_ufo_baseline_v1_runtimefix/build/A_PI_NATIVE_200/MG5_PROC/bin/internal/ufomodel/form_factors.py	598	9fdae69a684ddd1eb5963a1695e0f5449045755826aa62a8829569848b32f478	pack_a
archive/superseded/.pack_a_native_clean/pi_ufo_baseline_v1_runtimefix/build/A_PI_NATIVE_200/MG5_PROC/bin/internal/ufomodel/function_library.py	3502	af85d1d7e83bc0f7a016258b6cc3e179c4d9fd6778ce553ebf7ff4b8be5b968f	pack_a
archive/superseded/.pack_a_native_clean/pi_ufo_baseline_v1_runtimefix/build/A_PI_NATIVE_200/MG5_PROC/bin/internal/ufomodel/lorentz.py	4392	4b818a0fd7a9f1ded91a957251380f4116a30454f8e1fc72e1c7ccacdab6bf8f	pack_a
archive/superseded/.pack_a_native_clean/pi_ufo_baseline_v1_runtimefix/build/A_PI_NATIVE_200/MG5_PROC/bin/internal/ufomodel/object_library.py	10877	4bef9ba0a44b89048f5ed02f0c97f5937e1a2ce8a949574bdaa6f67ae80f9e11	pack_a
archive/superseded/.pack_a_native_clean/pi_ufo_baseline_v1_runtimefix/build/A_PI_NATIVE_200/MG5_PROC/bin/internal/ufomodel/param_card.dat	1681	520869311058818f46eb103f49c7cee51e1687548685c11e1bf32e73854c1ccf	pack_a
archive/superseded/.pack_a_native_clean/pi_ufo_baseline_v1_runtimefix/build/A_PI_NATIVE_200/MG5_PROC/bin/internal/ufomodel/parameters.py	23054	7f84d779ff83dd52bbfecbbfe31df147e2df79faab0bcda716d5908d63b3d45b	pack_a
archive/superseded/.pack_a_native_clean/pi_ufo_baseline_v1_runtimefix/build/A_PI_NATIVE_200/MG5_PROC/bin/internal/ufomodel/particles.py	11211	01c61a7a352a5bebb747fff0c9ac3e228fa7575dfc381a339ecb285332b223c6	pack_a
archive/superseded/.pack_a_native_clean/pi_ufo_baseline_v1_runtimefix/build/A_PI_NATIVE_200/MG5_PROC/bin/internal/ufomodel/propagators.py	1351	1a4495d00654b6de8044d7a993b798cb12ca7265199f8e25ce42abdfbc98384a	pack_a
archive/superseded/.pack_a_native_clean/pi_ufo_baseline_v1_runtimefix/build/A_PI_NATIVE_200/MG5_PROC/bin/internal/ufomodel/py3_model.pkl	57580	547fc1931ede9789cee5b542eb5b9aa04ce335fbd1c94a88e238f7f8e48ba933	pack_a
archive/superseded/.pack_a_native_clean/pi_ufo_baseline_v1_runtimefix/build/A_PI_NATIVE_200/MG5_PROC/bin/internal/ufomodel/vertices.py	36546	60bb131379499fd85ac21da8e15f960cffcf2d33afc54217481730e82648f6ba	pack_a
archive/superseded/.pack_a_native_clean/pi_ufo_baseline_v1_runtimefix/build/A_PI_NATIVE_200/MG5_PROC/bin/internal/ufomodel/write_param_card.py	3221	081e24c63a197a6c58fd60a4253e10960738ac35050fe49364941268381ffbb9	pack_a
archive/superseded/.pack_a_native_clean/pi_ufo_baseline_v1_runtimefix/build/A_PI_NATIVE_200/MG5_PROC/bin/internal/Gridpack/TheChopper-pl	3411	f29c49ca38de88342aac701816f450e16c43a0ebd7fe7108d33155d25b8307ab	pack_a
archive/superseded/.pack_a_native_clean/pi_ufo_baseline_v1_runtimefix/build/A_PI_NATIVE_200/MG5_PROC/bin/internal/Gridpack/clean4grid	2812	f70e6afe62424341b6e1027081e0da581aa40346395813def5e91d04e0b3f333	pack_a
archive/superseded/.pack_a_native_clean/pi_ufo_baseline_v1_runtimefix/build/A_PI_NATIVE_200/MG5_PROC/bin/internal/Gridpack/compile	2904	997f461bc3478232ed4fb91e8b78daf153fddddfd31f266c52cab170cde69835	pack_a
archive/superseded/.pack_a_native_clean/pi_ufo_baseline_v1_runtimefix/build/A_PI_NATIVE_200/MG5_PROC/bin/internal/Gridpack/gridrun	3552	cac88b757101714b1a5f6f994d98a1a732b3ab3dd42653d77761bb4a01401e49	pack_a
archive/superseded/.pack_a_native_clean/pi_ufo_baseline_v1_runtimefix/build/A_PI_NATIVE_200/MG5_PROC/bin/internal/Gridpack/refine4grid	2513	04309e5de8ebd7fe140463b17dcb127e2d00f6c2155d0008526d8f0bca119f60	pack_a
archive/superseded/.pack_a_native_clean/pi_ufo_baseline_v1_runtimefix/build/A_PI_NATIVE_200/MG5_PROC/bin/internal/Gridpack/replace.pl	6418	e476e4e0d5c7db8ca88ceb94fefe564a03b43c70af7915e76cd4d735607013f4	pack_a
archive/superseded/.pack_a_native_clean/pi_ufo_baseline_v1_runtimefix/build/A_PI_NATIVE_200/MG5_PROC/bin/internal/Gridpack/run.sh	2761	3077a291e502ae5f351aa21a58cbe070720f2ba9612eeb8b18e443af96382d4c	pack_a
archive/superseded/.pack_a_native_clean/pi_ufo_baseline_v1_runtimefix/build/A_PI_NATIVE_200/MG5_PROC/Source/.make_opts	2668	cb708c3f07c19a13ac044cb8728a5ecb45ece4f753a106c329f1eb0b6b4b76c9	pack_a
archive/superseded/.pack_a_native_clean/pi_ufo_baseline_v1_runtimefix/build/A_PI_NATIVE_200/MG5_PROC/Source/DiscreteSampler.f	115003	676f15e2565db88e57838e3269f529b6b87bab6d13e0a630101d53eb48341552	pack_a
archive/superseded/.pack_a_native_clean/pi_ufo_baseline_v1_runtimefix/build/A_PI_NATIVE_200/MG5_PROC/Source/DiscreteSampler.o	123016	5c55ddb86fb79d2975d9dbe0991c3d3e3ec2a7bfefaa8db46b76dfaeec58e39f	pack_a
archive/superseded/.pack_a_native_clean/pi_ufo_baseline_v1_runtimefix/build/A_PI_NATIVE_200/MG5_PROC/Source/StringCast.f	4294	f993aa6cf4513b270353574a7ebd6ec4a65226ccffef8446818e69b654c006b4	pack_a
archive/superseded/.pack_a_native_clean/pi_ufo_baseline_v1_runtimefix/build/A_PI_NATIVE_200/MG5_PROC/Source/StringCast.o	7512	689254a28ca47fb08af2f5c9e775c1fba07638fdee91ad8ee6fe3dd9fc20e395	pack_a
archive/superseded/.pack_a_native_clean/pi_ufo_baseline_v1_runtimefix/build/A_PI_NATIVE_200/MG5_PROC/Source/alfas.inc	453	d5ae9799ae1067a7a5d8a690654408e4626db1f032091eab30286a3dc06c7a1c	pack_a
archive/superseded/.pack_a_native_clean/pi_ufo_baseline_v1_runtimefix/build/A_PI_NATIVE_200/MG5_PROC/Source/alfas_functions.f	7877	3e9c1a8eb073de40d531217c349fe6f3f1dfc801fe4c3db527e2e15537f00a0d	pack_a
archive/superseded/.pack_a_native_clean/pi_ufo_baseline_v1_runtimefix/build/A_PI_NATIVE_200/MG5_PROC/Source/alfas_functions.o	9768	77b6b206df4fab9d045e2ce3657f6262d49b6225f30a50fbfcbc3c6a3d2dc9a0	pack_a
archive/superseded/.pack_a_native_clean/pi_ufo_baseline_v1_runtimefix/build/A_PI_NATIVE_200/MG5_PROC/Source/alfas_functions_lhapdf.f	3944	7b9439bb225674fa3126daa993a62b5b32b6201ed2a6875003be2ad820deb7c2	pack_a
archive/superseded/.pack_a_native_clean/pi_ufo_baseline_v1_runtimefix/build/A_PI_NATIVE_200/MG5_PROC/Source/banner_header.txt	1978	cd24ed8cb6c0f45494b06abceabd976357ab246a94ad108dc81380ab66e58cb6	pack_a
archive/superseded/.pack_a_native_clean/pi_ufo_baseline_v1_runtimefix/build/A_PI_NATIVE_200/MG5_PROC/Source/basecode.f	3601	f4e61b4b5e19d3d9a12e775bce73c1a2349e5d30402618b31a8212c62460f478	pack_a
archive/superseded/.pack_a_native_clean/pi_ufo_baseline_v1_runtimefix/build/A_PI_NATIVE_200/MG5_PROC/Source/basecode.o	3696	3f39777a74208b8fa7bd7adc3b88bbcb54b387c93a36bf032c09593a6b72afb5	pack_a
archive/superseded/.pack_a_native_clean/pi_ufo_baseline_v1_runtimefix/build/A_PI_NATIVE_200/MG5_PROC/Source/combine_events.f	28617	d51c82d0177a0c60fb92faab32b3eb26fba551cb89562b95dbf12cd58428e700	pack_a
archive/superseded/.pack_a_native_clean/pi_ufo_baseline_v1_runtimefix/build/A_PI_NATIVE_200/MG5_PROC/Source/cuts.inc	3195	15749e6559df6c6cb99083be6ed2214f4aaf3cb38dd686d359625ca572652b23	pack_a
archive/superseded/.pack_a_native_clean/pi_ufo_baseline_v1_runtimefix/build/A_PI_NATIVE_200/MG5_PROC/Source/dgauss.f	2357	2d2d11ea43bca5775ba844f6675911ea6f1e12986ebfb87a1379a3ee5593f463	pack_a
archive/superseded/.pack_a_native_clean/pi_ufo_baseline_v1_runtimefix/build/A_PI_NATIVE_200/MG5_PROC/Source/dgauss.o	3648	40c18037068d37eb0924743e372e03a25a5d1dbc2fc765c9c3891151856160cc	pack_a
archive/superseded/.pack_a_native_clean/pi_ufo_baseline_v1_runtimefix/build/A_PI_NATIVE_200/MG5_PROC/Source/discretesampler.mod	5974	86a27dda9d23244d28d91607dc95fdd9819b8eba6cc57534ece22de95b32776a	pack_a
archive/superseded/.pack_a_native_clean/pi_ufo_baseline_v1_runtimefix/build/A_PI_NATIVE_200/MG5_PROC/Source/dsample.f	84337	c27228ce1bbaa9c8681a1e54ce55045c834f3b546ad691ce8ed1bf5f158d94df	pack_a
archive/superseded/.pack_a_native_clean/pi_ufo_baseline_v1_runtimefix/build/A_PI_NATIVE_200/MG5_PROC/Source/dsample.o	1714608	6b15d7887f7ce8409c03b6f6c128ff1412da9cecd03e2fed585bf254621ffb3c	pack_a
archive/superseded/.pack_a_native_clean/pi_ufo_baseline_v1_runtimefix/build/A_PI_NATIVE_200/MG5_PROC/Source/eepdf.inc	302	8a6bd33755a6e79abba68ec428efe34bac3e915d67caa0eba5ce72fd8704019c	pack_a
archive/superseded/.pack_a_native_clean/pi_ufo_baseline_v1_runtimefix/build/A_PI_NATIVE_200/MG5_PROC/Source/gen_ximprove.f	33831	a0c72f5cfdc68b4ad03b6ef9990370c87f644799edb37ed4e1f0766bf52e7215	pack_a
archive/superseded/.pack_a_native_clean/pi_ufo_baseline_v1_runtimefix/build/A_PI_NATIVE_200/MG5_PROC/Source/genps.inc	2295	625f1a15b4e76821c187387b9d0bcdb2057a0d374899119847c8beac3afa5880	pack_a
archive/superseded/.pack_a_native_clean/pi_ufo_baseline_v1_runtimefix/build/A_PI_NATIVE_200/MG5_PROC/Source/getissud.f	5222	ab5a08dc9d4190e06fa2dc073750374ab012286a35c1367553dacf4a55a3f2b1	pack_a
archive/superseded/.pack_a_native_clean/pi_ufo_baseline_v1_runtimefix/build/A_PI_NATIVE_200/MG5_PROC/Source/getissud.o	7200	23b84f45ec1a0b0b99c522dc5e23173392f94e6d4e64c6a7d95d3d4498bcacaf	pack_a
archive/superseded/.pack_a_native_clean/pi_ufo_baseline_v1_runtimefix/build/A_PI_NATIVE_200/MG5_PROC/Source/hbook.inc	663	deba341596162b4605f956288449ee44fba3cf96619ed5af9445e089e163afa9	pack_a
archive/superseded/.pack_a_native_clean/pi_ufo_baseline_v1_runtimefix/build/A_PI_NATIVE_200/MG5_PROC/Source/hbook1.f	892	2eb8fc1fa9c73ec9ea8660d0a83a47bcbbd94d00bc75482cec73ef797c5f6fb6	pack_a
archive/superseded/.pack_a_native_clean/pi_ufo_baseline_v1_runtimefix/build/A_PI_NATIVE_200/MG5_PROC/Source/hbook2.f	1275	15d9647a2f1558f7258cc9f9166713bcc7bd2bb13714ff2d50de96d64f8c08fe	pack_a
archive/superseded/.pack_a_native_clean/pi_ufo_baseline_v1_runtimefix/build/A_PI_NATIVE_200/MG5_PROC/Source/hcurve.f	1652	b5aa0931a4daa63b796bd4af75f0ca6b8f39eb990c0cdd99026cad2fb3aaab77	pack_a
archive/superseded/.pack_a_native_clean/pi_ufo_baseline_v1_runtimefix/build/A_PI_NATIVE_200/MG5_PROC/Source/hfill.f	1065	41c6ec9229d573a9c16b86138754b238a79c04870bcbb89e2d65dcdc5b56ff11	pack_a
archive/superseded/.pack_a_native_clean/pi_ufo_baseline_v1_runtimefix/build/A_PI_NATIVE_200/MG5_PROC/Source/hfill.o	123240	482810e780f41997dfb53030efdaf450967832b4c002fbf34302023aeb536097	pack_a
archive/superseded/.pack_a_native_clean/pi_ufo_baseline_v1_runtimefix/build/A_PI_NATIVE_200/MG5_PROC/Source/htuple.f	11038	80102a031df8a3bac795c1ba6e630d7fbc79078a6664f954df0cd8adad9ea796	pack_a
archive/superseded/.pack_a_native_clean/pi_ufo_baseline_v1_runtimefix/build/A_PI_NATIVE_200/MG5_PROC/Source/invarients.f	8895	cbf921ebfa1f200d39ed16c6ca3ead8056fbb530eebc07c081fd2f9dffe25fb5	pack_a
archive/superseded/.pack_a_native_clean/pi_ufo_baseline_v1_runtimefix/build/A_PI_NATIVE_200/MG5_PROC/Source/invarients.o	12872	59d372343bedc3e98706f4e979322d45a5ded9673a4f69157c0345d455276066	pack_a
archive/superseded/.pack_a_native_clean/pi_ufo_baseline_v1_runtimefix/build/A_PI_NATIVE_200/MG5_PROC/Source/kin_functions.f	20781	258ba73d21343e1e9e64f8f1beec0ae9a9f890d01c3d3a907f1091843de6372d	pack_a
archive/superseded/.pack_a_native_clean/pi_ufo_baseline_v1_runtimefix/build/A_PI_NATIVE_200/MG5_PROC/Source/kin_functions.o	15304	22441b507c7abeaec9990c3dc0b5f252c1b96a624f1c8995340ee569072eac4c	pack_a
archive/superseded/.pack_a_native_clean/pi_ufo_baseline_v1_runtimefix/build/A_PI_NATIVE_200/MG5_PROC/Source/lhe_event_infos.inc	606	61299a03d23a0cd89d06a12248da67a1696ca1e4c10afe2c9707e4b595b030dd	pack_a
archive/superseded/.pack_a_native_clean/pi_ufo_baseline_v1_runtimefix/build/A_PI_NATIVE_200/MG5_PROC/Source/make_opts	2599	a5bbd5a9841bd5cce5ee40f263794702aa4024b28f1fc715bb0da1b9aa6857cc	pack_a
archive/superseded/.pack_a_native_clean/pi_ufo_baseline_v1_runtimefix/build/A_PI_NATIVE_200/MG5_PROC/Source/makefile	4681	3de4f2b21247f23077d903ea830d24b235ef13c92a4428b6aa5e8f8ca6088b7d	pack_a
archive/superseded/.pack_a_native_clean/pi_ufo_baseline_v1_runtimefix/build/A_PI_NATIVE_200/MG5_PROC/Source/maxconfigs.inc	57	5f0a5d858bea712fdf860cdd478eba6400d3fbc490c1844643f2b6c93fbdd231	pack_a
archive/superseded/.pack_a_native_clean/pi_ufo_baseline_v1_runtimefix/build/A_PI_NATIVE_200/MG5_PROC/Source/maxparticles.inc	61	f74c474319f9374319e754e43a6e57113420206e069dd21c73578a28399fa202	pack_a
archive/superseded/.pack_a_native_clean/pi_ufo_baseline_v1_runtimefix/build/A_PI_NATIVE_200/MG5_PROC/Source/open_file.f	1696	5736e50afc043c05c671376f389df6618558b45e33966c1f2fce1621e8ac07a1	pack_a
archive/superseded/.pack_a_native_clean/pi_ufo_baseline_v1_runtimefix/build/A_PI_NATIVE_200/MG5_PROC/Source/open_file.o	4584	b41d96ddd91c49ad532cab89b8af6e75753420b4bf10de6d356ce3364433b90a	pack_a
archive/superseded/.pack_a_native_clean/pi_ufo_baseline_v1_runtimefix/build/A_PI_NATIVE_200/MG5_PROC/Source/param_card.inc	914	5629f739af406618702c684c90827ae7f88f82752d5d631c4ab8580b39ef4ae0	pack_a
archive/superseded/.pack_a_native_clean/pi_ufo_baseline_v1_runtimefix/build/A_PI_NATIVE_200/MG5_PROC/Source/pawgraphs.f	1645	b7b2d166c37c772cbe015ba8afee4d673f1d5cd04474ecef88d8a1ccea7aff8b	pack_a
archive/superseded/.pack_a_native_clean/pi_ufo_baseline_v1_runtimefix/build/A_PI_NATIVE_200/MG5_PROC/Source/pawgraphs.o	1992	64986a56f33d58392afd3c04e19bee919907f167e088e712d0a50fc0a0ea6ccf	pack_a
archive/superseded/.pack_a_native_clean/pi_ufo_baseline_v1_runtimefix/build/A_PI_NATIVE_200/MG5_PROC/Source/psample.inc	330	3f00c28a6c54bc1b656e276ce0c9b85c9440e23353bf69b8bc7ee85f258a4743	pack_a
archive/superseded/.pack_a_native_clean/pi_ufo_baseline_v1_runtimefix/build/A_PI_NATIVE_200/MG5_PROC/Source/ran1.f	951	6946801bbcfd9a5fcf3184d1d7b73ca6deaf55ca0e0f0660d3db2c42479175af	pack_a
archive/superseded/.pack_a_native_clean/pi_ufo_baseline_v1_runtimefix/build/A_PI_NATIVE_200/MG5_PROC/Source/ran1.o	3712	95223609642fed47691a3954b5de98a5aab988d14a25af4e4c8761c3cb88fe06	pack_a
archive/superseded/.pack_a_native_clean/pi_ufo_baseline_v1_runtimefix/build/A_PI_NATIVE_200/MG5_PROC/Source/ranmar.f	7330	9bb6bbc5f1fda1df1a8df5d8518103b55a3f6c2b13874178b501b7272ecf2888	pack_a
archive/superseded/.pack_a_native_clean/pi_ufo_baseline_v1_runtimefix/build/A_PI_NATIVE_200/MG5_PROC/Source/ranmar.o	12208	9e67345aa03630f1c1a20fb76f15ae34318dec2a5e0fdea1535a321339b8b871	pack_a
archive/superseded/.pack_a_native_clean/pi_ufo_baseline_v1_runtimefix/build/A_PI_NATIVE_200/MG5_PROC/Source/readgrid.f	3983	63a2121b9a34bb18b5de3d73102f3c4f542af0f79c2b1c1175c47ed7579b2ff5	pack_a
archive/superseded/.pack_a_native_clean/pi_ufo_baseline_v1_runtimefix/build/A_PI_NATIVE_200/MG5_PROC/Source/readgrid.o	14560	f83ee879dcc94f7aa5914a3a169043023e63e8cf250095724b97e07e2cccfae8	pack_a
archive/superseded/.pack_a_native_clean/pi_ufo_baseline_v1_runtimefix/build/A_PI_NATIVE_200/MG5_PROC/Source/run.inc	3622	51e0098d5cb17d1c666fbb08c317f14e48f1d03cc4ed55d608546e9ef0c76330	pack_a
archive/superseded/.pack_a_native_clean/pi_ufo_baseline_v1_runtimefix/build/A_PI_NATIVE_200/MG5_PROC/Source/run_card.inc	6531	dba6315be87461b67fc0f73df2a6eb7728b4e8477586e4884103fcef0651186b	pack_a
archive/superseded/.pack_a_native_clean/pi_ufo_baseline_v1_runtimefix/build/A_PI_NATIVE_200/MG5_PROC/Source/run_config.inc	2209	1026160b03fa7c648e8ae33423107663bce56c31e85bc4dedf6dfe0ec392df53	pack_a
archive/superseded/.pack_a_native_clean/pi_ufo_baseline_v1_runtimefix/build/A_PI_NATIVE_200/MG5_PROC/Source/run_printout.f	2358	ee37cda1054daa5c9beabb9270734357f823cbf88135f729c537dd21db3e7cc0	pack_a
archive/superseded/.pack_a_native_clean/pi_ufo_baseline_v1_runtimefix/build/A_PI_NATIVE_200/MG5_PROC/Source/run_printout.o	8408	5743dddbf2c11f95e9d14243f51573a8e655862683165d745c6965234d60347c	pack_a
archive/superseded/.pack_a_native_clean/pi_ufo_baseline_v1_runtimefix/build/A_PI_NATIVE_200/MG5_PROC/Source/rw_events.f	10060	51fac40df2e39e0d20ddbdaed810aabe6e26203ce47f2b11871949085543b67a	pack_a
archive/superseded/.pack_a_native_clean/pi_ufo_baseline_v1_runtimefix/build/A_PI_NATIVE_200/MG5_PROC/Source/rw_events.o	25536	0b531926d4a22535f21748bfaa90b16932be35c4f9249461502de88c5ea2ddb2	pack_a
archive/superseded/.pack_a_native_clean/pi_ufo_baseline_v1_runtimefix/build/A_PI_NATIVE_200/MG5_PROC/Source/rw_events.short.f	4031	d5cebf605a60e58111a1dcd207c988aab8d1887aac2bdce922a1ebe8d29b8826	pack_a
archive/superseded/.pack_a_native_clean/pi_ufo_baseline_v1_runtimefix/build/A_PI_NATIVE_200/MG5_PROC/Source/rw_routines.f	13834	188c2f0a6eea8fcd656b2fbb874dfe89d10753722046dd546355ae1c90f65d97	pack_a
archive/superseded/.pack_a_native_clean/pi_ufo_baseline_v1_runtimefix/build/A_PI_NATIVE_200/MG5_PROC/Source/rw_routines.o	22720	44daa17e53827ef5957ebd3e782a387d1d2826f99f234bfb9b0f9b90614299e9	pack_a
archive/superseded/.pack_a_native_clean/pi_ufo_baseline_v1_runtimefix/build/A_PI_NATIVE_200/MG5_PROC/Source/setrun.f	7400	e3d7f0bc0104fb3f5bdbc1abdcbfb44e814196b080203ef4e88730672ac3ee36	pack_a
archive/superseded/.pack_a_native_clean/pi_ufo_baseline_v1_runtimefix/build/A_PI_NATIVE_200/MG5_PROC/Source/setrun.o	12472	8c27aee518e8e2d914cf6d8a953a3ad8be5b3bd0a35d8699b4518ef32f6296c0	pack_a
archive/superseded/.pack_a_native_clean/pi_ufo_baseline_v1_runtimefix/build/A_PI_NATIVE_200/MG5_PROC/Source/setrun_gen.f	2433	81d9d18da3ea2b1b58b50c849a3f6102ea645efb9e4f3579d99ff8213891e2a3	pack_a
archive/superseded/.pack_a_native_clean/pi_ufo_baseline_v1_runtimefix/build/A_PI_NATIVE_200/MG5_PROC/Source/stringcast.mod	743	7cb587355608e64fb1841530e8a1504f83eae38eb1f4518354929eded48c465d	pack_a
archive/superseded/.pack_a_native_clean/pi_ufo_baseline_v1_runtimefix/build/A_PI_NATIVE_200/MG5_PROC/Source/sudgrid.inc	175	443cef573335a0b49daed651eed3641006938be5147b9e14af75680b4dcbf83e	pack_a
archive/superseded/.pack_a_native_clean/pi_ufo_baseline_v1_runtimefix/build/A_PI_NATIVE_200/MG5_PROC/Source/transpole.f	11181	d801c01034e6b5e310566fdfd0879d2120dd512d71d442b9bd7be86480c98425	pack_a
archive/superseded/.pack_a_native_clean/pi_ufo_baseline_v1_runtimefix/build/A_PI_NATIVE_200/MG5_PROC/Source/transpole.o	9728	2229433690e76c088a7b9ea67d7f33fe7e0b605045dc5ad2204c90856ee24985	pack_a
archive/superseded/.pack_a_native_clean/pi_ufo_baseline_v1_runtimefix/build/A_PI_NATIVE_200/MG5_PROC/Source/BIAS/bias.inc	0	e3b0c44298fc1c149afbf4c8996fb92427ae41e4649b934ca495991b7852b855	pack_a
archive/superseded/.pack_a_native_clean/pi_ufo_baseline_v1_runtimefix/build/A_PI_NATIVE_200/MG5_PROC/Source/BIAS/ptj_bias/makefile	449	eab8ade715c4d663e4ae3853620de65f3a3fdbe26f0ef60da1ad5a08ed6fdaf2	pack_a
archive/superseded/.pack_a_native_clean/pi_ufo_baseline_v1_runtimefix/build/A_PI_NATIVE_200/MG5_PROC/Source/BIAS/ptj_bias/ptj_bias.f	3090	be98145f3616bfbf075c6d1c168bb914045476e45ed742262fd292c5a4b4a78c	pack_a
archive/superseded/.pack_a_native_clean/pi_ufo_baseline_v1_runtimefix/build/A_PI_NATIVE_200/MG5_PROC/Source/BIAS/dummy/dummy.f	1471	e998de9f5792ba9bb45fed7b2e2dd0a17fd61da80b3dee12dc5bd5b9654734b3	pack_a
archive/superseded/.pack_a_native_clean/pi_ufo_baseline_v1_runtimefix/build/A_PI_NATIVE_200/MG5_PROC/Source/BIAS/dummy/dummy.o	1296	a6758134beef28e1e5c91a6fa857e9d2d0f32b28eada3fe6c185696d474ef02c	pack_a
archive/superseded/.pack_a_native_clean/pi_ufo_baseline_v1_runtimefix/build/A_PI_NATIVE_200/MG5_PROC/Source/BIAS/dummy/makefile	347	c8ba6ae1254b7df13729e71faf38663c281b7158b78b246f46a96aaa2e4f641e	pack_a
archive/superseded/.pack_a_native_clean/pi_ufo_baseline_v1_runtimefix/build/A_PI_NATIVE_200/MG5_PROC/Source/DHELAS/.keepthisdir	0	e3b0c44298fc1c149afbf4c8996fb92427ae41e4649b934ca495991b7852b855	pack_a
archive/superseded/.pack_a_native_clean/pi_ufo_baseline_v1_runtimefix/build/A_PI_NATIVE_200/MG5_PROC/Source/DHELAS/SSS1P1N_1.f	371	8b87e3845b4b65e902fb2be85246f0bd0a456387d1b0d14f0ff0f5811529af3e	pack_a
archive/superseded/.pack_a_native_clean/pi_ufo_baseline_v1_runtimefix/build/A_PI_NATIVE_200/MG5_PROC/Source/DHELAS/SSS1P1N_1.o	1440	9df9ddc0907ef1e87113e604f3c315268e911ae40439d16b389e1abd88fd3fac	pack_a
archive/superseded/.pack_a_native_clean/pi_ufo_baseline_v1_runtimefix/build/A_PI_NATIVE_200/MG5_PROC/Source/DHELAS/SSS1P1N_2.f	371	7b49e88de07b83628c5cd647aadec466674a6c9fc4f7be4f125b1465e275656e	pack_a
archive/superseded/.pack_a_native_clean/pi_ufo_baseline_v1_runtimefix/build/A_PI_NATIVE_200/MG5_PROC/Source/DHELAS/SSS1P1N_2.o	1440	4eb0f9097b230c2e831b9cae61f46e49ecfc982abe4777dbc53b50f74bcd12d6	pack_a
archive/superseded/.pack_a_native_clean/pi_ufo_baseline_v1_runtimefix/build/A_PI_NATIVE_200/MG5_PROC/Source/DHELAS/SSS1P1N_3.f	371	13cd612298574d67ef7770c32c19d5ea07c56cdea785251e0df67a93b03cc705	pack_a
archive/superseded/.pack_a_native_clean/pi_ufo_baseline_v1_runtimefix/build/A_PI_NATIVE_200/MG5_PROC/Source/DHELAS/SSS1P1N_3.o	1440	40fd94378e44c031a27ad08fbd47cf0bb0ed69c1ca83a2c8f27d164bea250fe2	pack_a
archive/superseded/.pack_a_native_clean/pi_ufo_baseline_v1_runtimefix/build/A_PI_NATIVE_200/MG5_PROC/Source/DHELAS/SSS1_0.f	408	1b8ec5d01205f3dc387b505a29bc122d237455dc364a6fac1150d4b69dc9bd54	pack_a
archive/superseded/.pack_a_native_clean/pi_ufo_baseline_v1_runtimefix/build/A_PI_NATIVE_200/MG5_PROC/Source/DHELAS/SSS1_0.o	1496	acd747cd8ffd4dc214119bd20fb1f3f21ec7e9d42e19fe043dfceeee06a6c1e2	pack_a
archive/superseded/.pack_a_native_clean/pi_ufo_baseline_v1_runtimefix/build/A_PI_NATIVE_200/MG5_PROC/Source/DHELAS/VVS2FF1_3.f	2681	c2692e0abcdbf15f92fecf7a7f976e5da0b404bc6e25e3cdcda80c07d631ffb6	pack_a
archive/superseded/.pack_a_native_clean/pi_ufo_baseline_v1_runtimefix/build/A_PI_NATIVE_200/MG5_PROC/Source/DHELAS/VVS2FF1_3.o	6032	ee4f7b0072018ffe5293af4473027fb0a3ae45f437087eaae00ee6bf94e17b90	pack_a
archive/superseded/.pack_a_native_clean/pi_ufo_baseline_v1_runtimefix/build/A_PI_NATIVE_200/MG5_PROC/Source/DHELAS/aloha_file.inc	72	3b3b9e6bcdc7554ef589e60aa17e5f6af9059eec5b17ae22969c29107b451926	pack_a
archive/superseded/.pack_a_native_clean/pi_ufo_baseline_v1_runtimefix/build/A_PI_NATIVE_200/MG5_PROC/Source/DHELAS/aloha_functions.f	62675	6100d8127353c13301e639bfdfea33b7a417095ea3b1eec630ed9d9a4bf92fc4	pack_a
archive/superseded/.pack_a_native_clean/pi_ufo_baseline_v1_runtimefix/build/A_PI_NATIVE_200/MG5_PROC/Source/DHELAS/aloha_functions.o	33168	f469a3dbcf04ac9f70e4a1953b5a2b249f3356d5c8ac143133c3cfecc8eaaece	pack_a
archive/superseded/.pack_a_native_clean/pi_ufo_baseline_v1_runtimefix/build/A_PI_NATIVE_200/MG5_PROC/Source/DHELAS/makefile	761	cd3a6c45094f438b995d1104a1e71521562c28b7f4ade1cd358703a2c855f51a	pack_a
archive/superseded/.pack_a_native_clean/pi_ufo_baseline_v1_runtimefix/build/A_PI_NATIVE_200/MG5_PROC/Source/CERNLIB/abend.f	405	3f82a246769f71f4181fb459a0cdefb1f6f3426cbbbb47ac093a53dad17e87f4	pack_a
archive/superseded/.pack_a_native_clean/pi_ufo_baseline_v1_runtimefix/build/A_PI_NATIVE_200/MG5_PROC/Source/CERNLIB/abend.o	1256	269bf269ee431e64c48fc39bf5de345aaf65cd4e1b34aae6a5e706369ab57e60	pack_a
archive/superseded/.pack_a_native_clean/pi_ufo_baseline_v1_runtimefix/build/A_PI_NATIVE_200/MG5_PROC/Source/CERNLIB/dlsqp2.f	1373	8d93368a654705e3e72dfa4d5d5c90e7ac36ad107a954f7e56a0ee7a98da63d7	pack_a
archive/superseded/.pack_a_native_clean/pi_ufo_baseline_v1_runtimefix/build/A_PI_NATIVE_200/MG5_PROC/Source/CERNLIB/dlsqp2.o	1640	b7e07ca610ae291f78b8fcbd24fe4e5b8f200fb6d8ceb915f3ac4580db21a214	pack_a
archive/superseded/.pack_a_native_clean/pi_ufo_baseline_v1_runtimefix/build/A_PI_NATIVE_200/MG5_PROC/Source/CERNLIB/lenocc.f	642	36cf2a11d1ddf0b7e9e4301a5ae855631a13cdc6bedf83a78e69fa2da48c805b	pack_a
archive/superseded/.pack_a_native_clean/pi_ufo_baseline_v1_runtimefix/build/A_PI_NATIVE_200/MG5_PROC/Source/CERNLIB/lenocc.o	1328	94222d433b2a5d0421808b755be28fa1d25a92c8da3a09243ec68861887235cb	pack_a
archive/superseded/.pack_a_native_clean/pi_ufo_baseline_v1_runtimefix/build/A_PI_NATIVE_200/MG5_PROC/Source/CERNLIB/makefile	262	d69c658d9f991f6bebb5e4f626284a2c955079fc9549384104a85702f979ca3b	pack_a
archive/superseded/.pack_a_native_clean/pi_ufo_baseline_v1_runtimefix/build/A_PI_NATIVE_200/MG5_PROC/Source/CERNLIB/mtlprt.f	793	b17fca11624639f279a09f79ca0078c6b79cfa42d3535762ab28edb6631fc68b	pack_a
archive/superseded/.pack_a_native_clean/pi_ufo_baseline_v1_runtimefix/build/A_PI_NATIVE_200/MG5_PROC/Source/CERNLIB/mtlprt.o	2816	6450c9b7dfb527b787f5c59f52de53ba09edb6984aa458d947c79951a6d8b817	pack_a
archive/superseded/.pack_a_native_clean/pi_ufo_baseline_v1_runtimefix/build/A_PI_NATIVE_200/MG5_PROC/Source/CERNLIB/mtlset.f	9852	d27d530a30e1f2e310504dbac01d36c519289fd1a1ab061d5ecda8f305895c30	pack_a
archive/superseded/.pack_a_native_clean/pi_ufo_baseline_v1_runtimefix/build/A_PI_NATIVE_200/MG5_PROC/Source/CERNLIB/mtlset.o	6016	b11ab706a0614157fd048e16ba641d04f17ae822b0501909e8443e3522159f2a	pack_a
archive/superseded/.pack_a_native_clean/pi_ufo_baseline_v1_runtimefix/build/A_PI_NATIVE_200/MG5_PROC/Source/CERNLIB/radmul.f	6292	78307e0f7697e8ac8f24293420fd26eed9223a1358556cd91f4fbaec1365e385	pack_a
archive/superseded/.pack_a_native_clean/pi_ufo_baseline_v1_runtimefix/build/A_PI_NATIVE_200/MG5_PROC/Source/CERNLIB/radmul.o	6856	fc1f5f49e5787f071fff88693aa57965c11c997e709094341b46bfea44048ce5	pack_a
archive/superseded/.pack_a_native_clean/pi_ufo_baseline_v1_runtimefix/build/A_PI_NATIVE_200/MG5_PROC/Source/MODEL/.keepme	0	e3b0c44298fc1c149afbf4c8996fb92427ae41e4649b934ca495991b7852b855	pack_a
archive/superseded/.pack_a_native_clean/pi_ufo_baseline_v1_runtimefix/build/A_PI_NATIVE_200/MG5_PROC/Source/MODEL/actualize_mp_ext_params.inc	223	cfe4fa314b53f89d6cf6d6779a6f21d41851bb6e3a004fd3a1968f25e4022e23	pack_a
archive/superseded/.pack_a_native_clean/pi_ufo_baseline_v1_runtimefix/build/A_PI_NATIVE_200/MG5_PROC/Source/MODEL/b0f_caching.mod	1279	3070d6b2b1ef80a28f08a1fe57aff6bc9ece42d28079ff2dcb01309a3afa7035	pack_a
archive/superseded/.pack_a_native_clean/pi_ufo_baseline_v1_runtimefix/build/A_PI_NATIVE_200/MG5_PROC/Source/MODEL/coupl.inc	923	9b7bf843d4f38d9322a10eeed2ecf7492983018310288d07a6cab181c712a5c7	pack_a
archive/superseded/.pack_a_native_clean/pi_ufo_baseline_v1_runtimefix/build/A_PI_NATIVE_200/MG5_PROC/Source/MODEL/coupl_write.inc	398	78bd72ca20817a3d23cf3fcac6be5da78a468b9798c7e5e8ab8a983783f36eb5	pack_a
archive/superseded/.pack_a_native_clean/pi_ufo_baseline_v1_runtimefix/build/A_PI_NATIVE_200/MG5_PROC/Source/MODEL/couplings.f	2021	8486e75c66d5ced63baeb26fa8e55bf5b523ca16bb87013b29279464bebf78d7	pack_a
archive/superseded/.pack_a_native_clean/pi_ufo_baseline_v1_runtimefix/build/A_PI_NATIVE_200/MG5_PROC/Source/MODEL/couplings.o	10992	5f28c84a63ff74f0262d65db58a4fa28731e99b72d34fe136d03c3a47cce94fd	pack_a
archive/superseded/.pack_a_native_clean/pi_ufo_baseline_v1_runtimefix/build/A_PI_NATIVE_200/MG5_PROC/Source/MODEL/couplings1.f	504	0f3b6243a6e5481d97451643b752eca700bbcd745c76c2408f5d9a7a1f0e0b98	pack_a
archive/superseded/.pack_a_native_clean/pi_ufo_baseline_v1_runtimefix/build/A_PI_NATIVE_200/MG5_PROC/Source/MODEL/couplings1.o	1864	8cf2ef83506ce9a69a8af74d5f54dc5e8bb815bc0773b4fca16331021178e670	pack_a
archive/superseded/.pack_a_native_clean/pi_ufo_baseline_v1_runtimefix/build/A_PI_NATIVE_200/MG5_PROC/Source/MODEL/couplings2.f	477	7b213edfffe872642526644169799bb3f655033a73e8cdfd3140bb53cdba9f3a	pack_a
archive/superseded/.pack_a_native_clean/pi_ufo_baseline_v1_runtimefix/build/A_PI_NATIVE_200/MG5_PROC/Source/MODEL/couplings2.o	1800	59070bcfb851c6353ede36272a6645a7e411a782b2eec5aaaf5629f8fc7dedd0	pack_a
archive/superseded/.pack_a_native_clean/pi_ufo_baseline_v1_runtimefix/build/A_PI_NATIVE_200/MG5_PROC/Source/MODEL/formats.inc	958	1d0c8b3a81b5c4ed3cc50e16edc2d7fa09fa2c2694b9eef3790bff2abc42c3a3	pack_a
archive/superseded/.pack_a_native_clean/pi_ufo_baseline_v1_runtimefix/build/A_PI_NATIVE_200/MG5_PROC/Source/MODEL/input.inc	3385	7177599525827aaa34e4c84084648bab8ee39bf0a740ca823574510ca5e77bb2	pack_a
archive/superseded/.pack_a_native_clean/pi_ufo_baseline_v1_runtimefix/build/A_PI_NATIVE_200/MG5_PROC/Source/MODEL/intparam_definition.inc	6418	df527fba82e3a11a0d747cd418d4b8a601fe11e96dd3e391244d2fcc42d96b12	pack_a
archive/superseded/.pack_a_native_clean/pi_ufo_baseline_v1_runtimefix/build/A_PI_NATIVE_200/MG5_PROC/Source/MODEL/lha_read.f	12149	fd51c4686981abedbf62153ee537e7dec01a138dd9a560f39303b851f99d6ae0	pack_a
archive/superseded/.pack_a_native_clean/pi_ufo_baseline_v1_runtimefix/build/A_PI_NATIVE_200/MG5_PROC/Source/MODEL/lha_read.o	16248	850f46b2dab6f41be5017a075187a76bf769ba557d43c07f668d2f5fcf892269	pack_a
archive/superseded/.pack_a_native_clean/pi_ufo_baseline_v1_runtimefix/build/A_PI_NATIVE_200/MG5_PROC/Source/MODEL/makefile	1152	b2e04084aba9bb7ecf6a56015c83265aee0b74e4d9a8b2bdeae8d75521ae55c0	pack_a
archive/superseded/.pack_a_native_clean/pi_ufo_baseline_v1_runtimefix/build/A_PI_NATIVE_200/MG5_PROC/Source/MODEL/makeinc.inc	288	1e938018cba6559290ffbf790b7f1fd59e9c21e55d81a3c312b45f99d66bc3a3	pack_a
archive/superseded/.pack_a_native_clean/pi_ufo_baseline_v1_runtimefix/build/A_PI_NATIVE_200/MG5_PROC/Source/MODEL/model_functions.f	18359	3f316cd1c810b693ca11450a8b5bb5badb01dd9b7c6bc05e2d1222c808bfa138	pack_a
archive/superseded/.pack_a_native_clean/pi_ufo_baseline_v1_runtimefix/build/A_PI_NATIVE_200/MG5_PROC/Source/MODEL/model_functions.inc	718	1eacef8b6184900bf18e6c18614cec17c062226f6ab438410464f5dbfb86515e	pack_a
archive/superseded/.pack_a_native_clean/pi_ufo_baseline_v1_runtimefix/build/A_PI_NATIVE_200/MG5_PROC/Source/MODEL/model_functions.o	24624	1563b84dd44c0ed86f49174564c1acf4e43888b566d8edc03ae9fabbbebf501b	pack_a
archive/superseded/.pack_a_native_clean/pi_ufo_baseline_v1_runtimefix/build/A_PI_NATIVE_200/MG5_PROC/Source/MODEL/param_read.inc	227	a14a19f2379f69375eea63dfa4c34319f2681e9e037fc4088ec39a7978568cbc	pack_a
archive/superseded/.pack_a_native_clean/pi_ufo_baseline_v1_runtimefix/build/A_PI_NATIVE_200/MG5_PROC/Source/MODEL/param_write.inc	6835	ecbf8d7e15441b05566d44736e536bfebef416ef3b3344e910f2fb89a5287a92	pack_a
archive/superseded/.pack_a_native_clean/pi_ufo_baseline_v1_runtimefix/build/A_PI_NATIVE_200/MG5_PROC/Source/MODEL/printout.f	1571	c765cbd47475c2c8ca3e229691373124a01f13c775ccd603625e5bf2aadb82c7	pack_a
archive/superseded/.pack_a_native_clean/pi_ufo_baseline_v1_runtimefix/build/A_PI_NATIVE_200/MG5_PROC/Source/MODEL/printout.o	43136	dc6e279ca1bf230af528113507ce9eccf03df2d4b263284f842dfb631c07f52a	pack_a
archive/superseded/.pack_a_native_clean/pi_ufo_baseline_v1_runtimefix/build/A_PI_NATIVE_200/MG5_PROC/Source/MODEL/rw_para.f	2580	568206e593ca4a7a49c63a1b09eddbed663474f6db62e8bc09960b8282421266	pack_a
archive/superseded/.pack_a_native_clean/pi_ufo_baseline_v1_runtimefix/build/A_PI_NATIVE_200/MG5_PROC/Source/MODEL/rw_para.o	5560	eb6a532e2885b815ad66f36691334c561a4ae9af92db67a15e301b1e4dce4b29	pack_a
archive/superseded/.pack_a_native_clean/pi_ufo_baseline_v1_runtimefix/build/A_PI_NATIVE_200/MG5_PROC/Source/MODEL/testprog.f	2394	7570c7961bd45365561047df5a3bd0c529204fb03f4e3562680d3b90e0042c89	pack_a
archive/superseded/.pack_a_native_clean/pi_ufo_baseline_v1_runtimefix/build/A_PI_NATIVE_200/MG5_PROC/Source/PDF/Ctq6Pdf.f	15036	faaae1776c4228066687642b39d350ba745f3076c21007516d82dee88601d646	pack_a
archive/superseded/.pack_a_native_clean/pi_ufo_baseline_v1_runtimefix/build/A_PI_NATIVE_200/MG5_PROC/Source/PDF/Ctq6Pdf.o	15072	8f4e49559cf6952e6473109cb463c3aa0367c6f497f4c42cfcd1a9930b84d7fb	pack_a
archive/superseded/.pack_a_native_clean/pi_ufo_baseline_v1_runtimefix/build/A_PI_NATIVE_200/MG5_PROC/Source/PDF/ElectroweakFlux.f	9025	a55af74f81cf8c0349db44efeda10e70f405319288311e096c46503be9f1513d	pack_a
archive/superseded/.pack_a_native_clean/pi_ufo_baseline_v1_runtimefix/build/A_PI_NATIVE_200/MG5_PROC/Source/PDF/ElectroweakFlux.inc	3536	9ba56c31e65dd877d0f7e2537562e9cc8e7956e1a73c34f019ec19b44ae9ab04	pack_a
archive/superseded/.pack_a_native_clean/pi_ufo_baseline_v1_runtimefix/build/A_PI_NATIVE_200/MG5_PROC/Source/PDF/ElectroweakFluxDriver.f	20029	0e7526df88466bc115a9f054ccfb1ed43ff9db0a3263eb4f342a79a7c4cdb7ba	pack_a
archive/superseded/.pack_a_native_clean/pi_ufo_baseline_v1_runtimefix/build/A_PI_NATIVE_200/MG5_PROC/Source/PDF/ElectroweakFlux_dummy.f	354	2ce33dcd9212731873efc9bd21711b74bd4d2007c1a65eafa3c1b07b589ac47c	pack_a
archive/superseded/.pack_a_native_clean/pi_ufo_baseline_v1_runtimefix/build/A_PI_NATIVE_200/MG5_PROC/Source/PDF/ElectroweakFlux_dummy.o	1808	c015c3284a3fcf69a4251fa89f31ffb7fd4957670bf9dd6cd1cf6e17e8e0d663	pack_a
archive/superseded/.pack_a_native_clean/pi_ufo_baseline_v1_runtimefix/build/A_PI_NATIVE_200/MG5_PROC/Source/PDF/NNPDFDriver.f	9319	569c080439879972784ada0d6e0b040e8a7a93a0cf363cf99fa3bead12abae14	pack_a
archive/superseded/.pack_a_native_clean/pi_ufo_baseline_v1_runtimefix/build/A_PI_NATIVE_200/MG5_PROC/Source/PDF/NNPDFDriver.o	13008	41d88cbf175658c76854a628c713b6073c77a3795a0ce7241e4586faea7e39cf	pack_a
archive/superseded/.pack_a_native_clean/pi_ufo_baseline_v1_runtimefix/build/A_PI_NATIVE_200/MG5_PROC/Source/PDF/PhotonFlux.f	4452	5c943e6bad08314ac7b6002b87e756d85a41057b874ebea8573bf2ece950b1eb	pack_a
archive/superseded/.pack_a_native_clean/pi_ufo_baseline_v1_runtimefix/build/A_PI_NATIVE_200/MG5_PROC/Source/PDF/PhotonFlux.o	4704	df203bfa134a3add1673d1cd0e4c2b66fecd9fe99f193b19ee10dc61084bca2e	pack_a
archive/superseded/.pack_a_native_clean/pi_ufo_baseline_v1_runtimefix/build/A_PI_NATIVE_200/MG5_PROC/Source/PDF/dfint.f	2593	61eff004b8fb8390324eba77f2b2644a723f09d7412af63e4b74145c6b2b1ef3	pack_a
archive/superseded/.pack_a_native_clean/pi_ufo_baseline_v1_runtimefix/build/A_PI_NATIVE_200/MG5_PROC/Source/PDF/dfint.o	3200	b6f6dbbb21058ce8b7c54a0e74a455434c55cc8db2f47c8bacfd5dd0a06e6a5a	pack_a
archive/superseded/.pack_a_native_clean/pi_ufo_baseline_v1_runtimefix/build/A_PI_NATIVE_200/MG5_PROC/Source/PDF/eepdf.f	339113	2e449b3d91d3af09681e5fad9209084e2e8c3dbb5ac00a7b5d7744d3e596235a	pack_a
archive/superseded/.pack_a_native_clean/pi_ufo_baseline_v1_runtimefix/build/A_PI_NATIVE_200/MG5_PROC/Source/PDF/eepdf.inc	302	8a6bd33755a6e79abba68ec428efe34bac3e915d67caa0eba5ce72fd8704019c	pack_a
archive/superseded/.pack_a_native_clean/pi_ufo_baseline_v1_runtimefix/build/A_PI_NATIVE_200/MG5_PROC/Source/PDF/eepdf.o	106800	42eaf7a5cc9ee949c8e48c7d3b5a1003dc5749a60a8027dcda5d052d34ed0ce4	pack_a
archive/superseded/.pack_a_native_clean/pi_ufo_baseline_v1_runtimefix/build/A_PI_NATIVE_200/MG5_PROC/Source/PDF/gridpdfaux.f	3210	8b787c1f5e446765b1c3f90acff4201a41f2a1f1c94d859bf154af8698647d32	pack_a
archive/superseded/.pack_a_native_clean/pi_ufo_baseline_v1_runtimefix/build/A_PI_NATIVE_200/MG5_PROC/Source/PDF/gridpdfaux.o	3760	b25dc5011fd17f981d9e6ec93ea7cec09d7bdf3810be8abf3e1e242d765b1b79	pack_a
archive/superseded/.pack_a_native_clean/pi_ufo_baseline_v1_runtimefix/build/A_PI_NATIVE_200/MG5_PROC/Source/PDF/kerset.f	3952	34c45d8a70bd4d66aa561537651e0456972435a9b0756a495fa0a17734dfd226	pack_a
archive/superseded/.pack_a_native_clean/pi_ufo_baseline_v1_runtimefix/build/A_PI_NATIVE_200/MG5_PROC/Source/PDF/kerset.o	5256	621e9a147f636799ee23805259622a70f2fc43794eb9f0864f9533dc463c4862	pack_a
archive/superseded/.pack_a_native_clean/pi_ufo_baseline_v1_runtimefix/build/A_PI_NATIVE_200/MG5_PROC/Source/PDF/makefile	2448	de4eef231102f8fa308769197e53b8c13717ef8810150385700a867300601c51	pack_a
archive/superseded/.pack_a_native_clean/pi_ufo_baseline_v1_runtimefix/build/A_PI_NATIVE_200/MG5_PROC/Source/PDF/opendata.f	2589	bfaa0cd1c1d12b64785d833ae35e6dad093d80c45a5d26613e9fb6fc4e90b1c2	pack_a
archive/superseded/.pack_a_native_clean/pi_ufo_baseline_v1_runtimefix/build/A_PI_NATIVE_200/MG5_PROC/Source/PDF/opendata.o	8328	e61c5ea4793e18301fe2a315457ca6fd514bbc1f10d64606a200fdf3f6604c86	pack_a
archive/superseded/.pack_a_native_clean/pi_ufo_baseline_v1_runtimefix/build/A_PI_NATIVE_200/MG5_PROC/Source/PDF/pdf.f	11507	955eb4b5cd06d1e5416c2644e2d31ba677e6fe529c96b9b00619f44e147407f6	pack_a
archive/superseded/.pack_a_native_clean/pi_ufo_baseline_v1_runtimefix/build/A_PI_NATIVE_200/MG5_PROC/Source/PDF/pdf.inc	450	3d462edd5d8ea17e9ad26b693ef0c101e886b2effc7fd36f43dfbaa5d2ccf1fd	pack_a
archive/superseded/.pack_a_native_clean/pi_ufo_baseline_v1_runtimefix/build/A_PI_NATIVE_200/MG5_PROC/Source/PDF/pdf.o	4008	d2ca836646bd873964351f1263fe949eb1676e516aac22296fc32968a9fe66dc	pack_a
archive/superseded/.pack_a_native_clean/pi_ufo_baseline_v1_runtimefix/build/A_PI_NATIVE_200/MG5_PROC/Source/PDF/pdf_lhapdf6.cc	41276	ced11dfb36e8ca939029ce2aef0bd0173ed2da6822f9ec9cda341b75ae7c880a	pack_a
archive/superseded/.pack_a_native_clean/pi_ufo_baseline_v1_runtimefix/build/A_PI_NATIVE_200/MG5_PROC/Source/PDF/pdf_lhapdf62.cc	58334	e6755785adc9958089902500cea13610766425d7279ed5fad3aa6950876f122b	pack_a
archive/superseded/.pack_a_native_clean/pi_ufo_baseline_v1_runtimefix/build/A_PI_NATIVE_200/MG5_PROC/Source/PDF/pdf_list.txt	4297	554cfd7859541a5364716cf7228f75fc52fc3bd72029ebfb72e964baebd066d5	pack_a
archive/superseded/.pack_a_native_clean/pi_ufo_baseline_v1_runtimefix/build/A_PI_NATIVE_200/MG5_PROC/Source/PDF/pdfwrap.f	10277	32164b7098c60d94a3985781aba0ed0b348e3acbf1fe860c153227253c834638	pack_a
archive/superseded/.pack_a_native_clean/pi_ufo_baseline_v1_runtimefix/build/A_PI_NATIVE_200/MG5_PROC/Source/PDF/pdfwrap.o	4808	3110313f3510a5fd0fb81f30159b15dd17c1dc807129e3d20cfa48ea4cb36f9d	pack_a
archive/superseded/.pack_a_native_clean/pi_ufo_baseline_v1_runtimefix/build/A_PI_NATIVE_200/MG5_PROC/Source/PDF/pdfwrap_emela.f	2624	e1995a9789373d50ca29b73b7b6c2d7426fc6f64ad9d63d60faa71d0ffeca9cd	pack_a
archive/superseded/.pack_a_native_clean/pi_ufo_baseline_v1_runtimefix/build/A_PI_NATIVE_200/MG5_PROC/Source/PDF/pdfwrap_lhapdf.f	2408	ae9b8f43e2e8bbb3fc8a2f740d49ace85717d9713eb43fc28c7557ff7a628b43	pack_a
archive/superseded/.pack_a_native_clean/pi_ufo_baseline_v1_runtimefix/build/A_PI_NATIVE_200/MG5_PROC/Source/PDF/pdg2pdf.f	12850	13427a635e6f2ab64e9492b7b988825d00c3e5e04b6b9801e27fc5782cf100ba	pack_a
archive/superseded/.pack_a_native_clean/pi_ufo_baseline_v1_runtimefix/build/A_PI_NATIVE_200/MG5_PROC/Source/PDF/pdg2pdf.o	13184	a787d8ad3ae86351e707cd663372d148bee16ef4a7caa3102de0fb2e64b94de1	pack_a
archive/superseded/.pack_a_native_clean/pi_ufo_baseline_v1_runtimefix/build/A_PI_NATIVE_200/MG5_PROC/Source/PDF/pdg2pdf_lhapdf6.f	9350	55c2e838f18f3657a048a74d3b2cb608e4932dba9914d6085f45eaf1fe7006fa	pack_a
archive/superseded/.pack_a_native_clean/pi_ufo_baseline_v1_runtimefix/build/A_PI_NATIVE_200/MG5_PROC/Source/PDF/lep_densities/clic3000ll/eepdf.f	631636	fe3f201c16e9342b75fe174e2c3ead88201ad209694c4904788e44530570999a	pack_a
archive/superseded/.pack_a_native_clean/pi_ufo_baseline_v1_runtimefix/build/A_PI_NATIVE_200/MG5_PROC/Source/PDF/lep_densities/clic3000ll/gridpdfaux.f	4111	9029e5846502c8406cfec51bcd789d10aacd3381325936b5879ebfdc75232e4f	pack_a
archive/superseded/.pack_a_native_clean/pi_ufo_baseline_v1_runtimefix/build/A_PI_NATIVE_200/MG5_PROC/Source/PDF/lep_densities/isronlyll/eepdf.f	338612	62f0c9e61e2a93ee0c7cf240b6766a987466417cfe96437c1bb94b716df61f3a	pack_a
archive/superseded/.pack_a_native_clean/pi_ufo_baseline_v1_runtimefix/build/A_PI_NATIVE_200/MG5_PROC/Source/PDF/lep_densities/isronlyll/gridpdfaux.f	3124	8b8830f1c9fc92c37f9979ff6dac8f3e2fd7c5b7703c33884490554e3984c05a	pack_a
archive/superseded/.pack_a_native_clean/pi_ufo_baseline_v1_runtimefix/build/A_PI_NATIVE_200/MG5_PROC/Source/PDF/lep_densities/fcce240ll/eepdf.f	631636	731542c85b5fe0c9de265325c693fa0e3a5e2a7f6d42dc08c0cd5469463774ca	pack_a
archive/superseded/.pack_a_native_clean/pi_ufo_baseline_v1_runtimefix/build/A_PI_NATIVE_200/MG5_PROC/Source/PDF/lep_densities/fcce240ll/gridpdfaux.f	4111	9029e5846502c8406cfec51bcd789d10aacd3381325936b5879ebfdc75232e4f	pack_a
archive/superseded/.pack_a_native_clean/pi_ufo_baseline_v1_runtimefix/build/A_PI_NATIVE_200/MG5_PROC/Source/PDF/lep_densities/ilc500ll/eepdf.f	631636	5bef5c8221736c93469c703ca2c8bec999ebda5a49b4cf1f1934b4ea70cabae6	pack_a
archive/superseded/.pack_a_native_clean/pi_ufo_baseline_v1_runtimefix/build/A_PI_NATIVE_200/MG5_PROC/Source/PDF/lep_densities/ilc500ll/gridpdfaux.f	4111	9029e5846502c8406cfec51bcd789d10aacd3381325936b5879ebfdc75232e4f	pack_a
archive/superseded/.pack_a_native_clean/pi_ufo_baseline_v1_runtimefix/build/A_PI_NATIVE_200/MG5_PROC/Source/PDF/lep_densities/fcce365ll/eepdf.f	631636	5b7a90a66931a80954a5a6a9e4010c58ebac6ccb6001a70cf9879ecf7ec307b4	pack_a
archive/superseded/.pack_a_native_clean/pi_ufo_baseline_v1_runtimefix/build/A_PI_NATIVE_200/MG5_PROC/Source/PDF/lep_densities/fcce365ll/gridpdfaux.f	4111	9029e5846502c8406cfec51bcd789d10aacd3381325936b5879ebfdc75232e4f	pack_a
archive/superseded/.pack_a_native_clean/pi_ufo_baseline_v1_runtimefix/build/A_PI_NATIVE_200/MG5_PROC/Source/PDF/lep_densities/cepc240ll/eepdf.f	631636	6b4db0b925dfb4009c10d5d99e7df4ecbc31feb09e386406ac684884cf8bb3e0	pack_a
archive/superseded/.pack_a_native_clean/pi_ufo_baseline_v1_runtimefix/build/A_PI_NATIVE_200/MG5_PROC/Source/PDF/lep_densities/cepc240ll/gridpdfaux.f	4111	9029e5846502c8406cfec51bcd789d10aacd3381325936b5879ebfdc75232e4f	pack_a
archive/superseded/.pack_a_native_clean/pi_ufo_baseline_v1_runtimefix/build/A_PI_NATIVE_200/MG5_PROC/Source/PDF/gammaUPC/ElasticPhotonPhotonFlux.f90	113002	a5e77a30f09df6ac03b0181f6698a8549916fa08e2c60da8929252bf17cea363	pack_a
archive/superseded/.pack_a_native_clean/pi_ufo_baseline_v1_runtimefix/build/A_PI_NATIVE_200/MG5_PROC/Source/PDF/gammaUPC/OpticalGlauber_Geometry.f90	80827	ba7bf8d47191ae9bc03b8d313fd55e6b372d44df1db2e4a2d98247267e34ea4f	pack_a
archive/superseded/.pack_a_native_clean/pi_ufo_baseline_v1_runtimefix/build/A_PI_NATIVE_200/MG5_PROC/Source/PDF/gammaUPC/gammaUPC_dummy.f	218	2f7f52de7aae9dc481e5238d1184e8db2ba3adf9ff7e7836001b1d4244e166d7	pack_a
archive/superseded/.pack_a_native_clean/pi_ufo_baseline_v1_runtimefix/build/A_PI_NATIVE_200/MG5_PROC/Source/PDF/gammaUPC/gammaUPC_dummy.o	1800	5e5ac9f46c039fa9c9afbfdb1bf18d1d1b7bf119ebe442aa116f27ebf8887635	pack_a
archive/superseded/.pack_a_native_clean/pi_ufo_baseline_v1_runtimefix/build/A_PI_NATIVE_200/MG5_PROC/Source/PDF/gammaUPC/interpolation.f90	41826	c89df9b3e391d454f0f6543ad38b012c35b03af1b775c4b66506dc0c1ab4147d	pack_a
archive/superseded/.pack_a_native_clean/pi_ufo_baseline_v1_runtimefix/build/A_PI_NATIVE_200/MG5_PROC/Source/PDF/gammaUPC/makefile	1433	1028933ece2c569cd94a88ffda57a5b81d9d140a5528bbb4bbac0f6e9d7e83df	pack_a
archive/superseded/.pack_a_native_clean/pi_ufo_baseline_v1_runtimefix/build/A_PI_NATIVE_200/MG5_PROC/Source/PDF/gammaUPC/makefile_dummy	374	45c9b8ad079ca99a759cc24f68d30f6ef91878d47ce51b81e573c83167fba8e2	pack_a
archive/superseded/.pack_a_native_clean/pi_ufo_baseline_v1_runtimefix/build/A_PI_NATIVE_200/MG5_PROC/Source/PDF/gammaUPC/nielsen_generalized_polylog.f90	13510	8cee9ad199b2625e2f759ea3e3fe14662318351a368a125b93f5c52a6f6d7808	pack_a
archive/superseded/.pack_a_native_clean/pi_ufo_baseline_v1_runtimefix/build/A_PI_NATIVE_200/MG5_PROC/Source/PDF/gammaUPC/nintlib.f90	37952	92657ae581afabdc4591c1725167ab0c88fc15e49ba854023eac3cb14bb21607	pack_a
archive/superseded/.pack_a_native_clean/pi_ufo_baseline_v1_runtimefix/build/A_PI_NATIVE_200/MG5_PROC/Source/PDF/gammaUPC/photonpdfsquare.f	5626	606c0bd20df16116377b2a4e44a30c032a5afd52d45d2666c21e987b76302ffe	pack_a
archive/superseded/.pack_a_native_clean/pi_ufo_baseline_v1_runtimefix/build/A_PI_NATIVE_200/MG5_PROC/Source/PDF/gammaUPC/run90.inc	470	a07e6a3a0a10e6a77c503ef0f208b7231084a915a3a887fe42ca958da2f78ba5	pack_a
archive/superseded/.pack_a_native_clean/pi_ufo_baseline_v1_runtimefix/build/A_PI_NATIVE_200/MG5_PROC/Source/PDF/gammaUPC/tbessj.f90	10321	2d27cb8eecff63e434a79ff57b530786b253289e5a9d52c14941b8e88308d899	pack_a
archive/superseded/.pack_a_native_clean/pi_ufo_baseline_v1_runtimefix/build/A_PI_NATIVE_200/MG5_PROC/Source/PDF/gammaUPC/tbessk.f90	7288	6364e36ebf441b92a4c49dcc63335679b7b95c0abbf7a9be239dd26e7ec37cf1	pack_a
archive/superseded/.pack_a_native_clean/pi_ufo_baseline_v1_runtimefix/build/A_PI_NATIVE_200/MG5_PROC/Source/PDF/gammaUPC/test.f90	2259	d6eff055ac688c0c992faaaf18c55244fc1df1ce41a99ac3483ce1052bd83ee2	pack_a
archive/superseded/.pack_a_native_clean/pi_ufo_baseline_v1_runtimefix/build/A_PI_NATIVE_200/MG5_PROC/lib/libbias.a	1452	30678af2aeb0de041816c84b31df68827f1c6d525f1b3b847268eb9a64922179	pack_a
archive/superseded/.pack_a_native_clean/pi_ufo_baseline_v1_runtimefix/build/A_PI_NATIVE_200/MG5_PROC/lib/libcernlib.a	20440	dec4fa6ecb5068cb14d125e698071fd0ceea2611d37a51c857f3253ad43d92c4	pack_a
archive/superseded/.pack_a_native_clean/pi_ufo_baseline_v1_runtimefix/build/A_PI_NATIVE_200/MG5_PROC/lib/libdhelas.a	45934	91a5994d074bba58224a30e07b59e13c0efb814925cbbf3a0c1b6fdf69577a4d	pack_a
archive/superseded/.pack_a_native_clean/pi_ufo_baseline_v1_runtimefix/build/A_PI_NATIVE_200/MG5_PROC/lib/libdsample.a	1863200	e71256189b5a0d4805146c0a91aa29538c929392dc4f3583a55aab63b330c1db	pack_a
archive/superseded/.pack_a_native_clean/pi_ufo_baseline_v1_runtimefix/build/A_PI_NATIVE_200/MG5_PROC/lib/libgammaUPC.a	2032	9ea8f61806779aec59782550bb0e9ef39a96dcbab8abff299c911fc62e19bf81	pack_a
archive/superseded/.pack_a_native_clean/pi_ufo_baseline_v1_runtimefix/build/A_PI_NATIVE_200/MG5_PROC/lib/libgeneric.a	284108	f7a01aabfb78f7c62868a027c55faec472b1a038fea2fc4d2fcf5339c5eb2323	pack_a
archive/superseded/.pack_a_native_clean/pi_ufo_baseline_v1_runtimefix/build/A_PI_NATIVE_200/MG5_PROC/lib/libmodel.a	106754	d5f0cefc2e35659c23835f1e48a2feeff7f5904d7405c043f865c980c93c3f20	pack_a
archive/superseded/.pack_a_native_clean/pi_ufo_baseline_v1_runtimefix/build/A_PI_NATIVE_200/MG5_PROC/lib/libpdf.a	185908	e9751b0ca0ffcb6fcb932ff179cced233e714cfe07574bcc922d670721b037bc	pack_a
archive/superseded/.pack_a_native_clean/pi_ufo_baseline_v1_runtimefix/build/A_PI_NATIVE_200/MG5_PROC/lib/Pdfdata/NNPDF23_lo_as_0119_qed_mem0.grid	2195378	372e1da9f61b7aca03c25884fd05ab47399809de578ac7ee30df0d09a5c99558	pack_a
archive/superseded/.pack_a_native_clean/pi_ufo_baseline_v1_runtimefix/build/A_PI_NATIVE_200/MG5_PROC/lib/Pdfdata/NNPDF23_lo_as_0130_qed_mem0.grid	2195382	5d7378dd34444682a01acbc7215caccf38dffe31b65786a922bb586aee4369b5	pack_a
archive/superseded/.pack_a_native_clean/pi_ufo_baseline_v1_runtimefix/build/A_PI_NATIVE_200/MG5_PROC/lib/Pdfdata/NNPDF23nlo_as_0119_qed_mem0.grid	2195169	e1ad3115d9bc36f4cdf43268138ab6c2efb9a4803bff376f493c85260181213e	pack_a
archive/superseded/.pack_a_native_clean/pi_ufo_baseline_v1_runtimefix/build/A_PI_NATIVE_200/MG5_PROC/lib/Pdfdata/cteq5l.tbl	134476	8d7d234ec1b3b6c81f76f69e9b8a3114b487344963036bd882246e752a63ef4b	pack_a
archive/superseded/.pack_a_native_clean/pi_ufo_baseline_v1_runtimefix/build/A_PI_NATIVE_200/MG5_PROC/lib/Pdfdata/cteq5m.tbl	125607	0c1585bb7e16eef45fef4b7275d206538a0aca157a93159b82dccdeeb3e6adbe	pack_a
archive/superseded/.pack_a_native_clean/pi_ufo_baseline_v1_runtimefix/build/A_PI_NATIVE_200/MG5_PROC/lib/Pdfdata/cteq6d.tbl	219892	25912796d9d954a0ee0c7cbc7b7d915c1edb2c378664eb4cc702479ccd39acc1	pack_a
archive/superseded/.pack_a_native_clean/pi_ufo_baseline_v1_runtimefix/build/A_PI_NATIVE_200/MG5_PROC/lib/Pdfdata/cteq6l.tbl	219892	8525243c99321fe64d5e8e9f223fd9106069d07bd12bdb14f4b99316e848873e	pack_a
archive/superseded/.pack_a_native_clean/pi_ufo_baseline_v1_runtimefix/build/A_PI_NATIVE_200/MG5_PROC/lib/Pdfdata/cteq6l1.tbl	219850	023dce6f7e6f64dfab376ced5d2c487f8ef8d0ccb976d383a2f0a8049370f058	pack_a
archive/superseded/.pack_a_native_clean/pi_ufo_baseline_v1_runtimefix/build/A_PI_NATIVE_200/MG5_PROC/lib/Pdfdata/cteq6m.tbl	219888	570c8bda925461c5f15f877a24555d1be9cb17434fe347f8afe6c8724bac4470	pack_a
archive/superseded/.pack_a_native_clean/pi_ufo_baseline_v1_runtimefix/build/A_PI_NATIVE_200/MG5_PROC/lib/Pdfdata/mrsb.dat	62054	8e957739754db8a1584d25beb7eab00a55501f794dc38a5d20d539c4347de4ff	pack_a
archive/superseded/.pack_a_native_clean/pi_ufo_baseline_v1_runtimefix/build/A_PI_NATIVE_200/MG5_PROC/lib/Pdfdata/mrse.dat	62054	c8b4b7e4f6643563302971d1c9a2acd7bec217515ead22a586839125cab98e8a	pack_a
archive/superseded/.pack_a_native_clean/pi_ufo_baseline_v1_runtimefix/build/A_PI_NATIVE_200/MG5_PROC/lib/Pdfdata/mrst2002nlo.dat	145632	bec81dcb0093a68b44e6b15472bbe67c2b883fb59833529307d80a7f16688d4f	pack_a
archive/superseded/.pack_a_native_clean/pi_ufo_baseline_v1_runtimefix/build/A_PI_NATIVE_200/MG5_PROC/Cards/.delphes_trigger.dat	1190	dd9e5ef49193a9140ae577fb452af122b0a45a843043e482dfd43c1afd755475	pack_a
archive/superseded/.pack_a_native_clean/pi_ufo_baseline_v1_runtimefix/build/A_PI_NATIVE_200/MG5_PROC/Cards/.plot_card.dat	10430	e0991ee24eb7cab4ca668da332ed637806e6473b32a929b2bd4f86bafab1d4b0	pack_a
archive/superseded/.pack_a_native_clean/pi_ufo_baseline_v1_runtimefix/build/A_PI_NATIVE_200/MG5_PROC/Cards/README	133	eb3f39466976b976c213203c4a7d0f92eadd325d4e19903efea6fec1db695d65	pack_a
archive/superseded/.pack_a_native_clean/pi_ufo_baseline_v1_runtimefix/build/A_PI_NATIVE_200/MG5_PROC/Cards/delphes_card_ATLAS.dat	21552	b6a97bcd6e2b4f19e218eaa07b3afe1937d66452f0519de0b8c367eff46fe69d	pack_a
archive/superseded/.pack_a_native_clean/pi_ufo_baseline_v1_runtimefix/build/A_PI_NATIVE_200/MG5_PROC/Cards/delphes_card_CMS.dat	22570	e363da8be306a024159b52547a80045bc48b770424fb5372ffc2ff8f1f5028c0	pack_a
archive/superseded/.pack_a_native_clean/pi_ufo_baseline_v1_runtimefix/build/A_PI_NATIVE_200/MG5_PROC/Cards/delphes_card_default.dat	22570	e363da8be306a024159b52547a80045bc48b770424fb5372ffc2ff8f1f5028c0	pack_a
archive/superseded/.pack_a_native_clean/pi_ufo_baseline_v1_runtimefix/build/A_PI_NATIVE_200/MG5_PROC/Cards/delphes_trigger_ATLAS.dat	989	14ceb9ab08ebb8bcab3d750fe8b01ab1e3f44d2eacdc8bc944d6899ccafc3b90	pack_a
archive/superseded/.pack_a_native_clean/pi_ufo_baseline_v1_runtimefix/build/A_PI_NATIVE_200/MG5_PROC/Cards/delphes_trigger_CMS.dat	1190	dd9e5ef49193a9140ae577fb452af122b0a45a843043e482dfd43c1afd755475	pack_a
archive/superseded/.pack_a_native_clean/pi_ufo_baseline_v1_runtimefix/build/A_PI_NATIVE_200/MG5_PROC/Cards/delphes_trigger_default.dat	1190	dd9e5ef49193a9140ae577fb452af122b0a45a843043e482dfd43c1afd755475	pack_a
archive/superseded/.pack_a_native_clean/pi_ufo_baseline_v1_runtimefix/build/A_PI_NATIVE_200/MG5_PROC/Cards/grid_card.dat	2018	99aff9f047a6dfbaa59345cc56cb01cf422bb65eef996b6af6515f625e1c13b7	pack_a
archive/superseded/.pack_a_native_clean/pi_ufo_baseline_v1_runtimefix/build/A_PI_NATIVE_200/MG5_PROC/Cards/grid_card_default.dat	2018	99aff9f047a6dfbaa59345cc56cb01cf422bb65eef996b6af6515f625e1c13b7	pack_a
archive/superseded/.pack_a_native_clean/pi_ufo_baseline_v1_runtimefix/build/A_PI_NATIVE_200/MG5_PROC/Cards/ident_card.dat	761	1aa76ce9345bebd0114be0f8e79509679e6b1a6170480bf02fe917a42a259c3b	pack_a
archive/superseded/.pack_a_native_clean/pi_ufo_baseline_v1_runtimefix/build/A_PI_NATIVE_200/MG5_PROC/Cards/madanalysis5_hadron_card_default.dat	135	46f8749617b7606256363a757f5c69896a2b812ab2b1bb7be8c7ca8b64f6000c	pack_a
archive/superseded/.pack_a_native_clean/pi_ufo_baseline_v1_runtimefix/build/A_PI_NATIVE_200/MG5_PROC/Cards/madanalysis5_parton_card_default.dat	135	46f8749617b7606256363a757f5c69896a2b812ab2b1bb7be8c7ca8b64f6000c	pack_a
archive/superseded/.pack_a_native_clean/pi_ufo_baseline_v1_runtimefix/build/A_PI_NATIVE_200/MG5_PROC/Cards/madspin_card_default.dat	1377	b49e3d4d382a4b66bae665d9b5af308de1d426e2aacdd45f0237c8be7a4f3524	pack_a
archive/superseded/.pack_a_native_clean/pi_ufo_baseline_v1_runtimefix/build/A_PI_NATIVE_200/MG5_PROC/Cards/me5_configuration.txt	8889	046f73495203a9d9aa070aee10b844bd5e426b997618ef92cf6be5c4c94c7dbf	pack_a
archive/superseded/.pack_a_native_clean/pi_ufo_baseline_v1_runtimefix/build/A_PI_NATIVE_200/MG5_PROC/Cards/param_card.dat	2374	fa6725a698ac16123291936fe7fc4d3f386bec7219153ead94da5a8001163ce6	pack_a
archive/superseded/.pack_a_native_clean/pi_ufo_baseline_v1_runtimefix/build/A_PI_NATIVE_200/MG5_PROC/Cards/param_card_default.dat	4142	8c97ba08846b27b1fb0a139161259653d507aed22b172635f5ea7ee4fa4baf83	pack_a
archive/superseded/.pack_a_native_clean/pi_ufo_baseline_v1_runtimefix/build/A_PI_NATIVE_200/MG5_PROC/Cards/pgs_card_ATLAS.dat	1244	4abbda9b8fc97521a6b510d200c3657695caea73054516ccac16fccd89f63f43	pack_a
archive/superseded/.pack_a_native_clean/pi_ufo_baseline_v1_runtimefix/build/A_PI_NATIVE_200/MG5_PROC/Cards/pgs_card_CMS.dat	1244	2fa767eeb3d1a767e9b4da6f8f35099b6546943f9c3993291c9ab122554d43ca	pack_a
archive/superseded/.pack_a_native_clean/pi_ufo_baseline_v1_runtimefix/build/A_PI_NATIVE_200/MG5_PROC/Cards/pgs_card_LHC.dat	1244	1e166308920fbb153706ec4338c81c2ae52753f8e3b8ae19bea32cc8618f85d4	pack_a
archive/superseded/.pack_a_native_clean/pi_ufo_baseline_v1_runtimefix/build/A_PI_NATIVE_200/MG5_PROC/Cards/pgs_card_TEV.dat	1212	523df464434f492b0b915d7d5f22aee198a515696228bf859daba920fb6e2ed1	pack_a
archive/superseded/.pack_a_native_clean/pi_ufo_baseline_v1_runtimefix/build/A_PI_NATIVE_200/MG5_PROC/Cards/pgs_card_default.dat	1244	1e166308920fbb153706ec4338c81c2ae52753f8e3b8ae19bea32cc8618f85d4	pack_a
archive/superseded/.pack_a_native_clean/pi_ufo_baseline_v1_runtimefix/build/A_PI_NATIVE_200/MG5_PROC/Cards/plot_card_default.dat	10430	e0991ee24eb7cab4ca668da332ed637806e6473b32a929b2bd4f86bafab1d4b0	pack_a
archive/superseded/.pack_a_native_clean/pi_ufo_baseline_v1_runtimefix/build/A_PI_NATIVE_200/MG5_PROC/Cards/proc_card_mg5.dat	2407	48966785ce76a71dd272db06425fca7ad05faa23c65a1a848375bf97270f7e2f	pack_a
archive/superseded/.pack_a_native_clean/pi_ufo_baseline_v1_runtimefix/build/A_PI_NATIVE_200/MG5_PROC/Cards/pythia8_card_default.dat	4434	eae9ab88aed291ccfa93aad879abb00c479fe5e852b50a14f48ee2c4ee25a255	pack_a
archive/superseded/.pack_a_native_clean/pi_ufo_baseline_v1_runtimefix/build/A_PI_NATIVE_200/MG5_PROC/Cards/pythia_card_default.dat	350	392b11bcb52bfabab408edd2ee691e138f9e4f2d5d5c514287a25f4f29d7215b	pack_a
archive/superseded/.pack_a_native_clean/pi_ufo_baseline_v1_runtimefix/build/A_PI_NATIVE_200/MG5_PROC/Cards/replace_card1.dat	149	92d5563c5b5f8d68bc0dc3ee8c350eaee7d43d43aca4d9f6c94d3abc0e69a73a	pack_a
archive/superseded/.pack_a_native_clean/pi_ufo_baseline_v1_runtimefix/build/A_PI_NATIVE_200/MG5_PROC/Cards/reweight_card_default.dat	3611	281463939a80f0069f80df4108294b7678eeaeba6f2004443e54b9819a8b5cc2	pack_a
archive/superseded/.pack_a_native_clean/pi_ufo_baseline_v1_runtimefix/build/A_PI_NATIVE_200/MG5_PROC/Cards/rivet_card_default.dat	3044	e1aa7c84051518a747156689b388d0d2428808c629b15b2770f50550d5a1b357	pack_a
archive/superseded/.pack_a_native_clean/pi_ufo_baseline_v1_runtimefix/build/A_PI_NATIVE_200/MG5_PROC/Cards/run_card.dat	8995	eaf89de16945797f354b820f3a2dd5b875f2d79142efd73a0ebad861af1d7a87	pack_a
archive/superseded/.pack_a_native_clean/pi_ufo_baseline_v1_runtimefix/build/A_PI_NATIVE_200/MG5_PROC/Cards/run_card_default.dat	9127	00cd76255b00442ba62ac6704680b77f69cff6d630c1e81d4a806f2b69177611	pack_a
archive/superseded/.pack_a_native_clean/pi_ufo_baseline_v1_runtimefix/build/point_000001/decay.slha	634	b28ab25311a3e1796c0018c33c14d8709ec31456ef45df9940d1b5bdf1086741	pack_a
archive/superseded/.pack_a_native_clean/pi_ufo_baseline_v1_runtimefix/build/point_000001/param_card.dat	1643	b5e68dde0222854f72892cc79c0c90becca83a13502fec9bc29c69150a4f4bbf	pack_a
archive/superseded/.pack_a_native_clean/pi_ufo_baseline_v1_runtimefix/build/point_000001/point.json	1503	a598573864361f674283cabb0ca478c3965ec362bca355a53c46f5cbdd164e90	pack_a
archive/superseded/.pack_a_native_clean/pi_ufo_baseline_v1_runtimefix/build/point_000001/proc_card.dat	159	a1232e3019d1348a8a6c0fd5fbb38aa05745547bfc9f6f88e53b9bef7a4e556e	pack_a
archive/superseded/.pack_a_native_clean/pi_ufo_baseline_v1_runtimefix/build/point_000001/provenance.json	1905	e06f571851fa0b1b83c8e94bfc98f6a3399ecff21c1e7d0ceac995742d67fa05	pack_a
archive/superseded/.pack_a_native_clean/pi_ufo_baseline_v1_runtimefix/build/point_000001/pythia8.cmnd	385	92e5f0cbf76a3e2009e41b8c8beb85fc3a6c97fb1fa2aaa6c6376460cc925129	pack_a
archive/superseded/.pack_a_native_clean/pi_ufo_baseline_v1_runtimefix/build/point_000001/run_card.dat	384	0f0ea8bd8bda68e30ef4da98d145b6563045b64a13830104806fed244ed2ec1e	pack_a
archive/superseded/.pack_a_native_clean/pi_ufo_baseline_v1_runtimefix/scripts/build_point.py	2726	f9bf8fc7cd141f4d815a40a9b71c63945cba0d26670c797e812a52dd1c595591	pack_a
archive/superseded/.pack_a_native_clean/pi_ufo_baseline_v1_runtimefix/scripts/check_coupling_scaling.py	2366	e25a8cfdf85c7c4f6ee0cdcecd50b4bc2e2bf38e4d827fa4a8e847622818a2bb	pack_a
archive/superseded/.pack_a_native_clean/pi_ufo_baseline_v1_runtimefix/scripts/extract_mg5_cross_section.py	2650	d69fe9bcef06229ffb501b36950c3e4f7586ed69eb8eb52a6d36f6f4d4baf67d	pack_a
archive/superseded/.pack_a_native_clean/pi_ufo_baseline_v1_runtimefix/scripts/inspect_lhe.py	2964	73defccdf56547b2242cb517ea22d6e0e5ee2760f1cc12ecfd14984b50989027	pack_a
archive/superseded/.pack_a_native_clean/pi_ufo_baseline_v1_runtimefix/scripts/make_decay_slha.py	373	7591ee1973ce5ad265d80fe89255c224aadd911339faae7b10f6a37f75427120	pack_a
archive/superseded/.pack_a_native_clean/pi_ufo_baseline_v1_runtimefix/scripts/make_param_card.py	594	b4b986692637a92539a2ee83480a4c12384d8a40ce2b9c8f7e79a3ec54518f12	pack_a
archive/superseded/.pack_a_native_clean/pi_ufo_baseline_v1_runtimefix/scripts/materialize_internal_masses.py	10339	c82e014dbdaa4ad526bceff6e74f2a900d05f514ba62b31c2d83358a281e92a5	pack_a
archive/superseded/.pack_a_native_clean/pi_ufo_baseline_v1_runtimefix/scripts/model_utils.py	13969	caf3a366988f220bd08805f27e33d8eef92aac36e1f832f6b27f85f2eeed0f9a	pack_a
archive/superseded/.pack_a_native_clean/pi_ufo_baseline_v1_runtimefix/scripts/pack_constants.py	305	d313f0444e1adf5c2f92a81d97aa92efc3ccee50063ddd8669ceb785ce7b2366	pack_a
archive/superseded/.pack_a_native_clean/pi_ufo_baseline_v1_runtimefix/scripts/patch_mg5_run_card.py	2485	80fafee866999908411847cb43ee9e8aceba89ee01a5ba91d19b81b1d191a3f7	pack_a
archive/superseded/.pack_a_native_clean/pi_ufo_baseline_v1_runtimefix/scripts/run_mg5_smoke.sh	2234	3faa73006bfef9fffd625da23ee869bc55f776d9dcbf4998ddd5e82132db3060	pack_a
archive/superseded/.pack_a_native_clean/pi_ufo_baseline_v1_runtimefix/scripts/run_pythia_smoke.sh	940	f90529ab57434adfc4d1d1a27e74ccf951a44933294b144242150eeb397dc81d	pack_a
archive/superseded/.pack_a_native_clean/pi_ufo_baseline_v1_runtimefix/scripts/run_recast_smoke.sh	822	4dfafdbc9f40dd70f66a09613f5a2b885f844d30520ed1787774ad3112455d08	pack_a
archive/superseded/.pack_a_native_clean/pi_ufo_baseline_v1_runtimefix/scripts/run_static_tests.py	2885	dd62bced24d1bc951f1d90a8432767948be20affec6ae8e7b81586d2e59339e2	pack_a
archive/superseded/.pack_a_native_clean/pi_ufo_baseline_v1_runtimefix/scripts/run_validation_pack_a_native.sh	1370	6d58e1a4eb0acdcd853246afbfca73a39d4b7123c1c30b3b105f3e6db6623f5f	pack_a
archive/superseded/.pack_a_native_clean/pi_ufo_baseline_v1_runtimefix/scripts/validate_point.py	581	a2098fa13e478414620127d90450e7126dbf52d8ad78347a7c01814955c02fde	pack_a
archive/superseded/.pack_a_native_clean/pi_ufo_baseline_v1_runtimefix/expected/smoke_contract.json	365	db1fb31cea7019a7399c4074d0e674a00653c40fba5618c1f5a9aad5c5d8ad3f	pack_a
archive/superseded/.pack_a_native_clean/pi_ufo_baseline_v1_runtimefix/vendor/LLscalar_v3_UFO_original/23-06-21_LLscalar_v2_UFO.log	2143	8b449afef3dc2227055e9d6e06ff2e9da9c38c01e39d4c3df820dd0742261374	pack_a
archive/superseded/.pack_a_native_clean/pi_ufo_baseline_v1_runtimefix/vendor/LLscalar_v3_UFO_original/CT_couplings.py	298	58e07e6b6dea344858f32bccd1948a10768d38a217b88448aa4dc976c0a77b58	pack_a
archive/superseded/.pack_a_native_clean/pi_ufo_baseline_v1_runtimefix/vendor/LLscalar_v3_UFO_original/__init__.py	955	e2198b46e727a0aa09378d715bd33364095057dd910f3b8cf7d7dd6ec1bc71d7	pack_a
archive/superseded/.pack_a_native_clean/pi_ufo_baseline_v1_runtimefix/vendor/LLscalar_v3_UFO_original/__init__.pyc	1170	8f856fab86e53bebb1466e0ab415e5f827cc6e0ea0459a05851b7b530c86e0ec	pack_a
archive/superseded/.pack_a_native_clean/pi_ufo_baseline_v1_runtimefix/vendor/LLscalar_v3_UFO_original/coupling_orders.py	665	80d652d3441c1fed3242dc7a4141a12f5a7ccc2f2cc6764dd5d22bb39083d132	pack_a
archive/superseded/.pack_a_native_clean/pi_ufo_baseline_v1_runtimefix/vendor/LLscalar_v3_UFO_original/coupling_orders.pyc	565	df291be90bb15f877d68f8a1dfd93fab61fce9014ba9b30c49fa7f00a19446cd	pack_a
archive/superseded/.pack_a_native_clean/pi_ufo_baseline_v1_runtimefix/vendor/LLscalar_v3_UFO_original/couplings.py	18621	199021f332fa57314f1a9dbd487a08c8310f9d5b4ce408eaa6c5ea99a649c3f4	pack_a
archive/superseded/.pack_a_native_clean/pi_ufo_baseline_v1_runtimefix/vendor/LLscalar_v3_UFO_original/couplings.pyc	13022	418b3a715649d3cd5870a9e7ada48e6fdfdb7f2a7be937339b3d06dd9b802c5d	pack_a
archive/superseded/.pack_a_native_clean/pi_ufo_baseline_v1_runtimefix/vendor/LLscalar_v3_UFO_original/decays.py	23449	ebb92183abff92cdaf55aeb80399effe2cc0256f1423ce807a390cd420564e23	pack_a
archive/superseded/.pack_a_native_clean/pi_ufo_baseline_v1_runtimefix/vendor/LLscalar_v3_UFO_original/decays.pyc	21326	b8f3235c7479a905f568bf810843e4fd6fbfc066aa1b16ee786b9a7856c704a5	pack_a
archive/superseded/.pack_a_native_clean/pi_ufo_baseline_v1_runtimefix/vendor/LLscalar_v3_UFO_original/form_factors.py	598	9fdae69a684ddd1eb5963a1695e0f5449045755826aa62a8829569848b32f478	pack_a
archive/superseded/.pack_a_native_clean/pi_ufo_baseline_v1_runtimefix/vendor/LLscalar_v3_UFO_original/form_factors.pyc	978	e768f2265c4e24748bd3f03b55eb965fcd2167d81eed2e2391e65dcee0aa02f0	pack_a
archive/superseded/.pack_a_native_clean/pi_ufo_baseline_v1_runtimefix/vendor/LLscalar_v3_UFO_original/function_library.py	3502	af85d1d7e83bc0f7a016258b6cc3e179c4d9fd6778ce553ebf7ff4b8be5b968f	pack_a
archive/superseded/.pack_a_native_clean/pi_ufo_baseline_v1_runtimefix/vendor/LLscalar_v3_UFO_original/function_library.pyc	2739	87495ebb51be2f3cf64ed50afaeab4efa7ddfe10696195f72ae6eb05481aa330	pack_a
archive/superseded/.pack_a_native_clean/pi_ufo_baseline_v1_runtimefix/vendor/LLscalar_v3_UFO_original/function_library.py~	1949	596e28fed5966088b6ee1d193e4dfbfd0f59a5837b283bc0dbaacb18bab1510c	pack_a
archive/superseded/.pack_a_native_clean/pi_ufo_baseline_v1_runtimefix/vendor/LLscalar_v3_UFO_original/lorentz.py	4392	4b818a0fd7a9f1ded91a957251380f4116a30454f8e1fc72e1c7ccacdab6bf8f	pack_a
archive/superseded/.pack_a_native_clean/pi_ufo_baseline_v1_runtimefix/vendor/LLscalar_v3_UFO_original/lorentz.pyc	3009	93a4efa791a0ea7b8a4c25c96cc696e54a6b6044a81198bab964edc10a3ae8fa	pack_a
archive/superseded/.pack_a_native_clean/pi_ufo_baseline_v1_runtimefix/vendor/LLscalar_v3_UFO_original/model.pkl	53394	3e5d932583c67a19ac70bc3baa5e805b20a68eda500bc6458a5ab0ba1a3a00df	pack_a
archive/superseded/.pack_a_native_clean/pi_ufo_baseline_v1_runtimefix/vendor/LLscalar_v3_UFO_original/object_library.py	10877	4bef9ba0a44b89048f5ed02f0c97f5937e1a2ce8a949574bdaa6f67ae80f9e11	pack_a
archive/superseded/.pack_a_native_clean/pi_ufo_baseline_v1_runtimefix/vendor/LLscalar_v3_UFO_original/object_library.pyc	16968	db074a0d5eda07359f4515bcb4396c5babecf2468c15aa7f4fdc5d7ea4e1ab3f	pack_a
archive/superseded/.pack_a_native_clean/pi_ufo_baseline_v1_runtimefix/vendor/LLscalar_v3_UFO_original/param_card.dat	853	1219ff7dce5744492cca90aa0c58d648e427282977501bf4a2ef1d6093f99e6e	pack_a
archive/superseded/.pack_a_native_clean/pi_ufo_baseline_v1_runtimefix/vendor/LLscalar_v3_UFO_original/parameters.py	23054	7f84d779ff83dd52bbfecbbfe31df147e2df79faab0bcda716d5908d63b3d45b	pack_a
archive/superseded/.pack_a_native_clean/pi_ufo_baseline_v1_runtimefix/vendor/LLscalar_v3_UFO_original/parameters.pyc	11678	5e77c9df6a3660cafeccb135ea03479de7082b8a064a433ae4930d9a0207efc7	pack_a
archive/superseded/.pack_a_native_clean/pi_ufo_baseline_v1_runtimefix/vendor/LLscalar_v3_UFO_original/parameters.py~	23052	01152962e08c059ba4124d253e185a1790e844f0f1f997d04bd867a1cf0c7593	pack_a
archive/superseded/.pack_a_native_clean/pi_ufo_baseline_v1_runtimefix/vendor/LLscalar_v3_UFO_original/particles.py	11211	01c61a7a352a5bebb747fff0c9ac3e228fa7575dfc381a339ecb285332b223c6	pack_a
archive/superseded/.pack_a_native_clean/pi_ufo_baseline_v1_runtimefix/vendor/LLscalar_v3_UFO_original/particles.pyc	5166	26c50296125f237feb4de1eeda8f65acf3d5728f061e63cc367dcc31238fec1c	pack_a
archive/superseded/.pack_a_native_clean/pi_ufo_baseline_v1_runtimefix/vendor/LLscalar_v3_UFO_original/propagators.py	1351	1a4495d00654b6de8044d7a993b798cb12ca7265199f8e25ce42abdfbc98384a	pack_a
archive/superseded/.pack_a_native_clean/pi_ufo_baseline_v1_runtimefix/vendor/LLscalar_v3_UFO_original/propagators.pyc	896	58ee2fcbf64c811d11b969d9af58b0ca55b24c2a961a2fd2bf77990035fa68e7	pack_a
archive/superseded/.pack_a_native_clean/pi_ufo_baseline_v1_runtimefix/vendor/LLscalar_v3_UFO_original/py3_model.pkl	56893	353b9c51a80539a71ee91f859d3119a5196263d51496a390ea1313df39180d77	pack_a
archive/superseded/.pack_a_native_clean/pi_ufo_baseline_v1_runtimefix/vendor/LLscalar_v3_UFO_original/vertices.py	36546	60bb131379499fd85ac21da8e15f960cffcf2d33afc54217481730e82648f6ba	pack_a
archive/superseded/.pack_a_native_clean/pi_ufo_baseline_v1_runtimefix/vendor/LLscalar_v3_UFO_original/vertices.pyc	23821	4b833b9ab50468a97954c2039703aec7fa905299d5e071c234fa64417c0b886d	pack_a
archive/superseded/.pack_a_native_clean/pi_ufo_baseline_v1_runtimefix/vendor/LLscalar_v3_UFO_original/write_param_card.py	6854	b1fefa31387db6d35631469c59ffbf87539093c34989f123dc63a98b46742462	pack_a
archive/superseded/.pack_a_native_clean/pi_ufo_baseline_v1_runtimefix/tests/test_invalid_points.py	1107	14f4013f789860815db3aa0df9465f63d439c21e924e6793252e72173926e3f9	pack_a
archive/superseded/.pack_a_native_clean/pi_ufo_baseline_v1_runtimefix/tests/test_materialize_internal_masses.py	2433	ae37a0620247d1986983249d87336699c6db0025efa2ddfce35c7c776a1d0cfb	pack_a
archive/superseded/.pack_a_native_clean/pi_ufo_baseline_v1_runtimefix/tests/test_model_contract.py	2432	1b69812e914ccb6ee91f5e08764895a2b810342b9e09b1218803a00f87c68090	pack_a
archive/superseded/.pack_a_native_clean/pi_ufo_baseline_v1_runtimefix/tests/test_patch_mg5_run_card.py	2372	3ed62ff673860b3547c6288a8bfce486e25bee155ae71daf32f070b3aa482547	pack_a
archive/superseded/.pack_a_native_clean/pi_ufo_baseline_v1_runtimefix/tests/fixtures/param_card_missing_pdg24.dat	1643	b5e68dde0222854f72892cc79c0c90becca83a13502fec9bc29c69150a4f4bbf	pack_a
archive/superseded/.pack_a_native_clean/pi_ufo_baseline_v1_runtimefix/tests/fixtures/run_card_mg5_generated.dat	8995	eaf89de16945797f354b820f3a2dd5b875f2d79142efd73a0ebad861af1d7a87	pack_a
archive/superseded/.pack_a_native_clean/pi_ufo_baseline_v1_runtimefix/tests/fixtures/mini_model/function_library.py	3502	af85d1d7e83bc0f7a016258b6cc3e179c4d9fd6778ce553ebf7ff4b8be5b968f	pack_a
archive/superseded/.pack_a_native_clean/pi_ufo_baseline_v1_runtimefix/tests/fixtures/mini_model/object_library.py	10877	4bef9ba0a44b89048f5ed02f0c97f5937e1a2ce8a949574bdaa6f67ae80f9e11	pack_a
archive/superseded/.pack_a_native_clean/pi_ufo_baseline_v1_runtimefix/tests/fixtures/mini_model/parameters.py	1469	af9c63eda5e33188dcf551ed1a91696f46614d949e4327f76f2a9c7725ec0716	pack_a
archive/superseded/.pack_a_native_clean/pi_ufo_baseline_v1_runtimefix/tests/fixtures/mini_model/particles.py	505	670f476169e9031cb52bbcf99b3022b045dcdb4db2531d7db0df1e76831b5f5b	pack_a
archive/superseded/.pack_a_native_clean/pi_ufo_baseline_v1_runtimefix/cards/README.md	294	4540a601faeb6f1744f8486d7de849b0117627e7c6641efa0e42b14aff27f50c	pack_a
archive/superseded/.pack_a_native_clean/pi_ufo_baseline_v1_runtimefix/cards/proc_card_zerojet.dat	124	d86cf89a9863c08ba5d1232f3f810271b0a4306d1308dbb059f7254d469a105e	pack_a
archive/superseded/.pack_a_native_clean/pi_ufo_baseline_v1_runtimefix/cards/pythia8.template.cmnd	209	41d264542323dff06edbcd30fd90ecfb4eeba2417544050cdc29e9a41f9de477	pack_a
archive/superseded/.pack_a_native_clean/pi_ufo_baseline_v1_runtimefix/cards/run_card_smoke.dat	160	85abb3e99fc9503e59ecb6bff21a1aa804e248ff64f230afff8f20d8b5d156c3	pack_a
archive/superseded/.pack_a_native_clean/pi_ufo_baseline_v1_runtimefix/patches/python3_param_card_compat.patch	10463	91b2955b7f8c537fe50c2bd8577d1d4583327b9645be81bf44a53cadaeece49f	pack_a
archive/superseded/.pack_a_native_clean/pi_ufo_baseline_v1_runtimefix/schemas/point.schema.json	1870	bad44da8ab39fc1327dc224ea3692fcaeaefb7848418c2dbc9e50ce932a06fbf	pack_a
archive/invalid_freeze_attempts/PACK_A_FREEZE_VALIDATION.md	6883	d30debb616c495984cada2faec8e2266f770f30c0c0c528d510eb86e5811e37d	shared
archive/invalid_freeze_attempts/PACK_A_FROZEN_CHECKSUMS.sha256	281	70b94fd2b5900b3db8e8ee449f87bcd4e1d5046ec7e44a2953184e82dc1857f7	shared
archive/invalid_freeze_attempts/PACK_A_FROZEN_MANIFEST.json	3877	fd47f134bf8ce8b6daf4596e53d07dc0b71e7bfb639fe0ac44bd6971ec65fe6e	shared
archive/invalid_freeze_attempts/PATCH_PACK_A_FREEZE.diff	7527	774c0f019461c3617708260cf3d3668b1514e03996aef1d063e9ab7bfc1530db	shared
archive/invalid_freeze_attempts/pi_ufo_baseline_v1_frozen.zip	254375	9cd3dfc7322cf045d815352563edcc143e46f6f873853880690342138314f96e	shared
archive/unclassified/.code-review-graph/.gitignore	142	0372cef6feb8cafaacc589b124a0afaf613ecd97de03c58e8c6cc949254bf464	shared
archive/unclassified/.code-review-graph/graph.db	139264	2e6644a73dbd262708a8768ef0589b09202d6ff17bc39a13cea5c3b83e216155	shared
releases/pack_aa/event_samples/20260722T092243Z_1/PACK_AA_EVENT_BUNDLE_20260722T092243Z_1.zip	3909926	b64f0b249f0c80ad9673e4c874eddec9718c8dd9f9a9daf0ba5bada70c632fa6	pack_a
releases/pack_aa/event_samples/20260722T092243Z_1/PACK_AA_EVENT_BUNDLE_CHECKSUMS.sha256	13435	a7e5cb0b047dbe4c88cc05f3e85a41908d7f538146cb60ab1b56a27fc6bc2e90	pack_a
releases/pack_aa/event_samples/20260722T092243Z_1/PACK_AA_EVENT_BUNDLE_MANIFEST.json	22540	ec30930bcf58c16735f9d8ebab1f7b2446b70376ae0ddaa8d4ff99bb6b045f1d	pack_a
releases/pack_aa/event_samples/20260722T092243Z_1/PACK_AA_EVENT_BUNDLE_RESEARCHER_BRIEF.md	891	67d99ff92cfbbd2051a1b2235d0df2f9fd5fedc8b136be4d34f72bbbf0a17498	pack_a
releases/pack_aa/event_samples/20260722T092243Z_1/PACK_AA_EVENT_BUNDLE_VALIDATION.json	22970	3f7056cbb6674d0777dadf8dbe0475c122cec30e10e06ec3c499952d1af6c168	pack_a
releases/pack_aa/event_samples/20260722T092243Z_1/PACK_AA_EVENT_BUNDLE_VALIDATION.md	744	caac9b9d2cfa4b68f2c21ffd04f6bad8be74209771178cc3bbfec122202cda68	pack_a
releases/pack_aa/event_samples/20260722T092243Z_1/PACK_AA_EVENT_SAMPLE_CATALOG.csv	2369	e385726eaa6da52f51b11f60997c4c5df599c25ece4d4c4685ff0c3529866a22	pack_a
releases/pack_aa/event_samples/20260722T092243Z_1/PACK_AA_EVENT_SAMPLE_CATALOG.md	1128	8ad626a8bbfeb5716715eea10b8fbe2220442b67e71fd600698d2c4257944802	pack_a
releases/pack_aa/event_samples/20260722T092243Z_1/events_inspected/bb_event_0001.txt	1290	52320f94dd232de34f0ee31d60eba95065950aa66a631cef2efe14fe907f8c86	pack_a
releases/pack_aa/event_samples/20260722T092243Z_1/events_inspected/gamma_gamma_event_0001.txt	1295	4eca9a641febec4cebaaed71f2fd817949e394e6cf8a39df4f205a4fcde90310	pack_a
releases/pack_aa/event_samples/20260722T092243Z_1/events_inspected/long_lived_event_0001.txt	1285	a7a8c9622a5008df284ff11f40e8dd0b62f776e60cb970e4cea935eaa4831498	pack_a
releases/pack_aa/event_samples/20260722T092243Z_1/events_inspected/mixed_event_0001.txt	1286	1eef72a79ad976872af9cb4948d8cffd427f82a2db8ffa3a7920dc26c41bcdd3	pack_a
releases/pack_aa/event_samples/20260722T092243Z_1/samples/9db01cdd5f1bc783/aa0_provenance_check.json	827	e2a423462cd64b9fc68f1e0be8569b4ade898e507c40d3b67dfff2c6fde3d6a7	pack_a
releases/pack_aa/event_samples/20260722T092243Z_1/samples/9db01cdd5f1bc783/aa1_config_validation_report.json	16843	520a3805133315b6d5c4171c7e56e5ac1864fdc01e8619f67b100daa7e9a4276	pack_a
releases/pack_aa/event_samples/20260722T092243Z_1/samples/9db01cdd5f1bc783/aa4_lifetime_closure.json	291	bb7d55f599eff1940f44cf3c0b3f887c64368906d4c4c494cb327d3d36692f7e	pack_a
releases/pack_aa/event_samples/20260722T092243Z_1/samples/9db01cdd5f1bc783/aa5_branching_fraction_table.json	432	c5c296d7014987a225c86a7a8edf677d03586dd626703207c0c74cdfc2da4485	pack_a
releases/pack_aa/event_samples/20260722T092243Z_1/samples/9db01cdd5f1bc783/aa6_production_preservation_report.json	233	1908046b7eeaa6260507e59979109c4fe073d62069cadaf07bbb99ee457c6d95	pack_a
releases/pack_aa/event_samples/20260722T092243Z_1/samples/9db01cdd5f1bc783/config.yaml	1102	87b69eae1bae378bd3adfc96237c5ee4ab04fc365d5e632888be60477f10e306	pack_a
releases/pack_aa/event_samples/20260722T092243Z_1/samples/9db01cdd5f1bc783/driver.log	6869	0f2baa662cf3fe38b76d32adedc6ad4b7e84ebab8c576164f7cad319ff653845	pack_a
releases/pack_aa/event_samples/20260722T092243Z_1/samples/9db01cdd5f1bc783/driver_command.txt	400	652694713fdc610ecade1f14689971f5d248a7bd787d9dcd3c0f5f7ae01efa2b	pack_a
releases/pack_aa/event_samples/20260722T092243Z_1/samples/9db01cdd5f1bc783/events.truth.driver.meta.json	442	3a203a4a6d30a765b4945c3064c6cf5a745f44edf6c7572320837c3ad0fe8fcf	pack_a
releases/pack_aa/event_samples/20260722T092243Z_1/samples/9db01cdd5f1bc783/events.truth.jsonl	3269659	83a594599a8fdbdc2eeb677ef5ef4928f7af2b99d688e013e6f37f2af6cf7297	pack_a
releases/pack_aa/event_samples/20260722T092243Z_1/samples/9db01cdd5f1bc783/input_hashes.json	762	20a567b98ce26b0a2eabfde6926a8a0efcecf89a44776064a126b2f7440ee8f0	pack_a
releases/pack_aa/event_samples/20260722T092243Z_1/samples/9db01cdd5f1bc783/run_summary.json	3540	d85b8639315b7544cfb7bdffd96bb8ffdc659809b9256d45eb90729efadf55b0	pack_a
releases/pack_aa/event_samples/20260722T092243Z_1/samples/660021fb118f5f92/aa0_provenance_check.json	827	e2a423462cd64b9fc68f1e0be8569b4ade898e507c40d3b67dfff2c6fde3d6a7	pack_a
releases/pack_aa/event_samples/20260722T092243Z_1/samples/660021fb118f5f92/aa1_config_validation_report.json	16843	eefcb9de5d1d3e99d3dcbee5fc5ba6e3bc6fff63397a6f9ccd32b57781581ffe	pack_a
releases/pack_aa/event_samples/20260722T092243Z_1/samples/660021fb118f5f92/aa4_lifetime_closure.json	289	77301496e2230355a7bba5dfc2566c2bd88199a0025b98fe8618eb9afe2d9737	pack_a
releases/pack_aa/event_samples/20260722T092243Z_1/samples/660021fb118f5f92/aa5_branching_fraction_table.json	432	c5c296d7014987a225c86a7a8edf677d03586dd626703207c0c74cdfc2da4485	pack_a
releases/pack_aa/event_samples/20260722T092243Z_1/samples/660021fb118f5f92/aa6_production_preservation_report.json	233	1908046b7eeaa6260507e59979109c4fe073d62069cadaf07bbb99ee457c6d95	pack_a
releases/pack_aa/event_samples/20260722T092243Z_1/samples/660021fb118f5f92/config.yaml	1094	9e6458821ec4b9f8ac5e975879e3e2c0f34923195cec4db91e8187ffd488846a	pack_a
releases/pack_aa/event_samples/20260722T092243Z_1/samples/660021fb118f5f92/driver.log	6869	24af21c5f6a3ada9b80a1aebe4dd253cc3ed1597890ff615f8b60565c47ac9c3	pack_a
releases/pack_aa/event_samples/20260722T092243Z_1/samples/660021fb118f5f92/driver_command.txt	396	789df9bcb52d557f0e42dd53ae1e5c57a488e55e9b3a9d9efca52a21805daa49	pack_a
releases/pack_aa/event_samples/20260722T092243Z_1/samples/660021fb118f5f92/events.truth.driver.meta.json	438	c991c10517ebe57a67f7cc42857cdf6653ecb88e9cafb4183ab1ea665129749b	pack_a
releases/pack_aa/event_samples/20260722T092243Z_1/samples/660021fb118f5f92/events.truth.jsonl	3309103	315f8419bf774e82d934cb9d9a608eb11fec078f4e2258414bda2e19c5724822	pack_a
releases/pack_aa/event_samples/20260722T092243Z_1/samples/660021fb118f5f92/input_hashes.json	758	c2c9133d2ca34cf7098d817b9454ade89108690155c7107d2727aa7e22421d9c	pack_a
releases/pack_aa/event_samples/20260722T092243Z_1/samples/660021fb118f5f92/run_summary.json	3534	e08ff31090c3f85645a7c1558611563543a50f147a27db61996e9489e8f45139	pack_a
releases/pack_aa/event_samples/20260722T092243Z_1/samples/fcd9ff83da939385/aa0_provenance_check.json	827	e2a423462cd64b9fc68f1e0be8569b4ade898e507c40d3b67dfff2c6fde3d6a7	pack_a
releases/pack_aa/event_samples/20260722T092243Z_1/samples/fcd9ff83da939385/aa1_config_validation_report.json	16843	d9838ba437a7c294f4d7ef2b5f4cdef49072208307d90adc0aafca421ddc4257	pack_a
releases/pack_aa/event_samples/20260722T092243Z_1/samples/fcd9ff83da939385/aa4_lifetime_closure.json	290	956196464f28129d6118815f82eeca7fbc5f494e009a9cf14653ef0becf56693	pack_a
releases/pack_aa/event_samples/20260722T092243Z_1/samples/fcd9ff83da939385/aa5_branching_fraction_table.json	432	c5c296d7014987a225c86a7a8edf677d03586dd626703207c0c74cdfc2da4485	pack_a
releases/pack_aa/event_samples/20260722T092243Z_1/samples/fcd9ff83da939385/aa6_production_preservation_report.json	233	1908046b7eeaa6260507e59979109c4fe073d62069cadaf07bbb99ee457c6d95	pack_a
releases/pack_aa/event_samples/20260722T092243Z_1/samples/fcd9ff83da939385/config.yaml	1100	99bda0c22f5d96e54c57b40b0f0e392871d85c5740c64da269fd493aa6709219	pack_a
releases/pack_aa/event_samples/20260722T092243Z_1/samples/fcd9ff83da939385/driver.log	6869	ceddd95c52fdd1c6aae91f435fb984ef03383c2e999afefda3ef95d345d74e15	pack_a
releases/pack_aa/event_samples/20260722T092243Z_1/samples/fcd9ff83da939385/driver_command.txt	399	b77ee34a6a11411a37287614d194555ede04559eea8a7836b3583d17834d92b7	pack_a
releases/pack_aa/event_samples/20260722T092243Z_1/samples/fcd9ff83da939385/events.truth.driver.meta.json	441	bd90899a97210401b212262fae40a8d5cf5b1d8624a1a46df02e2ff175553006	pack_a
releases/pack_aa/event_samples/20260722T092243Z_1/samples/fcd9ff83da939385/events.truth.jsonl	3269655	193921de22d253b859a0c179a4f35330de1fbf68e6a93d2e18b55eca89792f10	pack_a
releases/pack_aa/event_samples/20260722T092243Z_1/samples/fcd9ff83da939385/input_hashes.json	761	7a14cb5b2b03e4fa41efccf2b7f7bf6ed1171a98580178744b49eef94204da85	pack_a
releases/pack_aa/event_samples/20260722T092243Z_1/samples/fcd9ff83da939385/run_summary.json	3538	9ea68fba70e1624e9f55230a40b521dbde3b58d6f5e9a1dd084b7f653c59fcae	pack_a
releases/pack_aa/event_samples/20260722T092243Z_1/samples/79ba74fb49c2f8c4/aa0_provenance_check.json	827	e2a423462cd64b9fc68f1e0be8569b4ade898e507c40d3b67dfff2c6fde3d6a7	pack_a
releases/pack_aa/event_samples/20260722T092243Z_1/samples/79ba74fb49c2f8c4/aa1_config_validation_report.json	16843	30adc6904f274309f5b724272b0c91cf4aa529b4d8151b47004bd342ceeb7e3f	pack_a
releases/pack_aa/event_samples/20260722T092243Z_1/samples/79ba74fb49c2f8c4/aa4_lifetime_closure.json	292	dc180fce72f05bf0c9ce6ae8409f3373f2c3021ecf1ec8f96af4ce37d06d8857	pack_a
releases/pack_aa/event_samples/20260722T092243Z_1/samples/79ba74fb49c2f8c4/aa5_branching_fraction_table.json	847	97dcfda830b36f1389b70e5dd8b620ffeb1a6d9ac43c5a163ffa3c2d6e9f1686	pack_a
releases/pack_aa/event_samples/20260722T092243Z_1/samples/79ba74fb49c2f8c4/aa6_production_preservation_report.json	233	1908046b7eeaa6260507e59979109c4fe073d62069cadaf07bbb99ee457c6d95	pack_a
releases/pack_aa/event_samples/20260722T092243Z_1/samples/79ba74fb49c2f8c4/config.yaml	1159	4027f3775f864585e560557929337f0793ffac5f6fe354785a1ea15742b45f71	pack_a
releases/pack_aa/event_samples/20260722T092243Z_1/samples/79ba74fb49c2f8c4/driver.log	6775	296c809e56dde28d5ccd43fea233f6723146d31150b989ec08263a79f8742de0	pack_a
releases/pack_aa/event_samples/20260722T092243Z_1/samples/79ba74fb49c2f8c4/driver_command.txt	444	66bf2d8f48dfb5592f6b63ad21811d6670d61b1ef4e2427cf9c8fec1337ac85e	pack_a
releases/pack_aa/event_samples/20260722T092243Z_1/samples/79ba74fb49c2f8c4/events.truth.driver.meta.json	442	59a332c29500719ed6a26420a89b074e2117e74e07d9924f88decc29981cd3e6	pack_a
releases/pack_aa/event_samples/20260722T092243Z_1/samples/79ba74fb49c2f8c4/events.truth.jsonl	3274209	2e7f967a65a13a754d51066809894badb3601c99963d691703c8a29879c53984	pack_a
releases/pack_aa/event_samples/20260722T092243Z_1/samples/79ba74fb49c2f8c4/input_hashes.json	857	4c893d25bd604e773a0138c3e3a837230fae7ffa09ba8b7128f5da6de70c532b	pack_a
releases/pack_aa/event_samples/20260722T092243Z_1/samples/79ba74fb49c2f8c4/run_summary.json	4050	4cb8138fecffeeddd19bd777ff46c74853f9bcb5a46da480668c13c5b2f813ef	pack_a
releases/pack_aa/event_samples/20260722T092243Z_1/samples/c50900cc55623ce4/aa0_provenance_check.json	827	e2a423462cd64b9fc68f1e0be8569b4ade898e507c40d3b67dfff2c6fde3d6a7	pack_a
releases/pack_aa/event_samples/20260722T092243Z_1/samples/c50900cc55623ce4/aa1_config_validation_report.json	16843	7494ec2587fd721399f27abdcde346b917e6ed2a741324b0779520a7dc2ee941	pack_a
releases/pack_aa/event_samples/20260722T092243Z_1/samples/c50900cc55623ce4/aa4_lifetime_closure.json	290	ca228213a0ac1b5d9c3971313b9e00fdf428c1db399340795f1243118b1f661e	pack_a
releases/pack_aa/event_samples/20260722T092243Z_1/samples/c50900cc55623ce4/aa5_branching_fraction_table.json	847	97dcfda830b36f1389b70e5dd8b620ffeb1a6d9ac43c5a163ffa3c2d6e9f1686	pack_a
releases/pack_aa/event_samples/20260722T092243Z_1/samples/c50900cc55623ce4/aa6_production_preservation_report.json	233	1908046b7eeaa6260507e59979109c4fe073d62069cadaf07bbb99ee457c6d95	pack_a
releases/pack_aa/event_samples/20260722T092243Z_1/samples/c50900cc55623ce4/config.yaml	1151	5d3113d646bcbecc5c9cab9ebde5830f2761bd0fe58e9b28fdc5a1e2ef37a3fb	pack_a
releases/pack_aa/event_samples/20260722T092243Z_1/samples/c50900cc55623ce4/driver.log	6775	ed851917253fef782e5c6baec36da95cdfc338212ca93d128cc751763274017d	pack_a
releases/pack_aa/event_samples/20260722T092243Z_1/samples/c50900cc55623ce4/driver_command.txt	440	af6fbaf114e56559619d4593aa8c0392a0c57d4f6686bb37c390492830f54e71	pack_a
releases/pack_aa/event_samples/20260722T092243Z_1/samples/c50900cc55623ce4/events.truth.driver.meta.json	438	c7c5afa3327420c09d5cb62b26fb8a02fe86893839a72841bbbd08ffc3203c27	pack_a
releases/pack_aa/event_samples/20260722T092243Z_1/samples/c50900cc55623ce4/events.truth.jsonl	3313337	e42ff2d1b060523146c69370f2ed31f28c3f549dea289c4f22736f9d9cb54a84	pack_a
releases/pack_aa/event_samples/20260722T092243Z_1/samples/c50900cc55623ce4/input_hashes.json	853	627752e689e78e8f58e26412d0da64473e756b8ab103b0be342c82d17cc020be	pack_a
releases/pack_aa/event_samples/20260722T092243Z_1/samples/c50900cc55623ce4/run_summary.json	4044	f8926602270e48bf19ba7d0ed525c68ab3a23139eceab5819fca89a41005c108	pack_a
releases/pack_aa/event_samples/20260722T092243Z_1/samples/4ad3896b59cb0d92/aa0_provenance_check.json	827	e2a423462cd64b9fc68f1e0be8569b4ade898e507c40d3b67dfff2c6fde3d6a7	pack_a
releases/pack_aa/event_samples/20260722T092243Z_1/samples/4ad3896b59cb0d92/aa1_config_validation_report.json	16843	3342734f6e93c41c5709d80c7a7c60620bf2b7c9dab19557109717acf0f99f22	pack_a
releases/pack_aa/event_samples/20260722T092243Z_1/samples/4ad3896b59cb0d92/aa4_lifetime_closure.json	291	d9e8bde4c5bb2f024101f9058e7c1a0297c2a62e37dff192d37ee4466ec6d7d4	pack_a
releases/pack_aa/event_samples/20260722T092243Z_1/samples/4ad3896b59cb0d92/aa5_branching_fraction_table.json	433	f58ef085f9bd23f65a55156594275b3b66288128f29a36079fc7c2abc68b7b9b	pack_a
releases/pack_aa/event_samples/20260722T092243Z_1/samples/4ad3896b59cb0d92/aa6_production_preservation_report.json	233	1908046b7eeaa6260507e59979109c4fe073d62069cadaf07bbb99ee457c6d95	pack_a
releases/pack_aa/event_samples/20260722T092243Z_1/samples/4ad3896b59cb0d92/config.yaml	1110	9620e73985c3fdbda57ede98e465947bd4231372a42b7c4b2ff5c1c7ba554420	pack_a
releases/pack_aa/event_samples/20260722T092243Z_1/samples/4ad3896b59cb0d92/driver.log	6975	a3af5e35412eab3fd1a5e626f67f9e5ff905054984f88801afc55c20ecfdb1f8	pack_a
releases/pack_aa/event_samples/20260722T092243Z_1/samples/4ad3896b59cb0d92/driver_command.txt	400	877329f6732fd31112cb9b6e74d980e9c181e4a9a067126904f3c340adf8a05f	pack_a
releases/pack_aa/event_samples/20260722T092243Z_1/samples/4ad3896b59cb0d92/events.truth.driver.meta.json	441	044107e16ca51a9f399be09a7f3ac5b80069e08de310dde0b057f3da7e754410	pack_a
releases/pack_aa/event_samples/20260722T092243Z_1/samples/4ad3896b59cb0d92/events.truth.jsonl	3265474	38baf5f2e35f955d992c816521e2f98012d3f90f74a3150ca269e39e6c6d467d	pack_a
releases/pack_aa/event_samples/20260722T092243Z_1/samples/4ad3896b59cb0d92/input_hashes.json	762	b2fb4b6b331f8f3453d8189fbae82ac15c06a08881142a14fd39312033317cdd	pack_a
releases/pack_aa/event_samples/20260722T092243Z_1/samples/4ad3896b59cb0d92/run_summary.json	3542	bb89db58a92aed05b43f623bb29ec2b83f8884325c56001eb3bcb1c59abc3ef9	pack_a
releases/pack_aa/event_samples/20260722T092243Z_1/samples/743390d495cb995c/aa0_provenance_check.json	827	e2a423462cd64b9fc68f1e0be8569b4ade898e507c40d3b67dfff2c6fde3d6a7	pack_a
releases/pack_aa/event_samples/20260722T092243Z_1/samples/743390d495cb995c/aa1_config_validation_report.json	16843	24427eb6b6088df35cefe4af85cbc6b950cba5cf1d83efa52bae42bf953084f5	pack_a
releases/pack_aa/event_samples/20260722T092243Z_1/samples/743390d495cb995c/aa4_lifetime_closure.json	291	cb42a954af34c9a4da106d25a8704028b8232f6a0ef1978fbcced9c1268b20ae	pack_a
releases/pack_aa/event_samples/20260722T092243Z_1/samples/743390d495cb995c/aa5_branching_fraction_table.json	847	97dcfda830b36f1389b70e5dd8b620ffeb1a6d9ac43c5a163ffa3c2d6e9f1686	pack_a
releases/pack_aa/event_samples/20260722T092243Z_1/samples/743390d495cb995c/aa6_production_preservation_report.json	233	1908046b7eeaa6260507e59979109c4fe073d62069cadaf07bbb99ee457c6d95	pack_a
releases/pack_aa/event_samples/20260722T092243Z_1/samples/743390d495cb995c/config.yaml	1157	ca50f6436a6c3991c50280387b4b392dde8fb0a3dc6965f039ee2c69ef62b0c3	pack_a
releases/pack_aa/event_samples/20260722T092243Z_1/samples/743390d495cb995c/driver.log	6775	0d4d4f2695ed152447558fe23a88fb8ea28e6608ae21e7ad4e9c35cc8cee1858	pack_a
releases/pack_aa/event_samples/20260722T092243Z_1/samples/743390d495cb995c/driver_command.txt	443	c8d37c894549703ed097db1fa380d4e8d264225ba55e3baa28768c47f4fcf355	pack_a
releases/pack_aa/event_samples/20260722T092243Z_1/samples/743390d495cb995c/events.truth.driver.meta.json	441	c5e9b63c38090c1fac43e41a15f9b9d02bda66c58d1fd1f966ac62fd1a31df02	pack_a
releases/pack_aa/event_samples/20260722T092243Z_1/samples/743390d495cb995c/events.truth.jsonl	3274215	f8ae903e71e783df4a550fa6d0fe73fc77ad53b7e489205654c289d59c0a7378	pack_a
releases/pack_aa/event_samples/20260722T092243Z_1/samples/743390d495cb995c/input_hashes.json	856	12994510f51d22375ceac8d122509a6828dcc22dbbe04147c4cb240918f539b5	pack_a
releases/pack_aa/event_samples/20260722T092243Z_1/samples/743390d495cb995c/run_summary.json	4048	e7befd9aec8dbf79bd832534af655365c3d342f0dfb8569ca9a7f5ecc219c497	pack_a
releases/pack_aa/event_samples/20260722T092243Z_1/samples/b3f66512c7b91693/aa0_provenance_check.json	827	e2a423462cd64b9fc68f1e0be8569b4ade898e507c40d3b67dfff2c6fde3d6a7	pack_a
releases/pack_aa/event_samples/20260722T092243Z_1/samples/b3f66512c7b91693/aa1_config_validation_report.json	16843	af16c448b6a91338d8245b3311cd71a0c0e9575d7cf49be57cfda74d3a6d38c4	pack_a
releases/pack_aa/event_samples/20260722T092243Z_1/samples/b3f66512c7b91693/aa4_lifetime_closure.json	294	b9b3e65ac47d82717e16be324384ba7d35f22b0b0bcb1c47d02e48c7f6de6987	pack_a
releases/pack_aa/event_samples/20260722T092243Z_1/samples/b3f66512c7b91693/aa5_branching_fraction_table.json	433	f58ef085f9bd23f65a55156594275b3b66288128f29a36079fc7c2abc68b7b9b	pack_a
releases/pack_aa/event_samples/20260722T092243Z_1/samples/b3f66512c7b91693/aa6_production_preservation_report.json	233	1908046b7eeaa6260507e59979109c4fe073d62069cadaf07bbb99ee457c6d95	pack_a
releases/pack_aa/event_samples/20260722T092243Z_1/samples/b3f66512c7b91693/config.yaml	1112	94dde1fabdb7fe39ca206cfd2277705ecf9a7e8c064719db4eded4bdf078d17b	pack_a
releases/pack_aa/event_samples/20260722T092243Z_1/samples/b3f66512c7b91693/driver.log	6975	b12fc4788d0b82b27f42c78ae5901003d66e6dd68f2c891bb4ccec0ca58977a7	pack_a
releases/pack_aa/event_samples/20260722T092243Z_1/samples/b3f66512c7b91693/driver_command.txt	401	dc57b75d1c37bd504a232dd66258fcc90e50a2353d564ed96c0d4d1e0cb369ec	pack_a
releases/pack_aa/event_samples/20260722T092243Z_1/samples/b3f66512c7b91693/events.truth.driver.meta.json	442	d371f4d349b0f95244b4d738d3f314cf9f20b6c532c7dd7a3bab87edc2ad3fde	pack_a
releases/pack_aa/event_samples/20260722T092243Z_1/samples/b3f66512c7b91693/events.truth.jsonl	3265339	43d89b9a42a7d369d6d40683c61021610e57036ff62a58230a335ad4794a409f	pack_a
releases/pack_aa/event_samples/20260722T092243Z_1/samples/b3f66512c7b91693/input_hashes.json	763	015a8324b3af71dd0ab6a6f2ee15ee7e0d3e5c94d8b9ef1324069fff933f7944	pack_a
releases/pack_aa/event_samples/20260722T092243Z_1/samples/b3f66512c7b91693/run_summary.json	3546	de0dfd399dbdd7b7ea344e01e96ce34a99b09c40b650897810eabb3c7c623bac	pack_a
releases/pack_aa/event_samples/20260722T092243Z_1/samples/7d6ffaa5822da03f/aa0_provenance_check.json	827	e2a423462cd64b9fc68f1e0be8569b4ade898e507c40d3b67dfff2c6fde3d6a7	pack_a
releases/pack_aa/event_samples/20260722T092243Z_1/samples/7d6ffaa5822da03f/aa1_config_validation_report.json	16843	37d6ef71c5c9597dd35a6399742a7defc73f0b9e67c3b04ec22806124558db4d	pack_a
releases/pack_aa/event_samples/20260722T092243Z_1/samples/7d6ffaa5822da03f/aa4_lifetime_closure.json	291	cd8dc8ee3e8a8e19933eb24643073c2af6d445b4f1ebdeb9edc25bfd296275f2	pack_a
releases/pack_aa/event_samples/20260722T092243Z_1/samples/7d6ffaa5822da03f/aa5_branching_fraction_table.json	433	f58ef085f9bd23f65a55156594275b3b66288128f29a36079fc7c2abc68b7b9b	pack_a
releases/pack_aa/event_samples/20260722T092243Z_1/samples/7d6ffaa5822da03f/aa6_production_preservation_report.json	233	1908046b7eeaa6260507e59979109c4fe073d62069cadaf07bbb99ee457c6d95	pack_a
releases/pack_aa/event_samples/20260722T092243Z_1/samples/7d6ffaa5822da03f/config.yaml	1104	ef2918ce1b46cbc1ccfa5ab609c2a3aaf9209f258648dd0be1a5ba5832cdf290	pack_a
releases/pack_aa/event_samples/20260722T092243Z_1/samples/7d6ffaa5822da03f/driver.log	6975	7e92b068c2277498048fefb12fa97c09d09b6e21393eda28399ba2c6015eabdb	pack_a
releases/pack_aa/event_samples/20260722T092243Z_1/samples/7d6ffaa5822da03f/driver_command.txt	397	42c275a88d91b2e438246a3dc3cb4389caedba02a5441e26fd61552c6f432e27	pack_a
releases/pack_aa/event_samples/20260722T092243Z_1/samples/7d6ffaa5822da03f/events.truth.driver.meta.json	438	4daafe938b0528b4bd65775431474623ccc8546df04d3db7b157641761d99214	pack_a
releases/pack_aa/event_samples/20260722T092243Z_1/samples/7d6ffaa5822da03f/events.truth.jsonl	3305046	6ec3e45818b2e1042901019fc1109228b7d9cc3b576baa3f362b836390b5b950	pack_a
releases/pack_aa/event_samples/20260722T092243Z_1/samples/7d6ffaa5822da03f/input_hashes.json	759	53a7c3f0b061907bd7062bceb3d12a94702522a7a30347307bbcd295c159b27c	pack_a
releases/pack_aa/event_samples/20260722T092243Z_1/samples/7d6ffaa5822da03f/run_summary.json	3539	f68aa20c68641d995574866241dda34c7f0b569ac43f1c5c3153c1e9a7b71b08	pack_a
releases/pack_aa/event_samples/20260722T090049Z_4/PACK_AA_EVENT_BUNDLE_20260722T090049Z_4.zip	3909575	85841bfc680bb0bd1bc3915c7a0d8edd42b0c5ded593b73cdacf03ac2de38c47	pack_a
releases/pack_aa/event_samples/20260722T090049Z_4/PACK_AA_EVENT_BUNDLE_CHECKSUMS.sha256	13435	20ad744da985a2bf7f61f97ad97add59eb177e25c362a5529db62f1a0c27695a	pack_a
releases/pack_aa/event_samples/20260722T090049Z_4/PACK_AA_EVENT_BUNDLE_MANIFEST.json	22540	4ce3255e917181ced40fc74c5ee4d9c62910fc5dc7bb545d7f44d1272dad454c	pack_a
releases/pack_aa/event_samples/20260722T090049Z_4/PACK_AA_EVENT_BUNDLE_RESEARCHER_BRIEF.md	891	67d99ff92cfbbd2051a1b2235d0df2f9fd5fedc8b136be4d34f72bbbf0a17498	pack_a
releases/pack_aa/event_samples/20260722T090049Z_4/PACK_AA_EVENT_BUNDLE_VALIDATION.json	22970	3f7056cbb6674d0777dadf8dbe0475c122cec30e10e06ec3c499952d1af6c168	pack_a
releases/pack_aa/event_samples/20260722T090049Z_4/PACK_AA_EVENT_BUNDLE_VALIDATION.md	744	caac9b9d2cfa4b68f2c21ffd04f6bad8be74209771178cc3bbfec122202cda68	pack_a
releases/pack_aa/event_samples/20260722T090049Z_4/PACK_AA_EVENT_SAMPLE_CATALOG.csv	2369	e385726eaa6da52f51b11f60997c4c5df599c25ece4d4c4685ff0c3529866a22	pack_a
releases/pack_aa/event_samples/20260722T090049Z_4/PACK_AA_EVENT_SAMPLE_CATALOG.md	1128	8ad626a8bbfeb5716715eea10b8fbe2220442b67e71fd600698d2c4257944802	pack_a
releases/pack_aa/event_samples/20260722T090049Z_4/events_inspected/bb_event_0001.txt	1290	52320f94dd232de34f0ee31d60eba95065950aa66a631cef2efe14fe907f8c86	pack_a
releases/pack_aa/event_samples/20260722T090049Z_4/events_inspected/gamma_gamma_event_0001.txt	1295	4eca9a641febec4cebaaed71f2fd817949e394e6cf8a39df4f205a4fcde90310	pack_a
releases/pack_aa/event_samples/20260722T090049Z_4/events_inspected/long_lived_event_0001.txt	1285	a7a8c9622a5008df284ff11f40e8dd0b62f776e60cb970e4cea935eaa4831498	pack_a
releases/pack_aa/event_samples/20260722T090049Z_4/events_inspected/mixed_event_0001.txt	1286	1eef72a79ad976872af9cb4948d8cffd427f82a2db8ffa3a7920dc26c41bcdd3	pack_a
releases/pack_aa/event_samples/20260722T090049Z_4/samples/9db01cdd5f1bc783/aa0_provenance_check.json	827	e2a423462cd64b9fc68f1e0be8569b4ade898e507c40d3b67dfff2c6fde3d6a7	pack_a
releases/pack_aa/event_samples/20260722T090049Z_4/samples/9db01cdd5f1bc783/aa1_config_validation_report.json	16843	520a3805133315b6d5c4171c7e56e5ac1864fdc01e8619f67b100daa7e9a4276	pack_a
releases/pack_aa/event_samples/20260722T090049Z_4/samples/9db01cdd5f1bc783/aa4_lifetime_closure.json	291	bb7d55f599eff1940f44cf3c0b3f887c64368906d4c4c494cb327d3d36692f7e	pack_a
releases/pack_aa/event_samples/20260722T090049Z_4/samples/9db01cdd5f1bc783/aa5_branching_fraction_table.json	432	c5c296d7014987a225c86a7a8edf677d03586dd626703207c0c74cdfc2da4485	pack_a
releases/pack_aa/event_samples/20260722T090049Z_4/samples/9db01cdd5f1bc783/aa6_production_preservation_report.json	233	1908046b7eeaa6260507e59979109c4fe073d62069cadaf07bbb99ee457c6d95	pack_a
releases/pack_aa/event_samples/20260722T090049Z_4/samples/9db01cdd5f1bc783/config.yaml	1102	87b69eae1bae378bd3adfc96237c5ee4ab04fc365d5e632888be60477f10e306	pack_a
releases/pack_aa/event_samples/20260722T090049Z_4/samples/9db01cdd5f1bc783/driver.log	6869	aa5865a2749d82808fa4b55c1826061048ef02e92f2eb5979bcb5c6a21194e1b	pack_a
releases/pack_aa/event_samples/20260722T090049Z_4/samples/9db01cdd5f1bc783/driver_command.txt	383	29deb1b2abf760510bf43916872ba0dac60db323b2d56e3ea69da9fb23499105	pack_a
releases/pack_aa/event_samples/20260722T090049Z_4/samples/9db01cdd5f1bc783/events.truth.driver.meta.json	425	2f07899744f56cee4cd1141710fed3feb83745e2ded076aa407ff9cdafde630c	pack_a
releases/pack_aa/event_samples/20260722T090049Z_4/samples/9db01cdd5f1bc783/events.truth.jsonl	3269659	83a594599a8fdbdc2eeb677ef5ef4928f7af2b99d688e013e6f37f2af6cf7297	pack_a
releases/pack_aa/event_samples/20260722T090049Z_4/samples/9db01cdd5f1bc783/input_hashes.json	762	20a567b98ce26b0a2eabfde6926a8a0efcecf89a44776064a126b2f7440ee8f0	pack_a
releases/pack_aa/event_samples/20260722T090049Z_4/samples/9db01cdd5f1bc783/run_summary.json	3502	03093285badfffa24ff069a15b70ace7524327fa837b26b2ac32931c71819ca5	pack_a
releases/pack_aa/event_samples/20260722T090049Z_4/samples/660021fb118f5f92/aa0_provenance_check.json	827	e2a423462cd64b9fc68f1e0be8569b4ade898e507c40d3b67dfff2c6fde3d6a7	pack_a
releases/pack_aa/event_samples/20260722T090049Z_4/samples/660021fb118f5f92/aa1_config_validation_report.json	16843	eefcb9de5d1d3e99d3dcbee5fc5ba6e3bc6fff63397a6f9ccd32b57781581ffe	pack_a
releases/pack_aa/event_samples/20260722T090049Z_4/samples/660021fb118f5f92/aa4_lifetime_closure.json	289	77301496e2230355a7bba5dfc2566c2bd88199a0025b98fe8618eb9afe2d9737	pack_a
releases/pack_aa/event_samples/20260722T090049Z_4/samples/660021fb118f5f92/aa5_branching_fraction_table.json	432	c5c296d7014987a225c86a7a8edf677d03586dd626703207c0c74cdfc2da4485	pack_a
releases/pack_aa/event_samples/20260722T090049Z_4/samples/660021fb118f5f92/aa6_production_preservation_report.json	233	1908046b7eeaa6260507e59979109c4fe073d62069cadaf07bbb99ee457c6d95	pack_a
releases/pack_aa/event_samples/20260722T090049Z_4/samples/660021fb118f5f92/config.yaml	1094	9e6458821ec4b9f8ac5e975879e3e2c0f34923195cec4db91e8187ffd488846a	pack_a
releases/pack_aa/event_samples/20260722T090049Z_4/samples/660021fb118f5f92/driver.log	6869	ed4982e4ede4702512735c6e74c5547b7ef48b7ee65132d92c44e97367212b6f	pack_a
releases/pack_aa/event_samples/20260722T090049Z_4/samples/660021fb118f5f92/driver_command.txt	375	566cf49965412ad83e62e419de935a0a8baa71110013cde0bb972cc233556989	pack_a
releases/pack_aa/event_samples/20260722T090049Z_4/samples/660021fb118f5f92/events.truth.driver.meta.json	417	9db540c642b3823a3ebbee119ebf2fe2b67eb18fb728673fbf7a2970839a42a2	pack_a
releases/pack_aa/event_samples/20260722T090049Z_4/samples/660021fb118f5f92/events.truth.jsonl	3309103	315f8419bf774e82d934cb9d9a608eb11fec078f4e2258414bda2e19c5724822	pack_a
releases/pack_aa/event_samples/20260722T090049Z_4/samples/660021fb118f5f92/input_hashes.json	758	c2c9133d2ca34cf7098d817b9454ade89108690155c7107d2727aa7e22421d9c	pack_a
releases/pack_aa/event_samples/20260722T090049Z_4/samples/660021fb118f5f92/run_summary.json	3484	f6d61ab8036f80771aac6bd84eb3befcb80886c8c3bd349c4690652557fa5a9f	pack_a
releases/pack_aa/event_samples/20260722T090049Z_4/samples/fcd9ff83da939385/aa0_provenance_check.json	827	e2a423462cd64b9fc68f1e0be8569b4ade898e507c40d3b67dfff2c6fde3d6a7	pack_a
releases/pack_aa/event_samples/20260722T090049Z_4/samples/fcd9ff83da939385/aa1_config_validation_report.json	16843	d9838ba437a7c294f4d7ef2b5f4cdef49072208307d90adc0aafca421ddc4257	pack_a
releases/pack_aa/event_samples/20260722T090049Z_4/samples/fcd9ff83da939385/aa4_lifetime_closure.json	290	956196464f28129d6118815f82eeca7fbc5f494e009a9cf14653ef0becf56693	pack_a
releases/pack_aa/event_samples/20260722T090049Z_4/samples/fcd9ff83da939385/aa5_branching_fraction_table.json	432	c5c296d7014987a225c86a7a8edf677d03586dd626703207c0c74cdfc2da4485	pack_a
releases/pack_aa/event_samples/20260722T090049Z_4/samples/fcd9ff83da939385/aa6_production_preservation_report.json	233	1908046b7eeaa6260507e59979109c4fe073d62069cadaf07bbb99ee457c6d95	pack_a
releases/pack_aa/event_samples/20260722T090049Z_4/samples/fcd9ff83da939385/config.yaml	1100	99bda0c22f5d96e54c57b40b0f0e392871d85c5740c64da269fd493aa6709219	pack_a
releases/pack_aa/event_samples/20260722T090049Z_4/samples/fcd9ff83da939385/driver.log	6869	0584da09f8a5ed9b156d12c45440c6cf878cedac62308bf55518fb03f3e56e65	pack_a
releases/pack_aa/event_samples/20260722T090049Z_4/samples/fcd9ff83da939385/driver_command.txt	381	0330176fdfd7657f9fae45dcaea51223056573d872f19dc4f98374a613d63279	pack_a
releases/pack_aa/event_samples/20260722T090049Z_4/samples/fcd9ff83da939385/events.truth.driver.meta.json	423	801101c3a9decc591123255fed6bbacb00cb4c844ad6bdefe445914380f3d0a6	pack_a
releases/pack_aa/event_samples/20260722T090049Z_4/samples/fcd9ff83da939385/events.truth.jsonl	3269655	193921de22d253b859a0c179a4f35330de1fbf68e6a93d2e18b55eca89792f10	pack_a
releases/pack_aa/event_samples/20260722T090049Z_4/samples/fcd9ff83da939385/input_hashes.json	761	7a14cb5b2b03e4fa41efccf2b7f7bf6ed1171a98580178744b49eef94204da85	pack_a
releases/pack_aa/event_samples/20260722T090049Z_4/samples/fcd9ff83da939385/run_summary.json	3497	49d57b698120fc0bf636332408475738494fcae2c7a555bad46520fac03aa90f	pack_a
releases/pack_aa/event_samples/20260722T090049Z_4/samples/79ba74fb49c2f8c4/aa0_provenance_check.json	827	e2a423462cd64b9fc68f1e0be8569b4ade898e507c40d3b67dfff2c6fde3d6a7	pack_a
releases/pack_aa/event_samples/20260722T090049Z_4/samples/79ba74fb49c2f8c4/aa1_config_validation_report.json	16843	30adc6904f274309f5b724272b0c91cf4aa529b4d8151b47004bd342ceeb7e3f	pack_a
releases/pack_aa/event_samples/20260722T090049Z_4/samples/79ba74fb49c2f8c4/aa4_lifetime_closure.json	292	dc180fce72f05bf0c9ce6ae8409f3373f2c3021ecf1ec8f96af4ce37d06d8857	pack_a
releases/pack_aa/event_samples/20260722T090049Z_4/samples/79ba74fb49c2f8c4/aa5_branching_fraction_table.json	847	97dcfda830b36f1389b70e5dd8b620ffeb1a6d9ac43c5a163ffa3c2d6e9f1686	pack_a
releases/pack_aa/event_samples/20260722T090049Z_4/samples/79ba74fb49c2f8c4/aa6_production_preservation_report.json	233	1908046b7eeaa6260507e59979109c4fe073d62069cadaf07bbb99ee457c6d95	pack_a
releases/pack_aa/event_samples/20260722T090049Z_4/samples/79ba74fb49c2f8c4/config.yaml	1159	4027f3775f864585e560557929337f0793ffac5f6fe354785a1ea15742b45f71	pack_a
releases/pack_aa/event_samples/20260722T090049Z_4/samples/79ba74fb49c2f8c4/driver.log	6775	1f826e2e616e48f28661658fd5a47638e534b1ed21cbb2935bb1f5516facd855	pack_a
releases/pack_aa/event_samples/20260722T090049Z_4/samples/79ba74fb49c2f8c4/driver_command.txt	430	9b6a03f0219e8711aeea130a9484c24dd1bf5b271f17acea92bb784dfc827c80	pack_a
releases/pack_aa/event_samples/20260722T090049Z_4/samples/79ba74fb49c2f8c4/events.truth.driver.meta.json	428	133b10d445b48714f798350cf25be22f381b321456ef3ea0e4abfb640b4be66c	pack_a
releases/pack_aa/event_samples/20260722T090049Z_4/samples/79ba74fb49c2f8c4/events.truth.jsonl	3274209	2e7f967a65a13a754d51066809894badb3601c99963d691703c8a29879c53984	pack_a
releases/pack_aa/event_samples/20260722T090049Z_4/samples/79ba74fb49c2f8c4/input_hashes.json	857	4c893d25bd604e773a0138c3e3a837230fae7ffa09ba8b7128f5da6de70c532b	pack_a
releases/pack_aa/event_samples/20260722T090049Z_4/samples/79ba74fb49c2f8c4/run_summary.json	4021	75f403a928ca12859b2f686996ffb38913037d431b6b2a0fe09061caa8995bca	pack_a
releases/pack_aa/event_samples/20260722T090049Z_4/samples/c50900cc55623ce4/aa0_provenance_check.json	827	e2a423462cd64b9fc68f1e0be8569b4ade898e507c40d3b67dfff2c6fde3d6a7	pack_a
releases/pack_aa/event_samples/20260722T090049Z_4/samples/c50900cc55623ce4/aa1_config_validation_report.json	16843	7494ec2587fd721399f27abdcde346b917e6ed2a741324b0779520a7dc2ee941	pack_a
releases/pack_aa/event_samples/20260722T090049Z_4/samples/c50900cc55623ce4/aa4_lifetime_closure.json	290	ca228213a0ac1b5d9c3971313b9e00fdf428c1db399340795f1243118b1f661e	pack_a
releases/pack_aa/event_samples/20260722T090049Z_4/samples/c50900cc55623ce4/aa5_branching_fraction_table.json	847	97dcfda830b36f1389b70e5dd8b620ffeb1a6d9ac43c5a163ffa3c2d6e9f1686	pack_a
releases/pack_aa/event_samples/20260722T090049Z_4/samples/c50900cc55623ce4/aa6_production_preservation_report.json	233	1908046b7eeaa6260507e59979109c4fe073d62069cadaf07bbb99ee457c6d95	pack_a
releases/pack_aa/event_samples/20260722T090049Z_4/samples/c50900cc55623ce4/config.yaml	1151	5d3113d646bcbecc5c9cab9ebde5830f2761bd0fe58e9b28fdc5a1e2ef37a3fb	pack_a
releases/pack_aa/event_samples/20260722T090049Z_4/samples/c50900cc55623ce4/driver.log	6775	2f87ef66e8914da787439430e417ba9de1a87340c17cf87794546a85c4068124	pack_a
releases/pack_aa/event_samples/20260722T090049Z_4/samples/c50900cc55623ce4/driver_command.txt	422	79cbffc29da6f7099f5f86aca1483d2a25fcea3119788395c203eeb2278ea1d5	pack_a
releases/pack_aa/event_samples/20260722T090049Z_4/samples/c50900cc55623ce4/events.truth.driver.meta.json	420	620f4b8dfc2d95059d49356504332b927c2550b032f634a873a42c084f0891fd	pack_a
releases/pack_aa/event_samples/20260722T090049Z_4/samples/c50900cc55623ce4/events.truth.jsonl	3313337	e42ff2d1b060523146c69370f2ed31f28c3f549dea289c4f22736f9d9cb54a84	pack_a
releases/pack_aa/event_samples/20260722T090049Z_4/samples/c50900cc55623ce4/input_hashes.json	853	627752e689e78e8f58e26412d0da64473e756b8ab103b0be342c82d17cc020be	pack_a
releases/pack_aa/event_samples/20260722T090049Z_4/samples/c50900cc55623ce4/run_summary.json	4003	cae6211fa5554b196b7930599ea641561a0ae85208754dff3e335c8401ad6ecb	pack_a
releases/pack_aa/event_samples/20260722T090049Z_4/samples/4ad3896b59cb0d92/aa0_provenance_check.json	827	e2a423462cd64b9fc68f1e0be8569b4ade898e507c40d3b67dfff2c6fde3d6a7	pack_a
releases/pack_aa/event_samples/20260722T090049Z_4/samples/4ad3896b59cb0d92/aa1_config_validation_report.json	16843	3342734f6e93c41c5709d80c7a7c60620bf2b7c9dab19557109717acf0f99f22	pack_a
releases/pack_aa/event_samples/20260722T090049Z_4/samples/4ad3896b59cb0d92/aa4_lifetime_closure.json	291	d9e8bde4c5bb2f024101f9058e7c1a0297c2a62e37dff192d37ee4466ec6d7d4	pack_a
releases/pack_aa/event_samples/20260722T090049Z_4/samples/4ad3896b59cb0d92/aa5_branching_fraction_table.json	433	f58ef085f9bd23f65a55156594275b3b66288128f29a36079fc7c2abc68b7b9b	pack_a
releases/pack_aa/event_samples/20260722T090049Z_4/samples/4ad3896b59cb0d92/aa6_production_preservation_report.json	233	1908046b7eeaa6260507e59979109c4fe073d62069cadaf07bbb99ee457c6d95	pack_a
releases/pack_aa/event_samples/20260722T090049Z_4/samples/4ad3896b59cb0d92/config.yaml	1110	9620e73985c3fdbda57ede98e465947bd4231372a42b7c4b2ff5c1c7ba554420	pack_a
releases/pack_aa/event_samples/20260722T090049Z_4/samples/4ad3896b59cb0d92/driver.log	6975	a9f867f8068376a1493581a551ce25064237d3703783d9664b7903a2272b7147	pack_a
releases/pack_aa/event_samples/20260722T090049Z_4/samples/4ad3896b59cb0d92/driver_command.txt	391	3586ff1b995978c143454dd96f8214f76e015dec0b9684f7e2545deacdbcb037	pack_a
releases/pack_aa/event_samples/20260722T090049Z_4/samples/4ad3896b59cb0d92/events.truth.driver.meta.json	432	fc6dfd9941bc8d121dacbd8d3cd2b50541bb91444b9030b1a582fe070093a166	pack_a
releases/pack_aa/event_samples/20260722T090049Z_4/samples/4ad3896b59cb0d92/events.truth.jsonl	3265474	38baf5f2e35f955d992c816521e2f98012d3f90f74a3150ca269e39e6c6d467d	pack_a
releases/pack_aa/event_samples/20260722T090049Z_4/samples/4ad3896b59cb0d92/input_hashes.json	762	b2fb4b6b331f8f3453d8189fbae82ac15c06a08881142a14fd39312033317cdd	pack_a
releases/pack_aa/event_samples/20260722T090049Z_4/samples/4ad3896b59cb0d92/run_summary.json	3528	96493f1342a186f9258eca65a5b60d78e9e9725b59ef4c8ab28f78a7a9452391	pack_a
releases/pack_aa/event_samples/20260722T090049Z_4/samples/743390d495cb995c/aa0_provenance_check.json	827	e2a423462cd64b9fc68f1e0be8569b4ade898e507c40d3b67dfff2c6fde3d6a7	pack_a
releases/pack_aa/event_samples/20260722T090049Z_4/samples/743390d495cb995c/aa1_config_validation_report.json	16843	24427eb6b6088df35cefe4af85cbc6b950cba5cf1d83efa52bae42bf953084f5	pack_a
releases/pack_aa/event_samples/20260722T090049Z_4/samples/743390d495cb995c/aa4_lifetime_closure.json	291	cb42a954af34c9a4da106d25a8704028b8232f6a0ef1978fbcced9c1268b20ae	pack_a
releases/pack_aa/event_samples/20260722T090049Z_4/samples/743390d495cb995c/aa5_branching_fraction_table.json	847	97dcfda830b36f1389b70e5dd8b620ffeb1a6d9ac43c5a163ffa3c2d6e9f1686	pack_a
releases/pack_aa/event_samples/20260722T090049Z_4/samples/743390d495cb995c/aa6_production_preservation_report.json	233	1908046b7eeaa6260507e59979109c4fe073d62069cadaf07bbb99ee457c6d95	pack_a
releases/pack_aa/event_samples/20260722T090049Z_4/samples/743390d495cb995c/config.yaml	1157	ca50f6436a6c3991c50280387b4b392dde8fb0a3dc6965f039ee2c69ef62b0c3	pack_a
releases/pack_aa/event_samples/20260722T090049Z_4/samples/743390d495cb995c/driver.log	6775	2b9bbbbf76cf092d9f22b89f4daec0c7f2f9160439fa6ee01675b75db53ead49	pack_a
releases/pack_aa/event_samples/20260722T090049Z_4/samples/743390d495cb995c/driver_command.txt	428	0ad5dee7e1b3d899be0c93be3778ab48dc4b35d0f28dbd367b4dff6788b38379	pack_a
releases/pack_aa/event_samples/20260722T090049Z_4/samples/743390d495cb995c/events.truth.driver.meta.json	426	85acca401489680c867d9dd3cd711ecedcff29337297c73b4cf1cb87817de6db	pack_a
releases/pack_aa/event_samples/20260722T090049Z_4/samples/743390d495cb995c/events.truth.jsonl	3274215	f8ae903e71e783df4a550fa6d0fe73fc77ad53b7e489205654c289d59c0a7378	pack_a
releases/pack_aa/event_samples/20260722T090049Z_4/samples/743390d495cb995c/input_hashes.json	856	12994510f51d22375ceac8d122509a6828dcc22dbbe04147c4cb240918f539b5	pack_a
releases/pack_aa/event_samples/20260722T090049Z_4/samples/743390d495cb995c/run_summary.json	4016	f2412dc80ed36a2e64995ecec4bfea3c0af6400931c45b4d143112c009a5ebd0	pack_a
releases/pack_aa/event_samples/20260722T090049Z_4/samples/b3f66512c7b91693/aa0_provenance_check.json	827	e2a423462cd64b9fc68f1e0be8569b4ade898e507c40d3b67dfff2c6fde3d6a7	pack_a
releases/pack_aa/event_samples/20260722T090049Z_4/samples/b3f66512c7b91693/aa1_config_validation_report.json	16843	af16c448b6a91338d8245b3311cd71a0c0e9575d7cf49be57cfda74d3a6d38c4	pack_a
releases/pack_aa/event_samples/20260722T090049Z_4/samples/b3f66512c7b91693/aa4_lifetime_closure.json	294	b9b3e65ac47d82717e16be324384ba7d35f22b0b0bcb1c47d02e48c7f6de6987	pack_a
releases/pack_aa/event_samples/20260722T090049Z_4/samples/b3f66512c7b91693/aa5_branching_fraction_table.json	433	f58ef085f9bd23f65a55156594275b3b66288128f29a36079fc7c2abc68b7b9b	pack_a
releases/pack_aa/event_samples/20260722T090049Z_4/samples/b3f66512c7b91693/aa6_production_preservation_report.json	233	1908046b7eeaa6260507e59979109c4fe073d62069cadaf07bbb99ee457c6d95	pack_a
releases/pack_aa/event_samples/20260722T090049Z_4/samples/b3f66512c7b91693/config.yaml	1112	94dde1fabdb7fe39ca206cfd2277705ecf9a7e8c064719db4eded4bdf078d17b	pack_a
releases/pack_aa/event_samples/20260722T090049Z_4/samples/b3f66512c7b91693/driver.log	6975	9b0f8243aae3a4e6c04ea069ca239927a05863be74854b01ecee1bad7780d01e	pack_a
releases/pack_aa/event_samples/20260722T090049Z_4/samples/b3f66512c7b91693/driver_command.txt	393	d4455046cd428c84140080d942fde69513bc70d7492fcb3a22d9d05cb7fa6cb9	pack_a
releases/pack_aa/event_samples/20260722T090049Z_4/samples/b3f66512c7b91693/events.truth.driver.meta.json	434	b68bafc045c02de2570ee296da6036dd7ed7fb2f4269d0de1ba6aadd37567a62	pack_a
releases/pack_aa/event_samples/20260722T090049Z_4/samples/b3f66512c7b91693/events.truth.jsonl	3265339	43d89b9a42a7d369d6d40683c61021610e57036ff62a58230a335ad4794a409f	pack_a
releases/pack_aa/event_samples/20260722T090049Z_4/samples/b3f66512c7b91693/input_hashes.json	763	015a8324b3af71dd0ab6a6f2ee15ee7e0d3e5c94d8b9ef1324069fff933f7944	pack_a
releases/pack_aa/event_samples/20260722T090049Z_4/samples/b3f66512c7b91693/run_summary.json	3535	d2c1f6938352effaec1c0b24a4143b2b8185db46fcc14f4e973596bf6ed72a34	pack_a
releases/pack_aa/event_samples/20260722T090049Z_4/samples/7d6ffaa5822da03f/aa0_provenance_check.json	827	e2a423462cd64b9fc68f1e0be8569b4ade898e507c40d3b67dfff2c6fde3d6a7	pack_a
releases/pack_aa/event_samples/20260722T090049Z_4/samples/7d6ffaa5822da03f/aa1_config_validation_report.json	16843	37d6ef71c5c9597dd35a6399742a7defc73f0b9e67c3b04ec22806124558db4d	pack_a
releases/pack_aa/event_samples/20260722T090049Z_4/samples/7d6ffaa5822da03f/aa4_lifetime_closure.json	291	cd8dc8ee3e8a8e19933eb24643073c2af6d445b4f1ebdeb9edc25bfd296275f2	pack_a
releases/pack_aa/event_samples/20260722T090049Z_4/samples/7d6ffaa5822da03f/aa5_branching_fraction_table.json	433	f58ef085f9bd23f65a55156594275b3b66288128f29a36079fc7c2abc68b7b9b	pack_a
releases/pack_aa/event_samples/20260722T090049Z_4/samples/7d6ffaa5822da03f/aa6_production_preservation_report.json	233	1908046b7eeaa6260507e59979109c4fe073d62069cadaf07bbb99ee457c6d95	pack_a
releases/pack_aa/event_samples/20260722T090049Z_4/samples/7d6ffaa5822da03f/config.yaml	1104	ef2918ce1b46cbc1ccfa5ab609c2a3aaf9209f258648dd0be1a5ba5832cdf290	pack_a
releases/pack_aa/event_samples/20260722T090049Z_4/samples/7d6ffaa5822da03f/driver.log	6975	a5fd82f975d42aef7661488a516131749e35f0d2c464195c4a1d3077f162d665	pack_a
releases/pack_aa/event_samples/20260722T090049Z_4/samples/7d6ffaa5822da03f/driver_command.txt	385	fa263b1843e8ac3e617600b32d1b8639727cbabc9e33799845fe913e10a8c6c7	pack_a
releases/pack_aa/event_samples/20260722T090049Z_4/samples/7d6ffaa5822da03f/events.truth.driver.meta.json	426	3bdbaa741025cc49766a946e954c3ee972d46baaa82ae131721572bdbbbd151b	pack_a
releases/pack_aa/event_samples/20260722T090049Z_4/samples/7d6ffaa5822da03f/events.truth.jsonl	3305046	6ec3e45818b2e1042901019fc1109228b7d9cc3b576baa3f362b836390b5b950	pack_a
releases/pack_aa/event_samples/20260722T090049Z_4/samples/7d6ffaa5822da03f/input_hashes.json	759	53a7c3f0b061907bd7062bceb3d12a94702522a7a30347307bbcd295c159b27c	pack_a
releases/pack_aa/event_samples/20260722T090049Z_4/samples/7d6ffaa5822da03f/run_summary.json	3516	21ddfe189d3ac8fbe332ca5f1f65a6dd4f8b0a001ea75aa86d98bdab17e5d2a2	pack_a
releases/pack_aa/event_samples/20260722T092243Z/PACK_AA_EVENT_BUNDLE_20260722T092243Z.zip	3909884	e73e67cb7d72c518d751759d571c06ec83c05efc21a087ced484170c66fbf055	pack_a
releases/pack_aa/event_samples/20260722T092243Z/PACK_AA_EVENT_BUNDLE_CHECKSUMS.sha256	13435	0a2d5cbfa7dfdc3df721de30aefddedc71d773c39b99c57b06f442529738b587	pack_a
releases/pack_aa/event_samples/20260722T092243Z/PACK_AA_EVENT_BUNDLE_MANIFEST.json	22538	7e8e46f21a063348c3698b7a6881632700f33d6e70a09217301254d62197d999	pack_a
releases/pack_aa/event_samples/20260722T092243Z/PACK_AA_EVENT_BUNDLE_RESEARCHER_BRIEF.md	891	67d99ff92cfbbd2051a1b2235d0df2f9fd5fedc8b136be4d34f72bbbf0a17498	pack_a
releases/pack_aa/event_samples/20260722T092243Z/PACK_AA_EVENT_BUNDLE_VALIDATION.json	22970	3f7056cbb6674d0777dadf8dbe0475c122cec30e10e06ec3c499952d1af6c168	pack_a
releases/pack_aa/event_samples/20260722T092243Z/PACK_AA_EVENT_BUNDLE_VALIDATION.md	744	caac9b9d2cfa4b68f2c21ffd04f6bad8be74209771178cc3bbfec122202cda68	pack_a
releases/pack_aa/event_samples/20260722T092243Z/PACK_AA_EVENT_SAMPLE_CATALOG.csv	2369	e385726eaa6da52f51b11f60997c4c5df599c25ece4d4c4685ff0c3529866a22	pack_a
releases/pack_aa/event_samples/20260722T092243Z/PACK_AA_EVENT_SAMPLE_CATALOG.md	1128	8ad626a8bbfeb5716715eea10b8fbe2220442b67e71fd600698d2c4257944802	pack_a
releases/pack_aa/event_samples/20260722T092243Z/events_inspected/bb_event_0001.txt	1290	52320f94dd232de34f0ee31d60eba95065950aa66a631cef2efe14fe907f8c86	pack_a
releases/pack_aa/event_samples/20260722T092243Z/events_inspected/gamma_gamma_event_0001.txt	1295	4eca9a641febec4cebaaed71f2fd817949e394e6cf8a39df4f205a4fcde90310	pack_a
releases/pack_aa/event_samples/20260722T092243Z/events_inspected/long_lived_event_0001.txt	1285	a7a8c9622a5008df284ff11f40e8dd0b62f776e60cb970e4cea935eaa4831498	pack_a
releases/pack_aa/event_samples/20260722T092243Z/events_inspected/mixed_event_0001.txt	1286	1eef72a79ad976872af9cb4948d8cffd427f82a2db8ffa3a7920dc26c41bcdd3	pack_a
releases/pack_aa/event_samples/20260722T092243Z/samples/9db01cdd5f1bc783/aa0_provenance_check.json	827	e2a423462cd64b9fc68f1e0be8569b4ade898e507c40d3b67dfff2c6fde3d6a7	pack_a
releases/pack_aa/event_samples/20260722T092243Z/samples/9db01cdd5f1bc783/aa1_config_validation_report.json	16843	520a3805133315b6d5c4171c7e56e5ac1864fdc01e8619f67b100daa7e9a4276	pack_a
releases/pack_aa/event_samples/20260722T092243Z/samples/9db01cdd5f1bc783/aa4_lifetime_closure.json	291	bb7d55f599eff1940f44cf3c0b3f887c64368906d4c4c494cb327d3d36692f7e	pack_a
releases/pack_aa/event_samples/20260722T092243Z/samples/9db01cdd5f1bc783/aa5_branching_fraction_table.json	432	c5c296d7014987a225c86a7a8edf677d03586dd626703207c0c74cdfc2da4485	pack_a
releases/pack_aa/event_samples/20260722T092243Z/samples/9db01cdd5f1bc783/aa6_production_preservation_report.json	233	1908046b7eeaa6260507e59979109c4fe073d62069cadaf07bbb99ee457c6d95	pack_a
releases/pack_aa/event_samples/20260722T092243Z/samples/9db01cdd5f1bc783/config.yaml	1102	87b69eae1bae378bd3adfc96237c5ee4ab04fc365d5e632888be60477f10e306	pack_a
releases/pack_aa/event_samples/20260722T092243Z/samples/9db01cdd5f1bc783/driver.log	6869	4b140b123eaaf7a327b1ad795490266bb1764762dfb7b292e1e68339792632e2	pack_a
releases/pack_aa/event_samples/20260722T092243Z/samples/9db01cdd5f1bc783/driver_command.txt	398	da0746bab4c7c117534ab0976145fcb65f4459cf8ef867b938cd51074c968c17	pack_a
releases/pack_aa/event_samples/20260722T092243Z/samples/9db01cdd5f1bc783/events.truth.driver.meta.json	440	1c9ac60441053a92765f97045144c6a2b3b0330691c22c582a503f73d2b2d85b	pack_a
releases/pack_aa/event_samples/20260722T092243Z/samples/9db01cdd5f1bc783/events.truth.jsonl	3269659	83a594599a8fdbdc2eeb677ef5ef4928f7af2b99d688e013e6f37f2af6cf7297	pack_a
releases/pack_aa/event_samples/20260722T092243Z/samples/9db01cdd5f1bc783/input_hashes.json	762	20a567b98ce26b0a2eabfde6926a8a0efcecf89a44776064a126b2f7440ee8f0	pack_a
releases/pack_aa/event_samples/20260722T092243Z/samples/9db01cdd5f1bc783/run_summary.json	3534	3b46f2f1df81376c8f6e9429e67f0abb38f3a8ea9398971dcde7065c003e03e7	pack_a
releases/pack_aa/event_samples/20260722T092243Z/samples/660021fb118f5f92/aa0_provenance_check.json	827	e2a423462cd64b9fc68f1e0be8569b4ade898e507c40d3b67dfff2c6fde3d6a7	pack_a
releases/pack_aa/event_samples/20260722T092243Z/samples/660021fb118f5f92/aa1_config_validation_report.json	16843	eefcb9de5d1d3e99d3dcbee5fc5ba6e3bc6fff63397a6f9ccd32b57781581ffe	pack_a
releases/pack_aa/event_samples/20260722T092243Z/samples/660021fb118f5f92/aa4_lifetime_closure.json	289	77301496e2230355a7bba5dfc2566c2bd88199a0025b98fe8618eb9afe2d9737	pack_a
releases/pack_aa/event_samples/20260722T092243Z/samples/660021fb118f5f92/aa5_branching_fraction_table.json	432	c5c296d7014987a225c86a7a8edf677d03586dd626703207c0c74cdfc2da4485	pack_a
releases/pack_aa/event_samples/20260722T092243Z/samples/660021fb118f5f92/aa6_production_preservation_report.json	233	1908046b7eeaa6260507e59979109c4fe073d62069cadaf07bbb99ee457c6d95	pack_a
releases/pack_aa/event_samples/20260722T092243Z/samples/660021fb118f5f92/config.yaml	1094	9e6458821ec4b9f8ac5e975879e3e2c0f34923195cec4db91e8187ffd488846a	pack_a
releases/pack_aa/event_samples/20260722T092243Z/samples/660021fb118f5f92/driver.log	6869	2c847a8b2d6a5e8daa0f9417603afed98a3786c740206880bf774bbb4fb8ba74	pack_a
releases/pack_aa/event_samples/20260722T092243Z/samples/660021fb118f5f92/driver_command.txt	394	7d1b422aeea62088b7676b104f708619a0683428181948caf9244bb255b51cfb	pack_a
releases/pack_aa/event_samples/20260722T092243Z/samples/660021fb118f5f92/events.truth.driver.meta.json	436	53ea78d34d4499362233d5b83896db2b1a37e96f3a34069fa73838957f4e088e	pack_a
releases/pack_aa/event_samples/20260722T092243Z/samples/660021fb118f5f92/events.truth.jsonl	3309103	315f8419bf774e82d934cb9d9a608eb11fec078f4e2258414bda2e19c5724822	pack_a
releases/pack_aa/event_samples/20260722T092243Z/samples/660021fb118f5f92/input_hashes.json	758	c2c9133d2ca34cf7098d817b9454ade89108690155c7107d2727aa7e22421d9c	pack_a
releases/pack_aa/event_samples/20260722T092243Z/samples/660021fb118f5f92/run_summary.json	3528	f6219dae77a60e428c6d2e16b83b86974d752e1730fc55c16715832f275ff9a9	pack_a
releases/pack_aa/event_samples/20260722T092243Z/samples/fcd9ff83da939385/aa0_provenance_check.json	827	e2a423462cd64b9fc68f1e0be8569b4ade898e507c40d3b67dfff2c6fde3d6a7	pack_a
releases/pack_aa/event_samples/20260722T092243Z/samples/fcd9ff83da939385/aa1_config_validation_report.json	16843	d9838ba437a7c294f4d7ef2b5f4cdef49072208307d90adc0aafca421ddc4257	pack_a
releases/pack_aa/event_samples/20260722T092243Z/samples/fcd9ff83da939385/aa4_lifetime_closure.json	290	956196464f28129d6118815f82eeca7fbc5f494e009a9cf14653ef0becf56693	pack_a
releases/pack_aa/event_samples/20260722T092243Z/samples/fcd9ff83da939385/aa5_branching_fraction_table.json	432	c5c296d7014987a225c86a7a8edf677d03586dd626703207c0c74cdfc2da4485	pack_a
releases/pack_aa/event_samples/20260722T092243Z/samples/fcd9ff83da939385/aa6_production_preservation_report.json	233	1908046b7eeaa6260507e59979109c4fe073d62069cadaf07bbb99ee457c6d95	pack_a
releases/pack_aa/event_samples/20260722T092243Z/samples/fcd9ff83da939385/config.yaml	1100	99bda0c22f5d96e54c57b40b0f0e392871d85c5740c64da269fd493aa6709219	pack_a
releases/pack_aa/event_samples/20260722T092243Z/samples/fcd9ff83da939385/driver.log	6869	4e14615502ea5e5f6a3be28387183662344f4c4a067912b12e63432c7a397638	pack_a
releases/pack_aa/event_samples/20260722T092243Z/samples/fcd9ff83da939385/driver_command.txt	397	241228adc291daf09a823b2679166fe6f3c5f1aed5fba7b3241d0e12b800dec7	pack_a
releases/pack_aa/event_samples/20260722T092243Z/samples/fcd9ff83da939385/events.truth.driver.meta.json	439	c18af48d400e850cdf7f9525aadd00157959ef7fb300da5f25995b0197b7d9c6	pack_a
releases/pack_aa/event_samples/20260722T092243Z/samples/fcd9ff83da939385/events.truth.jsonl	3269655	193921de22d253b859a0c179a4f35330de1fbf68e6a93d2e18b55eca89792f10	pack_a
releases/pack_aa/event_samples/20260722T092243Z/samples/fcd9ff83da939385/input_hashes.json	761	7a14cb5b2b03e4fa41efccf2b7f7bf6ed1171a98580178744b49eef94204da85	pack_a
releases/pack_aa/event_samples/20260722T092243Z/samples/fcd9ff83da939385/run_summary.json	3532	998d001dcaf7e743d5f3b033b9c416eb5070c8bbf5d19c8e40a4641001a8e29f	pack_a
releases/pack_aa/event_samples/20260722T092243Z/samples/79ba74fb49c2f8c4/aa0_provenance_check.json	827	e2a423462cd64b9fc68f1e0be8569b4ade898e507c40d3b67dfff2c6fde3d6a7	pack_a
releases/pack_aa/event_samples/20260722T092243Z/samples/79ba74fb49c2f8c4/aa1_config_validation_report.json	16843	30adc6904f274309f5b724272b0c91cf4aa529b4d8151b47004bd342ceeb7e3f	pack_a
releases/pack_aa/event_samples/20260722T092243Z/samples/79ba74fb49c2f8c4/aa4_lifetime_closure.json	292	dc180fce72f05bf0c9ce6ae8409f3373f2c3021ecf1ec8f96af4ce37d06d8857	pack_a
releases/pack_aa/event_samples/20260722T092243Z/samples/79ba74fb49c2f8c4/aa5_branching_fraction_table.json	847	97dcfda830b36f1389b70e5dd8b620ffeb1a6d9ac43c5a163ffa3c2d6e9f1686	pack_a
releases/pack_aa/event_samples/20260722T092243Z/samples/79ba74fb49c2f8c4/aa6_production_preservation_report.json	233	1908046b7eeaa6260507e59979109c4fe073d62069cadaf07bbb99ee457c6d95	pack_a
releases/pack_aa/event_samples/20260722T092243Z/samples/79ba74fb49c2f8c4/config.yaml	1159	4027f3775f864585e560557929337f0793ffac5f6fe354785a1ea15742b45f71	pack_a
releases/pack_aa/event_samples/20260722T092243Z/samples/79ba74fb49c2f8c4/driver.log	6775	f019f9fd4d7d736bbbe5a0e831fe9d44b475c7029fe1256fb69bab1150911990	pack_a
releases/pack_aa/event_samples/20260722T092243Z/samples/79ba74fb49c2f8c4/driver_command.txt	442	a72da7e4c30069f569fee0effe5562caa3d99dd290172fc0eb29c7721543a00e	pack_a
releases/pack_aa/event_samples/20260722T092243Z/samples/79ba74fb49c2f8c4/events.truth.driver.meta.json	440	5511455fb7a40c459e2a9788b14654b52660873eca98871ef0676ff1c30592ff	pack_a
releases/pack_aa/event_samples/20260722T092243Z/samples/79ba74fb49c2f8c4/events.truth.jsonl	3274209	2e7f967a65a13a754d51066809894badb3601c99963d691703c8a29879c53984	pack_a
releases/pack_aa/event_samples/20260722T092243Z/samples/79ba74fb49c2f8c4/input_hashes.json	857	4c893d25bd604e773a0138c3e3a837230fae7ffa09ba8b7128f5da6de70c532b	pack_a
releases/pack_aa/event_samples/20260722T092243Z/samples/79ba74fb49c2f8c4/run_summary.json	4044	4426b0dd9c91b6810704d04b07f4e95c38de656072820c3c34ed8513b294c38b	pack_a
releases/pack_aa/event_samples/20260722T092243Z/samples/c50900cc55623ce4/aa0_provenance_check.json	827	e2a423462cd64b9fc68f1e0be8569b4ade898e507c40d3b67dfff2c6fde3d6a7	pack_a
releases/pack_aa/event_samples/20260722T092243Z/samples/c50900cc55623ce4/aa1_config_validation_report.json	16843	7494ec2587fd721399f27abdcde346b917e6ed2a741324b0779520a7dc2ee941	pack_a
releases/pack_aa/event_samples/20260722T092243Z/samples/c50900cc55623ce4/aa4_lifetime_closure.json	290	ca228213a0ac1b5d9c3971313b9e00fdf428c1db399340795f1243118b1f661e	pack_a
releases/pack_aa/event_samples/20260722T092243Z/samples/c50900cc55623ce4/aa5_branching_fraction_table.json	847	97dcfda830b36f1389b70e5dd8b620ffeb1a6d9ac43c5a163ffa3c2d6e9f1686	pack_a
releases/pack_aa/event_samples/20260722T092243Z/samples/c50900cc55623ce4/aa6_production_preservation_report.json	233	1908046b7eeaa6260507e59979109c4fe073d62069cadaf07bbb99ee457c6d95	pack_a
releases/pack_aa/event_samples/20260722T092243Z/samples/c50900cc55623ce4/config.yaml	1151	5d3113d646bcbecc5c9cab9ebde5830f2761bd0fe58e9b28fdc5a1e2ef37a3fb	pack_a
releases/pack_aa/event_samples/20260722T092243Z/samples/c50900cc55623ce4/driver.log	6775	71cfb6c1137631e6c9c3c1f66960adaeb8a17a0709d07fa725efdd23ff518341	pack_a
releases/pack_aa/event_samples/20260722T092243Z/samples/c50900cc55623ce4/driver_command.txt	438	ced69adafbeea325d4ce2e049d60e754fb9f63a4cf69210af2e45907b256f1fe	pack_a
releases/pack_aa/event_samples/20260722T092243Z/samples/c50900cc55623ce4/events.truth.driver.meta.json	436	f4bdcae5fec39cbc51ae4ca021407fc95788814a42897827f14354e1fe4c5df5	pack_a
releases/pack_aa/event_samples/20260722T092243Z/samples/c50900cc55623ce4/events.truth.jsonl	3313337	e42ff2d1b060523146c69370f2ed31f28c3f549dea289c4f22736f9d9cb54a84	pack_a
releases/pack_aa/event_samples/20260722T092243Z/samples/c50900cc55623ce4/input_hashes.json	853	627752e689e78e8f58e26412d0da64473e756b8ab103b0be342c82d17cc020be	pack_a
releases/pack_aa/event_samples/20260722T092243Z/samples/c50900cc55623ce4/run_summary.json	4038	6e5a0ff65c44d295aad3736809255ded7d0de9d72195f685c1c05d60ac62fef9	pack_a
releases/pack_aa/event_samples/20260722T092243Z/samples/4ad3896b59cb0d92/aa0_provenance_check.json	827	e2a423462cd64b9fc68f1e0be8569b4ade898e507c40d3b67dfff2c6fde3d6a7	pack_a
releases/pack_aa/event_samples/20260722T092243Z/samples/4ad3896b59cb0d92/aa1_config_validation_report.json	16843	3342734f6e93c41c5709d80c7a7c60620bf2b7c9dab19557109717acf0f99f22	pack_a
releases/pack_aa/event_samples/20260722T092243Z/samples/4ad3896b59cb0d92/aa4_lifetime_closure.json	291	d9e8bde4c5bb2f024101f9058e7c1a0297c2a62e37dff192d37ee4466ec6d7d4	pack_a
releases/pack_aa/event_samples/20260722T092243Z/samples/4ad3896b59cb0d92/aa5_branching_fraction_table.json	433	f58ef085f9bd23f65a55156594275b3b66288128f29a36079fc7c2abc68b7b9b	pack_a
releases/pack_aa/event_samples/20260722T092243Z/samples/4ad3896b59cb0d92/aa6_production_preservation_report.json	233	1908046b7eeaa6260507e59979109c4fe073d62069cadaf07bbb99ee457c6d95	pack_a
releases/pack_aa/event_samples/20260722T092243Z/samples/4ad3896b59cb0d92/config.yaml	1110	9620e73985c3fdbda57ede98e465947bd4231372a42b7c4b2ff5c1c7ba554420	pack_a
releases/pack_aa/event_samples/20260722T092243Z/samples/4ad3896b59cb0d92/driver.log	6975	3ae138523f5b1e769976ad2b2d116d0ef5e3a38afa15e9681dbc06bd19498293	pack_a
releases/pack_aa/event_samples/20260722T092243Z/samples/4ad3896b59cb0d92/driver_command.txt	398	280b44e153c8a7634c48aecfcc4e2190cbbe9c9f3d04cf177fb21a53ce566bb3	pack_a
releases/pack_aa/event_samples/20260722T092243Z/samples/4ad3896b59cb0d92/events.truth.driver.meta.json	439	ec0ed763eb9ba04d3451fd8cbf56391700c181956234a6ab5c4b9756fc9f5f90	pack_a
releases/pack_aa/event_samples/20260722T092243Z/samples/4ad3896b59cb0d92/events.truth.jsonl	3265474	38baf5f2e35f955d992c816521e2f98012d3f90f74a3150ca269e39e6c6d467d	pack_a
releases/pack_aa/event_samples/20260722T092243Z/samples/4ad3896b59cb0d92/input_hashes.json	762	b2fb4b6b331f8f3453d8189fbae82ac15c06a08881142a14fd39312033317cdd	pack_a
releases/pack_aa/event_samples/20260722T092243Z/samples/4ad3896b59cb0d92/run_summary.json	3536	8de3ffacd65c8e96782dac0637b59bb413e5ec5eb28e01364c697cbd8bfc2fe6	pack_a
releases/pack_aa/event_samples/20260722T092243Z/samples/743390d495cb995c/aa0_provenance_check.json	827	e2a423462cd64b9fc68f1e0be8569b4ade898e507c40d3b67dfff2c6fde3d6a7	pack_a
releases/pack_aa/event_samples/20260722T092243Z/samples/743390d495cb995c/aa1_config_validation_report.json	16843	24427eb6b6088df35cefe4af85cbc6b950cba5cf1d83efa52bae42bf953084f5	pack_a
releases/pack_aa/event_samples/20260722T092243Z/samples/743390d495cb995c/aa4_lifetime_closure.json	291	cb42a954af34c9a4da106d25a8704028b8232f6a0ef1978fbcced9c1268b20ae	pack_a
releases/pack_aa/event_samples/20260722T092243Z/samples/743390d495cb995c/aa5_branching_fraction_table.json	847	97dcfda830b36f1389b70e5dd8b620ffeb1a6d9ac43c5a163ffa3c2d6e9f1686	pack_a
releases/pack_aa/event_samples/20260722T092243Z/samples/743390d495cb995c/aa6_production_preservation_report.json	233	1908046b7eeaa6260507e59979109c4fe073d62069cadaf07bbb99ee457c6d95	pack_a
releases/pack_aa/event_samples/20260722T092243Z/samples/743390d495cb995c/config.yaml	1157	ca50f6436a6c3991c50280387b4b392dde8fb0a3dc6965f039ee2c69ef62b0c3	pack_a
releases/pack_aa/event_samples/20260722T092243Z/samples/743390d495cb995c/driver.log	6775	8a82e2044022a448b4455041ec33f4eb19e7a195938150ef75e42eebc04af8f9	pack_a
releases/pack_aa/event_samples/20260722T092243Z/samples/743390d495cb995c/driver_command.txt	441	6b70c7700561012f8095e139f190697d8a853810652376b428950d418d9ea4d9	pack_a
releases/pack_aa/event_samples/20260722T092243Z/samples/743390d495cb995c/events.truth.driver.meta.json	439	c41c9e91a6e4cf5e40f4dd557f1c3aa04edd803a53a960b176a42418cda7787c	pack_a
releases/pack_aa/event_samples/20260722T092243Z/samples/743390d495cb995c/events.truth.jsonl	3274215	f8ae903e71e783df4a550fa6d0fe73fc77ad53b7e489205654c289d59c0a7378	pack_a
releases/pack_aa/event_samples/20260722T092243Z/samples/743390d495cb995c/input_hashes.json	856	12994510f51d22375ceac8d122509a6828dcc22dbbe04147c4cb240918f539b5	pack_a
releases/pack_aa/event_samples/20260722T092243Z/samples/743390d495cb995c/run_summary.json	4042	968812b5da15860d8b2e1595d46e25f54051de810fc3724a70efbdb8fa118489	pack_a
releases/pack_aa/event_samples/20260722T092243Z/samples/b3f66512c7b91693/aa0_provenance_check.json	827	e2a423462cd64b9fc68f1e0be8569b4ade898e507c40d3b67dfff2c6fde3d6a7	pack_a
releases/pack_aa/event_samples/20260722T092243Z/samples/b3f66512c7b91693/aa1_config_validation_report.json	16843	af16c448b6a91338d8245b3311cd71a0c0e9575d7cf49be57cfda74d3a6d38c4	pack_a
releases/pack_aa/event_samples/20260722T092243Z/samples/b3f66512c7b91693/aa4_lifetime_closure.json	294	b9b3e65ac47d82717e16be324384ba7d35f22b0b0bcb1c47d02e48c7f6de6987	pack_a
releases/pack_aa/event_samples/20260722T092243Z/samples/b3f66512c7b91693/aa5_branching_fraction_table.json	433	f58ef085f9bd23f65a55156594275b3b66288128f29a36079fc7c2abc68b7b9b	pack_a
releases/pack_aa/event_samples/20260722T092243Z/samples/b3f66512c7b91693/aa6_production_preservation_report.json	233	1908046b7eeaa6260507e59979109c4fe073d62069cadaf07bbb99ee457c6d95	pack_a
releases/pack_aa/event_samples/20260722T092243Z/samples/b3f66512c7b91693/config.yaml	1112	94dde1fabdb7fe39ca206cfd2277705ecf9a7e8c064719db4eded4bdf078d17b	pack_a
releases/pack_aa/event_samples/20260722T092243Z/samples/b3f66512c7b91693/driver.log	6975	034e1e06b2b5db684926502b0c9f13c57e68cdef89052a0e11d81b7544e24f77	pack_a
releases/pack_aa/event_samples/20260722T092243Z/samples/b3f66512c7b91693/driver_command.txt	399	e1d851c1b25003639e9438c759985e9a952b1ebf1ec8865d01847fab8449e433	pack_a
releases/pack_aa/event_samples/20260722T092243Z/samples/b3f66512c7b91693/events.truth.driver.meta.json	440	c31af28325f26ed7ce126f3965c881d943d187e773a2bf9135c61926c3175675	pack_a
releases/pack_aa/event_samples/20260722T092243Z/samples/b3f66512c7b91693/events.truth.jsonl	3265339	43d89b9a42a7d369d6d40683c61021610e57036ff62a58230a335ad4794a409f	pack_a
releases/pack_aa/event_samples/20260722T092243Z/samples/b3f66512c7b91693/input_hashes.json	763	015a8324b3af71dd0ab6a6f2ee15ee7e0d3e5c94d8b9ef1324069fff933f7944	pack_a
releases/pack_aa/event_samples/20260722T092243Z/samples/b3f66512c7b91693/run_summary.json	3540	16859724f27a1bfd8568763cc80ca6854fc29fc288ac8f207c48ea9eddd42266	pack_a
releases/pack_aa/event_samples/20260722T092243Z/samples/7d6ffaa5822da03f/aa0_provenance_check.json	827	e2a423462cd64b9fc68f1e0be8569b4ade898e507c40d3b67dfff2c6fde3d6a7	pack_a
releases/pack_aa/event_samples/20260722T092243Z/samples/7d6ffaa5822da03f/aa1_config_validation_report.json	16843	37d6ef71c5c9597dd35a6399742a7defc73f0b9e67c3b04ec22806124558db4d	pack_a
releases/pack_aa/event_samples/20260722T092243Z/samples/7d6ffaa5822da03f/aa4_lifetime_closure.json	291	cd8dc8ee3e8a8e19933eb24643073c2af6d445b4f1ebdeb9edc25bfd296275f2	pack_a
releases/pack_aa/event_samples/20260722T092243Z/samples/7d6ffaa5822da03f/aa5_branching_fraction_table.json	433	f58ef085f9bd23f65a55156594275b3b66288128f29a36079fc7c2abc68b7b9b	pack_a
releases/pack_aa/event_samples/20260722T092243Z/samples/7d6ffaa5822da03f/aa6_production_preservation_report.json	233	1908046b7eeaa6260507e59979109c4fe073d62069cadaf07bbb99ee457c6d95	pack_a
releases/pack_aa/event_samples/20260722T092243Z/samples/7d6ffaa5822da03f/config.yaml	1104	ef2918ce1b46cbc1ccfa5ab609c2a3aaf9209f258648dd0be1a5ba5832cdf290	pack_a
releases/pack_aa/event_samples/20260722T092243Z/samples/7d6ffaa5822da03f/driver.log	6975	3388a7b3e51787995285b70c2afa73bca32e4744bb9505aa206a43233e320880	pack_a
releases/pack_aa/event_samples/20260722T092243Z/samples/7d6ffaa5822da03f/driver_command.txt	395	b9cdcb2d13c25291997608d78882db1593845c47a5e0f7a556808a7ebe980a6b	pack_a
releases/pack_aa/event_samples/20260722T092243Z/samples/7d6ffaa5822da03f/events.truth.driver.meta.json	436	318692cc4a035878bb6d58b51bf84f77c6b431d0d463613aea5c0b7155d86209	pack_a
releases/pack_aa/event_samples/20260722T092243Z/samples/7d6ffaa5822da03f/events.truth.jsonl	3305046	6ec3e45818b2e1042901019fc1109228b7d9cc3b576baa3f362b836390b5b950	pack_a
releases/pack_aa/event_samples/20260722T092243Z/samples/7d6ffaa5822da03f/input_hashes.json	759	53a7c3f0b061907bd7062bceb3d12a94702522a7a30347307bbcd295c159b27c	pack_a
releases/pack_aa/event_samples/20260722T092243Z/samples/7d6ffaa5822da03f/run_summary.json	3533	9528c5671187d61ea703b0665d7ea7c31531bce888e6b82d8f37ac5e4fa101e1	pack_a
releases/pack_aa/event_samples/20260722T092243Z_3/PACK_AA_EVENT_BUNDLE_RESEARCHER_BRIEF.md	891	67d99ff92cfbbd2051a1b2235d0df2f9fd5fedc8b136be4d34f72bbbf0a17498	pack_a
releases/pack_aa/event_samples/20260722T092243Z_3/PACK_AA_EVENT_BUNDLE_VALIDATION.md	744	caac9b9d2cfa4b68f2c21ffd04f6bad8be74209771178cc3bbfec122202cda68	pack_a
releases/pack_aa/event_samples/20260722T092243Z_3/PACK_AA_EVENT_SAMPLE_CATALOG.md	1128	8ad626a8bbfeb5716715eea10b8fbe2220442b67e71fd600698d2c4257944802	pack_a
releases/pack_aa/event_samples/20260722T092243Z_3/events_inspected/bb_event_0001.txt	1288	15375521db52d878bee3f4b9e83c307adbacf7bb03cef288fa384c84c600cc51	pack_a
releases/pack_aa/event_samples/20260722T092243Z_3/events_inspected/gamma_gamma_event_0001.txt	1293	e8920bf7ba194c968432955b6f5316b84f6064f5d64223048da061081fa66e60	pack_a
releases/pack_aa/event_samples/20260722T092243Z_3/events_inspected/long_lived_event_0001.txt	1283	f991fb1b2ef8c3b5a883b94e942597abf167d5d31932c368bb57452c059920b1	pack_a
releases/pack_aa/event_samples/20260722T092243Z_3/events_inspected/mixed_event_0001.txt	1284	ce6d097f8b83141e2316f2f580b44e3ceab6fad15d0d66dad825a4691b7ac7c4	pack_a
releases/pack_aa/event_samples/20260722T092243Z_3/samples/9db01cdd5f1bc783/aa0_provenance_check.json	827	e2a423462cd64b9fc68f1e0be8569b4ade898e507c40d3b67dfff2c6fde3d6a7	pack_a
releases/pack_aa/event_samples/20260722T092243Z_3/samples/9db01cdd5f1bc783/aa1_config_validation_report.json	16843	520a3805133315b6d5c4171c7e56e5ac1864fdc01e8619f67b100daa7e9a4276	pack_a
releases/pack_aa/event_samples/20260722T092243Z_3/samples/9db01cdd5f1bc783/aa4_lifetime_closure.json	291	bb7d55f599eff1940f44cf3c0b3f887c64368906d4c4c494cb327d3d36692f7e	pack_a
releases/pack_aa/event_samples/20260722T092243Z_3/samples/9db01cdd5f1bc783/aa5_branching_fraction_table.json	432	c5c296d7014987a225c86a7a8edf677d03586dd626703207c0c74cdfc2da4485	pack_a
releases/pack_aa/event_samples/20260722T092243Z_3/samples/9db01cdd5f1bc783/aa6_production_preservation_report.json	233	1908046b7eeaa6260507e59979109c4fe073d62069cadaf07bbb99ee457c6d95	pack_a
releases/pack_aa/event_samples/20260722T092243Z_3/samples/9db01cdd5f1bc783/config.yaml	1102	87b69eae1bae378bd3adfc96237c5ee4ab04fc365d5e632888be60477f10e306	pack_a
releases/pack_aa/event_samples/20260722T092243Z_3/samples/9db01cdd5f1bc783/driver.log	6869	cd9fdcf31f74df2e9bf610b33c3fbaa75dfba91bd26d420c4bf50f312bb43c57	pack_a
releases/pack_aa/event_samples/20260722T092243Z_3/samples/9db01cdd5f1bc783/driver_command.txt	400	3a8e7924213928e4c31e64d60634884019024fac7e1f64596c2d74f74d81e0dc	pack_a
releases/pack_aa/event_samples/20260722T092243Z_3/samples/9db01cdd5f1bc783/events.truth.driver.meta.json	442	aeb7551740a53045c8dbb8f6c0bd1afceb304a7c806a0a36255f6f082d311070	pack_a
releases/pack_aa/event_samples/20260722T092243Z_3/samples/9db01cdd5f1bc783/events.truth.jsonl	3267739	0622b260547980f3720f21fd11c0cbd054824715e37ad7e552d17bac82b59af5	pack_a
releases/pack_aa/event_samples/20260722T092243Z_3/samples/9db01cdd5f1bc783/input_hashes.json	762	20a567b98ce26b0a2eabfde6926a8a0efcecf89a44776064a126b2f7440ee8f0	pack_a
releases/pack_aa/event_samples/20260722T092243Z_3/samples/9db01cdd5f1bc783/run_summary.json	3540	87d4be62d164a9653a28c5436b6201e2c8230e20748b26fb728460be52c45247	pack_a
releases/pack_aa/event_samples/20260722T092243Z_3/samples/660021fb118f5f92/aa0_provenance_check.json	827	e2a423462cd64b9fc68f1e0be8569b4ade898e507c40d3b67dfff2c6fde3d6a7	pack_a
releases/pack_aa/event_samples/20260722T092243Z_3/samples/660021fb118f5f92/aa1_config_validation_report.json	16843	eefcb9de5d1d3e99d3dcbee5fc5ba6e3bc6fff63397a6f9ccd32b57781581ffe	pack_a
releases/pack_aa/event_samples/20260722T092243Z_3/samples/660021fb118f5f92/aa4_lifetime_closure.json	289	77301496e2230355a7bba5dfc2566c2bd88199a0025b98fe8618eb9afe2d9737	pack_a
releases/pack_aa/event_samples/20260722T092243Z_3/samples/660021fb118f5f92/aa5_branching_fraction_table.json	432	c5c296d7014987a225c86a7a8edf677d03586dd626703207c0c74cdfc2da4485	pack_a
releases/pack_aa/event_samples/20260722T092243Z_3/samples/660021fb118f5f92/aa6_production_preservation_report.json	233	1908046b7eeaa6260507e59979109c4fe073d62069cadaf07bbb99ee457c6d95	pack_a
releases/pack_aa/event_samples/20260722T092243Z_3/samples/660021fb118f5f92/config.yaml	1094	9e6458821ec4b9f8ac5e975879e3e2c0f34923195cec4db91e8187ffd488846a	pack_a
releases/pack_aa/event_samples/20260722T092243Z_3/samples/660021fb118f5f92/driver.log	6869	dc03b0f24e8a94662b182933d2477e957d9d73d118e08559061d8ff251217d6d	pack_a
releases/pack_aa/event_samples/20260722T092243Z_3/samples/660021fb118f5f92/driver_command.txt	396	7c80cb8dcecd7cd09f9d1944885053cd6160590db5c966a1ef89819a7741198a	pack_a
releases/pack_aa/event_samples/20260722T092243Z_3/samples/660021fb118f5f92/events.truth.driver.meta.json	438	56f97539f2d64510a1e8e082868abbeded08c38eeda925db2d2385c27759574f	pack_a
releases/pack_aa/event_samples/20260722T092243Z_3/samples/660021fb118f5f92/events.truth.jsonl	3307183	b43da26433cb96916292c78501d7d802cc9c886c84a08a2815d414883d047b94	pack_a
releases/pack_aa/event_samples/20260722T092243Z_3/samples/660021fb118f5f92/input_hashes.json	758	c2c9133d2ca34cf7098d817b9454ade89108690155c7107d2727aa7e22421d9c	pack_a
releases/pack_aa/event_samples/20260722T092243Z_3/samples/660021fb118f5f92/run_summary.json	3534	f305edc027ab59dcac4d37baeb309af149d03697a7b9da064a4d4aa8d2e6d785	pack_a
releases/pack_aa/event_samples/20260722T092243Z_3/samples/fcd9ff83da939385/aa0_provenance_check.json	827	e2a423462cd64b9fc68f1e0be8569b4ade898e507c40d3b67dfff2c6fde3d6a7	pack_a
releases/pack_aa/event_samples/20260722T092243Z_3/samples/fcd9ff83da939385/aa1_config_validation_report.json	16843	d9838ba437a7c294f4d7ef2b5f4cdef49072208307d90adc0aafca421ddc4257	pack_a
releases/pack_aa/event_samples/20260722T092243Z_3/samples/fcd9ff83da939385/aa4_lifetime_closure.json	290	956196464f28129d6118815f82eeca7fbc5f494e009a9cf14653ef0becf56693	pack_a
releases/pack_aa/event_samples/20260722T092243Z_3/samples/fcd9ff83da939385/aa5_branching_fraction_table.json	432	c5c296d7014987a225c86a7a8edf677d03586dd626703207c0c74cdfc2da4485	pack_a
releases/pack_aa/event_samples/20260722T092243Z_3/samples/fcd9ff83da939385/aa6_production_preservation_report.json	233	1908046b7eeaa6260507e59979109c4fe073d62069cadaf07bbb99ee457c6d95	pack_a
releases/pack_aa/event_samples/20260722T092243Z_3/samples/fcd9ff83da939385/config.yaml	1100	99bda0c22f5d96e54c57b40b0f0e392871d85c5740c64da269fd493aa6709219	pack_a
releases/pack_aa/event_samples/20260722T092243Z_3/samples/fcd9ff83da939385/driver.log	6869	eacb379fc4f65c31aedb85aee37c61c5f482aa7592b8748367f81615c6a4be4c	pack_a
releases/pack_aa/event_samples/20260722T092243Z_3/samples/fcd9ff83da939385/driver_command.txt	399	1ffaa2de82e1a2dbc03d35d31d586f555c798edc51f0f98e58f48da969009849	pack_a
releases/pack_aa/event_samples/20260722T092243Z_3/samples/fcd9ff83da939385/events.truth.driver.meta.json	441	39bd0f1b3fd999a77885a8d22990d85a2a3279ff93c41d1f9a8dad475434155c	pack_a
releases/pack_aa/event_samples/20260722T092243Z_3/samples/fcd9ff83da939385/events.truth.jsonl	3267735	95eeef943e1ed33b02c8b1da5988b1e1b9737d1684fea31f9ad9b60cd49a8498	pack_a
releases/pack_aa/event_samples/20260722T092243Z_3/samples/fcd9ff83da939385/input_hashes.json	761	7a14cb5b2b03e4fa41efccf2b7f7bf6ed1171a98580178744b49eef94204da85	pack_a
releases/pack_aa/event_samples/20260722T092243Z_3/samples/fcd9ff83da939385/run_summary.json	3538	29f44998beca2f51c605d7e40d3f896a73526cd1e0b4845ce151c4b129805596	pack_a
releases/pack_aa/event_samples/20260722T092243Z_3/samples/79ba74fb49c2f8c4/aa0_provenance_check.json	827	e2a423462cd64b9fc68f1e0be8569b4ade898e507c40d3b67dfff2c6fde3d6a7	pack_a
releases/pack_aa/event_samples/20260722T092243Z_3/samples/79ba74fb49c2f8c4/aa1_config_validation_report.json	16843	30adc6904f274309f5b724272b0c91cf4aa529b4d8151b47004bd342ceeb7e3f	pack_a
releases/pack_aa/event_samples/20260722T092243Z_3/samples/79ba74fb49c2f8c4/aa4_lifetime_closure.json	292	dc180fce72f05bf0c9ce6ae8409f3373f2c3021ecf1ec8f96af4ce37d06d8857	pack_a
releases/pack_aa/event_samples/20260722T092243Z_3/samples/79ba74fb49c2f8c4/aa5_branching_fraction_table.json	847	97dcfda830b36f1389b70e5dd8b620ffeb1a6d9ac43c5a163ffa3c2d6e9f1686	pack_a
releases/pack_aa/event_samples/20260722T092243Z_3/samples/79ba74fb49c2f8c4/aa6_production_preservation_report.json	233	1908046b7eeaa6260507e59979109c4fe073d62069cadaf07bbb99ee457c6d95	pack_a
releases/pack_aa/event_samples/20260722T092243Z_3/samples/79ba74fb49c2f8c4/config.yaml	1159	4027f3775f864585e560557929337f0793ffac5f6fe354785a1ea15742b45f71	pack_a
releases/pack_aa/event_samples/20260722T092243Z_3/samples/79ba74fb49c2f8c4/driver.log	6775	046a8cd546b4f29a96e6a3258d4d536eefa11526d0bb042cc0de1763133f616e	pack_a
releases/pack_aa/event_samples/20260722T092243Z_3/samples/79ba74fb49c2f8c4/driver_command.txt	444	665aad6e4c4d2ac80579eca2b35e5003d0af0894cfdef96af984fb5e31d01faf	pack_a
releases/pack_aa/event_samples/20260722T092243Z_3/samples/79ba74fb49c2f8c4/events.truth.driver.meta.json	442	1c30601c7abc2ce2156450ec1d04896986493636895d621967bfcd67af5902a6	pack_a
releases/pack_aa/event_samples/20260722T092243Z_3/samples/79ba74fb49c2f8c4/events.truth.jsonl	3272289	a4b5fd3b75a05cfcde11ba23e10def4b8da573934e4be33105ebf83e18c7a3fe	pack_a
releases/pack_aa/event_samples/20260722T092243Z_3/samples/79ba74fb49c2f8c4/input_hashes.json	857	4c893d25bd604e773a0138c3e3a837230fae7ffa09ba8b7128f5da6de70c532b	pack_a
releases/pack_aa/event_samples/20260722T092243Z_3/samples/79ba74fb49c2f8c4/run_summary.json	4050	a4e5cf5698b85616f2bd5eef46e0537aaa4506667abf25b08564fa9a8bfe6393	pack_a
releases/pack_aa/event_samples/20260722T092243Z_3/samples/c50900cc55623ce4/aa0_provenance_check.json	827	e2a423462cd64b9fc68f1e0be8569b4ade898e507c40d3b67dfff2c6fde3d6a7	pack_a
releases/pack_aa/event_samples/20260722T092243Z_3/samples/c50900cc55623ce4/aa1_config_validation_report.json	16843	7494ec2587fd721399f27abdcde346b917e6ed2a741324b0779520a7dc2ee941	pack_a
releases/pack_aa/event_samples/20260722T092243Z_3/samples/c50900cc55623ce4/aa4_lifetime_closure.json	290	ca228213a0ac1b5d9c3971313b9e00fdf428c1db399340795f1243118b1f661e	pack_a
releases/pack_aa/event_samples/20260722T092243Z_3/samples/c50900cc55623ce4/aa5_branching_fraction_table.json	847	97dcfda830b36f1389b70e5dd8b620ffeb1a6d9ac43c5a163ffa3c2d6e9f1686	pack_a
releases/pack_aa/event_samples/20260722T092243Z_3/samples/c50900cc55623ce4/aa6_production_preservation_report.json	233	1908046b7eeaa6260507e59979109c4fe073d62069cadaf07bbb99ee457c6d95	pack_a
releases/pack_aa/event_samples/20260722T092243Z_3/samples/c50900cc55623ce4/config.yaml	1151	5d3113d646bcbecc5c9cab9ebde5830f2761bd0fe58e9b28fdc5a1e2ef37a3fb	pack_a
releases/pack_aa/event_samples/20260722T092243Z_3/samples/c50900cc55623ce4/driver.log	6775	9b6fac3adf792805294533958d208d74635474031d46311a76f836cbc3739a30	pack_a
releases/pack_aa/event_samples/20260722T092243Z_3/samples/c50900cc55623ce4/driver_command.txt	440	56ee8bcff7da4c8aed1e2ff0aa3dd291e799062f7db17f29548667b50ecfc744	pack_a
releases/pack_aa/event_samples/20260722T092243Z_3/samples/c50900cc55623ce4/events.truth.driver.meta.json	438	b2e7151aad4338779ba3e0ecb256d3db1f0fada35812447b908a694aa4800f1b	pack_a
releases/pack_aa/event_samples/20260722T092243Z_3/samples/c50900cc55623ce4/events.truth.jsonl	3311417	fbf26681fa20c1c2358aa1186441ede9c544d0df5804996bf468d0ab84f7cbd7	pack_a
releases/pack_aa/event_samples/20260722T092243Z_3/samples/c50900cc55623ce4/input_hashes.json	853	627752e689e78e8f58e26412d0da64473e756b8ab103b0be342c82d17cc020be	pack_a
releases/pack_aa/event_samples/20260722T092243Z_3/samples/c50900cc55623ce4/run_summary.json	4044	c2d42428e6ac4268bd63437944e84b082566ab210794212446a4c4ea4f290d5d	pack_a
releases/pack_aa/event_samples/20260722T092243Z_3/samples/4ad3896b59cb0d92/aa0_provenance_check.json	827	e2a423462cd64b9fc68f1e0be8569b4ade898e507c40d3b67dfff2c6fde3d6a7	pack_a
releases/pack_aa/event_samples/20260722T092243Z_3/samples/4ad3896b59cb0d92/aa1_config_validation_report.json	16843	3342734f6e93c41c5709d80c7a7c60620bf2b7c9dab19557109717acf0f99f22	pack_a
releases/pack_aa/event_samples/20260722T092243Z_3/samples/4ad3896b59cb0d92/aa4_lifetime_closure.json	291	d9e8bde4c5bb2f024101f9058e7c1a0297c2a62e37dff192d37ee4466ec6d7d4	pack_a
releases/pack_aa/event_samples/20260722T092243Z_3/samples/4ad3896b59cb0d92/aa5_branching_fraction_table.json	433	f58ef085f9bd23f65a55156594275b3b66288128f29a36079fc7c2abc68b7b9b	pack_a
releases/pack_aa/event_samples/20260722T092243Z_3/samples/4ad3896b59cb0d92/aa6_production_preservation_report.json	233	1908046b7eeaa6260507e59979109c4fe073d62069cadaf07bbb99ee457c6d95	pack_a
releases/pack_aa/event_samples/20260722T092243Z_3/samples/4ad3896b59cb0d92/config.yaml	1110	9620e73985c3fdbda57ede98e465947bd4231372a42b7c4b2ff5c1c7ba554420	pack_a
releases/pack_aa/event_samples/20260722T092243Z_3/samples/4ad3896b59cb0d92/driver.log	6975	70d9dbc6ba90241dbfd120a4c13682bad91fd40f5909cdca4fa8c4115298e4d5	pack_a
releases/pack_aa/event_samples/20260722T092243Z_3/samples/4ad3896b59cb0d92/driver_command.txt	400	b5c220a56b1d1cbcfb16d70038ac598624ef60ea16f61b5259de594b0e77688a	pack_a
releases/pack_aa/event_samples/20260722T092243Z_3/samples/4ad3896b59cb0d92/events.truth.driver.meta.json	441	1fa4b08adee8a54da742aaafd74d631b33c3d68b70d6007cb813e0f5fdc71226	pack_a
releases/pack_aa/event_samples/20260722T092243Z_3/samples/4ad3896b59cb0d92/events.truth.jsonl	3263554	20814f400f963e84075117ea40a37167e6aad2ac2907b97643dc40d8f1f00440	pack_a
releases/pack_aa/event_samples/20260722T092243Z_3/samples/4ad3896b59cb0d92/input_hashes.json	762	b2fb4b6b331f8f3453d8189fbae82ac15c06a08881142a14fd39312033317cdd	pack_a
releases/pack_aa/event_samples/20260722T092243Z_3/samples/4ad3896b59cb0d92/run_summary.json	3542	1de4d3bbf53e75e535c9dd1cc041c6ce72790b0a3dc716a08ef8c738b106fb11	pack_a
releases/pack_aa/event_samples/20260722T092243Z_3/samples/743390d495cb995c/aa0_provenance_check.json	827	e2a423462cd64b9fc68f1e0be8569b4ade898e507c40d3b67dfff2c6fde3d6a7	pack_a
releases/pack_aa/event_samples/20260722T092243Z_3/samples/743390d495cb995c/aa1_config_validation_report.json	16843	24427eb6b6088df35cefe4af85cbc6b950cba5cf1d83efa52bae42bf953084f5	pack_a
releases/pack_aa/event_samples/20260722T092243Z_3/samples/743390d495cb995c/aa4_lifetime_closure.json	291	cb42a954af34c9a4da106d25a8704028b8232f6a0ef1978fbcced9c1268b20ae	pack_a
releases/pack_aa/event_samples/20260722T092243Z_3/samples/743390d495cb995c/aa5_branching_fraction_table.json	847	97dcfda830b36f1389b70e5dd8b620ffeb1a6d9ac43c5a163ffa3c2d6e9f1686	pack_a
releases/pack_aa/event_samples/20260722T092243Z_3/samples/743390d495cb995c/aa6_production_preservation_report.json	233	1908046b7eeaa6260507e59979109c4fe073d62069cadaf07bbb99ee457c6d95	pack_a
releases/pack_aa/event_samples/20260722T092243Z_3/samples/743390d495cb995c/config.yaml	1157	ca50f6436a6c3991c50280387b4b392dde8fb0a3dc6965f039ee2c69ef62b0c3	pack_a
releases/pack_aa/event_samples/20260722T092243Z_3/samples/743390d495cb995c/driver.log	6775	0a4b55e6c05ff81c9a3f943353470f16479ce918c638f6b4263cc19d4991b8e5	pack_a
releases/pack_aa/event_samples/20260722T092243Z_3/samples/743390d495cb995c/driver_command.txt	443	5a0e3b76ab17cc93a0748a84072bd6569593300e60476ba3f0370eea0817dbb4	pack_a
releases/pack_aa/event_samples/20260722T092243Z_3/samples/743390d495cb995c/events.truth.driver.meta.json	441	bf235c610842ce620ed116bc32f96557f0f01f8e8c600e4d871635ff6e3b6de5	pack_a
releases/pack_aa/event_samples/20260722T092243Z_3/samples/743390d495cb995c/events.truth.jsonl	3272295	235c9336b449f8649353a77b654634de78178bd563d4f89a129b23044d375254	pack_a
releases/pack_aa/event_samples/20260722T092243Z_3/samples/743390d495cb995c/input_hashes.json	856	12994510f51d22375ceac8d122509a6828dcc22dbbe04147c4cb240918f539b5	pack_a
releases/pack_aa/event_samples/20260722T092243Z_3/samples/743390d495cb995c/run_summary.json	4048	b14a05640dd7e4b38810611ab2154cdafb8458edcccf56fef392911f3a107f09	pack_a
releases/pack_aa/event_samples/20260722T092243Z_3/samples/b3f66512c7b91693/aa0_provenance_check.json	827	e2a423462cd64b9fc68f1e0be8569b4ade898e507c40d3b67dfff2c6fde3d6a7	pack_a
releases/pack_aa/event_samples/20260722T092243Z_3/samples/b3f66512c7b91693/aa1_config_validation_report.json	16843	af16c448b6a91338d8245b3311cd71a0c0e9575d7cf49be57cfda74d3a6d38c4	pack_a
releases/pack_aa/event_samples/20260722T092243Z_3/samples/b3f66512c7b91693/aa4_lifetime_closure.json	294	b9b3e65ac47d82717e16be324384ba7d35f22b0b0bcb1c47d02e48c7f6de6987	pack_a
releases/pack_aa/event_samples/20260722T092243Z_3/samples/b3f66512c7b91693/aa5_branching_fraction_table.json	433	f58ef085f9bd23f65a55156594275b3b66288128f29a36079fc7c2abc68b7b9b	pack_a
releases/pack_aa/event_samples/20260722T092243Z_3/samples/b3f66512c7b91693/aa6_production_preservation_report.json	233	1908046b7eeaa6260507e59979109c4fe073d62069cadaf07bbb99ee457c6d95	pack_a
releases/pack_aa/event_samples/20260722T092243Z_3/samples/b3f66512c7b91693/config.yaml	1112	94dde1fabdb7fe39ca206cfd2277705ecf9a7e8c064719db4eded4bdf078d17b	pack_a
releases/pack_aa/event_samples/20260722T092243Z_3/samples/b3f66512c7b91693/driver.log	6975	ec7c14d38d7ca80ce191610409a9a128e9f7bf44945357a3f40efff82296e091	pack_a
releases/pack_aa/event_samples/20260722T092243Z_3/samples/b3f66512c7b91693/driver_command.txt	401	fbed802d9872107e75d4a41961e70dc91970ab5298e7930a9e92b7877ce1f379	pack_a
releases/pack_aa/event_samples/20260722T092243Z_3/samples/b3f66512c7b91693/events.truth.driver.meta.json	442	322b509c9152f3d81e3c86ddcebb4a4252e8786d5131d52d2a7a23e5cac2b897	pack_a
releases/pack_aa/event_samples/20260722T092243Z_3/samples/b3f66512c7b91693/events.truth.jsonl	3263419	65b9f5a2ee134680e564992ae8e2a835173929bc63005f02491162d5452a84a8	pack_a
releases/pack_aa/event_samples/20260722T092243Z_3/samples/b3f66512c7b91693/input_hashes.json	763	015a8324b3af71dd0ab6a6f2ee15ee7e0d3e5c94d8b9ef1324069fff933f7944	pack_a
releases/pack_aa/event_samples/20260722T092243Z_3/samples/b3f66512c7b91693/run_summary.json	3546	d29c991982b4e53139cfb5d9ca16e5a4b68865054f574553027dafc8efb31311	pack_a
releases/pack_aa/event_samples/20260722T092243Z_3/samples/7d6ffaa5822da03f/aa0_provenance_check.json	827	e2a423462cd64b9fc68f1e0be8569b4ade898e507c40d3b67dfff2c6fde3d6a7	pack_a
releases/pack_aa/event_samples/20260722T092243Z_3/samples/7d6ffaa5822da03f/aa1_config_validation_report.json	16843	37d6ef71c5c9597dd35a6399742a7defc73f0b9e67c3b04ec22806124558db4d	pack_a
releases/pack_aa/event_samples/20260722T092243Z_3/samples/7d6ffaa5822da03f/aa4_lifetime_closure.json	291	cd8dc8ee3e8a8e19933eb24643073c2af6d445b4f1ebdeb9edc25bfd296275f2	pack_a
releases/pack_aa/event_samples/20260722T092243Z_3/samples/7d6ffaa5822da03f/aa5_branching_fraction_table.json	433	f58ef085f9bd23f65a55156594275b3b66288128f29a36079fc7c2abc68b7b9b	pack_a
releases/pack_aa/event_samples/20260722T092243Z_3/samples/7d6ffaa5822da03f/aa6_production_preservation_report.json	233	1908046b7eeaa6260507e59979109c4fe073d62069cadaf07bbb99ee457c6d95	pack_a
releases/pack_aa/event_samples/20260722T092243Z_3/samples/7d6ffaa5822da03f/config.yaml	1104	ef2918ce1b46cbc1ccfa5ab609c2a3aaf9209f258648dd0be1a5ba5832cdf290	pack_a
releases/pack_aa/event_samples/20260722T092243Z_3/samples/7d6ffaa5822da03f/driver.log	6975	f15c3d6f65d558a49a92df8c848b0bd9bb4f506f5037273537017b7eb2f47929	pack_a
releases/pack_aa/event_samples/20260722T092243Z_3/samples/7d6ffaa5822da03f/driver_command.txt	397	39b92f7bab7557aa92fefb0a185ce10df34df53cc74e63d1bd7601f69ea608d3	pack_a
releases/pack_aa/event_samples/20260722T092243Z_3/samples/7d6ffaa5822da03f/events.truth.driver.meta.json	438	82667a4860a6c63c781510059c4626722026defd07051ff69a99bace65f989cc	pack_a
releases/pack_aa/event_samples/20260722T092243Z_3/samples/7d6ffaa5822da03f/events.truth.jsonl	3303126	499fd37ede05a2497bc2849529187ee9180be8a44551cb6fc33cc0735490ee13	pack_a
releases/pack_aa/event_samples/20260722T092243Z_3/samples/7d6ffaa5822da03f/input_hashes.json	759	53a7c3f0b061907bd7062bceb3d12a94702522a7a30347307bbcd295c159b27c	pack_a
releases/pack_aa/event_samples/20260722T092243Z_3/samples/7d6ffaa5822da03f/run_summary.json	3539	200b2fc31fb954c335a505416134749ae47474a1793d7a0617a2bd361eb606b3	pack_a
releases/pack_aa/event_samples/20260722T092243Z_4/PACK_AA_EVENT_BUNDLE_20260722T092243Z_4.zip	3911116	39922fefbb808e7bbe4f6a7c49b553f33be0b9eeb1d46d655df5f8be7f7fc0bb	pack_a
releases/pack_aa/event_samples/20260722T092243Z_4/PACK_AA_EVENT_BUNDLE_CHECKSUMS.sha256	13435	a8e88efaf44f0690571340cb7ee9d1bb1b1a745c5847331b77610008d290130d	pack_a
releases/pack_aa/event_samples/20260722T092243Z_4/PACK_AA_EVENT_BUNDLE_MANIFEST.json	22540	6b6a5201245235d04c7ecc518c925d4d6d7eb3fa9319ed70770f30ed5e30a0e7	pack_a
releases/pack_aa/event_samples/20260722T092243Z_4/PACK_AA_EVENT_BUNDLE_RESEARCHER_BRIEF.md	891	67d99ff92cfbbd2051a1b2235d0df2f9fd5fedc8b136be4d34f72bbbf0a17498	pack_a
releases/pack_aa/event_samples/20260722T092243Z_4/PACK_AA_EVENT_BUNDLE_VALIDATION.json	22970	77836eae4e97554e483aca9ccb33d29f7e0983a30143ade62446048782c0148f	pack_a
releases/pack_aa/event_samples/20260722T092243Z_4/PACK_AA_EVENT_BUNDLE_VALIDATION.md	744	caac9b9d2cfa4b68f2c21ffd04f6bad8be74209771178cc3bbfec122202cda68	pack_a
releases/pack_aa/event_samples/20260722T092243Z_4/PACK_AA_EVENT_SAMPLE_CATALOG.csv	2369	d136c1805852698369a2b42fbde9d50b8501f2738a1b819406dd931d39f170da	pack_a
releases/pack_aa/event_samples/20260722T092243Z_4/PACK_AA_EVENT_SAMPLE_CATALOG.md	1128	8ad626a8bbfeb5716715eea10b8fbe2220442b67e71fd600698d2c4257944802	pack_a
releases/pack_aa/event_samples/20260722T092243Z_4/events_inspected/bb_event_0001.txt	1288	15375521db52d878bee3f4b9e83c307adbacf7bb03cef288fa384c84c600cc51	pack_a
releases/pack_aa/event_samples/20260722T092243Z_4/events_inspected/gamma_gamma_event_0001.txt	1293	e8920bf7ba194c968432955b6f5316b84f6064f5d64223048da061081fa66e60	pack_a
releases/pack_aa/event_samples/20260722T092243Z_4/events_inspected/long_lived_event_0001.txt	1283	f991fb1b2ef8c3b5a883b94e942597abf167d5d31932c368bb57452c059920b1	pack_a
releases/pack_aa/event_samples/20260722T092243Z_4/events_inspected/mixed_event_0001.txt	1284	ce6d097f8b83141e2316f2f580b44e3ceab6fad15d0d66dad825a4691b7ac7c4	pack_a
releases/pack_aa/event_samples/20260722T092243Z_4/samples/9db01cdd5f1bc783/aa0_provenance_check.json	827	e2a423462cd64b9fc68f1e0be8569b4ade898e507c40d3b67dfff2c6fde3d6a7	pack_a
releases/pack_aa/event_samples/20260722T092243Z_4/samples/9db01cdd5f1bc783/aa1_config_validation_report.json	16843	520a3805133315b6d5c4171c7e56e5ac1864fdc01e8619f67b100daa7e9a4276	pack_a
releases/pack_aa/event_samples/20260722T092243Z_4/samples/9db01cdd5f1bc783/aa4_lifetime_closure.json	291	bb7d55f599eff1940f44cf3c0b3f887c64368906d4c4c494cb327d3d36692f7e	pack_a
releases/pack_aa/event_samples/20260722T092243Z_4/samples/9db01cdd5f1bc783/aa5_branching_fraction_table.json	432	c5c296d7014987a225c86a7a8edf677d03586dd626703207c0c74cdfc2da4485	pack_a
releases/pack_aa/event_samples/20260722T092243Z_4/samples/9db01cdd5f1bc783/aa6_production_preservation_report.json	233	1908046b7eeaa6260507e59979109c4fe073d62069cadaf07bbb99ee457c6d95	pack_a
releases/pack_aa/event_samples/20260722T092243Z_4/samples/9db01cdd5f1bc783/config.yaml	1102	87b69eae1bae378bd3adfc96237c5ee4ab04fc365d5e632888be60477f10e306	pack_a
releases/pack_aa/event_samples/20260722T092243Z_4/samples/9db01cdd5f1bc783/driver.log	6869	cd9fdcf31f74df2e9bf610b33c3fbaa75dfba91bd26d420c4bf50f312bb43c57	pack_a
releases/pack_aa/event_samples/20260722T092243Z_4/samples/9db01cdd5f1bc783/driver_command.txt	400	3a8e7924213928e4c31e64d60634884019024fac7e1f64596c2d74f74d81e0dc	pack_a
releases/pack_aa/event_samples/20260722T092243Z_4/samples/9db01cdd5f1bc783/events.truth.driver.meta.json	442	aeb7551740a53045c8dbb8f6c0bd1afceb304a7c806a0a36255f6f082d311070	pack_a
releases/pack_aa/event_samples/20260722T092243Z_4/samples/9db01cdd5f1bc783/events.truth.jsonl	3267739	0622b260547980f3720f21fd11c0cbd054824715e37ad7e552d17bac82b59af5	pack_a
releases/pack_aa/event_samples/20260722T092243Z_4/samples/9db01cdd5f1bc783/input_hashes.json	762	20a567b98ce26b0a2eabfde6926a8a0efcecf89a44776064a126b2f7440ee8f0	pack_a
releases/pack_aa/event_samples/20260722T092243Z_4/samples/9db01cdd5f1bc783/run_summary.json	3540	87d4be62d164a9653a28c5436b6201e2c8230e20748b26fb728460be52c45247	pack_a
releases/pack_aa/event_samples/20260722T092243Z_4/samples/660021fb118f5f92/aa0_provenance_check.json	827	e2a423462cd64b9fc68f1e0be8569b4ade898e507c40d3b67dfff2c6fde3d6a7	pack_a
releases/pack_aa/event_samples/20260722T092243Z_4/samples/660021fb118f5f92/aa1_config_validation_report.json	16843	eefcb9de5d1d3e99d3dcbee5fc5ba6e3bc6fff63397a6f9ccd32b57781581ffe	pack_a
releases/pack_aa/event_samples/20260722T092243Z_4/samples/660021fb118f5f92/aa4_lifetime_closure.json	289	77301496e2230355a7bba5dfc2566c2bd88199a0025b98fe8618eb9afe2d9737	pack_a
releases/pack_aa/event_samples/20260722T092243Z_4/samples/660021fb118f5f92/aa5_branching_fraction_table.json	432	c5c296d7014987a225c86a7a8edf677d03586dd626703207c0c74cdfc2da4485	pack_a
releases/pack_aa/event_samples/20260722T092243Z_4/samples/660021fb118f5f92/aa6_production_preservation_report.json	233	1908046b7eeaa6260507e59979109c4fe073d62069cadaf07bbb99ee457c6d95	pack_a
releases/pack_aa/event_samples/20260722T092243Z_4/samples/660021fb118f5f92/config.yaml	1094	9e6458821ec4b9f8ac5e975879e3e2c0f34923195cec4db91e8187ffd488846a	pack_a
releases/pack_aa/event_samples/20260722T092243Z_4/samples/660021fb118f5f92/driver.log	6869	dc03b0f24e8a94662b182933d2477e957d9d73d118e08559061d8ff251217d6d	pack_a
releases/pack_aa/event_samples/20260722T092243Z_4/samples/660021fb118f5f92/driver_command.txt	396	7c80cb8dcecd7cd09f9d1944885053cd6160590db5c966a1ef89819a7741198a	pack_a
releases/pack_aa/event_samples/20260722T092243Z_4/samples/660021fb118f5f92/events.truth.driver.meta.json	438	56f97539f2d64510a1e8e082868abbeded08c38eeda925db2d2385c27759574f	pack_a
releases/pack_aa/event_samples/20260722T092243Z_4/samples/660021fb118f5f92/events.truth.jsonl	3307183	b43da26433cb96916292c78501d7d802cc9c886c84a08a2815d414883d047b94	pack_a
releases/pack_aa/event_samples/20260722T092243Z_4/samples/660021fb118f5f92/input_hashes.json	758	c2c9133d2ca34cf7098d817b9454ade89108690155c7107d2727aa7e22421d9c	pack_a
releases/pack_aa/event_samples/20260722T092243Z_4/samples/660021fb118f5f92/run_summary.json	3534	f305edc027ab59dcac4d37baeb309af149d03697a7b9da064a4d4aa8d2e6d785	pack_a
releases/pack_aa/event_samples/20260722T092243Z_4/samples/fcd9ff83da939385/aa0_provenance_check.json	827	e2a423462cd64b9fc68f1e0be8569b4ade898e507c40d3b67dfff2c6fde3d6a7	pack_a
releases/pack_aa/event_samples/20260722T092243Z_4/samples/fcd9ff83da939385/aa1_config_validation_report.json	16843	d9838ba437a7c294f4d7ef2b5f4cdef49072208307d90adc0aafca421ddc4257	pack_a
releases/pack_aa/event_samples/20260722T092243Z_4/samples/fcd9ff83da939385/aa4_lifetime_closure.json	290	956196464f28129d6118815f82eeca7fbc5f494e009a9cf14653ef0becf56693	pack_a
releases/pack_aa/event_samples/20260722T092243Z_4/samples/fcd9ff83da939385/aa5_branching_fraction_table.json	432	c5c296d7014987a225c86a7a8edf677d03586dd626703207c0c74cdfc2da4485	pack_a
releases/pack_aa/event_samples/20260722T092243Z_4/samples/fcd9ff83da939385/aa6_production_preservation_report.json	233	1908046b7eeaa6260507e59979109c4fe073d62069cadaf07bbb99ee457c6d95	pack_a
releases/pack_aa/event_samples/20260722T092243Z_4/samples/fcd9ff83da939385/config.yaml	1100	99bda0c22f5d96e54c57b40b0f0e392871d85c5740c64da269fd493aa6709219	pack_a
releases/pack_aa/event_samples/20260722T092243Z_4/samples/fcd9ff83da939385/driver.log	6869	eacb379fc4f65c31aedb85aee37c61c5f482aa7592b8748367f81615c6a4be4c	pack_a
releases/pack_aa/event_samples/20260722T092243Z_4/samples/fcd9ff83da939385/driver_command.txt	399	1ffaa2de82e1a2dbc03d35d31d586f555c798edc51f0f98e58f48da969009849	pack_a
releases/pack_aa/event_samples/20260722T092243Z_4/samples/fcd9ff83da939385/events.truth.driver.meta.json	441	39bd0f1b3fd999a77885a8d22990d85a2a3279ff93c41d1f9a8dad475434155c	pack_a
releases/pack_aa/event_samples/20260722T092243Z_4/samples/fcd9ff83da939385/events.truth.jsonl	3267735	95eeef943e1ed33b02c8b1da5988b1e1b9737d1684fea31f9ad9b60cd49a8498	pack_a
releases/pack_aa/event_samples/20260722T092243Z_4/samples/fcd9ff83da939385/input_hashes.json	761	7a14cb5b2b03e4fa41efccf2b7f7bf6ed1171a98580178744b49eef94204da85	pack_a
releases/pack_aa/event_samples/20260722T092243Z_4/samples/fcd9ff83da939385/run_summary.json	3538	29f44998beca2f51c605d7e40d3f896a73526cd1e0b4845ce151c4b129805596	pack_a
releases/pack_aa/event_samples/20260722T092243Z_4/samples/79ba74fb49c2f8c4/aa0_provenance_check.json	827	e2a423462cd64b9fc68f1e0be8569b4ade898e507c40d3b67dfff2c6fde3d6a7	pack_a
releases/pack_aa/event_samples/20260722T092243Z_4/samples/79ba74fb49c2f8c4/aa1_config_validation_report.json	16843	30adc6904f274309f5b724272b0c91cf4aa529b4d8151b47004bd342ceeb7e3f	pack_a
releases/pack_aa/event_samples/20260722T092243Z_4/samples/79ba74fb49c2f8c4/aa4_lifetime_closure.json	292	dc180fce72f05bf0c9ce6ae8409f3373f2c3021ecf1ec8f96af4ce37d06d8857	pack_a
releases/pack_aa/event_samples/20260722T092243Z_4/samples/79ba74fb49c2f8c4/aa5_branching_fraction_table.json	847	97dcfda830b36f1389b70e5dd8b620ffeb1a6d9ac43c5a163ffa3c2d6e9f1686	pack_a
releases/pack_aa/event_samples/20260722T092243Z_4/samples/79ba74fb49c2f8c4/aa6_production_preservation_report.json	233	1908046b7eeaa6260507e59979109c4fe073d62069cadaf07bbb99ee457c6d95	pack_a
releases/pack_aa/event_samples/20260722T092243Z_4/samples/79ba74fb49c2f8c4/config.yaml	1159	4027f3775f864585e560557929337f0793ffac5f6fe354785a1ea15742b45f71	pack_a
releases/pack_aa/event_samples/20260722T092243Z_4/samples/79ba74fb49c2f8c4/driver.log	6775	046a8cd546b4f29a96e6a3258d4d536eefa11526d0bb042cc0de1763133f616e	pack_a
releases/pack_aa/event_samples/20260722T092243Z_4/samples/79ba74fb49c2f8c4/driver_command.txt	444	665aad6e4c4d2ac80579eca2b35e5003d0af0894cfdef96af984fb5e31d01faf	pack_a
releases/pack_aa/event_samples/20260722T092243Z_4/samples/79ba74fb49c2f8c4/events.truth.driver.meta.json	442	1c30601c7abc2ce2156450ec1d04896986493636895d621967bfcd67af5902a6	pack_a
releases/pack_aa/event_samples/20260722T092243Z_4/samples/79ba74fb49c2f8c4/events.truth.jsonl	3272289	a4b5fd3b75a05cfcde11ba23e10def4b8da573934e4be33105ebf83e18c7a3fe	pack_a
releases/pack_aa/event_samples/20260722T092243Z_4/samples/79ba74fb49c2f8c4/input_hashes.json	857	4c893d25bd604e773a0138c3e3a837230fae7ffa09ba8b7128f5da6de70c532b	pack_a
releases/pack_aa/event_samples/20260722T092243Z_4/samples/79ba74fb49c2f8c4/run_summary.json	4050	a4e5cf5698b85616f2bd5eef46e0537aaa4506667abf25b08564fa9a8bfe6393	pack_a
releases/pack_aa/event_samples/20260722T092243Z_4/samples/c50900cc55623ce4/aa0_provenance_check.json	827	e2a423462cd64b9fc68f1e0be8569b4ade898e507c40d3b67dfff2c6fde3d6a7	pack_a
releases/pack_aa/event_samples/20260722T092243Z_4/samples/c50900cc55623ce4/aa1_config_validation_report.json	16843	7494ec2587fd721399f27abdcde346b917e6ed2a741324b0779520a7dc2ee941	pack_a
releases/pack_aa/event_samples/20260722T092243Z_4/samples/c50900cc55623ce4/aa4_lifetime_closure.json	290	ca228213a0ac1b5d9c3971313b9e00fdf428c1db399340795f1243118b1f661e	pack_a
releases/pack_aa/event_samples/20260722T092243Z_4/samples/c50900cc55623ce4/aa5_branching_fraction_table.json	847	97dcfda830b36f1389b70e5dd8b620ffeb1a6d9ac43c5a163ffa3c2d6e9f1686	pack_a
releases/pack_aa/event_samples/20260722T092243Z_4/samples/c50900cc55623ce4/aa6_production_preservation_report.json	233	1908046b7eeaa6260507e59979109c4fe073d62069cadaf07bbb99ee457c6d95	pack_a
releases/pack_aa/event_samples/20260722T092243Z_4/samples/c50900cc55623ce4/config.yaml	1151	5d3113d646bcbecc5c9cab9ebde5830f2761bd0fe58e9b28fdc5a1e2ef37a3fb	pack_a
releases/pack_aa/event_samples/20260722T092243Z_4/samples/c50900cc55623ce4/driver.log	6775	9b6fac3adf792805294533958d208d74635474031d46311a76f836cbc3739a30	pack_a
releases/pack_aa/event_samples/20260722T092243Z_4/samples/c50900cc55623ce4/driver_command.txt	440	56ee8bcff7da4c8aed1e2ff0aa3dd291e799062f7db17f29548667b50ecfc744	pack_a
releases/pack_aa/event_samples/20260722T092243Z_4/samples/c50900cc55623ce4/events.truth.driver.meta.json	438	b2e7151aad4338779ba3e0ecb256d3db1f0fada35812447b908a694aa4800f1b	pack_a
releases/pack_aa/event_samples/20260722T092243Z_4/samples/c50900cc55623ce4/events.truth.jsonl	3311417	fbf26681fa20c1c2358aa1186441ede9c544d0df5804996bf468d0ab84f7cbd7	pack_a
releases/pack_aa/event_samples/20260722T092243Z_4/samples/c50900cc55623ce4/input_hashes.json	853	627752e689e78e8f58e26412d0da64473e756b8ab103b0be342c82d17cc020be	pack_a
releases/pack_aa/event_samples/20260722T092243Z_4/samples/c50900cc55623ce4/run_summary.json	4044	c2d42428e6ac4268bd63437944e84b082566ab210794212446a4c4ea4f290d5d	pack_a
releases/pack_aa/event_samples/20260722T092243Z_4/samples/4ad3896b59cb0d92/aa0_provenance_check.json	827	e2a423462cd64b9fc68f1e0be8569b4ade898e507c40d3b67dfff2c6fde3d6a7	pack_a
releases/pack_aa/event_samples/20260722T092243Z_4/samples/4ad3896b59cb0d92/aa1_config_validation_report.json	16843	3342734f6e93c41c5709d80c7a7c60620bf2b7c9dab19557109717acf0f99f22	pack_a
releases/pack_aa/event_samples/20260722T092243Z_4/samples/4ad3896b59cb0d92/aa4_lifetime_closure.json	291	d9e8bde4c5bb2f024101f9058e7c1a0297c2a62e37dff192d37ee4466ec6d7d4	pack_a
releases/pack_aa/event_samples/20260722T092243Z_4/samples/4ad3896b59cb0d92/aa5_branching_fraction_table.json	433	f58ef085f9bd23f65a55156594275b3b66288128f29a36079fc7c2abc68b7b9b	pack_a
releases/pack_aa/event_samples/20260722T092243Z_4/samples/4ad3896b59cb0d92/aa6_production_preservation_report.json	233	1908046b7eeaa6260507e59979109c4fe073d62069cadaf07bbb99ee457c6d95	pack_a
releases/pack_aa/event_samples/20260722T092243Z_4/samples/4ad3896b59cb0d92/config.yaml	1110	9620e73985c3fdbda57ede98e465947bd4231372a42b7c4b2ff5c1c7ba554420	pack_a
releases/pack_aa/event_samples/20260722T092243Z_4/samples/4ad3896b59cb0d92/driver.log	6975	70d9dbc6ba90241dbfd120a4c13682bad91fd40f5909cdca4fa8c4115298e4d5	pack_a
releases/pack_aa/event_samples/20260722T092243Z_4/samples/4ad3896b59cb0d92/driver_command.txt	400	b5c220a56b1d1cbcfb16d70038ac598624ef60ea16f61b5259de594b0e77688a	pack_a
releases/pack_aa/event_samples/20260722T092243Z_4/samples/4ad3896b59cb0d92/events.truth.driver.meta.json	441	1fa4b08adee8a54da742aaafd74d631b33c3d68b70d6007cb813e0f5fdc71226	pack_a
releases/pack_aa/event_samples/20260722T092243Z_4/samples/4ad3896b59cb0d92/events.truth.jsonl	3263554	20814f400f963e84075117ea40a37167e6aad2ac2907b97643dc40d8f1f00440	pack_a
releases/pack_aa/event_samples/20260722T092243Z_4/samples/4ad3896b59cb0d92/input_hashes.json	762	b2fb4b6b331f8f3453d8189fbae82ac15c06a08881142a14fd39312033317cdd	pack_a
releases/pack_aa/event_samples/20260722T092243Z_4/samples/4ad3896b59cb0d92/run_summary.json	3542	1de4d3bbf53e75e535c9dd1cc041c6ce72790b0a3dc716a08ef8c738b106fb11	pack_a
releases/pack_aa/event_samples/20260722T092243Z_4/samples/743390d495cb995c/aa0_provenance_check.json	827	e2a423462cd64b9fc68f1e0be8569b4ade898e507c40d3b67dfff2c6fde3d6a7	pack_a
releases/pack_aa/event_samples/20260722T092243Z_4/samples/743390d495cb995c/aa1_config_validation_report.json	16843	24427eb6b6088df35cefe4af85cbc6b950cba5cf1d83efa52bae42bf953084f5	pack_a
releases/pack_aa/event_samples/20260722T092243Z_4/samples/743390d495cb995c/aa4_lifetime_closure.json	291	cb42a954af34c9a4da106d25a8704028b8232f6a0ef1978fbcced9c1268b20ae	pack_a
releases/pack_aa/event_samples/20260722T092243Z_4/samples/743390d495cb995c/aa5_branching_fraction_table.json	847	97dcfda830b36f1389b70e5dd8b620ffeb1a6d9ac43c5a163ffa3c2d6e9f1686	pack_a
releases/pack_aa/event_samples/20260722T092243Z_4/samples/743390d495cb995c/aa6_production_preservation_report.json	233	1908046b7eeaa6260507e59979109c4fe073d62069cadaf07bbb99ee457c6d95	pack_a
releases/pack_aa/event_samples/20260722T092243Z_4/samples/743390d495cb995c/config.yaml	1157	ca50f6436a6c3991c50280387b4b392dde8fb0a3dc6965f039ee2c69ef62b0c3	pack_a
releases/pack_aa/event_samples/20260722T092243Z_4/samples/743390d495cb995c/driver.log	6775	0a4b55e6c05ff81c9a3f943353470f16479ce918c638f6b4263cc19d4991b8e5	pack_a
releases/pack_aa/event_samples/20260722T092243Z_4/samples/743390d495cb995c/driver_command.txt	443	5a0e3b76ab17cc93a0748a84072bd6569593300e60476ba3f0370eea0817dbb4	pack_a
releases/pack_aa/event_samples/20260722T092243Z_4/samples/743390d495cb995c/events.truth.driver.meta.json	441	bf235c610842ce620ed116bc32f96557f0f01f8e8c600e4d871635ff6e3b6de5	pack_a
releases/pack_aa/event_samples/20260722T092243Z_4/samples/743390d495cb995c/events.truth.jsonl	3272295	235c9336b449f8649353a77b654634de78178bd563d4f89a129b23044d375254	pack_a
releases/pack_aa/event_samples/20260722T092243Z_4/samples/743390d495cb995c/input_hashes.json	856	12994510f51d22375ceac8d122509a6828dcc22dbbe04147c4cb240918f539b5	pack_a
releases/pack_aa/event_samples/20260722T092243Z_4/samples/743390d495cb995c/run_summary.json	4048	b14a05640dd7e4b38810611ab2154cdafb8458edcccf56fef392911f3a107f09	pack_a
releases/pack_aa/event_samples/20260722T092243Z_4/samples/b3f66512c7b91693/aa0_provenance_check.json	827	e2a423462cd64b9fc68f1e0be8569b4ade898e507c40d3b67dfff2c6fde3d6a7	pack_a
releases/pack_aa/event_samples/20260722T092243Z_4/samples/b3f66512c7b91693/aa1_config_validation_report.json	16843	af16c448b6a91338d8245b3311cd71a0c0e9575d7cf49be57cfda74d3a6d38c4	pack_a
releases/pack_aa/event_samples/20260722T092243Z_4/samples/b3f66512c7b91693/aa4_lifetime_closure.json	294	b9b3e65ac47d82717e16be324384ba7d35f22b0b0bcb1c47d02e48c7f6de6987	pack_a
releases/pack_aa/event_samples/20260722T092243Z_4/samples/b3f66512c7b91693/aa5_branching_fraction_table.json	433	f58ef085f9bd23f65a55156594275b3b66288128f29a36079fc7c2abc68b7b9b	pack_a
releases/pack_aa/event_samples/20260722T092243Z_4/samples/b3f66512c7b91693/aa6_production_preservation_report.json	233	1908046b7eeaa6260507e59979109c4fe073d62069cadaf07bbb99ee457c6d95	pack_a
releases/pack_aa/event_samples/20260722T092243Z_4/samples/b3f66512c7b91693/config.yaml	1112	94dde1fabdb7fe39ca206cfd2277705ecf9a7e8c064719db4eded4bdf078d17b	pack_a
releases/pack_aa/event_samples/20260722T092243Z_4/samples/b3f66512c7b91693/driver.log	6975	ec7c14d38d7ca80ce191610409a9a128e9f7bf44945357a3f40efff82296e091	pack_a
releases/pack_aa/event_samples/20260722T092243Z_4/samples/b3f66512c7b91693/driver_command.txt	401	fbed802d9872107e75d4a41961e70dc91970ab5298e7930a9e92b7877ce1f379	pack_a
releases/pack_aa/event_samples/20260722T092243Z_4/samples/b3f66512c7b91693/events.truth.driver.meta.json	442	322b509c9152f3d81e3c86ddcebb4a4252e8786d5131d52d2a7a23e5cac2b897	pack_a
releases/pack_aa/event_samples/20260722T092243Z_4/samples/b3f66512c7b91693/events.truth.jsonl	3263419	65b9f5a2ee134680e564992ae8e2a835173929bc63005f02491162d5452a84a8	pack_a
releases/pack_aa/event_samples/20260722T092243Z_4/samples/b3f66512c7b91693/input_hashes.json	763	015a8324b3af71dd0ab6a6f2ee15ee7e0d3e5c94d8b9ef1324069fff933f7944	pack_a
releases/pack_aa/event_samples/20260722T092243Z_4/samples/b3f66512c7b91693/run_summary.json	3546	d29c991982b4e53139cfb5d9ca16e5a4b68865054f574553027dafc8efb31311	pack_a
releases/pack_aa/event_samples/20260722T092243Z_4/samples/7d6ffaa5822da03f/aa0_provenance_check.json	827	e2a423462cd64b9fc68f1e0be8569b4ade898e507c40d3b67dfff2c6fde3d6a7	pack_a
releases/pack_aa/event_samples/20260722T092243Z_4/samples/7d6ffaa5822da03f/aa1_config_validation_report.json	16843	37d6ef71c5c9597dd35a6399742a7defc73f0b9e67c3b04ec22806124558db4d	pack_a
releases/pack_aa/event_samples/20260722T092243Z_4/samples/7d6ffaa5822da03f/aa4_lifetime_closure.json	291	cd8dc8ee3e8a8e19933eb24643073c2af6d445b4f1ebdeb9edc25bfd296275f2	pack_a
releases/pack_aa/event_samples/20260722T092243Z_4/samples/7d6ffaa5822da03f/aa5_branching_fraction_table.json	433	f58ef085f9bd23f65a55156594275b3b66288128f29a36079fc7c2abc68b7b9b	pack_a
releases/pack_aa/event_samples/20260722T092243Z_4/samples/7d6ffaa5822da03f/aa6_production_preservation_report.json	233	1908046b7eeaa6260507e59979109c4fe073d62069cadaf07bbb99ee457c6d95	pack_a
releases/pack_aa/event_samples/20260722T092243Z_4/samples/7d6ffaa5822da03f/config.yaml	1104	ef2918ce1b46cbc1ccfa5ab609c2a3aaf9209f258648dd0be1a5ba5832cdf290	pack_a
releases/pack_aa/event_samples/20260722T092243Z_4/samples/7d6ffaa5822da03f/driver.log	6975	f15c3d6f65d558a49a92df8c848b0bd9bb4f506f5037273537017b7eb2f47929	pack_a
releases/pack_aa/event_samples/20260722T092243Z_4/samples/7d6ffaa5822da03f/driver_command.txt	397	39b92f7bab7557aa92fefb0a185ce10df34df53cc74e63d1bd7601f69ea608d3	pack_a
releases/pack_aa/event_samples/20260722T092243Z_4/samples/7d6ffaa5822da03f/events.truth.driver.meta.json	438	82667a4860a6c63c781510059c4626722026defd07051ff69a99bace65f989cc	pack_a
releases/pack_aa/event_samples/20260722T092243Z_4/samples/7d6ffaa5822da03f/events.truth.jsonl	3303126	499fd37ede05a2497bc2849529187ee9180be8a44551cb6fc33cc0735490ee13	pack_a
releases/pack_aa/event_samples/20260722T092243Z_4/samples/7d6ffaa5822da03f/input_hashes.json	759	53a7c3f0b061907bd7062bceb3d12a94702522a7a30347307bbcd295c159b27c	pack_a
releases/pack_aa/event_samples/20260722T092243Z_4/samples/7d6ffaa5822da03f/run_summary.json	3539	200b2fc31fb954c335a505416134749ae47474a1793d7a0617a2bd361eb606b3	pack_a
releases/pack_aa/event_samples/20260722T090049Z_3/events_inspected/gamma_gamma_event_0001.txt	1295	4eca9a641febec4cebaaed71f2fd817949e394e6cf8a39df4f205a4fcde90310	pack_a
releases/pack_aa/event_samples/20260722T090049Z_3/samples/9db01cdd5f1bc783/aa0_provenance_check.json	827	e2a423462cd64b9fc68f1e0be8569b4ade898e507c40d3b67dfff2c6fde3d6a7	pack_a
releases/pack_aa/event_samples/20260722T090049Z_3/samples/9db01cdd5f1bc783/aa1_config_validation_report.json	16843	520a3805133315b6d5c4171c7e56e5ac1864fdc01e8619f67b100daa7e9a4276	pack_a
releases/pack_aa/event_samples/20260722T090049Z_3/samples/9db01cdd5f1bc783/aa4_lifetime_closure.json	291	bb7d55f599eff1940f44cf3c0b3f887c64368906d4c4c494cb327d3d36692f7e	pack_a
releases/pack_aa/event_samples/20260722T090049Z_3/samples/9db01cdd5f1bc783/aa5_branching_fraction_table.json	432	c5c296d7014987a225c86a7a8edf677d03586dd626703207c0c74cdfc2da4485	pack_a
releases/pack_aa/event_samples/20260722T090049Z_3/samples/9db01cdd5f1bc783/aa6_production_preservation_report.json	233	1908046b7eeaa6260507e59979109c4fe073d62069cadaf07bbb99ee457c6d95	pack_a
releases/pack_aa/event_samples/20260722T090049Z_3/samples/9db01cdd5f1bc783/config.yaml	1102	87b69eae1bae378bd3adfc96237c5ee4ab04fc365d5e632888be60477f10e306	pack_a
releases/pack_aa/event_samples/20260722T090049Z_3/samples/9db01cdd5f1bc783/driver.log	6869	aa5865a2749d82808fa4b55c1826061048ef02e92f2eb5979bcb5c6a21194e1b	pack_a
releases/pack_aa/event_samples/20260722T090049Z_3/samples/9db01cdd5f1bc783/driver_command.txt	383	29deb1b2abf760510bf43916872ba0dac60db323b2d56e3ea69da9fb23499105	pack_a
releases/pack_aa/event_samples/20260722T090049Z_3/samples/9db01cdd5f1bc783/events.truth.driver.meta.json	425	2f07899744f56cee4cd1141710fed3feb83745e2ded076aa407ff9cdafde630c	pack_a
releases/pack_aa/event_samples/20260722T090049Z_3/samples/9db01cdd5f1bc783/events.truth.jsonl	3269659	83a594599a8fdbdc2eeb677ef5ef4928f7af2b99d688e013e6f37f2af6cf7297	pack_a
releases/pack_aa/event_samples/20260722T090049Z_3/samples/9db01cdd5f1bc783/input_hashes.json	762	20a567b98ce26b0a2eabfde6926a8a0efcecf89a44776064a126b2f7440ee8f0	pack_a
releases/pack_aa/event_samples/20260722T090049Z_3/samples/9db01cdd5f1bc783/run_summary.json	3502	03093285badfffa24ff069a15b70ace7524327fa837b26b2ac32931c71819ca5	pack_a
releases/pack_aa/event_samples/20260722T090049Z_3/samples/660021fb118f5f92/aa0_provenance_check.json	827	e2a423462cd64b9fc68f1e0be8569b4ade898e507c40d3b67dfff2c6fde3d6a7	pack_a
releases/pack_aa/event_samples/20260722T090049Z_3/samples/660021fb118f5f92/aa1_config_validation_report.json	16843	eefcb9de5d1d3e99d3dcbee5fc5ba6e3bc6fff63397a6f9ccd32b57781581ffe	pack_a
releases/pack_aa/event_samples/20260722T090049Z_3/samples/660021fb118f5f92/aa4_lifetime_closure.json	289	77301496e2230355a7bba5dfc2566c2bd88199a0025b98fe8618eb9afe2d9737	pack_a
releases/pack_aa/event_samples/20260722T090049Z_3/samples/660021fb118f5f92/aa5_branching_fraction_table.json	432	c5c296d7014987a225c86a7a8edf677d03586dd626703207c0c74cdfc2da4485	pack_a
releases/pack_aa/event_samples/20260722T090049Z_3/samples/660021fb118f5f92/aa6_production_preservation_report.json	233	1908046b7eeaa6260507e59979109c4fe073d62069cadaf07bbb99ee457c6d95	pack_a
releases/pack_aa/event_samples/20260722T090049Z_3/samples/660021fb118f5f92/config.yaml	1094	9e6458821ec4b9f8ac5e975879e3e2c0f34923195cec4db91e8187ffd488846a	pack_a
releases/pack_aa/event_samples/20260722T090049Z_3/samples/660021fb118f5f92/driver.log	6869	ed4982e4ede4702512735c6e74c5547b7ef48b7ee65132d92c44e97367212b6f	pack_a
releases/pack_aa/event_samples/20260722T090049Z_3/samples/660021fb118f5f92/driver_command.txt	375	566cf49965412ad83e62e419de935a0a8baa71110013cde0bb972cc233556989	pack_a
releases/pack_aa/event_samples/20260722T090049Z_3/samples/660021fb118f5f92/events.truth.driver.meta.json	417	9db540c642b3823a3ebbee119ebf2fe2b67eb18fb728673fbf7a2970839a42a2	pack_a
releases/pack_aa/event_samples/20260722T090049Z_3/samples/660021fb118f5f92/events.truth.jsonl	3309103	315f8419bf774e82d934cb9d9a608eb11fec078f4e2258414bda2e19c5724822	pack_a
releases/pack_aa/event_samples/20260722T090049Z_3/samples/660021fb118f5f92/input_hashes.json	758	c2c9133d2ca34cf7098d817b9454ade89108690155c7107d2727aa7e22421d9c	pack_a
releases/pack_aa/event_samples/20260722T090049Z_3/samples/660021fb118f5f92/run_summary.json	3484	f6d61ab8036f80771aac6bd84eb3befcb80886c8c3bd349c4690652557fa5a9f	pack_a
releases/pack_aa/event_samples/20260722T090049Z_3/samples/fcd9ff83da939385/aa0_provenance_check.json	827	e2a423462cd64b9fc68f1e0be8569b4ade898e507c40d3b67dfff2c6fde3d6a7	pack_a
releases/pack_aa/event_samples/20260722T090049Z_3/samples/fcd9ff83da939385/aa1_config_validation_report.json	16843	d9838ba437a7c294f4d7ef2b5f4cdef49072208307d90adc0aafca421ddc4257	pack_a
releases/pack_aa/event_samples/20260722T090049Z_3/samples/fcd9ff83da939385/aa4_lifetime_closure.json	290	956196464f28129d6118815f82eeca7fbc5f494e009a9cf14653ef0becf56693	pack_a
releases/pack_aa/event_samples/20260722T090049Z_3/samples/fcd9ff83da939385/aa5_branching_fraction_table.json	432	c5c296d7014987a225c86a7a8edf677d03586dd626703207c0c74cdfc2da4485	pack_a
releases/pack_aa/event_samples/20260722T090049Z_3/samples/fcd9ff83da939385/aa6_production_preservation_report.json	233	1908046b7eeaa6260507e59979109c4fe073d62069cadaf07bbb99ee457c6d95	pack_a
releases/pack_aa/event_samples/20260722T090049Z_3/samples/fcd9ff83da939385/config.yaml	1100	99bda0c22f5d96e54c57b40b0f0e392871d85c5740c64da269fd493aa6709219	pack_a
releases/pack_aa/event_samples/20260722T090049Z_3/samples/fcd9ff83da939385/driver.log	6869	0584da09f8a5ed9b156d12c45440c6cf878cedac62308bf55518fb03f3e56e65	pack_a
releases/pack_aa/event_samples/20260722T090049Z_3/samples/fcd9ff83da939385/driver_command.txt	381	0330176fdfd7657f9fae45dcaea51223056573d872f19dc4f98374a613d63279	pack_a
releases/pack_aa/event_samples/20260722T090049Z_3/samples/fcd9ff83da939385/events.truth.driver.meta.json	423	801101c3a9decc591123255fed6bbacb00cb4c844ad6bdefe445914380f3d0a6	pack_a
releases/pack_aa/event_samples/20260722T090049Z_3/samples/fcd9ff83da939385/events.truth.jsonl	3269655	193921de22d253b859a0c179a4f35330de1fbf68e6a93d2e18b55eca89792f10	pack_a
releases/pack_aa/event_samples/20260722T090049Z_3/samples/fcd9ff83da939385/input_hashes.json	761	7a14cb5b2b03e4fa41efccf2b7f7bf6ed1171a98580178744b49eef94204da85	pack_a
releases/pack_aa/event_samples/20260722T090049Z_3/samples/fcd9ff83da939385/run_summary.json	3497	49d57b698120fc0bf636332408475738494fcae2c7a555bad46520fac03aa90f	pack_a
releases/pack_aa/event_samples/20260722T090049Z_3/samples/79ba74fb49c2f8c4/aa0_provenance_check.json	827	e2a423462cd64b9fc68f1e0be8569b4ade898e507c40d3b67dfff2c6fde3d6a7	pack_a
releases/pack_aa/event_samples/20260722T090049Z_3/samples/79ba74fb49c2f8c4/aa1_config_validation_report.json	16843	30adc6904f274309f5b724272b0c91cf4aa529b4d8151b47004bd342ceeb7e3f	pack_a
releases/pack_aa/event_samples/20260722T090049Z_3/samples/79ba74fb49c2f8c4/aa4_lifetime_closure.json	292	dc180fce72f05bf0c9ce6ae8409f3373f2c3021ecf1ec8f96af4ce37d06d8857	pack_a
releases/pack_aa/event_samples/20260722T090049Z_3/samples/79ba74fb49c2f8c4/aa5_branching_fraction_table.json	847	97dcfda830b36f1389b70e5dd8b620ffeb1a6d9ac43c5a163ffa3c2d6e9f1686	pack_a
releases/pack_aa/event_samples/20260722T090049Z_3/samples/79ba74fb49c2f8c4/aa6_production_preservation_report.json	233	1908046b7eeaa6260507e59979109c4fe073d62069cadaf07bbb99ee457c6d95	pack_a
releases/pack_aa/event_samples/20260722T090049Z_3/samples/79ba74fb49c2f8c4/config.yaml	1159	4027f3775f864585e560557929337f0793ffac5f6fe354785a1ea15742b45f71	pack_a
releases/pack_aa/event_samples/20260722T090049Z_3/samples/79ba74fb49c2f8c4/driver.log	6775	1f826e2e616e48f28661658fd5a47638e534b1ed21cbb2935bb1f5516facd855	pack_a
releases/pack_aa/event_samples/20260722T090049Z_3/samples/79ba74fb49c2f8c4/driver_command.txt	430	9b6a03f0219e8711aeea130a9484c24dd1bf5b271f17acea92bb784dfc827c80	pack_a
releases/pack_aa/event_samples/20260722T090049Z_3/samples/79ba74fb49c2f8c4/events.truth.driver.meta.json	428	133b10d445b48714f798350cf25be22f381b321456ef3ea0e4abfb640b4be66c	pack_a
releases/pack_aa/event_samples/20260722T090049Z_3/samples/79ba74fb49c2f8c4/events.truth.jsonl	3274209	2e7f967a65a13a754d51066809894badb3601c99963d691703c8a29879c53984	pack_a
releases/pack_aa/event_samples/20260722T090049Z_3/samples/79ba74fb49c2f8c4/input_hashes.json	857	4c893d25bd604e773a0138c3e3a837230fae7ffa09ba8b7128f5da6de70c532b	pack_a
releases/pack_aa/event_samples/20260722T090049Z_3/samples/79ba74fb49c2f8c4/run_summary.json	4021	75f403a928ca12859b2f686996ffb38913037d431b6b2a0fe09061caa8995bca	pack_a
releases/pack_aa/event_samples/20260722T090049Z_3/samples/c50900cc55623ce4/aa0_provenance_check.json	827	e2a423462cd64b9fc68f1e0be8569b4ade898e507c40d3b67dfff2c6fde3d6a7	pack_a
releases/pack_aa/event_samples/20260722T090049Z_3/samples/c50900cc55623ce4/aa1_config_validation_report.json	16843	7494ec2587fd721399f27abdcde346b917e6ed2a741324b0779520a7dc2ee941	pack_a
releases/pack_aa/event_samples/20260722T090049Z_3/samples/c50900cc55623ce4/aa4_lifetime_closure.json	290	ca228213a0ac1b5d9c3971313b9e00fdf428c1db399340795f1243118b1f661e	pack_a
releases/pack_aa/event_samples/20260722T090049Z_3/samples/c50900cc55623ce4/aa5_branching_fraction_table.json	847	97dcfda830b36f1389b70e5dd8b620ffeb1a6d9ac43c5a163ffa3c2d6e9f1686	pack_a
releases/pack_aa/event_samples/20260722T090049Z_3/samples/c50900cc55623ce4/aa6_production_preservation_report.json	233	1908046b7eeaa6260507e59979109c4fe073d62069cadaf07bbb99ee457c6d95	pack_a
releases/pack_aa/event_samples/20260722T090049Z_3/samples/c50900cc55623ce4/config.yaml	1151	5d3113d646bcbecc5c9cab9ebde5830f2761bd0fe58e9b28fdc5a1e2ef37a3fb	pack_a
releases/pack_aa/event_samples/20260722T090049Z_3/samples/c50900cc55623ce4/driver.log	6775	2f87ef66e8914da787439430e417ba9de1a87340c17cf87794546a85c4068124	pack_a
releases/pack_aa/event_samples/20260722T090049Z_3/samples/c50900cc55623ce4/driver_command.txt	422	79cbffc29da6f7099f5f86aca1483d2a25fcea3119788395c203eeb2278ea1d5	pack_a
releases/pack_aa/event_samples/20260722T090049Z_3/samples/c50900cc55623ce4/events.truth.driver.meta.json	420	620f4b8dfc2d95059d49356504332b927c2550b032f634a873a42c084f0891fd	pack_a
releases/pack_aa/event_samples/20260722T090049Z_3/samples/c50900cc55623ce4/events.truth.jsonl	3313337	e42ff2d1b060523146c69370f2ed31f28c3f549dea289c4f22736f9d9cb54a84	pack_a
releases/pack_aa/event_samples/20260722T090049Z_3/samples/c50900cc55623ce4/input_hashes.json	853	627752e689e78e8f58e26412d0da64473e756b8ab103b0be342c82d17cc020be	pack_a
releases/pack_aa/event_samples/20260722T090049Z_3/samples/c50900cc55623ce4/run_summary.json	4003	cae6211fa5554b196b7930599ea641561a0ae85208754dff3e335c8401ad6ecb	pack_a
releases/pack_aa/event_samples/20260722T090049Z_3/samples/4ad3896b59cb0d92/aa0_provenance_check.json	827	e2a423462cd64b9fc68f1e0be8569b4ade898e507c40d3b67dfff2c6fde3d6a7	pack_a
releases/pack_aa/event_samples/20260722T090049Z_3/samples/4ad3896b59cb0d92/aa1_config_validation_report.json	16843	3342734f6e93c41c5709d80c7a7c60620bf2b7c9dab19557109717acf0f99f22	pack_a
releases/pack_aa/event_samples/20260722T090049Z_3/samples/4ad3896b59cb0d92/aa4_lifetime_closure.json	291	d9e8bde4c5bb2f024101f9058e7c1a0297c2a62e37dff192d37ee4466ec6d7d4	pack_a
releases/pack_aa/event_samples/20260722T090049Z_3/samples/4ad3896b59cb0d92/aa5_branching_fraction_table.json	433	f58ef085f9bd23f65a55156594275b3b66288128f29a36079fc7c2abc68b7b9b	pack_a
releases/pack_aa/event_samples/20260722T090049Z_3/samples/4ad3896b59cb0d92/aa6_production_preservation_report.json	233	1908046b7eeaa6260507e59979109c4fe073d62069cadaf07bbb99ee457c6d95	pack_a
releases/pack_aa/event_samples/20260722T090049Z_3/samples/4ad3896b59cb0d92/config.yaml	1110	9620e73985c3fdbda57ede98e465947bd4231372a42b7c4b2ff5c1c7ba554420	pack_a
releases/pack_aa/event_samples/20260722T090049Z_3/samples/4ad3896b59cb0d92/driver.log	6975	a9f867f8068376a1493581a551ce25064237d3703783d9664b7903a2272b7147	pack_a
releases/pack_aa/event_samples/20260722T090049Z_3/samples/4ad3896b59cb0d92/driver_command.txt	391	3586ff1b995978c143454dd96f8214f76e015dec0b9684f7e2545deacdbcb037	pack_a
releases/pack_aa/event_samples/20260722T090049Z_3/samples/4ad3896b59cb0d92/events.truth.driver.meta.json	432	fc6dfd9941bc8d121dacbd8d3cd2b50541bb91444b9030b1a582fe070093a166	pack_a
releases/pack_aa/event_samples/20260722T090049Z_3/samples/4ad3896b59cb0d92/events.truth.jsonl	3265474	38baf5f2e35f955d992c816521e2f98012d3f90f74a3150ca269e39e6c6d467d	pack_a
releases/pack_aa/event_samples/20260722T090049Z_3/samples/4ad3896b59cb0d92/input_hashes.json	762	b2fb4b6b331f8f3453d8189fbae82ac15c06a08881142a14fd39312033317cdd	pack_a
releases/pack_aa/event_samples/20260722T090049Z_3/samples/4ad3896b59cb0d92/run_summary.json	3528	96493f1342a186f9258eca65a5b60d78e9e9725b59ef4c8ab28f78a7a9452391	pack_a
releases/pack_aa/event_samples/20260722T090049Z_3/samples/743390d495cb995c/aa0_provenance_check.json	827	e2a423462cd64b9fc68f1e0be8569b4ade898e507c40d3b67dfff2c6fde3d6a7	pack_a
releases/pack_aa/event_samples/20260722T090049Z_3/samples/743390d495cb995c/aa1_config_validation_report.json	16843	24427eb6b6088df35cefe4af85cbc6b950cba5cf1d83efa52bae42bf953084f5	pack_a
releases/pack_aa/event_samples/20260722T090049Z_3/samples/743390d495cb995c/aa4_lifetime_closure.json	291	cb42a954af34c9a4da106d25a8704028b8232f6a0ef1978fbcced9c1268b20ae	pack_a
releases/pack_aa/event_samples/20260722T090049Z_3/samples/743390d495cb995c/aa5_branching_fraction_table.json	847	97dcfda830b36f1389b70e5dd8b620ffeb1a6d9ac43c5a163ffa3c2d6e9f1686	pack_a
releases/pack_aa/event_samples/20260722T090049Z_3/samples/743390d495cb995c/aa6_production_preservation_report.json	233	1908046b7eeaa6260507e59979109c4fe073d62069cadaf07bbb99ee457c6d95	pack_a
releases/pack_aa/event_samples/20260722T090049Z_3/samples/743390d495cb995c/config.yaml	1157	ca50f6436a6c3991c50280387b4b392dde8fb0a3dc6965f039ee2c69ef62b0c3	pack_a
releases/pack_aa/event_samples/20260722T090049Z_3/samples/743390d495cb995c/driver.log	6775	2b9bbbbf76cf092d9f22b89f4daec0c7f2f9160439fa6ee01675b75db53ead49	pack_a
releases/pack_aa/event_samples/20260722T090049Z_3/samples/743390d495cb995c/driver_command.txt	428	0ad5dee7e1b3d899be0c93be3778ab48dc4b35d0f28dbd367b4dff6788b38379	pack_a
releases/pack_aa/event_samples/20260722T090049Z_3/samples/743390d495cb995c/events.truth.driver.meta.json	426	85acca401489680c867d9dd3cd711ecedcff29337297c73b4cf1cb87817de6db	pack_a
releases/pack_aa/event_samples/20260722T090049Z_3/samples/743390d495cb995c/events.truth.jsonl	3274215	f8ae903e71e783df4a550fa6d0fe73fc77ad53b7e489205654c289d59c0a7378	pack_a
releases/pack_aa/event_samples/20260722T090049Z_3/samples/743390d495cb995c/input_hashes.json	856	12994510f51d22375ceac8d122509a6828dcc22dbbe04147c4cb240918f539b5	pack_a
releases/pack_aa/event_samples/20260722T090049Z_3/samples/743390d495cb995c/run_summary.json	4016	f2412dc80ed36a2e64995ecec4bfea3c0af6400931c45b4d143112c009a5ebd0	pack_a
releases/pack_aa/event_samples/20260722T090049Z_3/samples/b3f66512c7b91693/aa0_provenance_check.json	827	e2a423462cd64b9fc68f1e0be8569b4ade898e507c40d3b67dfff2c6fde3d6a7	pack_a
releases/pack_aa/event_samples/20260722T090049Z_3/samples/b3f66512c7b91693/aa1_config_validation_report.json	16843	af16c448b6a91338d8245b3311cd71a0c0e9575d7cf49be57cfda74d3a6d38c4	pack_a
releases/pack_aa/event_samples/20260722T090049Z_3/samples/b3f66512c7b91693/aa4_lifetime_closure.json	294	b9b3e65ac47d82717e16be324384ba7d35f22b0b0bcb1c47d02e48c7f6de6987	pack_a
releases/pack_aa/event_samples/20260722T090049Z_3/samples/b3f66512c7b91693/aa5_branching_fraction_table.json	433	f58ef085f9bd23f65a55156594275b3b66288128f29a36079fc7c2abc68b7b9b	pack_a
releases/pack_aa/event_samples/20260722T090049Z_3/samples/b3f66512c7b91693/aa6_production_preservation_report.json	233	1908046b7eeaa6260507e59979109c4fe073d62069cadaf07bbb99ee457c6d95	pack_a
releases/pack_aa/event_samples/20260722T090049Z_3/samples/b3f66512c7b91693/config.yaml	1112	94dde1fabdb7fe39ca206cfd2277705ecf9a7e8c064719db4eded4bdf078d17b	pack_a
releases/pack_aa/event_samples/20260722T090049Z_3/samples/b3f66512c7b91693/driver.log	6975	9b0f8243aae3a4e6c04ea069ca239927a05863be74854b01ecee1bad7780d01e	pack_a
releases/pack_aa/event_samples/20260722T090049Z_3/samples/b3f66512c7b91693/driver_command.txt	393	d4455046cd428c84140080d942fde69513bc70d7492fcb3a22d9d05cb7fa6cb9	pack_a
releases/pack_aa/event_samples/20260722T090049Z_3/samples/b3f66512c7b91693/events.truth.driver.meta.json	434	b68bafc045c02de2570ee296da6036dd7ed7fb2f4269d0de1ba6aadd37567a62	pack_a
releases/pack_aa/event_samples/20260722T090049Z_3/samples/b3f66512c7b91693/events.truth.jsonl	3265339	43d89b9a42a7d369d6d40683c61021610e57036ff62a58230a335ad4794a409f	pack_a
releases/pack_aa/event_samples/20260722T090049Z_3/samples/b3f66512c7b91693/input_hashes.json	763	015a8324b3af71dd0ab6a6f2ee15ee7e0d3e5c94d8b9ef1324069fff933f7944	pack_a
releases/pack_aa/event_samples/20260722T090049Z_3/samples/b3f66512c7b91693/run_summary.json	3535	d2c1f6938352effaec1c0b24a4143b2b8185db46fcc14f4e973596bf6ed72a34	pack_a
releases/pack_aa/event_samples/20260722T090049Z_3/samples/7d6ffaa5822da03f/aa0_provenance_check.json	827	e2a423462cd64b9fc68f1e0be8569b4ade898e507c40d3b67dfff2c6fde3d6a7	pack_a
releases/pack_aa/event_samples/20260722T090049Z_3/samples/7d6ffaa5822da03f/aa1_config_validation_report.json	16843	37d6ef71c5c9597dd35a6399742a7defc73f0b9e67c3b04ec22806124558db4d	pack_a
releases/pack_aa/event_samples/20260722T090049Z_3/samples/7d6ffaa5822da03f/aa4_lifetime_closure.json	291	cd8dc8ee3e8a8e19933eb24643073c2af6d445b4f1ebdeb9edc25bfd296275f2	pack_a
releases/pack_aa/event_samples/20260722T090049Z_3/samples/7d6ffaa5822da03f/aa5_branching_fraction_table.json	433	f58ef085f9bd23f65a55156594275b3b66288128f29a36079fc7c2abc68b7b9b	pack_a
releases/pack_aa/event_samples/20260722T090049Z_3/samples/7d6ffaa5822da03f/aa6_production_preservation_report.json	233	1908046b7eeaa6260507e59979109c4fe073d62069cadaf07bbb99ee457c6d95	pack_a
releases/pack_aa/event_samples/20260722T090049Z_3/samples/7d6ffaa5822da03f/config.yaml	1104	ef2918ce1b46cbc1ccfa5ab609c2a3aaf9209f258648dd0be1a5ba5832cdf290	pack_a
releases/pack_aa/event_samples/20260722T090049Z_3/samples/7d6ffaa5822da03f/driver.log	6975	a5fd82f975d42aef7661488a516131749e35f0d2c464195c4a1d3077f162d665	pack_a
releases/pack_aa/event_samples/20260722T090049Z_3/samples/7d6ffaa5822da03f/driver_command.txt	385	fa263b1843e8ac3e617600b32d1b8639727cbabc9e33799845fe913e10a8c6c7	pack_a
releases/pack_aa/event_samples/20260722T090049Z_3/samples/7d6ffaa5822da03f/events.truth.driver.meta.json	426	3bdbaa741025cc49766a946e954c3ee972d46baaa82ae131721572bdbbbd151b	pack_a
releases/pack_aa/event_samples/20260722T090049Z_3/samples/7d6ffaa5822da03f/events.truth.jsonl	3305046	6ec3e45818b2e1042901019fc1109228b7d9cc3b576baa3f362b836390b5b950	pack_a
releases/pack_aa/event_samples/20260722T090049Z_3/samples/7d6ffaa5822da03f/input_hashes.json	759	53a7c3f0b061907bd7062bceb3d12a94702522a7a30347307bbcd295c159b27c	pack_a
releases/pack_aa/event_samples/20260722T090049Z_3/samples/7d6ffaa5822da03f/run_summary.json	3516	21ddfe189d3ac8fbe332ca5f1f65a6dd4f8b0a001ea75aa86d98bdab17e5d2a2	pack_a
releases/pack_aa/event_samples/20260722T092243Z_5/PACK_AA_EVENT_BUNDLE_20260722T092243Z_5.zip	3910086	d71ce0face8248e4a13db21efa10be48ccd2b1b7c61ccbe1b16dc102b3d41fe2	pack_a
releases/pack_aa/event_samples/20260722T092243Z_5/PACK_AA_EVENT_BUNDLE_CHECKSUMS.sha256	13435	d06a197f9b328ba6955f51b12e6d726e423655c2987461bd7014109649cd0c96	pack_a
releases/pack_aa/event_samples/20260722T092243Z_5/PACK_AA_EVENT_BUNDLE_MANIFEST.json	22654	d06cfe2f50df783438e5c64eebbb05e3a8b0309a61b6bd8f7450ca5b33aef81a	pack_a
releases/pack_aa/event_samples/20260722T092243Z_5/PACK_AA_EVENT_BUNDLE_RESEARCHER_BRIEF.md	891	67d99ff92cfbbd2051a1b2235d0df2f9fd5fedc8b136be4d34f72bbbf0a17498	pack_a
releases/pack_aa/event_samples/20260722T092243Z_5/PACK_AA_EVENT_BUNDLE_VALIDATION.json	22970	77836eae4e97554e483aca9ccb33d29f7e0983a30143ade62446048782c0148f	pack_a
releases/pack_aa/event_samples/20260722T092243Z_5/PACK_AA_EVENT_BUNDLE_VALIDATION.md	744	caac9b9d2cfa4b68f2c21ffd04f6bad8be74209771178cc3bbfec122202cda68	pack_a
releases/pack_aa/event_samples/20260722T092243Z_5/PACK_AA_EVENT_SAMPLE_CATALOG.csv	2369	d136c1805852698369a2b42fbde9d50b8501f2738a1b819406dd931d39f170da	pack_a
releases/pack_aa/event_samples/20260722T092243Z_5/PACK_AA_EVENT_SAMPLE_CATALOG.md	1128	8ad626a8bbfeb5716715eea10b8fbe2220442b67e71fd600698d2c4257944802	pack_a
releases/pack_aa/event_samples/20260722T092243Z_5/events_inspected/bb_event_0001.txt	1288	15375521db52d878bee3f4b9e83c307adbacf7bb03cef288fa384c84c600cc51	pack_a
releases/pack_aa/event_samples/20260722T092243Z_5/events_inspected/gamma_gamma_event_0001.txt	1293	e8920bf7ba194c968432955b6f5316b84f6064f5d64223048da061081fa66e60	pack_a
releases/pack_aa/event_samples/20260722T092243Z_5/events_inspected/long_lived_event_0001.txt	1283	f991fb1b2ef8c3b5a883b94e942597abf167d5d31932c368bb57452c059920b1	pack_a
releases/pack_aa/event_samples/20260722T092243Z_5/events_inspected/mixed_event_0001.txt	1284	ce6d097f8b83141e2316f2f580b44e3ceab6fad15d0d66dad825a4691b7ac7c4	pack_a
releases/pack_aa/event_samples/20260722T092243Z_5/samples/9db01cdd5f1bc783/aa0_provenance_check.json	827	e2a423462cd64b9fc68f1e0be8569b4ade898e507c40d3b67dfff2c6fde3d6a7	pack_a
releases/pack_aa/event_samples/20260722T092243Z_5/samples/9db01cdd5f1bc783/aa1_config_validation_report.json	16843	520a3805133315b6d5c4171c7e56e5ac1864fdc01e8619f67b100daa7e9a4276	pack_a
releases/pack_aa/event_samples/20260722T092243Z_5/samples/9db01cdd5f1bc783/aa4_lifetime_closure.json	291	bb7d55f599eff1940f44cf3c0b3f887c64368906d4c4c494cb327d3d36692f7e	pack_a
releases/pack_aa/event_samples/20260722T092243Z_5/samples/9db01cdd5f1bc783/aa5_branching_fraction_table.json	432	c5c296d7014987a225c86a7a8edf677d03586dd626703207c0c74cdfc2da4485	pack_a
releases/pack_aa/event_samples/20260722T092243Z_5/samples/9db01cdd5f1bc783/aa6_production_preservation_report.json	233	1908046b7eeaa6260507e59979109c4fe073d62069cadaf07bbb99ee457c6d95	pack_a
releases/pack_aa/event_samples/20260722T092243Z_5/samples/9db01cdd5f1bc783/config.yaml	1102	87b69eae1bae378bd3adfc96237c5ee4ab04fc365d5e632888be60477f10e306	pack_a
releases/pack_aa/event_samples/20260722T092243Z_5/samples/9db01cdd5f1bc783/driver.log	6869	cd9fdcf31f74df2e9bf610b33c3fbaa75dfba91bd26d420c4bf50f312bb43c57	pack_a
releases/pack_aa/event_samples/20260722T092243Z_5/samples/9db01cdd5f1bc783/driver_command.txt	318	06f63a74429d24486f66668584981d385821e418d787faad9f03c555c05b7e84	pack_a
releases/pack_aa/event_samples/20260722T092243Z_5/samples/9db01cdd5f1bc783/events.truth.driver.meta.json	360	4effd37396a9bf695efc73d75e4ebd00c2999d5f6b9b81af148cb481123821db	pack_a
releases/pack_aa/event_samples/20260722T092243Z_5/samples/9db01cdd5f1bc783/events.truth.jsonl	3267739	0622b260547980f3720f21fd11c0cbd054824715e37ad7e552d17bac82b59af5	pack_a
releases/pack_aa/event_samples/20260722T092243Z_5/samples/9db01cdd5f1bc783/input_hashes.json	762	20a567b98ce26b0a2eabfde6926a8a0efcecf89a44776064a126b2f7440ee8f0	pack_a
releases/pack_aa/event_samples/20260722T092243Z_5/samples/9db01cdd5f1bc783/run_summary.json	3294	71a195fc57dcc16728ca522d0bca92fd7ff2ca0d7bde580165f9bbc8363960dc	pack_a
releases/pack_aa/event_samples/20260722T092243Z_5/samples/660021fb118f5f92/aa0_provenance_check.json	827	e2a423462cd64b9fc68f1e0be8569b4ade898e507c40d3b67dfff2c6fde3d6a7	pack_a
releases/pack_aa/event_samples/20260722T092243Z_5/samples/660021fb118f5f92/aa1_config_validation_report.json	16843	eefcb9de5d1d3e99d3dcbee5fc5ba6e3bc6fff63397a6f9ccd32b57781581ffe	pack_a
releases/pack_aa/event_samples/20260722T092243Z_5/samples/660021fb118f5f92/aa4_lifetime_closure.json	289	77301496e2230355a7bba5dfc2566c2bd88199a0025b98fe8618eb9afe2d9737	pack_a
releases/pack_aa/event_samples/20260722T092243Z_5/samples/660021fb118f5f92/aa5_branching_fraction_table.json	432	c5c296d7014987a225c86a7a8edf677d03586dd626703207c0c74cdfc2da4485	pack_a
releases/pack_aa/event_samples/20260722T092243Z_5/samples/660021fb118f5f92/aa6_production_preservation_report.json	233	1908046b7eeaa6260507e59979109c4fe073d62069cadaf07bbb99ee457c6d95	pack_a
releases/pack_aa/event_samples/20260722T092243Z_5/samples/660021fb118f5f92/config.yaml	1094	9e6458821ec4b9f8ac5e975879e3e2c0f34923195cec4db91e8187ffd488846a	pack_a
releases/pack_aa/event_samples/20260722T092243Z_5/samples/660021fb118f5f92/driver.log	6869	dc03b0f24e8a94662b182933d2477e957d9d73d118e08559061d8ff251217d6d	pack_a
releases/pack_aa/event_samples/20260722T092243Z_5/samples/660021fb118f5f92/driver_command.txt	314	8a564a4e5a37aa093d5ded5b57d97a887c6d927c824e37abbf68dc47eb693929	pack_a
releases/pack_aa/event_samples/20260722T092243Z_5/samples/660021fb118f5f92/events.truth.driver.meta.json	356	e2983511449594b16f3a68c613ecb28c2f94c3aad3b3700f2b3571ac6e874729	pack_a
releases/pack_aa/event_samples/20260722T092243Z_5/samples/660021fb118f5f92/events.truth.jsonl	3307183	b43da26433cb96916292c78501d7d802cc9c886c84a08a2815d414883d047b94	pack_a
releases/pack_aa/event_samples/20260722T092243Z_5/samples/660021fb118f5f92/input_hashes.json	758	c2c9133d2ca34cf7098d817b9454ade89108690155c7107d2727aa7e22421d9c	pack_a
releases/pack_aa/event_samples/20260722T092243Z_5/samples/660021fb118f5f92/run_summary.json	3288	e68d7bd01c0f690589a7562e9b4a1aa9cbe0c307df50c12cd1053cd987c7f0a7	pack_a
releases/pack_aa/event_samples/20260722T092243Z_5/samples/fcd9ff83da939385/aa0_provenance_check.json	827	e2a423462cd64b9fc68f1e0be8569b4ade898e507c40d3b67dfff2c6fde3d6a7	pack_a
releases/pack_aa/event_samples/20260722T092243Z_5/samples/fcd9ff83da939385/aa1_config_validation_report.json	16843	d9838ba437a7c294f4d7ef2b5f4cdef49072208307d90adc0aafca421ddc4257	pack_a
releases/pack_aa/event_samples/20260722T092243Z_5/samples/fcd9ff83da939385/aa4_lifetime_closure.json	290	956196464f28129d6118815f82eeca7fbc5f494e009a9cf14653ef0becf56693	pack_a
releases/pack_aa/event_samples/20260722T092243Z_5/samples/fcd9ff83da939385/aa5_branching_fraction_table.json	432	c5c296d7014987a225c86a7a8edf677d03586dd626703207c0c74cdfc2da4485	pack_a
releases/pack_aa/event_samples/20260722T092243Z_5/samples/fcd9ff83da939385/aa6_production_preservation_report.json	233	1908046b7eeaa6260507e59979109c4fe073d62069cadaf07bbb99ee457c6d95	pack_a
releases/pack_aa/event_samples/20260722T092243Z_5/samples/fcd9ff83da939385/config.yaml	1100	99bda0c22f5d96e54c57b40b0f0e392871d85c5740c64da269fd493aa6709219	pack_a
releases/pack_aa/event_samples/20260722T092243Z_5/samples/fcd9ff83da939385/driver.log	6869	eacb379fc4f65c31aedb85aee37c61c5f482aa7592b8748367f81615c6a4be4c	pack_a
releases/pack_aa/event_samples/20260722T092243Z_5/samples/fcd9ff83da939385/driver_command.txt	317	4421eecac0c8faa7164062b977480745dc37a5270b7a9bc164e4e9e35ca3dabf	pack_a
releases/pack_aa/event_samples/20260722T092243Z_5/samples/fcd9ff83da939385/events.truth.driver.meta.json	359	0d1b49d345e4a380b7ecd88c341f53b468e58faa8b049f2a885b0536cdd57bfe	pack_a
releases/pack_aa/event_samples/20260722T092243Z_5/samples/fcd9ff83da939385/events.truth.jsonl	3267735	95eeef943e1ed33b02c8b1da5988b1e1b9737d1684fea31f9ad9b60cd49a8498	pack_a
releases/pack_aa/event_samples/20260722T092243Z_5/samples/fcd9ff83da939385/input_hashes.json	761	7a14cb5b2b03e4fa41efccf2b7f7bf6ed1171a98580178744b49eef94204da85	pack_a
releases/pack_aa/event_samples/20260722T092243Z_5/samples/fcd9ff83da939385/run_summary.json	3292	286227a7853905a5b87baf45bf0e5b3af9adba0ce79aaa693ca40440efac0100	pack_a
releases/pack_aa/event_samples/20260722T092243Z_5/samples/79ba74fb49c2f8c4/aa0_provenance_check.json	827	e2a423462cd64b9fc68f1e0be8569b4ade898e507c40d3b67dfff2c6fde3d6a7	pack_a
releases/pack_aa/event_samples/20260722T092243Z_5/samples/79ba74fb49c2f8c4/aa1_config_validation_report.json	16843	30adc6904f274309f5b724272b0c91cf4aa529b4d8151b47004bd342ceeb7e3f	pack_a
releases/pack_aa/event_samples/20260722T092243Z_5/samples/79ba74fb49c2f8c4/aa4_lifetime_closure.json	292	dc180fce72f05bf0c9ce6ae8409f3373f2c3021ecf1ec8f96af4ce37d06d8857	pack_a
releases/pack_aa/event_samples/20260722T092243Z_5/samples/79ba74fb49c2f8c4/aa5_branching_fraction_table.json	847	97dcfda830b36f1389b70e5dd8b620ffeb1a6d9ac43c5a163ffa3c2d6e9f1686	pack_a
releases/pack_aa/event_samples/20260722T092243Z_5/samples/79ba74fb49c2f8c4/aa6_production_preservation_report.json	233	1908046b7eeaa6260507e59979109c4fe073d62069cadaf07bbb99ee457c6d95	pack_a
releases/pack_aa/event_samples/20260722T092243Z_5/samples/79ba74fb49c2f8c4/config.yaml	1159	4027f3775f864585e560557929337f0793ffac5f6fe354785a1ea15742b45f71	pack_a
releases/pack_aa/event_samples/20260722T092243Z_5/samples/79ba74fb49c2f8c4/driver.log	6775	046a8cd546b4f29a96e6a3258d4d536eefa11526d0bb042cc0de1763133f616e	pack_a
releases/pack_aa/event_samples/20260722T092243Z_5/samples/79ba74fb49c2f8c4/driver_command.txt	362	67396e62e3531fd1a923b129fd98c5bc66d036c088cbf024a7a6adfad5c0d622	pack_a
releases/pack_aa/event_samples/20260722T092243Z_5/samples/79ba74fb49c2f8c4/events.truth.driver.meta.json	360	b361efb09ccf179b3c7380cbfb0ed7b77e184a189bf6c318df779dd48edd0f2d	pack_a
releases/pack_aa/event_samples/20260722T092243Z_5/samples/79ba74fb49c2f8c4/events.truth.jsonl	3272289	a4b5fd3b75a05cfcde11ba23e10def4b8da573934e4be33105ebf83e18c7a3fe	pack_a
releases/pack_aa/event_samples/20260722T092243Z_5/samples/79ba74fb49c2f8c4/input_hashes.json	857	4c893d25bd604e773a0138c3e3a837230fae7ffa09ba8b7128f5da6de70c532b	pack_a
releases/pack_aa/event_samples/20260722T092243Z_5/samples/79ba74fb49c2f8c4/run_summary.json	3804	d0a6db63ce8d516537b7b3b6a3a3d2758f4e369b66b845d48ec03c947c3c6f3a	pack_a
releases/pack_aa/event_samples/20260722T092243Z_5/samples/c50900cc55623ce4/aa0_provenance_check.json	827	e2a423462cd64b9fc68f1e0be8569b4ade898e507c40d3b67dfff2c6fde3d6a7	pack_a
releases/pack_aa/event_samples/20260722T092243Z_5/samples/c50900cc55623ce4/aa1_config_validation_report.json	16843	7494ec2587fd721399f27abdcde346b917e6ed2a741324b0779520a7dc2ee941	pack_a
releases/pack_aa/event_samples/20260722T092243Z_5/samples/c50900cc55623ce4/aa4_lifetime_closure.json	290	ca228213a0ac1b5d9c3971313b9e00fdf428c1db399340795f1243118b1f661e	pack_a
releases/pack_aa/event_samples/20260722T092243Z_5/samples/c50900cc55623ce4/aa5_branching_fraction_table.json	847	97dcfda830b36f1389b70e5dd8b620ffeb1a6d9ac43c5a163ffa3c2d6e9f1686	pack_a
releases/pack_aa/event_samples/20260722T092243Z_5/samples/c50900cc55623ce4/aa6_production_preservation_report.json	233	1908046b7eeaa6260507e59979109c4fe073d62069cadaf07bbb99ee457c6d95	pack_a
releases/pack_aa/event_samples/20260722T092243Z_5/samples/c50900cc55623ce4/config.yaml	1151	5d3113d646bcbecc5c9cab9ebde5830f2761bd0fe58e9b28fdc5a1e2ef37a3fb	pack_a
releases/pack_aa/event_samples/20260722T092243Z_5/samples/c50900cc55623ce4/driver.log	6775	9b6fac3adf792805294533958d208d74635474031d46311a76f836cbc3739a30	pack_a
releases/pack_aa/event_samples/20260722T092243Z_5/samples/c50900cc55623ce4/driver_command.txt	358	4228ced3d9e941d36014d53c13b33b1a9091aafb343c821e94d258e135bc7d96	pack_a
releases/pack_aa/event_samples/20260722T092243Z_5/samples/c50900cc55623ce4/events.truth.driver.meta.json	356	9b034ba485a5568996f3d62f00920fb01a689361901dd5d8d7ef51bb5ac2df40	pack_a
releases/pack_aa/event_samples/20260722T092243Z_5/samples/c50900cc55623ce4/events.truth.jsonl	3311417	fbf26681fa20c1c2358aa1186441ede9c544d0df5804996bf468d0ab84f7cbd7	pack_a
releases/pack_aa/event_samples/20260722T092243Z_5/samples/c50900cc55623ce4/input_hashes.json	853	627752e689e78e8f58e26412d0da64473e756b8ab103b0be342c82d17cc020be	pack_a
releases/pack_aa/event_samples/20260722T092243Z_5/samples/c50900cc55623ce4/run_summary.json	3798	20f53b34b78bc6876c45850f1b4509f478ac494b258b33cdd4bc8c56bc3e47cf	pack_a
releases/pack_aa/event_samples/20260722T092243Z_5/samples/4ad3896b59cb0d92/aa0_provenance_check.json	827	e2a423462cd64b9fc68f1e0be8569b4ade898e507c40d3b67dfff2c6fde3d6a7	pack_a
releases/pack_aa/event_samples/20260722T092243Z_5/samples/4ad3896b59cb0d92/aa1_config_validation_report.json	16843	3342734f6e93c41c5709d80c7a7c60620bf2b7c9dab19557109717acf0f99f22	pack_a
releases/pack_aa/event_samples/20260722T092243Z_5/samples/4ad3896b59cb0d92/aa4_lifetime_closure.json	291	d9e8bde4c5bb2f024101f9058e7c1a0297c2a62e37dff192d37ee4466ec6d7d4	pack_a
releases/pack_aa/event_samples/20260722T092243Z_5/samples/4ad3896b59cb0d92/aa5_branching_fraction_table.json	433	f58ef085f9bd23f65a55156594275b3b66288128f29a36079fc7c2abc68b7b9b	pack_a
releases/pack_aa/event_samples/20260722T092243Z_5/samples/4ad3896b59cb0d92/aa6_production_preservation_report.json	233	1908046b7eeaa6260507e59979109c4fe073d62069cadaf07bbb99ee457c6d95	pack_a
releases/pack_aa/event_samples/20260722T092243Z_5/samples/4ad3896b59cb0d92/config.yaml	1110	9620e73985c3fdbda57ede98e465947bd4231372a42b7c4b2ff5c1c7ba554420	pack_a
releases/pack_aa/event_samples/20260722T092243Z_5/samples/4ad3896b59cb0d92/driver.log	6975	70d9dbc6ba90241dbfd120a4c13682bad91fd40f5909cdca4fa8c4115298e4d5	pack_a
releases/pack_aa/event_samples/20260722T092243Z_5/samples/4ad3896b59cb0d92/driver_command.txt	318	b96a11405db7ff6f86dce5b9b21987d924f52a3c5ff61ff80345dd4b1eb28ad2	pack_a
releases/pack_aa/event_samples/20260722T092243Z_5/samples/4ad3896b59cb0d92/events.truth.driver.meta.json	359	5d22c05ebf4fc1634efcbcb8d75c3c367aa36ab78fa5c525fa1d39c4f8ab2ded	pack_a
releases/pack_aa/event_samples/20260722T092243Z_5/samples/4ad3896b59cb0d92/events.truth.jsonl	3263554	20814f400f963e84075117ea40a37167e6aad2ac2907b97643dc40d8f1f00440	pack_a
releases/pack_aa/event_samples/20260722T092243Z_5/samples/4ad3896b59cb0d92/input_hashes.json	762	b2fb4b6b331f8f3453d8189fbae82ac15c06a08881142a14fd39312033317cdd	pack_a
releases/pack_aa/event_samples/20260722T092243Z_5/samples/4ad3896b59cb0d92/run_summary.json	3296	0b9d6aae7f6b950b32c8fae310decc009fcb54e4799fe366c27ed16af968ae41	pack_a
releases/pack_aa/event_samples/20260722T092243Z_5/samples/743390d495cb995c/aa0_provenance_check.json	827	e2a423462cd64b9fc68f1e0be8569b4ade898e507c40d3b67dfff2c6fde3d6a7	pack_a
releases/pack_aa/event_samples/20260722T092243Z_5/samples/743390d495cb995c/aa1_config_validation_report.json	16843	24427eb6b6088df35cefe4af85cbc6b950cba5cf1d83efa52bae42bf953084f5	pack_a
releases/pack_aa/event_samples/20260722T092243Z_5/samples/743390d495cb995c/aa4_lifetime_closure.json	291	cb42a954af34c9a4da106d25a8704028b8232f6a0ef1978fbcced9c1268b20ae	pack_a
releases/pack_aa/event_samples/20260722T092243Z_5/samples/743390d495cb995c/aa5_branching_fraction_table.json	847	97dcfda830b36f1389b70e5dd8b620ffeb1a6d9ac43c5a163ffa3c2d6e9f1686	pack_a
releases/pack_aa/event_samples/20260722T092243Z_5/samples/743390d495cb995c/aa6_production_preservation_report.json	233	1908046b7eeaa6260507e59979109c4fe073d62069cadaf07bbb99ee457c6d95	pack_a
releases/pack_aa/event_samples/20260722T092243Z_5/samples/743390d495cb995c/config.yaml	1157	ca50f6436a6c3991c50280387b4b392dde8fb0a3dc6965f039ee2c69ef62b0c3	pack_a
releases/pack_aa/event_samples/20260722T092243Z_5/samples/743390d495cb995c/driver.log	6775	0a4b55e6c05ff81c9a3f943353470f16479ce918c638f6b4263cc19d4991b8e5	pack_a
releases/pack_aa/event_samples/20260722T092243Z_5/samples/743390d495cb995c/driver_command.txt	361	4a72711121295a6a14ade2f4c8f1367ee2a99e2c79dbaa3c4efdb78205da13f2	pack_a
releases/pack_aa/event_samples/20260722T092243Z_5/samples/743390d495cb995c/events.truth.driver.meta.json	359	a237184f65d2ec255be45b262bfbcda3e970ecbd58f096fe3a3b38705feae060	pack_a
releases/pack_aa/event_samples/20260722T092243Z_5/samples/743390d495cb995c/events.truth.jsonl	3272295	235c9336b449f8649353a77b654634de78178bd563d4f89a129b23044d375254	pack_a
releases/pack_aa/event_samples/20260722T092243Z_5/samples/743390d495cb995c/input_hashes.json	856	12994510f51d22375ceac8d122509a6828dcc22dbbe04147c4cb240918f539b5	pack_a
releases/pack_aa/event_samples/20260722T092243Z_5/samples/743390d495cb995c/run_summary.json	3802	a10127ffc98705df59b5482ff15034d2b35d05d45d1c9880990f1a67c103eec2	pack_a
releases/pack_aa/event_samples/20260722T092243Z_5/samples/b3f66512c7b91693/aa0_provenance_check.json	827	e2a423462cd64b9fc68f1e0be8569b4ade898e507c40d3b67dfff2c6fde3d6a7	pack_a
releases/pack_aa/event_samples/20260722T092243Z_5/samples/b3f66512c7b91693/aa1_config_validation_report.json	16843	af16c448b6a91338d8245b3311cd71a0c0e9575d7cf49be57cfda74d3a6d38c4	pack_a
releases/pack_aa/event_samples/20260722T092243Z_5/samples/b3f66512c7b91693/aa4_lifetime_closure.json	294	b9b3e65ac47d82717e16be324384ba7d35f22b0b0bcb1c47d02e48c7f6de6987	pack_a
releases/pack_aa/event_samples/20260722T092243Z_5/samples/b3f66512c7b91693/aa5_branching_fraction_table.json	433	f58ef085f9bd23f65a55156594275b3b66288128f29a36079fc7c2abc68b7b9b	pack_a
releases/pack_aa/event_samples/20260722T092243Z_5/samples/b3f66512c7b91693/aa6_production_preservation_report.json	233	1908046b7eeaa6260507e59979109c4fe073d62069cadaf07bbb99ee457c6d95	pack_a
releases/pack_aa/event_samples/20260722T092243Z_5/samples/b3f66512c7b91693/config.yaml	1112	94dde1fabdb7fe39ca206cfd2277705ecf9a7e8c064719db4eded4bdf078d17b	pack_a
releases/pack_aa/event_samples/20260722T092243Z_5/samples/b3f66512c7b91693/driver.log	6975	ec7c14d38d7ca80ce191610409a9a128e9f7bf44945357a3f40efff82296e091	pack_a
releases/pack_aa/event_samples/20260722T092243Z_5/samples/b3f66512c7b91693/driver_command.txt	319	6bc9069e322a3fa9de93a765854b46e7b399fc581fc9311824f887822912757e	pack_a
releases/pack_aa/event_samples/20260722T092243Z_5/samples/b3f66512c7b91693/events.truth.driver.meta.json	360	db371a083025b10a35da868d11085f46401beaf90262d87f9de2eb6489a83697	pack_a
releases/pack_aa/event_samples/20260722T092243Z_5/samples/b3f66512c7b91693/events.truth.jsonl	3263419	65b9f5a2ee134680e564992ae8e2a835173929bc63005f02491162d5452a84a8	pack_a
releases/pack_aa/event_samples/20260722T092243Z_5/samples/b3f66512c7b91693/input_hashes.json	763	015a8324b3af71dd0ab6a6f2ee15ee7e0d3e5c94d8b9ef1324069fff933f7944	pack_a
releases/pack_aa/event_samples/20260722T092243Z_5/samples/b3f66512c7b91693/run_summary.json	3300	d2e706f95b73e167929c95d2a4ee27fd444fd28daecab2d7711113dd73a1e3db	pack_a
releases/pack_aa/event_samples/20260722T092243Z_5/samples/7d6ffaa5822da03f/aa0_provenance_check.json	827	e2a423462cd64b9fc68f1e0be8569b4ade898e507c40d3b67dfff2c6fde3d6a7	pack_a
releases/pack_aa/event_samples/20260722T092243Z_5/samples/7d6ffaa5822da03f/aa1_config_validation_report.json	16843	37d6ef71c5c9597dd35a6399742a7defc73f0b9e67c3b04ec22806124558db4d	pack_a
releases/pack_aa/event_samples/20260722T092243Z_5/samples/7d6ffaa5822da03f/aa4_lifetime_closure.json	291	cd8dc8ee3e8a8e19933eb24643073c2af6d445b4f1ebdeb9edc25bfd296275f2	pack_a
releases/pack_aa/event_samples/20260722T092243Z_5/samples/7d6ffaa5822da03f/aa5_branching_fraction_table.json	433	f58ef085f9bd23f65a55156594275b3b66288128f29a36079fc7c2abc68b7b9b	pack_a
releases/pack_aa/event_samples/20260722T092243Z_5/samples/7d6ffaa5822da03f/aa6_production_preservation_report.json	233	1908046b7eeaa6260507e59979109c4fe073d62069cadaf07bbb99ee457c6d95	pack_a
releases/pack_aa/event_samples/20260722T092243Z_5/samples/7d6ffaa5822da03f/config.yaml	1104	ef2918ce1b46cbc1ccfa5ab609c2a3aaf9209f258648dd0be1a5ba5832cdf290	pack_a
releases/pack_aa/event_samples/20260722T092243Z_5/samples/7d6ffaa5822da03f/driver.log	6975	f15c3d6f65d558a49a92df8c848b0bd9bb4f506f5037273537017b7eb2f47929	pack_a
releases/pack_aa/event_samples/20260722T092243Z_5/samples/7d6ffaa5822da03f/driver_command.txt	315	d236f8ce7e0c0e1053d882f8e43f7342a9098121e096c3b92430530797892e6f	pack_a
releases/pack_aa/event_samples/20260722T092243Z_5/samples/7d6ffaa5822da03f/events.truth.driver.meta.json	356	d2dde3fabbae50cbb69a50842f126c7ecdb7439df010cecd08317355ee6158a9	pack_a
releases/pack_aa/event_samples/20260722T092243Z_5/samples/7d6ffaa5822da03f/events.truth.jsonl	3303126	499fd37ede05a2497bc2849529187ee9180be8a44551cb6fc33cc0735490ee13	pack_a
releases/pack_aa/event_samples/20260722T092243Z_5/samples/7d6ffaa5822da03f/input_hashes.json	759	53a7c3f0b061907bd7062bceb3d12a94702522a7a30347307bbcd295c159b27c	pack_a
releases/pack_aa/event_samples/20260722T092243Z_5/samples/7d6ffaa5822da03f/run_summary.json	3293	2e8db5b2a3e4dca2c9325b405d04e383b0341a9cba0b6c57f175e49c5e985106	pack_a
releases/pack_aa/event_samples/20260722T092243Z_2/PACK_AA_EVENT_BUNDLE_20260722T092243Z_2.zip	3911434	de54e94e5bdcd096534f1556fcf150ac93c096fa2217fcba6de636fba7cddf23	pack_a
releases/pack_aa/event_samples/20260722T092243Z_2/PACK_AA_EVENT_BUNDLE_CHECKSUMS.sha256	13435	f2ffa212cd3fb40bd0b0b7a3f2a24fe4da593564dca41cbf4324bf28e763ce31	pack_a
releases/pack_aa/event_samples/20260722T092243Z_2/PACK_AA_EVENT_BUNDLE_MANIFEST.json	22540	abeecad2f9944a4fcb29fd75ff16629408e809c5ade816a35c205092e4945c3f	pack_a
releases/pack_aa/event_samples/20260722T092243Z_2/PACK_AA_EVENT_BUNDLE_RESEARCHER_BRIEF.md	891	67d99ff92cfbbd2051a1b2235d0df2f9fd5fedc8b136be4d34f72bbbf0a17498	pack_a
releases/pack_aa/event_samples/20260722T092243Z_2/PACK_AA_EVENT_BUNDLE_VALIDATION.json	22970	3f7056cbb6674d0777dadf8dbe0475c122cec30e10e06ec3c499952d1af6c168	pack_a
releases/pack_aa/event_samples/20260722T092243Z_2/PACK_AA_EVENT_BUNDLE_VALIDATION.md	744	caac9b9d2cfa4b68f2c21ffd04f6bad8be74209771178cc3bbfec122202cda68	pack_a
releases/pack_aa/event_samples/20260722T092243Z_2/PACK_AA_EVENT_SAMPLE_CATALOG.csv	2369	e385726eaa6da52f51b11f60997c4c5df599c25ece4d4c4685ff0c3529866a22	pack_a
releases/pack_aa/event_samples/20260722T092243Z_2/PACK_AA_EVENT_SAMPLE_CATALOG.md	1128	8ad626a8bbfeb5716715eea10b8fbe2220442b67e71fd600698d2c4257944802	pack_a
releases/pack_aa/event_samples/20260722T092243Z_2/events_inspected/bb_event_0001.txt	1288	15375521db52d878bee3f4b9e83c307adbacf7bb03cef288fa384c84c600cc51	pack_a
releases/pack_aa/event_samples/20260722T092243Z_2/events_inspected/gamma_gamma_event_0001.txt	1293	e8920bf7ba194c968432955b6f5316b84f6064f5d64223048da061081fa66e60	pack_a
releases/pack_aa/event_samples/20260722T092243Z_2/events_inspected/long_lived_event_0001.txt	1283	f991fb1b2ef8c3b5a883b94e942597abf167d5d31932c368bb57452c059920b1	pack_a
releases/pack_aa/event_samples/20260722T092243Z_2/events_inspected/mixed_event_0001.txt	1284	ce6d097f8b83141e2316f2f580b44e3ceab6fad15d0d66dad825a4691b7ac7c4	pack_a
releases/pack_aa/event_samples/20260722T092243Z_2/samples/9db01cdd5f1bc783/aa0_provenance_check.json	827	e2a423462cd64b9fc68f1e0be8569b4ade898e507c40d3b67dfff2c6fde3d6a7	pack_a
releases/pack_aa/event_samples/20260722T092243Z_2/samples/9db01cdd5f1bc783/aa1_config_validation_report.json	16843	520a3805133315b6d5c4171c7e56e5ac1864fdc01e8619f67b100daa7e9a4276	pack_a
releases/pack_aa/event_samples/20260722T092243Z_2/samples/9db01cdd5f1bc783/aa4_lifetime_closure.json	291	bb7d55f599eff1940f44cf3c0b3f887c64368906d4c4c494cb327d3d36692f7e	pack_a
releases/pack_aa/event_samples/20260722T092243Z_2/samples/9db01cdd5f1bc783/aa5_branching_fraction_table.json	432	c5c296d7014987a225c86a7a8edf677d03586dd626703207c0c74cdfc2da4485	pack_a
releases/pack_aa/event_samples/20260722T092243Z_2/samples/9db01cdd5f1bc783/aa6_production_preservation_report.json	233	1908046b7eeaa6260507e59979109c4fe073d62069cadaf07bbb99ee457c6d95	pack_a
releases/pack_aa/event_samples/20260722T092243Z_2/samples/9db01cdd5f1bc783/config.yaml	1102	87b69eae1bae378bd3adfc96237c5ee4ab04fc365d5e632888be60477f10e306	pack_a
releases/pack_aa/event_samples/20260722T092243Z_2/samples/9db01cdd5f1bc783/driver.log	6869	cd9fdcf31f74df2e9bf610b33c3fbaa75dfba91bd26d420c4bf50f312bb43c57	pack_a
releases/pack_aa/event_samples/20260722T092243Z_2/samples/9db01cdd5f1bc783/driver_command.txt	400	3a8e7924213928e4c31e64d60634884019024fac7e1f64596c2d74f74d81e0dc	pack_a
releases/pack_aa/event_samples/20260722T092243Z_2/samples/9db01cdd5f1bc783/events.truth.driver.meta.json	442	aeb7551740a53045c8dbb8f6c0bd1afceb304a7c806a0a36255f6f082d311070	pack_a
releases/pack_aa/event_samples/20260722T092243Z_2/samples/9db01cdd5f1bc783/events.truth.jsonl	3267739	0622b260547980f3720f21fd11c0cbd054824715e37ad7e552d17bac82b59af5	pack_a
releases/pack_aa/event_samples/20260722T092243Z_2/samples/9db01cdd5f1bc783/input_hashes.json	762	20a567b98ce26b0a2eabfde6926a8a0efcecf89a44776064a126b2f7440ee8f0	pack_a
releases/pack_aa/event_samples/20260722T092243Z_2/samples/9db01cdd5f1bc783/run_summary.json	3540	87d4be62d164a9653a28c5436b6201e2c8230e20748b26fb728460be52c45247	pack_a
releases/pack_aa/event_samples/20260722T092243Z_2/samples/660021fb118f5f92/aa0_provenance_check.json	827	e2a423462cd64b9fc68f1e0be8569b4ade898e507c40d3b67dfff2c6fde3d6a7	pack_a
releases/pack_aa/event_samples/20260722T092243Z_2/samples/660021fb118f5f92/aa1_config_validation_report.json	16843	eefcb9de5d1d3e99d3dcbee5fc5ba6e3bc6fff63397a6f9ccd32b57781581ffe	pack_a
releases/pack_aa/event_samples/20260722T092243Z_2/samples/660021fb118f5f92/aa4_lifetime_closure.json	289	77301496e2230355a7bba5dfc2566c2bd88199a0025b98fe8618eb9afe2d9737	pack_a
releases/pack_aa/event_samples/20260722T092243Z_2/samples/660021fb118f5f92/aa5_branching_fraction_table.json	432	c5c296d7014987a225c86a7a8edf677d03586dd626703207c0c74cdfc2da4485	pack_a
releases/pack_aa/event_samples/20260722T092243Z_2/samples/660021fb118f5f92/aa6_production_preservation_report.json	233	1908046b7eeaa6260507e59979109c4fe073d62069cadaf07bbb99ee457c6d95	pack_a
releases/pack_aa/event_samples/20260722T092243Z_2/samples/660021fb118f5f92/config.yaml	1094	9e6458821ec4b9f8ac5e975879e3e2c0f34923195cec4db91e8187ffd488846a	pack_a
releases/pack_aa/event_samples/20260722T092243Z_2/samples/660021fb118f5f92/driver.log	6869	dc03b0f24e8a94662b182933d2477e957d9d73d118e08559061d8ff251217d6d	pack_a
releases/pack_aa/event_samples/20260722T092243Z_2/samples/660021fb118f5f92/driver_command.txt	396	7c80cb8dcecd7cd09f9d1944885053cd6160590db5c966a1ef89819a7741198a	pack_a
releases/pack_aa/event_samples/20260722T092243Z_2/samples/660021fb118f5f92/events.truth.driver.meta.json	438	56f97539f2d64510a1e8e082868abbeded08c38eeda925db2d2385c27759574f	pack_a
releases/pack_aa/event_samples/20260722T092243Z_2/samples/660021fb118f5f92/events.truth.jsonl	3307183	b43da26433cb96916292c78501d7d802cc9c886c84a08a2815d414883d047b94	pack_a
releases/pack_aa/event_samples/20260722T092243Z_2/samples/660021fb118f5f92/input_hashes.json	758	c2c9133d2ca34cf7098d817b9454ade89108690155c7107d2727aa7e22421d9c	pack_a
releases/pack_aa/event_samples/20260722T092243Z_2/samples/660021fb118f5f92/run_summary.json	3534	f305edc027ab59dcac4d37baeb309af149d03697a7b9da064a4d4aa8d2e6d785	pack_a
releases/pack_aa/event_samples/20260722T092243Z_2/samples/fcd9ff83da939385/aa0_provenance_check.json	827	e2a423462cd64b9fc68f1e0be8569b4ade898e507c40d3b67dfff2c6fde3d6a7	pack_a
releases/pack_aa/event_samples/20260722T092243Z_2/samples/fcd9ff83da939385/aa1_config_validation_report.json	16843	d9838ba437a7c294f4d7ef2b5f4cdef49072208307d90adc0aafca421ddc4257	pack_a
releases/pack_aa/event_samples/20260722T092243Z_2/samples/fcd9ff83da939385/aa4_lifetime_closure.json	290	956196464f28129d6118815f82eeca7fbc5f494e009a9cf14653ef0becf56693	pack_a
releases/pack_aa/event_samples/20260722T092243Z_2/samples/fcd9ff83da939385/aa5_branching_fraction_table.json	432	c5c296d7014987a225c86a7a8edf677d03586dd626703207c0c74cdfc2da4485	pack_a
releases/pack_aa/event_samples/20260722T092243Z_2/samples/fcd9ff83da939385/aa6_production_preservation_report.json	233	1908046b7eeaa6260507e59979109c4fe073d62069cadaf07bbb99ee457c6d95	pack_a
releases/pack_aa/event_samples/20260722T092243Z_2/samples/fcd9ff83da939385/config.yaml	1100	99bda0c22f5d96e54c57b40b0f0e392871d85c5740c64da269fd493aa6709219	pack_a
releases/pack_aa/event_samples/20260722T092243Z_2/samples/fcd9ff83da939385/driver.log	6869	eacb379fc4f65c31aedb85aee37c61c5f482aa7592b8748367f81615c6a4be4c	pack_a
releases/pack_aa/event_samples/20260722T092243Z_2/samples/fcd9ff83da939385/driver_command.txt	399	1ffaa2de82e1a2dbc03d35d31d586f555c798edc51f0f98e58f48da969009849	pack_a
releases/pack_aa/event_samples/20260722T092243Z_2/samples/fcd9ff83da939385/events.truth.driver.meta.json	441	39bd0f1b3fd999a77885a8d22990d85a2a3279ff93c41d1f9a8dad475434155c	pack_a
releases/pack_aa/event_samples/20260722T092243Z_2/samples/fcd9ff83da939385/events.truth.jsonl	3267735	95eeef943e1ed33b02c8b1da5988b1e1b9737d1684fea31f9ad9b60cd49a8498	pack_a
releases/pack_aa/event_samples/20260722T092243Z_2/samples/fcd9ff83da939385/input_hashes.json	761	7a14cb5b2b03e4fa41efccf2b7f7bf6ed1171a98580178744b49eef94204da85	pack_a
releases/pack_aa/event_samples/20260722T092243Z_2/samples/fcd9ff83da939385/run_summary.json	3538	29f44998beca2f51c605d7e40d3f896a73526cd1e0b4845ce151c4b129805596	pack_a
releases/pack_aa/event_samples/20260722T092243Z_2/samples/79ba74fb49c2f8c4/aa0_provenance_check.json	827	e2a423462cd64b9fc68f1e0be8569b4ade898e507c40d3b67dfff2c6fde3d6a7	pack_a
releases/pack_aa/event_samples/20260722T092243Z_2/samples/79ba74fb49c2f8c4/aa1_config_validation_report.json	16843	30adc6904f274309f5b724272b0c91cf4aa529b4d8151b47004bd342ceeb7e3f	pack_a
releases/pack_aa/event_samples/20260722T092243Z_2/samples/79ba74fb49c2f8c4/aa4_lifetime_closure.json	292	dc180fce72f05bf0c9ce6ae8409f3373f2c3021ecf1ec8f96af4ce37d06d8857	pack_a
releases/pack_aa/event_samples/20260722T092243Z_2/samples/79ba74fb49c2f8c4/aa5_branching_fraction_table.json	847	97dcfda830b36f1389b70e5dd8b620ffeb1a6d9ac43c5a163ffa3c2d6e9f1686	pack_a
releases/pack_aa/event_samples/20260722T092243Z_2/samples/79ba74fb49c2f8c4/aa6_production_preservation_report.json	233	1908046b7eeaa6260507e59979109c4fe073d62069cadaf07bbb99ee457c6d95	pack_a
releases/pack_aa/event_samples/20260722T092243Z_2/samples/79ba74fb49c2f8c4/config.yaml	1159	4027f3775f864585e560557929337f0793ffac5f6fe354785a1ea15742b45f71	pack_a
releases/pack_aa/event_samples/20260722T092243Z_2/samples/79ba74fb49c2f8c4/driver.log	6775	046a8cd546b4f29a96e6a3258d4d536eefa11526d0bb042cc0de1763133f616e	pack_a
releases/pack_aa/event_samples/20260722T092243Z_2/samples/79ba74fb49c2f8c4/driver_command.txt	444	665aad6e4c4d2ac80579eca2b35e5003d0af0894cfdef96af984fb5e31d01faf	pack_a
releases/pack_aa/event_samples/20260722T092243Z_2/samples/79ba74fb49c2f8c4/events.truth.driver.meta.json	442	1c30601c7abc2ce2156450ec1d04896986493636895d621967bfcd67af5902a6	pack_a
releases/pack_aa/event_samples/20260722T092243Z_2/samples/79ba74fb49c2f8c4/events.truth.jsonl	3272289	a4b5fd3b75a05cfcde11ba23e10def4b8da573934e4be33105ebf83e18c7a3fe	pack_a
releases/pack_aa/event_samples/20260722T092243Z_2/samples/79ba74fb49c2f8c4/input_hashes.json	857	4c893d25bd604e773a0138c3e3a837230fae7ffa09ba8b7128f5da6de70c532b	pack_a
releases/pack_aa/event_samples/20260722T092243Z_2/samples/79ba74fb49c2f8c4/run_summary.json	4050	a4e5cf5698b85616f2bd5eef46e0537aaa4506667abf25b08564fa9a8bfe6393	pack_a
releases/pack_aa/event_samples/20260722T092243Z_2/samples/c50900cc55623ce4/aa0_provenance_check.json	827	e2a423462cd64b9fc68f1e0be8569b4ade898e507c40d3b67dfff2c6fde3d6a7	pack_a
releases/pack_aa/event_samples/20260722T092243Z_2/samples/c50900cc55623ce4/aa1_config_validation_report.json	16843	7494ec2587fd721399f27abdcde346b917e6ed2a741324b0779520a7dc2ee941	pack_a
releases/pack_aa/event_samples/20260722T092243Z_2/samples/c50900cc55623ce4/aa4_lifetime_closure.json	290	ca228213a0ac1b5d9c3971313b9e00fdf428c1db399340795f1243118b1f661e	pack_a
releases/pack_aa/event_samples/20260722T092243Z_2/samples/c50900cc55623ce4/aa5_branching_fraction_table.json	847	97dcfda830b36f1389b70e5dd8b620ffeb1a6d9ac43c5a163ffa3c2d6e9f1686	pack_a
releases/pack_aa/event_samples/20260722T092243Z_2/samples/c50900cc55623ce4/aa6_production_preservation_report.json	233	1908046b7eeaa6260507e59979109c4fe073d62069cadaf07bbb99ee457c6d95	pack_a
releases/pack_aa/event_samples/20260722T092243Z_2/samples/c50900cc55623ce4/config.yaml	1151	5d3113d646bcbecc5c9cab9ebde5830f2761bd0fe58e9b28fdc5a1e2ef37a3fb	pack_a
releases/pack_aa/event_samples/20260722T092243Z_2/samples/c50900cc55623ce4/driver.log	6775	9b6fac3adf792805294533958d208d74635474031d46311a76f836cbc3739a30	pack_a
releases/pack_aa/event_samples/20260722T092243Z_2/samples/c50900cc55623ce4/driver_command.txt	440	56ee8bcff7da4c8aed1e2ff0aa3dd291e799062f7db17f29548667b50ecfc744	pack_a
releases/pack_aa/event_samples/20260722T092243Z_2/samples/c50900cc55623ce4/events.truth.driver.meta.json	438	b2e7151aad4338779ba3e0ecb256d3db1f0fada35812447b908a694aa4800f1b	pack_a
releases/pack_aa/event_samples/20260722T092243Z_2/samples/c50900cc55623ce4/events.truth.jsonl	3311417	fbf26681fa20c1c2358aa1186441ede9c544d0df5804996bf468d0ab84f7cbd7	pack_a
releases/pack_aa/event_samples/20260722T092243Z_2/samples/c50900cc55623ce4/input_hashes.json	853	627752e689e78e8f58e26412d0da64473e756b8ab103b0be342c82d17cc020be	pack_a
releases/pack_aa/event_samples/20260722T092243Z_2/samples/c50900cc55623ce4/run_summary.json	4044	c2d42428e6ac4268bd63437944e84b082566ab210794212446a4c4ea4f290d5d	pack_a
releases/pack_aa/event_samples/20260722T092243Z_2/samples/4ad3896b59cb0d92/aa0_provenance_check.json	827	e2a423462cd64b9fc68f1e0be8569b4ade898e507c40d3b67dfff2c6fde3d6a7	pack_a
releases/pack_aa/event_samples/20260722T092243Z_2/samples/4ad3896b59cb0d92/aa1_config_validation_report.json	16843	3342734f6e93c41c5709d80c7a7c60620bf2b7c9dab19557109717acf0f99f22	pack_a
releases/pack_aa/event_samples/20260722T092243Z_2/samples/4ad3896b59cb0d92/aa4_lifetime_closure.json	291	d9e8bde4c5bb2f024101f9058e7c1a0297c2a62e37dff192d37ee4466ec6d7d4	pack_a
releases/pack_aa/event_samples/20260722T092243Z_2/samples/4ad3896b59cb0d92/aa5_branching_fraction_table.json	433	f58ef085f9bd23f65a55156594275b3b66288128f29a36079fc7c2abc68b7b9b	pack_a
releases/pack_aa/event_samples/20260722T092243Z_2/samples/4ad3896b59cb0d92/aa6_production_preservation_report.json	233	1908046b7eeaa6260507e59979109c4fe073d62069cadaf07bbb99ee457c6d95	pack_a
releases/pack_aa/event_samples/20260722T092243Z_2/samples/4ad3896b59cb0d92/config.yaml	1110	9620e73985c3fdbda57ede98e465947bd4231372a42b7c4b2ff5c1c7ba554420	pack_a
releases/pack_aa/event_samples/20260722T092243Z_2/samples/4ad3896b59cb0d92/driver.log	6975	70d9dbc6ba90241dbfd120a4c13682bad91fd40f5909cdca4fa8c4115298e4d5	pack_a
releases/pack_aa/event_samples/20260722T092243Z_2/samples/4ad3896b59cb0d92/driver_command.txt	400	b5c220a56b1d1cbcfb16d70038ac598624ef60ea16f61b5259de594b0e77688a	pack_a
releases/pack_aa/event_samples/20260722T092243Z_2/samples/4ad3896b59cb0d92/events.truth.driver.meta.json	441	1fa4b08adee8a54da742aaafd74d631b33c3d68b70d6007cb813e0f5fdc71226	pack_a
releases/pack_aa/event_samples/20260722T092243Z_2/samples/4ad3896b59cb0d92/events.truth.jsonl	3263554	20814f400f963e84075117ea40a37167e6aad2ac2907b97643dc40d8f1f00440	pack_a
releases/pack_aa/event_samples/20260722T092243Z_2/samples/4ad3896b59cb0d92/input_hashes.json	762	b2fb4b6b331f8f3453d8189fbae82ac15c06a08881142a14fd39312033317cdd	pack_a
releases/pack_aa/event_samples/20260722T092243Z_2/samples/4ad3896b59cb0d92/run_summary.json	3542	1de4d3bbf53e75e535c9dd1cc041c6ce72790b0a3dc716a08ef8c738b106fb11	pack_a
releases/pack_aa/event_samples/20260722T092243Z_2/samples/743390d495cb995c/aa0_provenance_check.json	827	e2a423462cd64b9fc68f1e0be8569b4ade898e507c40d3b67dfff2c6fde3d6a7	pack_a
releases/pack_aa/event_samples/20260722T092243Z_2/samples/743390d495cb995c/aa1_config_validation_report.json	16843	24427eb6b6088df35cefe4af85cbc6b950cba5cf1d83efa52bae42bf953084f5	pack_a
releases/pack_aa/event_samples/20260722T092243Z_2/samples/743390d495cb995c/aa4_lifetime_closure.json	291	cb42a954af34c9a4da106d25a8704028b8232f6a0ef1978fbcced9c1268b20ae	pack_a
releases/pack_aa/event_samples/20260722T092243Z_2/samples/743390d495cb995c/aa5_branching_fraction_table.json	847	97dcfda830b36f1389b70e5dd8b620ffeb1a6d9ac43c5a163ffa3c2d6e9f1686	pack_a
releases/pack_aa/event_samples/20260722T092243Z_2/samples/743390d495cb995c/aa6_production_preservation_report.json	233	1908046b7eeaa6260507e59979109c4fe073d62069cadaf07bbb99ee457c6d95	pack_a
releases/pack_aa/event_samples/20260722T092243Z_2/samples/743390d495cb995c/config.yaml	1157	ca50f6436a6c3991c50280387b4b392dde8fb0a3dc6965f039ee2c69ef62b0c3	pack_a
releases/pack_aa/event_samples/20260722T092243Z_2/samples/743390d495cb995c/driver.log	6775	0a4b55e6c05ff81c9a3f943353470f16479ce918c638f6b4263cc19d4991b8e5	pack_a
releases/pack_aa/event_samples/20260722T092243Z_2/samples/743390d495cb995c/driver_command.txt	443	5a0e3b76ab17cc93a0748a84072bd6569593300e60476ba3f0370eea0817dbb4	pack_a
releases/pack_aa/event_samples/20260722T092243Z_2/samples/743390d495cb995c/events.truth.driver.meta.json	441	bf235c610842ce620ed116bc32f96557f0f01f8e8c600e4d871635ff6e3b6de5	pack_a
releases/pack_aa/event_samples/20260722T092243Z_2/samples/743390d495cb995c/events.truth.jsonl	3272295	235c9336b449f8649353a77b654634de78178bd563d4f89a129b23044d375254	pack_a
releases/pack_aa/event_samples/20260722T092243Z_2/samples/743390d495cb995c/input_hashes.json	856	12994510f51d22375ceac8d122509a6828dcc22dbbe04147c4cb240918f539b5	pack_a
releases/pack_aa/event_samples/20260722T092243Z_2/samples/743390d495cb995c/run_summary.json	4048	b14a05640dd7e4b38810611ab2154cdafb8458edcccf56fef392911f3a107f09	pack_a
releases/pack_aa/event_samples/20260722T092243Z_2/samples/b3f66512c7b91693/aa0_provenance_check.json	827	e2a423462cd64b9fc68f1e0be8569b4ade898e507c40d3b67dfff2c6fde3d6a7	pack_a
releases/pack_aa/event_samples/20260722T092243Z_2/samples/b3f66512c7b91693/aa1_config_validation_report.json	16843	af16c448b6a91338d8245b3311cd71a0c0e9575d7cf49be57cfda74d3a6d38c4	pack_a
releases/pack_aa/event_samples/20260722T092243Z_2/samples/b3f66512c7b91693/aa4_lifetime_closure.json	294	b9b3e65ac47d82717e16be324384ba7d35f22b0b0bcb1c47d02e48c7f6de6987	pack_a
releases/pack_aa/event_samples/20260722T092243Z_2/samples/b3f66512c7b91693/aa5_branching_fraction_table.json	433	f58ef085f9bd23f65a55156594275b3b66288128f29a36079fc7c2abc68b7b9b	pack_a
releases/pack_aa/event_samples/20260722T092243Z_2/samples/b3f66512c7b91693/aa6_production_preservation_report.json	233	1908046b7eeaa6260507e59979109c4fe073d62069cadaf07bbb99ee457c6d95	pack_a
releases/pack_aa/event_samples/20260722T092243Z_2/samples/b3f66512c7b91693/config.yaml	1112	94dde1fabdb7fe39ca206cfd2277705ecf9a7e8c064719db4eded4bdf078d17b	pack_a
releases/pack_aa/event_samples/20260722T092243Z_2/samples/b3f66512c7b91693/driver.log	6975	ec7c14d38d7ca80ce191610409a9a128e9f7bf44945357a3f40efff82296e091	pack_a
releases/pack_aa/event_samples/20260722T092243Z_2/samples/b3f66512c7b91693/driver_command.txt	401	fbed802d9872107e75d4a41961e70dc91970ab5298e7930a9e92b7877ce1f379	pack_a
releases/pack_aa/event_samples/20260722T092243Z_2/samples/b3f66512c7b91693/events.truth.driver.meta.json	442	322b509c9152f3d81e3c86ddcebb4a4252e8786d5131d52d2a7a23e5cac2b897	pack_a
releases/pack_aa/event_samples/20260722T092243Z_2/samples/b3f66512c7b91693/events.truth.jsonl	3263419	65b9f5a2ee134680e564992ae8e2a835173929bc63005f02491162d5452a84a8	pack_a
releases/pack_aa/event_samples/20260722T092243Z_2/samples/b3f66512c7b91693/input_hashes.json	763	015a8324b3af71dd0ab6a6f2ee15ee7e0d3e5c94d8b9ef1324069fff933f7944	pack_a
releases/pack_aa/event_samples/20260722T092243Z_2/samples/b3f66512c7b91693/run_summary.json	3546	d29c991982b4e53139cfb5d9ca16e5a4b68865054f574553027dafc8efb31311	pack_a
releases/pack_aa/event_samples/20260722T092243Z_2/samples/7d6ffaa5822da03f/aa0_provenance_check.json	827	e2a423462cd64b9fc68f1e0be8569b4ade898e507c40d3b67dfff2c6fde3d6a7	pack_a
releases/pack_aa/event_samples/20260722T092243Z_2/samples/7d6ffaa5822da03f/aa1_config_validation_report.json	16843	37d6ef71c5c9597dd35a6399742a7defc73f0b9e67c3b04ec22806124558db4d	pack_a
releases/pack_aa/event_samples/20260722T092243Z_2/samples/7d6ffaa5822da03f/aa4_lifetime_closure.json	291	cd8dc8ee3e8a8e19933eb24643073c2af6d445b4f1ebdeb9edc25bfd296275f2	pack_a
releases/pack_aa/event_samples/20260722T092243Z_2/samples/7d6ffaa5822da03f/aa5_branching_fraction_table.json	433	f58ef085f9bd23f65a55156594275b3b66288128f29a36079fc7c2abc68b7b9b	pack_a
releases/pack_aa/event_samples/20260722T092243Z_2/samples/7d6ffaa5822da03f/aa6_production_preservation_report.json	233	1908046b7eeaa6260507e59979109c4fe073d62069cadaf07bbb99ee457c6d95	pack_a
releases/pack_aa/event_samples/20260722T092243Z_2/samples/7d6ffaa5822da03f/config.yaml	1104	ef2918ce1b46cbc1ccfa5ab609c2a3aaf9209f258648dd0be1a5ba5832cdf290	pack_a
releases/pack_aa/event_samples/20260722T092243Z_2/samples/7d6ffaa5822da03f/driver.log	6975	f15c3d6f65d558a49a92df8c848b0bd9bb4f506f5037273537017b7eb2f47929	pack_a
releases/pack_aa/event_samples/20260722T092243Z_2/samples/7d6ffaa5822da03f/driver_command.txt	397	39b92f7bab7557aa92fefb0a185ce10df34df53cc74e63d1bd7601f69ea608d3	pack_a
releases/pack_aa/event_samples/20260722T092243Z_2/samples/7d6ffaa5822da03f/events.truth.driver.meta.json	438	82667a4860a6c63c781510059c4626722026defd07051ff69a99bace65f989cc	pack_a
releases/pack_aa/event_samples/20260722T092243Z_2/samples/7d6ffaa5822da03f/events.truth.jsonl	3303126	499fd37ede05a2497bc2849529187ee9180be8a44551cb6fc33cc0735490ee13	pack_a
releases/pack_aa/event_samples/20260722T092243Z_2/samples/7d6ffaa5822da03f/input_hashes.json	759	53a7c3f0b061907bd7062bceb3d12a94702522a7a30347307bbcd295c159b27c	pack_a
releases/pack_aa/event_samples/20260722T092243Z_2/samples/7d6ffaa5822da03f/run_summary.json	3539	200b2fc31fb954c335a505416134749ae47474a1793d7a0617a2bd361eb606b3	pack_a
releases/pack_aa/candidates/pack_aa_release_candidate_v1.zip	196116	b75e9fe996b29090645af3a568b2007f0ad6b3206073c5aa83aa2332396f5c22	pack_a
releases/pack_aa/candidates/pi_pack_aa_release_candidate_v1.zip	656811	fb5ddffcbb82ab763be1c6c457f46b2d5159d9f32b96ad2230b85180e2b82291	pack_a
releases/pack_b/candidates/20260722T091121Z/decay.slha	634	b28ab25311a3e1796c0018c33c14d8709ec31456ef45df9940d1b5bdf1086741	pack_b
releases/pack_b/candidates/20260722T091121Z/point.json	1503	a598573864361f674283cabb0ca478c3965ec362bca355a53c46f5cbdd164e90	pack_b
releases/pack_b/candidates/20260722T091121Z/pythia_llp_smoke	120048	0509673c4e5ff3473c73625d26f7d879b56a1804eab5ea1e8b1203c8cf697f0c	pack_b
releases/pack_b/candidates/20260722T091121Z/pythia_llp_smoke.cc	3381	c073542f90272ccacab0d123170dfe1036e97f43ac90754733432bd34fa368ad	pack_b
releases/pack_a/historical/PACK_A_NATIVE_REPRODUCE.md	3425	71a4e6fc2c66ad3af8cc5e804b9d503893ae2134c28bdbbea31e762755532005	pack_a
releases/pack_a/historical/PACK_A_NATIVE_ROOT_CAUSE.md	3190	d57a9c27dff9c60f65541d4e5d4cce888cbddbd01670fb8e8928de13710951d9	pack_a
releases/pack_a/historical/PACK_A_NATIVE_RUNTIME_REPORT.md	13381	e82c5d4f25ab7e4ad260bc92f8e6a594937c26b4924590028a9c42d9a9a9dc21	pack_a
releases/pack_a/historical/PACK_A_NATIVE_RUNTIME_STATUS.json	4631	b4e88736c9052155c68d6b365b24f50922db07dfbb3736ce8237fdb49201fe6f	pack_a
releases/pack_a/historical/PATCH_PACK_A_RUNTIMEFIX.diff	6838	78945a56b2fd3736370236f70c930dae6ffe772456b95e0e7637cb77ce46eabd	pack_a
releases/pack_a/historical/pi_ufo_baseline_v1_runtimefix.zip	8384397	2a9cde7af91ea66a6275a86ab073b3677efc8a46d7e8913d8475b948a468b755	pack_a
releases/pack_a/frozen/PACK_A_FINAL_CLOSURE_CONFIRMATION.md	6454	78149b7c14674a4e8b951c15442f695a40ae36c0a15b1f4763b72c33961361b6	pack_a
releases/pack_a/frozen/PACK_A_FINAL_CLOSURE_STATUS.json	3092	c7709cb59d1f792298a953d70a7786c347b3fd0fddf294ccbf9a24dafb8ada7d	pack_a
releases/pack_a/frozen/PACK_A_HOTFIX1_FREEZE_VALIDATION.md	7516	2d25e859c4e682e629f6f4ce5d1bc0fc9d39b0ca9699614fee21eb881cf80758	pack_a
releases/pack_a/frozen/PACK_A_HOTFIX1_FROZEN_CHECKSUMS.sha256	407	3a0361516c498d34413f5cfea5d0ec188ac696744d9c94ba2d42634949466b6b	pack_a
releases/pack_a/frozen/PACK_A_HOTFIX1_FROZEN_MANIFEST.json	6271	da9e2945fc4af78b106960f229a57e9f8391296679cd2d67bb064225671dc890	pack_a
releases/pack_a/frozen/PACK_A_RESEARCHER_BRIEF.md	2945	f1bc2beddfe7414e52737f3ac0539be53913605b03ca459fb25b5c4ab8747bd9	pack_a
releases/pack_a/frozen/PATCH_PACK_A_HOTFIX1_FREEZE.diff	20718	153e1360854e9e8f923b2eebe079373999f888e598fc7c3d34b98f534d12a260	pack_a
releases/pack_a/frozen/pi_ufo_baseline_v1_frozen_hotfix1.zip	261130	58f1e976bc8fd6dcc89f353d68dc85ff70c935164e5d168322b1f8633e2537f6	pack_a
releases/pack_a/candidates/PACK_A_HOTFIX1_CHECKSUMS.sha256	499	875fc2eac1558c1bc23fc950c17ddc2c70c434eeedefa1f58b0169474e4d58a1	pack_a
releases/pack_a/candidates/PACK_A_HOTFIX1_MANIFEST.json	10708	6516cb61d7efa0c7eaeee9e6eaa56f32ce7c06af2b11b4a58eee23ea4325b02b	pack_a
releases/pack_a/candidates/PACK_A_HOTFIX1_OPERATOR_COMMANDS.md	3695	aa5ce0da530d2d0a59680bc5c1e9fd9dfd4079fbc5c79b90db62972d3833019a	pack_a
releases/pack_a/candidates/PACK_A_HOTFIX1_VALIDATION.md	15608	0ba02074ab824b3af1fe62497d6357c05c192f708a47dcdbcbd925484f68ae8c	pack_a
releases/pack_a/candidates/PACK_A_LUNA_VALIDATION.md	6515	44af5d1025d6eba6adb41f94ea43b5d5f15158c8999f56924ef88d806cfea5f6	pack_a
releases/pack_a/candidates/PACK_A_MADEVENT_INTERACTION_TRACE.md	3952	413cf20371a51f25b962c0355d9b78199064028fc1c2b403c41b886f1d1325c8	pack_a
releases/pack_a/candidates/PACK_A_OPERATOR_COMMANDS.md	2822	15563b8ce4b28ffe71245a89875e38568e017156d4ddda537efc3ee54573078c	pack_a
releases/pack_a/candidates/PACK_A_RELEASE_CANDIDATE_MANIFEST.json	12147	cdfc792bdb9a4a1bbaf2a9b8414da7ecb830d0403084bf979fb4f342c0c1f5a8	pack_a
releases/pack_a/candidates/PACK_A_REPRODUCIBILITY_MATRIX.json	6542	ff36323b57103bea7282957bca33267cfd6634d0542830ab0f283467252fab23	pack_a
releases/pack_a/candidates/PACK_A_SCIENTIFIC_STATUS.json	4686	7b4e3a48dcbf201afe3e350554b3d585c0dd524b1784d2114af603c1dc8ca6f7	pack_a
releases/pack_a/candidates/PACK_A_SOL_SCIENTIFIC_VALIDATION.md	10787	4eee7b0141814893298f143aecd3619003440b8cadb846550db599847f42bfe0	pack_a
releases/pack_a/candidates/PATCH_PACK_A_HOTFIX1.diff	24844	7a8828c524367aeef7e24f16168255e942965555f8a8f16a15b4fe12b9688a76	pack_a
releases/pack_a/candidates/PATCH_PACK_A_LUNA_ERGONOMICS.diff	75185	592e58d22f100bb056e262e9593a2db49ebc22b8cc47ab5766088c027d1c8e82	pack_a
releases/pack_a/candidates/PATCH_PACK_A_SOL_VALIDATION.diff	10909	d5c8bdb16eb9e79bf10ac33f552cb0d99a2f92d28e56ffce1711ba18ec550640	pack_a
releases/pack_a/candidates/pi_ufo_baseline_v1.zip	180223	632bf77818c84118fa707ad058cb655b90d018a394290cf565ab9d50f2db08cd	pack_a
releases/pack_a/candidates/pi_ufo_baseline_v1_release_candidate.zip	246598	fec8628b3386379b0dae9f308ff949872ff2b6247bba7fdca0a4b35e6df7b3dd	pack_a
releases/pack_a/candidates/pi_ufo_baseline_v1_release_candidate_hotfix1.zip	253860	d0547c1fa571eb95b2db81deb736c5d73a4f6fc95284bacc5f7229c73c67c4a8	pack_a
releases/pack_a/candidates/pi_ufo_baseline_v1_runtimefix_candidate.zip	225193	df36904843dc05710f4e0869bbf7c64ec87f501a6f52840b01df29461b94a06d	pack_a
releases/pack_a/scientific_validation/external_validation_a/pi_ufo_baseline_v1/CHANGELOG.md	333	c3d53198fd200b55e50ab8e29a0cb0f934aba20ee4a8d996fd9fee141cf09cba	pack_a
releases/pack_a/scientific_validation/external_validation_a/pi_ufo_baseline_v1/KNOWN_LIMITATIONS.md	856	45d9ae5e457158e37fc8303a3ee74a3f98bbd028601f9397f010b059714a5159	pack_a
releases/pack_a/scientific_validation/external_validation_a/pi_ufo_baseline_v1/MODEL_CARD.md	907	0776312fe51bce3b4dd6595f05044408feb0585e08febe29006fd5911684229e	pack_a
releases/pack_a/scientific_validation/external_validation_a/pi_ufo_baseline_v1/PROVENANCE.md	945	c0e2cca2ecd310972a32818dff00f46382057a9822b597487f7e0af00d6d0474	pack_a
releases/pack_a/scientific_validation/external_validation_a/pi_ufo_baseline_v1/README.md	1526	f55290a1b7f397c09068336021322fec5a309aab4db27de7571c5b497e8d8bfe	pack_a
releases/pack_a/scientific_validation/external_validation_a/pi_ufo_baseline_v1/checksums.sha256	10915	dd99659fa2074b5ed2332baab7acd38835b9d4e7df364af8407ff1ac2cf2e57b	pack_a
releases/pack_a/scientific_validation/external_validation_a/pi_ufo_baseline_v1/manifest.json	18900	c9355e29f447b15be7f724fd9225e684b80ee881f63e42d3fdafdf3b12d00c5b	pack_a
releases/pack_a/scientific_validation/external_validation_a/pi_ufo_baseline_v1/py.py	17566	fda73df8dd1d7a07e74969bd148678514dec235a70d5a2d63cb2cd8407778382	pack_a
releases/pack_a/scientific_validation/external_validation_a/pi_ufo_baseline_v1/requirements.txt	24	7ba71c714356e35c488aedd73284407e47c8b3c8627a8eca228773d54f1fd938	pack_a
releases/pack_a/scientific_validation/external_validation_a/pi_ufo_baseline_v1/points/point_000001.yaml	219	e039065312c82e5f44367f09035dc4d73d8ea58891faa5ff5e15c6f25b527f05	pack_a
releases/pack_a/scientific_validation/external_validation_a/pi_ufo_baseline_v1/validation/AB_STATIC_REGRESSION.json	638	8820eeede0af161ef5de48bdde24928d4da78bc8ff3e744f6cc609e5bbb81b19	pack_a
releases/pack_a/scientific_validation/external_validation_a/pi_ufo_baseline_v1/validation/EXTERNAL_RUNTIME_STATUS.md	426	92a681803f3a97d4b0cf198a627d132934b2ec9278d5f852771bb8dabb603315	pack_a
releases/pack_a/scientific_validation/external_validation_a/pi_ufo_baseline_v1/validation/RECAST_ADAPTER.md	556	071f5b79b7836d9e16d0c659f624dfb4738221577cebb768a5e2b3fa18b00b2c	pack_a
releases/pack_a/scientific_validation/external_validation_a/pi_ufo_baseline_v1/validation/STATIC_VALIDATION.json	2585	a755e05135e9a65090650f180aa101d9e7a71eace754adde74c291ac3f4305f5	pack_a
releases/pack_a/scientific_validation/external_validation_a/pi_ufo_baseline_v1/validation/provenance_inventory.json	22789	a1fe73c94d34ea7bb1c3408371fa60119cbc76304c6edead412ff3ea0d013921	pack_a
releases/pack_a/scientific_validation/external_validation_a/pi_ufo_baseline_v1/validation/pythia_llp_smoke.cc	3381	c073542f90272ccacab0d123170dfe1036e97f43ac90754733432bd34fa368ad	pack_a
releases/pack_a/scientific_validation/external_validation_a/pi_ufo_baseline_v1/validation/source_material/2HDMC_COUPLING_TRACE.md	972	2897e54ccf3328eb6659c23ae2791b9bc047fdc71c143894b88cf79ac79e5d24	pack_a
releases/pack_a/scientific_validation/external_validation_a/pi_ufo_baseline_v1/validation/source_material/LLSCALAR_V3_MODEL_CARD.md	4365	eb50e8f975c486c622fdd3fa6f9c83f368237323ee6e87f0c472df729ae8fe45	pack_a
releases/pack_a/scientific_validation/external_validation_a/pi_ufo_baseline_v1/validation/source_material/MADGRAPH_SMOKE_REPORT.md	1976	b3bdc5833322974bc0b630b5cd6bef2cae2f37547e1cf376ac1c8a9887655e0d	pack_a
releases/pack_a/scientific_validation/external_validation_a/pi_ufo_baseline_v1/validation/source_material/PhysScanWithFixings.cpp	13308	786d630bc989350e49259a41aef834a222f6ef924972d18458aa102b75585246	pack_a
releases/pack_a/scientific_validation/external_validation_a/pi_ufo_baseline_v1/validation/source_material/UFO_AUDIT_ADDENDUM_20260716.md	5362	1b64e18d3e7fc3e66d79940d885232c634f079f3f73a557ded022ce06ef418f6	pack_a
releases/pack_a/scientific_validation/external_validation_a/pi_ufo_baseline_v1/validation/source_material/UFO_HASH_MANIFEST.json	2842	0c69511d0951c8a93b69a579fa15b4457b26a04c46e38f13b695fb7a3ac34606	pack_a
releases/pack_a/scientific_validation/external_validation_a/pi_ufo_baseline_v1/validation/source_material/UFO_SCIENTIFIC_DIFF.md	7430	49be46d31a8207f85477fdbe1ae4a12aab0c0bd8c933c998e9c708fd266003a5	pack_a
releases/pack_a/scientific_validation/external_validation_a/pi_ufo_baseline_v1/validation/source_material/VERSION_DECISION.md	3983	db14efd68f3b89358221e361fdf5170e4dce593726fa3ed920994c6baab2afe0	pack_a
releases/pack_a/scientific_validation/external_validation_a/pi_ufo_baseline_v1/validation/logs/build_point.log	67	add34281d7b1547db4ab6f92d6d73c321b892e95d2b6f7fd89ce62ea24a6dd26	pack_a
releases/pack_a/scientific_validation/external_validation_a/pi_ufo_baseline_v1/validation/logs/compileall.log	0	e3b0c44298fc1c149afbf4c8996fb92427ae41e4649b934ca495991b7852b855	pack_a
releases/pack_a/scientific_validation/external_validation_a/pi_ufo_baseline_v1/validation/logs/shell_syntax.log	0	e3b0c44298fc1c149afbf4c8996fb92427ae41e4649b934ca495991b7852b855	pack_a
releases/pack_a/scientific_validation/external_validation_a/pi_ufo_baseline_v1/validation/logs/standalone_param_card.dat	1681	520869311058818f46eb103f49c7cee51e1687548685c11e1bf32e73854c1ccf	pack_a
releases/pack_a/scientific_validation/external_validation_a/pi_ufo_baseline_v1/validation/logs/static_tests.log	73	f0c6add6887a524e3318195865b0fc39f0c2e4069d859f4d3f45e63103210c62	pack_a
releases/pack_a/scientific_validation/external_validation_a/pi_ufo_baseline_v1/validation/logs/unittest.log	1053	b37bcbe136912834dbdbdad4eac2ef290dd2594f3604b5fa1647af6617fbb85b	pack_a
releases/pack_a/scientific_validation/external_validation_a/pi_ufo_baseline_v1/validation/logs/writer.log	90	48f80afdeead575514dc214c2ba0639f259fca15b9d09a00f0c3e3aef9bce58f	pack_a
releases/pack_a/scientific_validation/external_validation_a/pi_ufo_baseline_v1/model/LLscalar_v3_UFO_runtime/CT_couplings.py	298	58e07e6b6dea344858f32bccd1948a10768d38a217b88448aa4dc976c0a77b58	pack_a
releases/pack_a/scientific_validation/external_validation_a/pi_ufo_baseline_v1/model/LLscalar_v3_UFO_runtime/__init__.py	955	e2198b46e727a0aa09378d715bd33364095057dd910f3b8cf7d7dd6ec1bc71d7	pack_a
releases/pack_a/scientific_validation/external_validation_a/pi_ufo_baseline_v1/model/LLscalar_v3_UFO_runtime/coupling_orders.py	665	80d652d3441c1fed3242dc7a4141a12f5a7ccc2f2cc6764dd5d22bb39083d132	pack_a
releases/pack_a/scientific_validation/external_validation_a/pi_ufo_baseline_v1/model/LLscalar_v3_UFO_runtime/couplings.py	18621	199021f332fa57314f1a9dbd487a08c8310f9d5b4ce408eaa6c5ea99a649c3f4	pack_a
releases/pack_a/scientific_validation/external_validation_a/pi_ufo_baseline_v1/model/LLscalar_v3_UFO_runtime/decays.py	23449	ebb92183abff92cdaf55aeb80399effe2cc0256f1423ce807a390cd420564e23	pack_a
releases/pack_a/scientific_validation/external_validation_a/pi_ufo_baseline_v1/model/LLscalar_v3_UFO_runtime/form_factors.py	598	9fdae69a684ddd1eb5963a1695e0f5449045755826aa62a8829569848b32f478	pack_a
releases/pack_a/scientific_validation/external_validation_a/pi_ufo_baseline_v1/model/LLscalar_v3_UFO_runtime/function_library.py	3502	af85d1d7e83bc0f7a016258b6cc3e179c4d9fd6778ce553ebf7ff4b8be5b968f	pack_a
releases/pack_a/scientific_validation/external_validation_a/pi_ufo_baseline_v1/model/LLscalar_v3_UFO_runtime/lorentz.py	4392	4b818a0fd7a9f1ded91a957251380f4116a30454f8e1fc72e1c7ccacdab6bf8f	pack_a
releases/pack_a/scientific_validation/external_validation_a/pi_ufo_baseline_v1/model/LLscalar_v3_UFO_runtime/object_library.py	10877	4bef9ba0a44b89048f5ed02f0c97f5937e1a2ce8a949574bdaa6f67ae80f9e11	pack_a
releases/pack_a/scientific_validation/external_validation_a/pi_ufo_baseline_v1/model/LLscalar_v3_UFO_runtime/parameters.py	23054	7f84d779ff83dd52bbfecbbfe31df147e2df79faab0bcda716d5908d63b3d45b	pack_a
releases/pack_a/scientific_validation/external_validation_a/pi_ufo_baseline_v1/model/LLscalar_v3_UFO_runtime/particles.py	11211	01c61a7a352a5bebb747fff0c9ac3e228fa7575dfc381a339ecb285332b223c6	pack_a
releases/pack_a/scientific_validation/external_validation_a/pi_ufo_baseline_v1/model/LLscalar_v3_UFO_runtime/propagators.py	1351	1a4495d00654b6de8044d7a993b798cb12ca7265199f8e25ce42abdfbc98384a	pack_a
releases/pack_a/scientific_validation/external_validation_a/pi_ufo_baseline_v1/model/LLscalar_v3_UFO_runtime/py3_model.pkl	57574	3a21e000a8f87a7249c2ecf6470b3bc0d1cb3f76fbb93eb25c9987bf071b9619	pack_a
releases/pack_a/scientific_validation/external_validation_a/pi_ufo_baseline_v1/model/LLscalar_v3_UFO_runtime/vertices.py	36546	60bb131379499fd85ac21da8e15f960cffcf2d33afc54217481730e82648f6ba	pack_a
releases/pack_a/scientific_validation/external_validation_a/pi_ufo_baseline_v1/model/LLscalar_v3_UFO_runtime/write_param_card.py	3221	081e24c63a197a6c58fd60a4253e10960738ac35050fe49364941268381ffbb9	pack_a
releases/pack_a/scientific_validation/external_validation_a/pi_ufo_baseline_v1/build/point_000001/decay.slha	634	b28ab25311a3e1796c0018c33c14d8709ec31456ef45df9940d1b5bdf1086741	pack_a
releases/pack_a/scientific_validation/external_validation_a/pi_ufo_baseline_v1/build/point_000001/mg5_generate.log	5772	066c3f214af321bc4d7d5c3fbb5a4b6c80aa89e0435c6368bdffcac59b38ecec	pack_a
releases/pack_a/scientific_validation/external_validation_a/pi_ufo_baseline_v1/build/point_000001/param_card.dat	1643	b5e68dde0222854f72892cc79c0c90becca83a13502fec9bc29c69150a4f4bbf	pack_a
releases/pack_a/scientific_validation/external_validation_a/pi_ufo_baseline_v1/build/point_000001/point.json	1503	a598573864361f674283cabb0ca478c3965ec362bca355a53c46f5cbdd164e90	pack_a
releases/pack_a/scientific_validation/external_validation_a/pi_ufo_baseline_v1/build/point_000001/proc_card.dat	159	a1232e3019d1348a8a6c0fd5fbb38aa05745547bfc9f6f88e53b9bef7a4e556e	pack_a
releases/pack_a/scientific_validation/external_validation_a/pi_ufo_baseline_v1/build/point_000001/provenance.json	1951	23732e33b8064fd7b25cb109d6e715357cb8f056ecb7f4cf202ae5aa32235c32	pack_a
releases/pack_a/scientific_validation/external_validation_a/pi_ufo_baseline_v1/build/point_000001/pythia8.cmnd	385	92e5f0cbf76a3e2009e41b8c8beb85fc3a6c97fb1fa2aaa6c6376460cc925129	pack_a
releases/pack_a/scientific_validation/external_validation_a/pi_ufo_baseline_v1/build/point_000001/run_card.dat	384	0f0ea8bd8bda68e30ef4da98d145b6563045b64a13830104806fed244ed2ec1e	pack_a
releases/pack_a/scientific_validation/external_validation_a/pi_ufo_baseline_v1/build/point_000001/MG5_PROC/MGMEVersion.txt	5	878103c645ee9a78bccb0be542dca18fd14c37ff9fa7e269250288da0cfb8217	pack_a
releases/pack_a/scientific_validation/external_validation_a/pi_ufo_baseline_v1/build/point_000001/MG5_PROC/README	6747	526514d60b377501fc2ff3f3e89fe398cb60860de756941032c987026a288d3a	pack_a
releases/pack_a/scientific_validation/external_validation_a/pi_ufo_baseline_v1/build/point_000001/MG5_PROC/README.systematics	5371	d11504feb0c9116e3455180e687f782fc6370626ab71d5742299e155bd755af4	pack_a
releases/pack_a/scientific_validation/external_validation_a/pi_ufo_baseline_v1/build/point_000001/MG5_PROC/TemplateVersion.txt	6	732f64d874f90788c0199b0c19bfd9b3b6436e140114e53e462832532d74c61c	pack_a
releases/pack_a/scientific_validation/external_validation_a/pi_ufo_baseline_v1/build/point_000001/MG5_PROC/index.html	1954	485ab72458167c95d87f7d76b633867f9f2b8e77453f951e1c3f432611b65783	pack_a
releases/pack_a/scientific_validation/external_validation_a/pi_ufo_baseline_v1/build/point_000001/MG5_PROC/madevent.tar.gz	3399582	37aa04c8e15598e3adfd5bb29bd00275ce67e0d296374707a4e839aec6587d4b	pack_a
releases/pack_a/scientific_validation/external_validation_a/pi_ufo_baseline_v1/build/point_000001/MG5_PROC/HTML/crossx.html	0	e3b0c44298fc1c149afbf4c8996fb92427ae41e4649b934ca495991b7852b855	pack_a
releases/pack_a/scientific_validation/external_validation_a/pi_ufo_baseline_v1/build/point_000001/MG5_PROC/HTML/info-default.html	685	48cd8ccaa2a07f9a2744e142558ff0e9c8d2bab35636df22c29cc6e828e71cb0	pack_a
releases/pack_a/scientific_validation/external_validation_a/pi_ufo_baseline_v1/build/point_000001/MG5_PROC/HTML/info.html	1372	77bb464f063cac567706b2d30767a8eb628fc3abe54e07f1e31c0206e911c352	pack_a
releases/pack_a/scientific_validation/external_validation_a/pi_ufo_baseline_v1/build/point_000001/MG5_PROC/HTML/mgstyle.css	652	d12e48c9910c15a22b8095d045578863ca2fac20b765692ea248d81911673ba6	pack_a
releases/pack_a/scientific_validation/external_validation_a/pi_ufo_baseline_v1/build/point_000001/MG5_PROC/HTML/sortable.js	9967	9a1e49c93b802edad64c0195a0eba240e0efb1a2f47bfcfa8288ad5f8bcceef9	pack_a
releases/pack_a/scientific_validation/external_validation_a/pi_ufo_baseline_v1/build/point_000001/MG5_PROC/HTML/stop.jpg	9241	ba221735467931a9f936c1a62ab9159940eab27ad5adc2369df0edd21121fa90	pack_a
releases/pack_a/scientific_validation/external_validation_a/pi_ufo_baseline_v1/build/point_000001/MG5_PROC/HTML/thinking.gif	54166	e24769c8b69e96e5ab0714fb216bb04722482357d3fbc182c0cf038a324031d4	pack_a
releases/pack_a/scientific_validation/external_validation_a/pi_ufo_baseline_v1/build/point_000001/MG5_PROC/SubProcesses/MGVersion.txt	5	878103c645ee9a78bccb0be542dca18fd14c37ff9fa7e269250288da0cfb8217	pack_a
releases/pack_a/scientific_validation/external_validation_a/pi_ufo_baseline_v1/build/point_000001/MG5_PROC/SubProcesses/addmothers.f	46762	0e966f5242bdc70bbb96d606cd1aa73bfe40ea152d76a505600ad77a811a0120	pack_a
releases/pack_a/scientific_validation/external_validation_a/pi_ufo_baseline_v1/build/point_000001/MG5_PROC/SubProcesses/cluster.f	32017	651a462c5d36410dd4092e6543bd9bac1e35d518ae01949ac654a165cf330d4a	pack_a
releases/pack_a/scientific_validation/external_validation_a/pi_ufo_baseline_v1/build/point_000001/MG5_PROC/SubProcesses/cluster.inc	1723	19710e29a625143930935b641cbbb38fe3e535224bc910f5982a9f77c7076d0a	pack_a
releases/pack_a/scientific_validation/external_validation_a/pi_ufo_baseline_v1/build/point_000001/MG5_PROC/SubProcesses/cuts.f	55278	c077cc390dc052a8526ddb187c98005e08bab7e5d999c8c879b66a1500b65c2c	pack_a
releases/pack_a/scientific_validation/external_validation_a/pi_ufo_baseline_v1/build/point_000001/MG5_PROC/SubProcesses/done	0	e3b0c44298fc1c149afbf4c8996fb92427ae41e4649b934ca495991b7852b855	pack_a
releases/pack_a/scientific_validation/external_validation_a/pi_ufo_baseline_v1/build/point_000001/MG5_PROC/SubProcesses/dummy_fct.f	5288	b3ac74b7ff05185bbe4a2e9647f501c53dc5fcd5502075b37c4a54179b3b1b33	pack_a
releases/pack_a/scientific_validation/external_validation_a/pi_ufo_baseline_v1/build/point_000001/MG5_PROC/SubProcesses/genps.f	65885	fff7a5138e8c171d5fa235c057cee987c31df92c551e890b3f62991a59bdede7	pack_a
releases/pack_a/scientific_validation/external_validation_a/pi_ufo_baseline_v1/build/point_000001/MG5_PROC/SubProcesses/idenparts.f	2119	0584c11e0f53fba6a2747d1918150e2841ee6cead3972b3bdc50d1b9be9d5a0f	pack_a
releases/pack_a/scientific_validation/external_validation_a/pi_ufo_baseline_v1/build/point_000001/MG5_PROC/SubProcesses/initcluster.f	1721	b83e276ade00f20369ad1d2f300ee21940e9650d60084eb7b59fa6e9da575704	pack_a
releases/pack_a/scientific_validation/external_validation_a/pi_ufo_baseline_v1/build/point_000001/MG5_PROC/SubProcesses/makefile	3212	9704832a58bb3eb3ca1e8ac4db29f8735ae863c278f65a3b6537dc886b1ecd48	pack_a
releases/pack_a/scientific_validation/external_validation_a/pi_ufo_baseline_v1/build/point_000001/MG5_PROC/SubProcesses/message.inc	48	9d5515b45568d67213152a88a0ad8bdef0a8c4dfc9153c682293f8073942d0c5	pack_a
releases/pack_a/scientific_validation/external_validation_a/pi_ufo_baseline_v1/build/point_000001/MG5_PROC/SubProcesses/myamp.f	21004	cb45cac4a4d64d5aa69c84b4c8ebd73c0c4ef3ad82cea55c451532705cdcbaa1	pack_a
releases/pack_a/scientific_validation/external_validation_a/pi_ufo_baseline_v1/build/point_000001/MG5_PROC/SubProcesses/proc_characteristics	537	3c8206e7a51d6eb81e6274b775fd3ffed592a6fb6f0d7d03f887dee24fb97683	pack_a
releases/pack_a/scientific_validation/external_validation_a/pi_ufo_baseline_v1/build/point_000001/MG5_PROC/SubProcesses/procdef_mg5.dat	2203	12cf2782a72af64a5d5232b6b831bb66503769d25803bb5d4efc46b0a81e0791	pack_a
releases/pack_a/scientific_validation/external_validation_a/pi_ufo_baseline_v1/build/point_000001/MG5_PROC/SubProcesses/randinit	5	c28954e73fec048e91cb59f855bb8bd47f20eccd22e72acb7897570e6b8d5bb4	pack_a
releases/pack_a/scientific_validation/external_validation_a/pi_ufo_baseline_v1/build/point_000001/MG5_PROC/SubProcesses/refine.sh	2484	86fd2e92d3e8c3a2fff476b4ed8193616178868f98bf63e14cd8e9b6f94b6ff0	pack_a
releases/pack_a/scientific_validation/external_validation_a/pi_ufo_baseline_v1/build/point_000001/MG5_PROC/SubProcesses/refine_splitted.sh	2032	ce244c7d9c40098c9459fccf4153886201f00ab35c232eb69fe9b021448056c4	pack_a
releases/pack_a/scientific_validation/external_validation_a/pi_ufo_baseline_v1/build/point_000001/MG5_PROC/SubProcesses/reweight.f	68991	a505ba2611cee9c335b94d016956fbdd07c981431009c944e1561c02d4fd1014	pack_a
releases/pack_a/scientific_validation/external_validation_a/pi_ufo_baseline_v1/build/point_000001/MG5_PROC/SubProcesses/setcuts.f	35393	f0e3e5e3ad3f5599fa56aa7baef614112e383ee51701caa38d16c977185cab18	pack_a
releases/pack_a/scientific_validation/external_validation_a/pi_ufo_baseline_v1/build/point_000001/MG5_PROC/SubProcesses/setscales.f	6849	6308378112ef4dfcf12af53bf322f1c564294fc98e63948bd7323fb13a004c28	pack_a
releases/pack_a/scientific_validation/external_validation_a/pi_ufo_baseline_v1/build/point_000001/MG5_PROC/SubProcesses/subproc.mg	11	25373adac33ffc2eabb28ca6d596ab3b4d709f0354f6ffc5f1313b0a80dbff86	pack_a
releases/pack_a/scientific_validation/external_validation_a/pi_ufo_baseline_v1/build/point_000001/MG5_PROC/SubProcesses/subproc.txt	10	d9cd0ac93ce2f17b682820fae7d43be3065b27acff843c228e939af3a27c94e1	pack_a
releases/pack_a/scientific_validation/external_validation_a/pi_ufo_baseline_v1/build/point_000001/MG5_PROC/SubProcesses/sudakov.inc	960	e9271a4ce6644118a2feb3d4da31c6c9f4a928a9877999b45a24fe76a960676c	pack_a
releases/pack_a/scientific_validation/external_validation_a/pi_ufo_baseline_v1/build/point_000001/MG5_PROC/SubProcesses/survey.sh	1823	94975fb5487b8ca1f888a4dd285eb474671616f67347724c002a038ecd364077	pack_a
releases/pack_a/scientific_validation/external_validation_a/pi_ufo_baseline_v1/build/point_000001/MG5_PROC/SubProcesses/symmetry.f	20076	ac58500c883d11c50631e4fa6443c3445c1b0babf74f792191237fa4639c79c3	pack_a
releases/pack_a/scientific_validation/external_validation_a/pi_ufo_baseline_v1/build/point_000001/MG5_PROC/SubProcesses/unwgt.f	25753	fafc8b2fc8e652c363a455fcf729dd113338111e799dd96478c351d0746303a3	pack_a
releases/pack_a/scientific_validation/external_validation_a/pi_ufo_baseline_v1/build/point_000001/MG5_PROC/SubProcesses/P1_gg_h2h2/auto_dsig.f	19608	e414f39e668f6494af742835bf2039bd62cda4ce16a4c74f8c0fd0cc103fc869	pack_a
releases/pack_a/scientific_validation/external_validation_a/pi_ufo_baseline_v1/build/point_000001/MG5_PROC/SubProcesses/P1_gg_h2h2/auto_dsig1.f	5880	62c9db734d215dcbd3161672982d12e3cbfe876b843809360e35168d966df2a3	pack_a
releases/pack_a/scientific_validation/external_validation_a/pi_ufo_baseline_v1/build/point_000001/MG5_PROC/SubProcesses/P1_gg_h2h2/coloramps.inc	70	ec1006156ae22166a26ba3031a5f0a491d1cb00ade9ea92cb56de72253c912d6	pack_a
releases/pack_a/scientific_validation/external_validation_a/pi_ufo_baseline_v1/build/point_000001/MG5_PROC/SubProcesses/P1_gg_h2h2/config_nqcd.inc	22	4e03443c8378f97d54bb44892e5802ab6911df9de56d83c4220f0bb3ae5a3e55	pack_a
releases/pack_a/scientific_validation/external_validation_a/pi_ufo_baseline_v1/build/point_000001/MG5_PROC/SubProcesses/P1_gg_h2h2/config_subproc_map.inc	35	9e5897df67b51e186bb0938a67a490f3522f4ff37342920f709bbf190c0b08bd	pack_a
releases/pack_a/scientific_validation/external_validation_a/pi_ufo_baseline_v1/build/point_000001/MG5_PROC/SubProcesses/P1_gg_h2h2/configs.inc	224	3ed151c1c2c37bacff3d3f5d549fdae017a5972d93c6964508b61c78efb764c5	pack_a
releases/pack_a/scientific_validation/external_validation_a/pi_ufo_baseline_v1/build/point_000001/MG5_PROC/SubProcesses/P1_gg_h2h2/decayBW.inc	29	148f48bf08c4108079a92d88832d57c587222624e1f7162c630fa4eda0811e30	pack_a
releases/pack_a/scientific_validation/external_validation_a/pi_ufo_baseline_v1/build/point_000001/MG5_PROC/SubProcesses/P1_gg_h2h2/dname.mg	19	2a00b40a786dc11d4603044741b4928a9226546248113d765a939c04d5023287	pack_a
releases/pack_a/scientific_validation/external_validation_a/pi_ufo_baseline_v1/build/point_000001/MG5_PROC/SubProcesses/P1_gg_h2h2/driver.f	12785	83c6311fbd89267d2ca13d29b26dd6ec0cc142d3fabde8e70905594e6dce5259	pack_a
releases/pack_a/scientific_validation/external_validation_a/pi_ufo_baseline_v1/build/point_000001/MG5_PROC/SubProcesses/P1_gg_h2h2/get_color.f	528	7678c371ee22b87c00b8007ed7d6f75e1bd3dd94d016bc1e8ccfcdf704097e37	pack_a
releases/pack_a/scientific_validation/external_validation_a/pi_ufo_baseline_v1/build/point_000001/MG5_PROC/SubProcesses/P1_gg_h2h2/iproc.dat	8	9f1484819efbd27552b308c7bef1309cb037d836d4a9e6962f6bc56c87399fbe	pack_a
releases/pack_a/scientific_validation/external_validation_a/pi_ufo_baseline_v1/build/point_000001/MG5_PROC/SubProcesses/P1_gg_h2h2/leshouche.inc	258	6733d8d79e190c01a5c265169f96382df5b8ad4af5d7b918a2ea933a35cb652a	pack_a
releases/pack_a/scientific_validation/external_validation_a/pi_ufo_baseline_v1/build/point_000001/MG5_PROC/SubProcesses/P1_gg_h2h2/matrix1.ps	12790	6e1945697f0bb5db13011a4c44c0a8fa6c73d773b0ac5e2a82d4444c5d7960da	pack_a
releases/pack_a/scientific_validation/external_validation_a/pi_ufo_baseline_v1/build/point_000001/MG5_PROC/SubProcesses/P1_gg_h2h2/matrix1_orig.f	19681	5ebdb85e08b66995891e93dde4b9467af38a2185e9a2a9ee6bee0f79670de195	pack_a
releases/pack_a/scientific_validation/external_validation_a/pi_ufo_baseline_v1/build/point_000001/MG5_PROC/SubProcesses/P1_gg_h2h2/maxamps.inc	132	25f44ebb2a7b47b434d968a4d91a07af4e7652148710261c854ef0b13d363dcf	pack_a
releases/pack_a/scientific_validation/external_validation_a/pi_ufo_baseline_v1/build/point_000001/MG5_PROC/SubProcesses/P1_gg_h2h2/mg.sym	8	ce0beb5d3db56633838f88474455c79deba0d0ba4a099b11351d3db3921ab6e1	pack_a
releases/pack_a/scientific_validation/external_validation_a/pi_ufo_baseline_v1/build/point_000001/MG5_PROC/SubProcesses/P1_gg_h2h2/mirrorprocs.inc	43	935a25c04c2fb91c02081b241829da3156e4269aeb0e32009dfeb83a04edd2c1	pack_a
releases/pack_a/scientific_validation/external_validation_a/pi_ufo_baseline_v1/build/point_000001/MG5_PROC/SubProcesses/P1_gg_h2h2/ncombs.inc	56	06bf072f92425bdfbe34d5da8c6c7f2bd1265799bdcd750f0d4ff3aaeff196d8	pack_a
releases/pack_a/scientific_validation/external_validation_a/pi_ufo_baseline_v1/build/point_000001/MG5_PROC/SubProcesses/P1_gg_h2h2/nexternal.inc	114	74fd71600ab057b2329dd63d20970faad5acc6b19819e455d0bbe4cf75680b28	pack_a
releases/pack_a/scientific_validation/external_validation_a/pi_ufo_baseline_v1/build/point_000001/MG5_PROC/SubProcesses/P1_gg_h2h2/ngraphs.inc	55	f025f52826df5616a1bbec3d33e320238090bd6bad71ee9bc1551cdfb42dfac9	pack_a
releases/pack_a/scientific_validation/external_validation_a/pi_ufo_baseline_v1/build/point_000001/MG5_PROC/SubProcesses/P1_gg_h2h2/pmass.inc	96	d82449c6077b613993a1d7818fd712f54c84524a103ed6d10c329143cc290ebe	pack_a
releases/pack_a/scientific_validation/external_validation_a/pi_ufo_baseline_v1/build/point_000001/MG5_PROC/SubProcesses/P1_gg_h2h2/processes.dat	32	d02cb2e05bd9bc3a660ecf35d59c925045b9407ae2185908fc7ed57b84b991b5	pack_a
releases/pack_a/scientific_validation/external_validation_a/pi_ufo_baseline_v1/build/point_000001/MG5_PROC/SubProcesses/P1_gg_h2h2/props.inc	88	c8f09d5645099a2196e2ffc6b772a951772c587501a11fd665299f28df9ceb70	pack_a
releases/pack_a/scientific_validation/external_validation_a/pi_ufo_baseline_v1/build/point_000001/MG5_PROC/SubProcesses/P1_gg_h2h2/symfact_orig.dat	7	0f8d6984b4abd7a95420e165b32ff8258634f06eb5648c390575f726c0b045f6	pack_a
releases/pack_a/scientific_validation/external_validation_a/pi_ufo_baseline_v1/build/point_000001/MG5_PROC/SubProcesses/P1_gg_h2h2/symperms.inc	47	f1f1925d51fcba3df8d683d8c1ea6497c56d6dea4978686d428fccdc549b06fd	pack_a
releases/pack_a/scientific_validation/external_validation_a/pi_ufo_baseline_v1/build/point_000001/MG5_PROC/SubProcesses/P1_gg_h2h2/symswap.inc	65	9eee3eaf8365eb19d489c170079bb88598bbb79744432fd88bfbc7c4449414c1	pack_a
releases/pack_a/scientific_validation/external_validation_a/pi_ufo_baseline_v1/build/point_000001/MG5_PROC/SubProcesses/P1_gg_h2h2/template_matrix1.f	13652	18401b1c27fd74a81ab55475b66469feaf6e28bcc9bc8c1157654b2e2770e2d2	pack_a
releases/pack_a/scientific_validation/external_validation_a/pi_ufo_baseline_v1/build/point_000001/MG5_PROC/Events/.keep	0	e3b0c44298fc1c149afbf4c8996fb92427ae41e4649b934ca495991b7852b855	pack_a
releases/pack_a/scientific_validation/external_validation_a/pi_ufo_baseline_v1/build/point_000001/MG5_PROC/bin/cleanall	915	72f285016ba0ab688a54eeca202b4355c219fb7f71df42b543ce107cc6b88e83	pack_a
releases/pack_a/scientific_validation/external_validation_a/pi_ufo_baseline_v1/build/point_000001/MG5_PROC/bin/generate_events	5885	3b454a48b9ee004458c0f67333711f05b2bb77ddfb0adb6c2edaddea7142c904	pack_a
releases/pack_a/scientific_validation/external_validation_a/pi_ufo_baseline_v1/build/point_000001/MG5_PROC/bin/madevent	8030	13d0f53355f7b52e4ec0218f5e8e3a755e3da07c89d57f74f8df6956500bc9e2	pack_a
releases/pack_a/scientific_validation/external_validation_a/pi_ufo_baseline_v1/build/point_000001/MG5_PROC/bin/newprocess_mg5	3529	f55d3f285147a8bb844d89b0ff3d81b5c3e86584f383a4e3e7c6780a2b795ff8	pack_a
releases/pack_a/scientific_validation/external_validation_a/pi_ufo_baseline_v1/build/point_000001/MG5_PROC/bin/internal/FO_analyse_card.py	5863	a43b37ac9ee097deb85e4f1b5abca970b9ed32188d33f811f618b77ec4ce6ac6	pack_a
releases/pack_a/scientific_validation/external_validation_a/pi_ufo_baseline_v1/build/point_000001/MG5_PROC/bin/internal/__init__.py	2270	6371c71acf6135d279bc3935b7fae4f758ba3e583f15978b9cea8adc52dccf26	pack_a
releases/pack_a/scientific_validation/external_validation_a/pi_ufo_baseline_v1/build/point_000001/MG5_PROC/bin/internal/addmasses_optional.py	10027	41ff69c9ebeb9cfb2e8bf23a34cd74723f207471e1f0eadd3f3cb018ba92d042	pack_a
releases/pack_a/scientific_validation/external_validation_a/pi_ufo_baseline_v1/build/point_000001/MG5_PROC/bin/internal/banner.py	276635	04e364bd29ee26cd6d84240de49edd5a0c2a4d15272ddb6edc323ea4ff0eb685	pack_a
releases/pack_a/scientific_validation/external_validation_a/pi_ufo_baseline_v1/build/point_000001/MG5_PROC/bin/internal/check_param_card.py	73864	48b64f72f246687d3b7ed9dc30ebac5507a81ba5691276af29ef1e17ec37ad2f	pack_a
releases/pack_a/scientific_validation/external_validation_a/pi_ufo_baseline_v1/build/point_000001/MG5_PROC/bin/internal/clean	718	dfdc00d3c3e9ac3f966c4ace24cbbab7e4a2f3780f33f07a0463d6ec9eb83eaf	pack_a
releases/pack_a/scientific_validation/external_validation_a/pi_ufo_baseline_v1/build/point_000001/MG5_PROC/bin/internal/clean_template	2842	f6bcadb43be98c2a98c28765ca6e1bef7debde0e211270759e5dddce0fd5deb2	pack_a
releases/pack_a/scientific_validation/external_validation_a/pi_ufo_baseline_v1/build/point_000001/MG5_PROC/bin/internal/cluster.py	84691	f18d05b07b2f36bdc9e3658507c0f0e759c0be3c7584a3c07bbd5cdba3a6d5fd	pack_a
releases/pack_a/scientific_validation/external_validation_a/pi_ufo_baseline_v1/build/point_000001/MG5_PROC/bin/internal/coloring_logging.py	3301	a8027424a9810a5332523b2f37f2a8acda222a5fca75b78cd225474017f3b486	pack_a
releases/pack_a/scientific_validation/external_validation_a/pi_ufo_baseline_v1/build/point_000001/MG5_PROC/bin/internal/combine_grid.py	29721	4ebc76f6ed1e40752c0faba92b2dc88e854e4978df9610a61558b1c6f65d0a7c	pack_a
releases/pack_a/scientific_validation/external_validation_a/pi_ufo_baseline_v1/build/point_000001/MG5_PROC/bin/internal/combine_runs.py	6910	1ac132149aebd19b9f20d63617245f70dc947559bc81d8fbdaf103ef43fc9476	pack_a
releases/pack_a/scientific_validation/external_validation_a/pi_ufo_baseline_v1/build/point_000001/MG5_PROC/bin/internal/common_run_interface.py	367601	df07c70f8dac590345f0e6c195ef6d63ecd5db153bad2946d9285187cee4a733	pack_a
releases/pack_a/scientific_validation/external_validation_a/pi_ufo_baseline_v1/build/point_000001/MG5_PROC/bin/internal/create_matching_plots.C	723	fe1bd40e7e21cffe4d033d136f9f59d7df37af32818ca39b76439d90925e08c3	pack_a
releases/pack_a/scientific_validation/external_validation_a/pi_ufo_baseline_v1/build/point_000001/MG5_PROC/bin/internal/create_matching_plots.sh	943	b18887efa732028e4145d90add7b619d1abefc62098eb4381851ece166c9bb2d	pack_a
releases/pack_a/scientific_validation/external_validation_a/pi_ufo_baseline_v1/build/point_000001/MG5_PROC/bin/internal/eval.sh	20	6d167bcde1277a9c85d5413a825e17eda41f47082c6171905850477caeeb326d	pack_a
releases/pack_a/scientific_validation/external_validation_a/pi_ufo_baseline_v1/build/point_000001/MG5_PROC/bin/internal/extended_cmd.py	129251	73b6f30afb200b4e1d169908b72e04ab9c2cfd558ffc743f330db5129b31d22c	pack_a
releases/pack_a/scientific_validation/external_validation_a/pi_ufo_baseline_v1/build/point_000001/MG5_PROC/bin/internal/extract_banner-pl	508	6960620d20ab0e702df2ee0d6d0f5f27296d5ebac374a88520f7b70cdb2b4d32	pack_a
releases/pack_a/scientific_validation/external_validation_a/pi_ufo_baseline_v1/build/point_000001/MG5_PROC/bin/internal/file_writers.py	41579	fff9a790853aa44559bd04bda7371b466c4b4ed6476e77445105a8af876d203b	pack_a
releases/pack_a/scientific_validation/external_validation_a/pi_ufo_baseline_v1/build/point_000001/MG5_PROC/bin/internal/files.py	8707	cfec87ab0e4071abbf9989f1b029ee1128e02d7a435e79852294b4f3cab7ccde	pack_a
releases/pack_a/scientific_validation/external_validation_a/pi_ufo_baseline_v1/build/point_000001/MG5_PROC/bin/internal/gen_cardhtml-pl	10534	30b1cbdbd4d88a035824dc90e3ddd1f6f6c2e7f1618e1719511c3c3c28aa2236	pack_a
releases/pack_a/scientific_validation/external_validation_a/pi_ufo_baseline_v1/build/point_000001/MG5_PROC/bin/internal/gen_crossxhtml.py	71047	ba2646284802d699fb4ce34b4980749a1284374365e7780cd2e8cb8d1c84482f	pack_a
releases/pack_a/scientific_validation/external_validation_a/pi_ufo_baseline_v1/build/point_000001/MG5_PROC/bin/internal/gen_jpeg-pl	2941	3bba9f0f4b861372111bfa4641c4b9600d97b7c7e43823f1313cb61a321bb1e2	pack_a
releases/pack_a/scientific_validation/external_validation_a/pi_ufo_baseline_v1/build/point_000001/MG5_PROC/bin/internal/gen_ximprove.py	85872	9c5c32bb4e610234dde339ed88de75174ee280bd3e06b073ca3ff61a5a8ae167	pack_a
releases/pack_a/scientific_validation/external_validation_a/pi_ufo_baseline_v1/build/point_000001/MG5_PROC/bin/internal/hel_recycle.py	31149	8ec199b1746f73fdd26cff06e0bee46e1c482a71e7f3646bb349f88ccaeb978e	pack_a
releases/pack_a/scientific_validation/external_validation_a/pi_ufo_baseline_v1/build/point_000001/MG5_PROC/bin/internal/histograms.py	176703	8fe6f18a51f4a41389436a32fdf01e8f284f15067efdc40a5d7e0c28ad2c7f2c	pack_a
releases/pack_a/scientific_validation/external_validation_a/pi_ufo_baseline_v1/build/point_000001/MG5_PROC/bin/internal/lhe_parser.py	136178	21056fcacdc41b56aacf3584e4ee30504a646edce31629e4c119b3a7600273c8	pack_a
releases/pack_a/scientific_validation/external_validation_a/pi_ufo_baseline_v1/build/point_000001/MG5_PROC/bin/internal/madevent_interface.py	350048	5073c8c649d0c35bc0cae69a1eb09e42dc3a0e85fba9b15b2b47a242107cecef	pack_a
releases/pack_a/scientific_validation/external_validation_a/pi_ufo_baseline_v1/build/point_000001/MG5_PROC/bin/internal/make_gridpack	438	b32aacebbeddd45d84d898a457062e4b1b6946349c54f8abe8d774cc17a9a012	pack_a
releases/pack_a/scientific_validation/external_validation_a/pi_ufo_baseline_v1/build/point_000001/MG5_PROC/bin/internal/make_madevent_tar	215	1f9bea9265eb1c49a8b2274a0f0284ad3fe6628e1b4489681931f5000028c810	pack_a
releases/pack_a/scientific_validation/external_validation_a/pi_ufo_baseline_v1/build/point_000001/MG5_PROC/bin/internal/me5_logging.conf	2611	a593dfa321744db9344d6b722a9208910469af501a38513a030096f0b2f08948	pack_a
releases/pack_a/scientific_validation/external_validation_a/pi_ufo_baseline_v1/build/point_000001/MG5_PROC/bin/internal/merge.pl	10475	be04f05efda2bb515a723276ee947f98b8da7705b72dc41d3ff4cd638cf016df	pack_a
releases/pack_a/scientific_validation/external_validation_a/pi_ufo_baseline_v1/build/point_000001/MG5_PROC/bin/internal/misc.py	94456	074368ffb6204bf3c822a622ee074f5197c53bda7b4c5310dcf8c4fb4a057149	pack_a
releases/pack_a/scientific_validation/external_validation_a/pi_ufo_baseline_v1/build/point_000001/MG5_PROC/bin/internal/monitor	1137	91020174912796bbe93d4bc5a04b42e6ef973ddb58d1ba8454661e7b82efd33c	pack_a
releases/pack_a/scientific_validation/external_validation_a/pi_ufo_baseline_v1/build/point_000001/MG5_PROC/bin/internal/multicore	478	58ee77d2f9cb743d4cd7ff23f4a97512c62725fceb8da0900d14c2cb23341d08	pack_a
releases/pack_a/scientific_validation/external_validation_a/pi_ufo_baseline_v1/build/point_000001/MG5_PROC/bin/internal/plot	1467	58343673450356ea31858f251ecf9e2c14da1c81c9978fa69d22c244c1c25cc9	pack_a
releases/pack_a/scientific_validation/external_validation_a/pi_ufo_baseline_v1/build/point_000001/MG5_PROC/bin/internal/plot_djrs.py	7143	154178e34982ecad225e7067eb04690d72643732963147be013de62df386203f	pack_a
releases/pack_a/scientific_validation/external_validation_a/pi_ufo_baseline_v1/build/point_000001/MG5_PROC/bin/internal/plot_page-pl	3521	41f363947856f97ecc26d605671a1a0ccb5cef2ff33f27d149191269ca92db89	pack_a
releases/pack_a/scientific_validation/external_validation_a/pi_ufo_baseline_v1/build/point_000001/MG5_PROC/bin/internal/plot_pypage-pl	2426	063e24ab272f9d7795164b4fdc600484bfe03b4603caa8f866b8f3a26c640c84	pack_a
releases/pack_a/scientific_validation/external_validation_a/pi_ufo_baseline_v1/build/point_000001/MG5_PROC/bin/internal/plot_tree.C	2436	dac4d5d361cf3ab788d086a25144b3af7b8b8d7e7e4706b77c48f85f1cb9f94a	pack_a
releases/pack_a/scientific_validation/external_validation_a/pi_ufo_baseline_v1/build/point_000001/MG5_PROC/bin/internal/restore_data	1518	aa337f19616ee50170f98204805569038d3d1bfe2276e2267275ae78c9f2719e	pack_a
releases/pack_a/scientific_validation/external_validation_a/pi_ufo_baseline_v1/build/point_000001/MG5_PROC/bin/internal/run_combine	323	22d90ff09e294d63bc7bddd9af9202b026c2763dc9855bb0f852dcba82e6847e	pack_a
releases/pack_a/scientific_validation/external_validation_a/pi_ufo_baseline_v1/build/point_000001/MG5_PROC/bin/internal/run_delphes	1171	e37c42ab4ed5be796e5dc45ff6918edfbf92e206c9be9872ae0eaf6f125bb958	pack_a
releases/pack_a/scientific_validation/external_validation_a/pi_ufo_baseline_v1/build/point_000001/MG5_PROC/bin/internal/run_delphes3	1675	210683a1c9f34bf863bff6d2a7106c22c64d40e9fd012ba6d89bbe6852fe47eb	pack_a
releases/pack_a/scientific_validation/external_validation_a/pi_ufo_baseline_v1/build/point_000001/MG5_PROC/bin/internal/run_genissud	2418	a1fb4351a215baae8915ad3c6c2ab2ba9f1ee478dcc196da8bfb1cd057bb92d3	pack_a
releases/pack_a/scientific_validation/external_validation_a/pi_ufo_baseline_v1/build/point_000001/MG5_PROC/bin/internal/run_hep2lhe	824	4c280cfad5ff4f0bbafc47233e28980352b5530d73f1286f4f672496bc681046	pack_a
releases/pack_a/scientific_validation/external_validation_a/pi_ufo_baseline_v1/build/point_000001/MG5_PROC/bin/internal/run_pgs	634	cb1c2537913cc9fc10d237ce225f0547ed8ac85d0fa8021ae74cc3b7e863d9ab	pack_a
releases/pack_a/scientific_validation/external_validation_a/pi_ufo_baseline_v1/build/point_000001/MG5_PROC/bin/internal/run_plot	913	93b3590538f04226fd933a0ba1caa3469c59d31014f3a69d56c35bfbc9c377fd	pack_a
releases/pack_a/scientific_validation/external_validation_a/pi_ufo_baseline_v1/build/point_000001/MG5_PROC/bin/internal/run_plot_delphes	939	a6ce412f11761a9b647b6b5a564852165343c8bcf0f6928cd74d54f675695e77	pack_a
releases/pack_a/scientific_validation/external_validation_a/pi_ufo_baseline_v1/build/point_000001/MG5_PROC/bin/internal/run_plot_pgs	902	0860957ba69202e5d47a5a535bcfd6ebc07cdadafe52675604fdd3c350ccac40	pack_a
releases/pack_a/scientific_validation/external_validation_a/pi_ufo_baseline_v1/build/point_000001/MG5_PROC/bin/internal/run_plot_pythia	1005	e212bf1c2de6dc86bd50e2dc1023654ad470e9b885cc7a744add9371955526e0	pack_a
releases/pack_a/scientific_validation/external_validation_a/pi_ufo_baseline_v1/build/point_000001/MG5_PROC/bin/internal/save_load_object.py	3723	676b216218f99f6995a22d7df6a9b48b78d0f4d9a1c68aec0e3a27160270b4c9	pack_a
releases/pack_a/scientific_validation/external_validation_a/pi_ufo_baseline_v1/build/point_000001/MG5_PROC/bin/internal/shower_card.py	16856	dcdd28e900b7a7a60bb27e4bbb0ecca5604bf9ea3b4c4caef985d74be082ed8e	pack_a
releases/pack_a/scientific_validation/external_validation_a/pi_ufo_baseline_v1/build/point_000001/MG5_PROC/bin/internal/store4grid	1538	df350c66976db88edfba4b79ee82e672236b78023a89308dcdd59f83bdc7d4bb	pack_a
releases/pack_a/scientific_validation/external_validation_a/pi_ufo_baseline_v1/build/point_000001/MG5_PROC/bin/internal/sum_html.py	32551	b9bbf9f686025d7ab76d9b9b6e1d9990b11f90d2380c3499635e668cd0b6a5f8	pack_a
releases/pack_a/scientific_validation/external_validation_a/pi_ufo_baseline_v1/build/point_000001/MG5_PROC/bin/internal/syscalc_template.dat	362	a2012c82a6521bc4465339c7a707bfecdfea40066be1d7161109b851a54192ed	pack_a
releases/pack_a/scientific_validation/external_validation_a/pi_ufo_baseline_v1/build/point_000001/MG5_PROC/bin/internal/systematics.py	53093	f9e8581c85e05f36282842ae11791eb29ac301d78f889a0b5c53f889056f59de	pack_a
releases/pack_a/scientific_validation/external_validation_a/pi_ufo_baseline_v1/build/point_000001/MG5_PROC/bin/internal/ufomodel/CT_couplings.py	298	58e07e6b6dea344858f32bccd1948a10768d38a217b88448aa4dc976c0a77b58	pack_a
releases/pack_a/scientific_validation/external_validation_a/pi_ufo_baseline_v1/build/point_000001/MG5_PROC/bin/internal/ufomodel/__init__.py	955	e2198b46e727a0aa09378d715bd33364095057dd910f3b8cf7d7dd6ec1bc71d7	pack_a
releases/pack_a/scientific_validation/external_validation_a/pi_ufo_baseline_v1/build/point_000001/MG5_PROC/bin/internal/ufomodel/coupling_orders.py	665	80d652d3441c1fed3242dc7a4141a12f5a7ccc2f2cc6764dd5d22bb39083d132	pack_a
releases/pack_a/scientific_validation/external_validation_a/pi_ufo_baseline_v1/build/point_000001/MG5_PROC/bin/internal/ufomodel/couplings.py	18621	199021f332fa57314f1a9dbd487a08c8310f9d5b4ce408eaa6c5ea99a649c3f4	pack_a
releases/pack_a/scientific_validation/external_validation_a/pi_ufo_baseline_v1/build/point_000001/MG5_PROC/bin/internal/ufomodel/decays.py	23449	ebb92183abff92cdaf55aeb80399effe2cc0256f1423ce807a390cd420564e23	pack_a
releases/pack_a/scientific_validation/external_validation_a/pi_ufo_baseline_v1/build/point_000001/MG5_PROC/bin/internal/ufomodel/form_factors.py	598	9fdae69a684ddd1eb5963a1695e0f5449045755826aa62a8829569848b32f478	pack_a
releases/pack_a/scientific_validation/external_validation_a/pi_ufo_baseline_v1/build/point_000001/MG5_PROC/bin/internal/ufomodel/function_library.py	3502	af85d1d7e83bc0f7a016258b6cc3e179c4d9fd6778ce553ebf7ff4b8be5b968f	pack_a
releases/pack_a/scientific_validation/external_validation_a/pi_ufo_baseline_v1/build/point_000001/MG5_PROC/bin/internal/ufomodel/lorentz.py	4392	4b818a0fd7a9f1ded91a957251380f4116a30454f8e1fc72e1c7ccacdab6bf8f	pack_a
releases/pack_a/scientific_validation/external_validation_a/pi_ufo_baseline_v1/build/point_000001/MG5_PROC/bin/internal/ufomodel/object_library.py	10877	4bef9ba0a44b89048f5ed02f0c97f5937e1a2ce8a949574bdaa6f67ae80f9e11	pack_a
releases/pack_a/scientific_validation/external_validation_a/pi_ufo_baseline_v1/build/point_000001/MG5_PROC/bin/internal/ufomodel/parameters.py	23054	7f84d779ff83dd52bbfecbbfe31df147e2df79faab0bcda716d5908d63b3d45b	pack_a
releases/pack_a/scientific_validation/external_validation_a/pi_ufo_baseline_v1/build/point_000001/MG5_PROC/bin/internal/ufomodel/particles.py	11211	01c61a7a352a5bebb747fff0c9ac3e228fa7575dfc381a339ecb285332b223c6	pack_a
releases/pack_a/scientific_validation/external_validation_a/pi_ufo_baseline_v1/build/point_000001/MG5_PROC/bin/internal/ufomodel/propagators.py	1351	1a4495d00654b6de8044d7a993b798cb12ca7265199f8e25ce42abdfbc98384a	pack_a
releases/pack_a/scientific_validation/external_validation_a/pi_ufo_baseline_v1/build/point_000001/MG5_PROC/bin/internal/ufomodel/py3_model.pkl	57574	3a21e000a8f87a7249c2ecf6470b3bc0d1cb3f76fbb93eb25c9987bf071b9619	pack_a
releases/pack_a/scientific_validation/external_validation_a/pi_ufo_baseline_v1/build/point_000001/MG5_PROC/bin/internal/ufomodel/vertices.py	36546	60bb131379499fd85ac21da8e15f960cffcf2d33afc54217481730e82648f6ba	pack_a
releases/pack_a/scientific_validation/external_validation_a/pi_ufo_baseline_v1/build/point_000001/MG5_PROC/bin/internal/ufomodel/write_param_card.py	3221	081e24c63a197a6c58fd60a4253e10960738ac35050fe49364941268381ffbb9	pack_a
releases/pack_a/scientific_validation/external_validation_a/pi_ufo_baseline_v1/build/point_000001/MG5_PROC/bin/internal/Gridpack/TheChopper-pl	3411	f29c49ca38de88342aac701816f450e16c43a0ebd7fe7108d33155d25b8307ab	pack_a
releases/pack_a/scientific_validation/external_validation_a/pi_ufo_baseline_v1/build/point_000001/MG5_PROC/bin/internal/Gridpack/clean4grid	2812	f70e6afe62424341b6e1027081e0da581aa40346395813def5e91d04e0b3f333	pack_a
releases/pack_a/scientific_validation/external_validation_a/pi_ufo_baseline_v1/build/point_000001/MG5_PROC/bin/internal/Gridpack/compile	2904	997f461bc3478232ed4fb91e8b78daf153fddddfd31f266c52cab170cde69835	pack_a
releases/pack_a/scientific_validation/external_validation_a/pi_ufo_baseline_v1/build/point_000001/MG5_PROC/bin/internal/Gridpack/gridrun	3552	cac88b757101714b1a5f6f994d98a1a732b3ab3dd42653d77761bb4a01401e49	pack_a
releases/pack_a/scientific_validation/external_validation_a/pi_ufo_baseline_v1/build/point_000001/MG5_PROC/bin/internal/Gridpack/refine4grid	2513	04309e5de8ebd7fe140463b17dcb127e2d00f6c2155d0008526d8f0bca119f60	pack_a
releases/pack_a/scientific_validation/external_validation_a/pi_ufo_baseline_v1/build/point_000001/MG5_PROC/bin/internal/Gridpack/replace.pl	6418	e476e4e0d5c7db8ca88ceb94fefe564a03b43c70af7915e76cd4d735607013f4	pack_a
releases/pack_a/scientific_validation/external_validation_a/pi_ufo_baseline_v1/build/point_000001/MG5_PROC/bin/internal/Gridpack/run.sh	2761	3077a291e502ae5f351aa21a58cbe070720f2ba9612eeb8b18e443af96382d4c	pack_a
releases/pack_a/scientific_validation/external_validation_a/pi_ufo_baseline_v1/build/point_000001/MG5_PROC/Source/.make_opts	2668	cb708c3f07c19a13ac044cb8728a5ecb45ece4f753a106c329f1eb0b6b4b76c9	pack_a
releases/pack_a/scientific_validation/external_validation_a/pi_ufo_baseline_v1/build/point_000001/MG5_PROC/Source/DiscreteSampler.f	115003	676f15e2565db88e57838e3269f529b6b87bab6d13e0a630101d53eb48341552	pack_a
releases/pack_a/scientific_validation/external_validation_a/pi_ufo_baseline_v1/build/point_000001/MG5_PROC/Source/StringCast.f	4294	f993aa6cf4513b270353574a7ebd6ec4a65226ccffef8446818e69b654c006b4	pack_a
releases/pack_a/scientific_validation/external_validation_a/pi_ufo_baseline_v1/build/point_000001/MG5_PROC/Source/alfas.inc	453	d5ae9799ae1067a7a5d8a690654408e4626db1f032091eab30286a3dc06c7a1c	pack_a
releases/pack_a/scientific_validation/external_validation_a/pi_ufo_baseline_v1/build/point_000001/MG5_PROC/Source/alfas_functions.f	7877	3e9c1a8eb073de40d531217c349fe6f3f1dfc801fe4c3db527e2e15537f00a0d	pack_a
releases/pack_a/scientific_validation/external_validation_a/pi_ufo_baseline_v1/build/point_000001/MG5_PROC/Source/alfas_functions_lhapdf.f	3944	7b9439bb225674fa3126daa993a62b5b32b6201ed2a6875003be2ad820deb7c2	pack_a
releases/pack_a/scientific_validation/external_validation_a/pi_ufo_baseline_v1/build/point_000001/MG5_PROC/Source/banner_header.txt	1978	cd24ed8cb6c0f45494b06abceabd976357ab246a94ad108dc81380ab66e58cb6	pack_a
releases/pack_a/scientific_validation/external_validation_a/pi_ufo_baseline_v1/build/point_000001/MG5_PROC/Source/basecode.f	3601	f4e61b4b5e19d3d9a12e775bce73c1a2349e5d30402618b31a8212c62460f478	pack_a
releases/pack_a/scientific_validation/external_validation_a/pi_ufo_baseline_v1/build/point_000001/MG5_PROC/Source/combine_events.f	28617	d51c82d0177a0c60fb92faab32b3eb26fba551cb89562b95dbf12cd58428e700	pack_a
releases/pack_a/scientific_validation/external_validation_a/pi_ufo_baseline_v1/build/point_000001/MG5_PROC/Source/cuts.inc	3195	15749e6559df6c6cb99083be6ed2214f4aaf3cb38dd686d359625ca572652b23	pack_a
releases/pack_a/scientific_validation/external_validation_a/pi_ufo_baseline_v1/build/point_000001/MG5_PROC/Source/dgauss.f	2357	2d2d11ea43bca5775ba844f6675911ea6f1e12986ebfb87a1379a3ee5593f463	pack_a
releases/pack_a/scientific_validation/external_validation_a/pi_ufo_baseline_v1/build/point_000001/MG5_PROC/Source/dsample.f	84337	c27228ce1bbaa9c8681a1e54ce55045c834f3b546ad691ce8ed1bf5f158d94df	pack_a
releases/pack_a/scientific_validation/external_validation_a/pi_ufo_baseline_v1/build/point_000001/MG5_PROC/Source/eepdf.inc	302	8a6bd33755a6e79abba68ec428efe34bac3e915d67caa0eba5ce72fd8704019c	pack_a
releases/pack_a/scientific_validation/external_validation_a/pi_ufo_baseline_v1/build/point_000001/MG5_PROC/Source/gen_ximprove.f	33831	a0c72f5cfdc68b4ad03b6ef9990370c87f644799edb37ed4e1f0766bf52e7215	pack_a
releases/pack_a/scientific_validation/external_validation_a/pi_ufo_baseline_v1/build/point_000001/MG5_PROC/Source/genps.inc	2295	625f1a15b4e76821c187387b9d0bcdb2057a0d374899119847c8beac3afa5880	pack_a
releases/pack_a/scientific_validation/external_validation_a/pi_ufo_baseline_v1/build/point_000001/MG5_PROC/Source/getissud.f	5222	ab5a08dc9d4190e06fa2dc073750374ab012286a35c1367553dacf4a55a3f2b1	pack_a
releases/pack_a/scientific_validation/external_validation_a/pi_ufo_baseline_v1/build/point_000001/MG5_PROC/Source/hbook.inc	663	deba341596162b4605f956288449ee44fba3cf96619ed5af9445e089e163afa9	pack_a
releases/pack_a/scientific_validation/external_validation_a/pi_ufo_baseline_v1/build/point_000001/MG5_PROC/Source/hbook1.f	892	2eb8fc1fa9c73ec9ea8660d0a83a47bcbbd94d00bc75482cec73ef797c5f6fb6	pack_a
releases/pack_a/scientific_validation/external_validation_a/pi_ufo_baseline_v1/build/point_000001/MG5_PROC/Source/hbook2.f	1275	15d9647a2f1558f7258cc9f9166713bcc7bd2bb13714ff2d50de96d64f8c08fe	pack_a
releases/pack_a/scientific_validation/external_validation_a/pi_ufo_baseline_v1/build/point_000001/MG5_PROC/Source/hcurve.f	1652	b5aa0931a4daa63b796bd4af75f0ca6b8f39eb990c0cdd99026cad2fb3aaab77	pack_a
releases/pack_a/scientific_validation/external_validation_a/pi_ufo_baseline_v1/build/point_000001/MG5_PROC/Source/hfill.f	1065	41c6ec9229d573a9c16b86138754b238a79c04870bcbb89e2d65dcdc5b56ff11	pack_a
releases/pack_a/scientific_validation/external_validation_a/pi_ufo_baseline_v1/build/point_000001/MG5_PROC/Source/htuple.f	11038	80102a031df8a3bac795c1ba6e630d7fbc79078a6664f954df0cd8adad9ea796	pack_a
releases/pack_a/scientific_validation/external_validation_a/pi_ufo_baseline_v1/build/point_000001/MG5_PROC/Source/invarients.f	8895	cbf921ebfa1f200d39ed16c6ca3ead8056fbb530eebc07c081fd2f9dffe25fb5	pack_a
releases/pack_a/scientific_validation/external_validation_a/pi_ufo_baseline_v1/build/point_000001/MG5_PROC/Source/kin_functions.f	20781	258ba73d21343e1e9e64f8f1beec0ae9a9f890d01c3d3a907f1091843de6372d	pack_a
releases/pack_a/scientific_validation/external_validation_a/pi_ufo_baseline_v1/build/point_000001/MG5_PROC/Source/lhe_event_infos.inc	606	61299a03d23a0cd89d06a12248da67a1696ca1e4c10afe2c9707e4b595b030dd	pack_a
releases/pack_a/scientific_validation/external_validation_a/pi_ufo_baseline_v1/build/point_000001/MG5_PROC/Source/make_opts	2552	0090bb45c9c3311fa075aa50b8274dbdec44e49c9fc787b59fb871c0b475808f	pack_a
releases/pack_a/scientific_validation/external_validation_a/pi_ufo_baseline_v1/build/point_000001/MG5_PROC/Source/makefile	4681	3de4f2b21247f23077d903ea830d24b235ef13c92a4428b6aa5e8f8ca6088b7d	pack_a
releases/pack_a/scientific_validation/external_validation_a/pi_ufo_baseline_v1/build/point_000001/MG5_PROC/Source/maxconfigs.inc	57	5f0a5d858bea712fdf860cdd478eba6400d3fbc490c1844643f2b6c93fbdd231	pack_a
releases/pack_a/scientific_validation/external_validation_a/pi_ufo_baseline_v1/build/point_000001/MG5_PROC/Source/maxparticles.inc	61	f74c474319f9374319e754e43a6e57113420206e069dd21c73578a28399fa202	pack_a
releases/pack_a/scientific_validation/external_validation_a/pi_ufo_baseline_v1/build/point_000001/MG5_PROC/Source/open_file.f	1696	5736e50afc043c05c671376f389df6618558b45e33966c1f2fce1621e8ac07a1	pack_a
releases/pack_a/scientific_validation/external_validation_a/pi_ufo_baseline_v1/build/point_000001/MG5_PROC/Source/pawgraphs.f	1645	b7b2d166c37c772cbe015ba8afee4d673f1d5cd04474ecef88d8a1ccea7aff8b	pack_a
releases/pack_a/scientific_validation/external_validation_a/pi_ufo_baseline_v1/build/point_000001/MG5_PROC/Source/psample.inc	330	3f00c28a6c54bc1b656e276ce0c9b85c9440e23353bf69b8bc7ee85f258a4743	pack_a
releases/pack_a/scientific_validation/external_validation_a/pi_ufo_baseline_v1/build/point_000001/MG5_PROC/Source/ran1.f	951	6946801bbcfd9a5fcf3184d1d7b73ca6deaf55ca0e0f0660d3db2c42479175af	pack_a
releases/pack_a/scientific_validation/external_validation_a/pi_ufo_baseline_v1/build/point_000001/MG5_PROC/Source/ranmar.f	7330	9bb6bbc5f1fda1df1a8df5d8518103b55a3f6c2b13874178b501b7272ecf2888	pack_a
releases/pack_a/scientific_validation/external_validation_a/pi_ufo_baseline_v1/build/point_000001/MG5_PROC/Source/readgrid.f	3983	63a2121b9a34bb18b5de3d73102f3c4f542af0f79c2b1c1175c47ed7579b2ff5	pack_a
releases/pack_a/scientific_validation/external_validation_a/pi_ufo_baseline_v1/build/point_000001/MG5_PROC/Source/run.inc	3622	51e0098d5cb17d1c666fbb08c317f14e48f1d03cc4ed55d608546e9ef0c76330	pack_a
releases/pack_a/scientific_validation/external_validation_a/pi_ufo_baseline_v1/build/point_000001/MG5_PROC/Source/run_config.inc	2209	1026160b03fa7c648e8ae33423107663bce56c31e85bc4dedf6dfe0ec392df53	pack_a
releases/pack_a/scientific_validation/external_validation_a/pi_ufo_baseline_v1/build/point_000001/MG5_PROC/Source/run_printout.f	2358	ee37cda1054daa5c9beabb9270734357f823cbf88135f729c537dd21db3e7cc0	pack_a
releases/pack_a/scientific_validation/external_validation_a/pi_ufo_baseline_v1/build/point_000001/MG5_PROC/Source/rw_events.f	10060	51fac40df2e39e0d20ddbdaed810aabe6e26203ce47f2b11871949085543b67a	pack_a
releases/pack_a/scientific_validation/external_validation_a/pi_ufo_baseline_v1/build/point_000001/MG5_PROC/Source/rw_events.short.f	4031	d5cebf605a60e58111a1dcd207c988aab8d1887aac2bdce922a1ebe8d29b8826	pack_a
releases/pack_a/scientific_validation/external_validation_a/pi_ufo_baseline_v1/build/point_000001/MG5_PROC/Source/rw_routines.f	13834	188c2f0a6eea8fcd656b2fbb874dfe89d10753722046dd546355ae1c90f65d97	pack_a
releases/pack_a/scientific_validation/external_validation_a/pi_ufo_baseline_v1/build/point_000001/MG5_PROC/Source/setrun.f	7400	e3d7f0bc0104fb3f5bdbc1abdcbfb44e814196b080203ef4e88730672ac3ee36	pack_a
releases/pack_a/scientific_validation/external_validation_a/pi_ufo_baseline_v1/build/point_000001/MG5_PROC/Source/setrun_gen.f	2433	81d9d18da3ea2b1b58b50c849a3f6102ea645efb9e4f3579d99ff8213891e2a3	pack_a
releases/pack_a/scientific_validation/external_validation_a/pi_ufo_baseline_v1/build/point_000001/MG5_PROC/Source/sudgrid.inc	175	443cef573335a0b49daed651eed3641006938be5147b9e14af75680b4dcbf83e	pack_a
releases/pack_a/scientific_validation/external_validation_a/pi_ufo_baseline_v1/build/point_000001/MG5_PROC/Source/transpole.f	11181	d801c01034e6b5e310566fdfd0879d2120dd512d71d442b9bd7be86480c98425	pack_a
releases/pack_a/scientific_validation/external_validation_a/pi_ufo_baseline_v1/build/point_000001/MG5_PROC/Source/BIAS/ptj_bias/makefile	449	eab8ade715c4d663e4ae3853620de65f3a3fdbe26f0ef60da1ad5a08ed6fdaf2	pack_a
releases/pack_a/scientific_validation/external_validation_a/pi_ufo_baseline_v1/build/point_000001/MG5_PROC/Source/BIAS/ptj_bias/ptj_bias.f	3090	be98145f3616bfbf075c6d1c168bb914045476e45ed742262fd292c5a4b4a78c	pack_a
releases/pack_a/scientific_validation/external_validation_a/pi_ufo_baseline_v1/build/point_000001/MG5_PROC/Source/BIAS/dummy/dummy.f	1471	e998de9f5792ba9bb45fed7b2e2dd0a17fd61da80b3dee12dc5bd5b9654734b3	pack_a
releases/pack_a/scientific_validation/external_validation_a/pi_ufo_baseline_v1/build/point_000001/MG5_PROC/Source/BIAS/dummy/makefile	347	c8ba6ae1254b7df13729e71faf38663c281b7158b78b246f46a96aaa2e4f641e	pack_a
releases/pack_a/scientific_validation/external_validation_a/pi_ufo_baseline_v1/build/point_000001/MG5_PROC/Source/DHELAS/.keepthisdir	0	e3b0c44298fc1c149afbf4c8996fb92427ae41e4649b934ca495991b7852b855	pack_a
releases/pack_a/scientific_validation/external_validation_a/pi_ufo_baseline_v1/build/point_000001/MG5_PROC/Source/DHELAS/SSS1P1N_1.f	371	8b87e3845b4b65e902fb2be85246f0bd0a456387d1b0d14f0ff0f5811529af3e	pack_a
releases/pack_a/scientific_validation/external_validation_a/pi_ufo_baseline_v1/build/point_000001/MG5_PROC/Source/DHELAS/SSS1P1N_2.f	371	7b49e88de07b83628c5cd647aadec466674a6c9fc4f7be4f125b1465e275656e	pack_a
releases/pack_a/scientific_validation/external_validation_a/pi_ufo_baseline_v1/build/point_000001/MG5_PROC/Source/DHELAS/SSS1P1N_3.f	371	13cd612298574d67ef7770c32c19d5ea07c56cdea785251e0df67a93b03cc705	pack_a
releases/pack_a/scientific_validation/external_validation_a/pi_ufo_baseline_v1/build/point_000001/MG5_PROC/Source/DHELAS/SSS1_0.f	408	1b8ec5d01205f3dc387b505a29bc122d237455dc364a6fac1150d4b69dc9bd54	pack_a
releases/pack_a/scientific_validation/external_validation_a/pi_ufo_baseline_v1/build/point_000001/MG5_PROC/Source/DHELAS/VVS2FF1_3.f	2681	c2692e0abcdbf15f92fecf7a7f976e5da0b404bc6e25e3cdcda80c07d631ffb6	pack_a
releases/pack_a/scientific_validation/external_validation_a/pi_ufo_baseline_v1/build/point_000001/MG5_PROC/Source/DHELAS/aloha_file.inc	72	3b3b9e6bcdc7554ef589e60aa17e5f6af9059eec5b17ae22969c29107b451926	pack_a
releases/pack_a/scientific_validation/external_validation_a/pi_ufo_baseline_v1/build/point_000001/MG5_PROC/Source/DHELAS/aloha_functions.f	62675	6100d8127353c13301e639bfdfea33b7a417095ea3b1eec630ed9d9a4bf92fc4	pack_a
releases/pack_a/scientific_validation/external_validation_a/pi_ufo_baseline_v1/build/point_000001/MG5_PROC/Source/DHELAS/makefile	761	cd3a6c45094f438b995d1104a1e71521562c28b7f4ade1cd358703a2c855f51a	pack_a
releases/pack_a/scientific_validation/external_validation_a/pi_ufo_baseline_v1/build/point_000001/MG5_PROC/Source/CERNLIB/abend.f	405	3f82a246769f71f4181fb459a0cdefb1f6f3426cbbbb47ac093a53dad17e87f4	pack_a
releases/pack_a/scientific_validation/external_validation_a/pi_ufo_baseline_v1/build/point_000001/MG5_PROC/Source/CERNLIB/dlsqp2.f	1373	8d93368a654705e3e72dfa4d5d5c90e7ac36ad107a954f7e56a0ee7a98da63d7	pack_a
releases/pack_a/scientific_validation/external_validation_a/pi_ufo_baseline_v1/build/point_000001/MG5_PROC/Source/CERNLIB/lenocc.f	642	36cf2a11d1ddf0b7e9e4301a5ae855631a13cdc6bedf83a78e69fa2da48c805b	pack_a
releases/pack_a/scientific_validation/external_validation_a/pi_ufo_baseline_v1/build/point_000001/MG5_PROC/Source/CERNLIB/makefile	262	d69c658d9f991f6bebb5e4f626284a2c955079fc9549384104a85702f979ca3b	pack_a
releases/pack_a/scientific_validation/external_validation_a/pi_ufo_baseline_v1/build/point_000001/MG5_PROC/Source/CERNLIB/mtlprt.f	793	b17fca11624639f279a09f79ca0078c6b79cfa42d3535762ab28edb6631fc68b	pack_a
releases/pack_a/scientific_validation/external_validation_a/pi_ufo_baseline_v1/build/point_000001/MG5_PROC/Source/CERNLIB/mtlset.f	9852	d27d530a30e1f2e310504dbac01d36c519289fd1a1ab061d5ecda8f305895c30	pack_a
releases/pack_a/scientific_validation/external_validation_a/pi_ufo_baseline_v1/build/point_000001/MG5_PROC/Source/CERNLIB/radmul.f	6292	78307e0f7697e8ac8f24293420fd26eed9223a1358556cd91f4fbaec1365e385	pack_a
releases/pack_a/scientific_validation/external_validation_a/pi_ufo_baseline_v1/build/point_000001/MG5_PROC/Source/MODEL/.keepme	0	e3b0c44298fc1c149afbf4c8996fb92427ae41e4649b934ca495991b7852b855	pack_a
releases/pack_a/scientific_validation/external_validation_a/pi_ufo_baseline_v1/build/point_000001/MG5_PROC/Source/MODEL/actualize_mp_ext_params.inc	223	cfe4fa314b53f89d6cf6d6779a6f21d41851bb6e3a004fd3a1968f25e4022e23	pack_a
releases/pack_a/scientific_validation/external_validation_a/pi_ufo_baseline_v1/build/point_000001/MG5_PROC/Source/MODEL/coupl.inc	923	9b7bf843d4f38d9322a10eeed2ecf7492983018310288d07a6cab181c712a5c7	pack_a
releases/pack_a/scientific_validation/external_validation_a/pi_ufo_baseline_v1/build/point_000001/MG5_PROC/Source/MODEL/coupl_write.inc	398	78bd72ca20817a3d23cf3fcac6be5da78a468b9798c7e5e8ab8a983783f36eb5	pack_a
releases/pack_a/scientific_validation/external_validation_a/pi_ufo_baseline_v1/build/point_000001/MG5_PROC/Source/MODEL/couplings.f	2021	8486e75c66d5ced63baeb26fa8e55bf5b523ca16bb87013b29279464bebf78d7	pack_a
releases/pack_a/scientific_validation/external_validation_a/pi_ufo_baseline_v1/build/point_000001/MG5_PROC/Source/MODEL/couplings1.f	504	0f3b6243a6e5481d97451643b752eca700bbcd745c76c2408f5d9a7a1f0e0b98	pack_a
releases/pack_a/scientific_validation/external_validation_a/pi_ufo_baseline_v1/build/point_000001/MG5_PROC/Source/MODEL/couplings2.f	477	7b213edfffe872642526644169799bb3f655033a73e8cdfd3140bb53cdba9f3a	pack_a
releases/pack_a/scientific_validation/external_validation_a/pi_ufo_baseline_v1/build/point_000001/MG5_PROC/Source/MODEL/formats.inc	958	1d0c8b3a81b5c4ed3cc50e16edc2d7fa09fa2c2694b9eef3790bff2abc42c3a3	pack_a
releases/pack_a/scientific_validation/external_validation_a/pi_ufo_baseline_v1/build/point_000001/MG5_PROC/Source/MODEL/input.inc	3385	7177599525827aaa34e4c84084648bab8ee39bf0a740ca823574510ca5e77bb2	pack_a
releases/pack_a/scientific_validation/external_validation_a/pi_ufo_baseline_v1/build/point_000001/MG5_PROC/Source/MODEL/intparam_definition.inc	6418	df527fba82e3a11a0d747cd418d4b8a601fe11e96dd3e391244d2fcc42d96b12	pack_a
releases/pack_a/scientific_validation/external_validation_a/pi_ufo_baseline_v1/build/point_000001/MG5_PROC/Source/MODEL/lha_read.f	12149	fd51c4686981abedbf62153ee537e7dec01a138dd9a560f39303b851f99d6ae0	pack_a
releases/pack_a/scientific_validation/external_validation_a/pi_ufo_baseline_v1/build/point_000001/MG5_PROC/Source/MODEL/makefile	1152	b2e04084aba9bb7ecf6a56015c83265aee0b74e4d9a8b2bdeae8d75521ae55c0	pack_a
releases/pack_a/scientific_validation/external_validation_a/pi_ufo_baseline_v1/build/point_000001/MG5_PROC/Source/MODEL/makeinc.inc	288	1e938018cba6559290ffbf790b7f1fd59e9c21e55d81a3c312b45f99d66bc3a3	pack_a
releases/pack_a/scientific_validation/external_validation_a/pi_ufo_baseline_v1/build/point_000001/MG5_PROC/Source/MODEL/model_functions.f	18359	3f316cd1c810b693ca11450a8b5bb5badb01dd9b7c6bc05e2d1222c808bfa138	pack_a
releases/pack_a/scientific_validation/external_validation_a/pi_ufo_baseline_v1/build/point_000001/MG5_PROC/Source/MODEL/model_functions.inc	718	1eacef8b6184900bf18e6c18614cec17c062226f6ab438410464f5dbfb86515e	pack_a
releases/pack_a/scientific_validation/external_validation_a/pi_ufo_baseline_v1/build/point_000001/MG5_PROC/Source/MODEL/param_read.inc	227	a14a19f2379f69375eea63dfa4c34319f2681e9e037fc4088ec39a7978568cbc	pack_a
releases/pack_a/scientific_validation/external_validation_a/pi_ufo_baseline_v1/build/point_000001/MG5_PROC/Source/MODEL/param_write.inc	6835	ecbf8d7e15441b05566d44736e536bfebef416ef3b3344e910f2fb89a5287a92	pack_a
releases/pack_a/scientific_validation/external_validation_a/pi_ufo_baseline_v1/build/point_000001/MG5_PROC/Source/MODEL/printout.f	1571	c765cbd47475c2c8ca3e229691373124a01f13c775ccd603625e5bf2aadb82c7	pack_a
releases/pack_a/scientific_validation/external_validation_a/pi_ufo_baseline_v1/build/point_000001/MG5_PROC/Source/MODEL/rw_para.f	2580	568206e593ca4a7a49c63a1b09eddbed663474f6db62e8bc09960b8282421266	pack_a
releases/pack_a/scientific_validation/external_validation_a/pi_ufo_baseline_v1/build/point_000001/MG5_PROC/Source/MODEL/testprog.f	2394	7570c7961bd45365561047df5a3bd0c529204fb03f4e3562680d3b90e0042c89	pack_a
releases/pack_a/scientific_validation/external_validation_a/pi_ufo_baseline_v1/build/point_000001/MG5_PROC/Source/PDF/Ctq6Pdf.f	15036	faaae1776c4228066687642b39d350ba745f3076c21007516d82dee88601d646	pack_a
releases/pack_a/scientific_validation/external_validation_a/pi_ufo_baseline_v1/build/point_000001/MG5_PROC/Source/PDF/ElectroweakFlux.f	9025	a55af74f81cf8c0349db44efeda10e70f405319288311e096c46503be9f1513d	pack_a
releases/pack_a/scientific_validation/external_validation_a/pi_ufo_baseline_v1/build/point_000001/MG5_PROC/Source/PDF/ElectroweakFlux.inc	3536	9ba56c31e65dd877d0f7e2537562e9cc8e7956e1a73c34f019ec19b44ae9ab04	pack_a
releases/pack_a/scientific_validation/external_validation_a/pi_ufo_baseline_v1/build/point_000001/MG5_PROC/Source/PDF/ElectroweakFluxDriver.f	20029	0e7526df88466bc115a9f054ccfb1ed43ff9db0a3263eb4f342a79a7c4cdb7ba	pack_a
releases/pack_a/scientific_validation/external_validation_a/pi_ufo_baseline_v1/build/point_000001/MG5_PROC/Source/PDF/ElectroweakFlux_dummy.f	354	2ce33dcd9212731873efc9bd21711b74bd4d2007c1a65eafa3c1b07b589ac47c	pack_a
releases/pack_a/scientific_validation/external_validation_a/pi_ufo_baseline_v1/build/point_000001/MG5_PROC/Source/PDF/NNPDFDriver.f	9319	569c080439879972784ada0d6e0b040e8a7a93a0cf363cf99fa3bead12abae14	pack_a
releases/pack_a/scientific_validation/external_validation_a/pi_ufo_baseline_v1/build/point_000001/MG5_PROC/Source/PDF/PhotonFlux.f	4452	5c943e6bad08314ac7b6002b87e756d85a41057b874ebea8573bf2ece950b1eb	pack_a
releases/pack_a/scientific_validation/external_validation_a/pi_ufo_baseline_v1/build/point_000001/MG5_PROC/Source/PDF/dfint.f	2593	61eff004b8fb8390324eba77f2b2644a723f09d7412af63e4b74145c6b2b1ef3	pack_a
releases/pack_a/scientific_validation/external_validation_a/pi_ufo_baseline_v1/build/point_000001/MG5_PROC/Source/PDF/eepdf.f	339113	2e449b3d91d3af09681e5fad9209084e2e8c3dbb5ac00a7b5d7744d3e596235a	pack_a
releases/pack_a/scientific_validation/external_validation_a/pi_ufo_baseline_v1/build/point_000001/MG5_PROC/Source/PDF/eepdf.inc	302	8a6bd33755a6e79abba68ec428efe34bac3e915d67caa0eba5ce72fd8704019c	pack_a
releases/pack_a/scientific_validation/external_validation_a/pi_ufo_baseline_v1/build/point_000001/MG5_PROC/Source/PDF/gridpdfaux.f	3210	8b787c1f5e446765b1c3f90acff4201a41f2a1f1c94d859bf154af8698647d32	pack_a
releases/pack_a/scientific_validation/external_validation_a/pi_ufo_baseline_v1/build/point_000001/MG5_PROC/Source/PDF/kerset.f	3952	34c45d8a70bd4d66aa561537651e0456972435a9b0756a495fa0a17734dfd226	pack_a
releases/pack_a/scientific_validation/external_validation_a/pi_ufo_baseline_v1/build/point_000001/MG5_PROC/Source/PDF/makefile	2448	de4eef231102f8fa308769197e53b8c13717ef8810150385700a867300601c51	pack_a
releases/pack_a/scientific_validation/external_validation_a/pi_ufo_baseline_v1/build/point_000001/MG5_PROC/Source/PDF/opendata.f	2589	bfaa0cd1c1d12b64785d833ae35e6dad093d80c45a5d26613e9fb6fc4e90b1c2	pack_a
releases/pack_a/scientific_validation/external_validation_a/pi_ufo_baseline_v1/build/point_000001/MG5_PROC/Source/PDF/pdf.f	11507	955eb4b5cd06d1e5416c2644e2d31ba677e6fe529c96b9b00619f44e147407f6	pack_a
releases/pack_a/scientific_validation/external_validation_a/pi_ufo_baseline_v1/build/point_000001/MG5_PROC/Source/PDF/pdf.inc	450	3d462edd5d8ea17e9ad26b693ef0c101e886b2effc7fd36f43dfbaa5d2ccf1fd	pack_a
releases/pack_a/scientific_validation/external_validation_a/pi_ufo_baseline_v1/build/point_000001/MG5_PROC/Source/PDF/pdf_lhapdf6.cc	41276	ced11dfb36e8ca939029ce2aef0bd0173ed2da6822f9ec9cda341b75ae7c880a	pack_a
releases/pack_a/scientific_validation/external_validation_a/pi_ufo_baseline_v1/build/point_000001/MG5_PROC/Source/PDF/pdf_lhapdf62.cc	58334	e6755785adc9958089902500cea13610766425d7279ed5fad3aa6950876f122b	pack_a
releases/pack_a/scientific_validation/external_validation_a/pi_ufo_baseline_v1/build/point_000001/MG5_PROC/Source/PDF/pdf_list.txt	4297	554cfd7859541a5364716cf7228f75fc52fc3bd72029ebfb72e964baebd066d5	pack_a
releases/pack_a/scientific_validation/external_validation_a/pi_ufo_baseline_v1/build/point_000001/MG5_PROC/Source/PDF/pdfwrap.f	10277	32164b7098c60d94a3985781aba0ed0b348e3acbf1fe860c153227253c834638	pack_a
releases/pack_a/scientific_validation/external_validation_a/pi_ufo_baseline_v1/build/point_000001/MG5_PROC/Source/PDF/pdfwrap_emela.f	2624	e1995a9789373d50ca29b73b7b6c2d7426fc6f64ad9d63d60faa71d0ffeca9cd	pack_a
releases/pack_a/scientific_validation/external_validation_a/pi_ufo_baseline_v1/build/point_000001/MG5_PROC/Source/PDF/pdfwrap_lhapdf.f	2408	ae9b8f43e2e8bbb3fc8a2f740d49ace85717d9713eb43fc28c7557ff7a628b43	pack_a
releases/pack_a/scientific_validation/external_validation_a/pi_ufo_baseline_v1/build/point_000001/MG5_PROC/Source/PDF/pdg2pdf.f	12850	13427a635e6f2ab64e9492b7b988825d00c3e5e04b6b9801e27fc5782cf100ba	pack_a
releases/pack_a/scientific_validation/external_validation_a/pi_ufo_baseline_v1/build/point_000001/MG5_PROC/Source/PDF/pdg2pdf_lhapdf6.f	9350	55c2e838f18f3657a048a74d3b2cb608e4932dba9914d6085f45eaf1fe7006fa	pack_a
releases/pack_a/scientific_validation/external_validation_a/pi_ufo_baseline_v1/build/point_000001/MG5_PROC/Source/PDF/lep_densities/clic3000ll/eepdf.f	631636	fe3f201c16e9342b75fe174e2c3ead88201ad209694c4904788e44530570999a	pack_a
releases/pack_a/scientific_validation/external_validation_a/pi_ufo_baseline_v1/build/point_000001/MG5_PROC/Source/PDF/lep_densities/clic3000ll/gridpdfaux.f	4111	9029e5846502c8406cfec51bcd789d10aacd3381325936b5879ebfdc75232e4f	pack_a
releases/pack_a/scientific_validation/external_validation_a/pi_ufo_baseline_v1/build/point_000001/MG5_PROC/Source/PDF/lep_densities/isronlyll/eepdf.f	338612	62f0c9e61e2a93ee0c7cf240b6766a987466417cfe96437c1bb94b716df61f3a	pack_a
releases/pack_a/scientific_validation/external_validation_a/pi_ufo_baseline_v1/build/point_000001/MG5_PROC/Source/PDF/lep_densities/isronlyll/gridpdfaux.f	3124	8b8830f1c9fc92c37f9979ff6dac8f3e2fd7c5b7703c33884490554e3984c05a	pack_a
releases/pack_a/scientific_validation/external_validation_a/pi_ufo_baseline_v1/build/point_000001/MG5_PROC/Source/PDF/lep_densities/fcce240ll/eepdf.f	631636	731542c85b5fe0c9de265325c693fa0e3a5e2a7f6d42dc08c0cd5469463774ca	pack_a
releases/pack_a/scientific_validation/external_validation_a/pi_ufo_baseline_v1/build/point_000001/MG5_PROC/Source/PDF/lep_densities/fcce240ll/gridpdfaux.f	4111	9029e5846502c8406cfec51bcd789d10aacd3381325936b5879ebfdc75232e4f	pack_a
releases/pack_a/scientific_validation/external_validation_a/pi_ufo_baseline_v1/build/point_000001/MG5_PROC/Source/PDF/lep_densities/ilc500ll/eepdf.f	631636	5bef5c8221736c93469c703ca2c8bec999ebda5a49b4cf1f1934b4ea70cabae6	pack_a
releases/pack_a/scientific_validation/external_validation_a/pi_ufo_baseline_v1/build/point_000001/MG5_PROC/Source/PDF/lep_densities/ilc500ll/gridpdfaux.f	4111	9029e5846502c8406cfec51bcd789d10aacd3381325936b5879ebfdc75232e4f	pack_a
releases/pack_a/scientific_validation/external_validation_a/pi_ufo_baseline_v1/build/point_000001/MG5_PROC/Source/PDF/lep_densities/fcce365ll/eepdf.f	631636	5b7a90a66931a80954a5a6a9e4010c58ebac6ccb6001a70cf9879ecf7ec307b4	pack_a
releases/pack_a/scientific_validation/external_validation_a/pi_ufo_baseline_v1/build/point_000001/MG5_PROC/Source/PDF/lep_densities/fcce365ll/gridpdfaux.f	4111	9029e5846502c8406cfec51bcd789d10aacd3381325936b5879ebfdc75232e4f	pack_a
releases/pack_a/scientific_validation/external_validation_a/pi_ufo_baseline_v1/build/point_000001/MG5_PROC/Source/PDF/lep_densities/cepc240ll/eepdf.f	631636	6b4db0b925dfb4009c10d5d99e7df4ecbc31feb09e386406ac684884cf8bb3e0	pack_a
releases/pack_a/scientific_validation/external_validation_a/pi_ufo_baseline_v1/build/point_000001/MG5_PROC/Source/PDF/lep_densities/cepc240ll/gridpdfaux.f	4111	9029e5846502c8406cfec51bcd789d10aacd3381325936b5879ebfdc75232e4f	pack_a
releases/pack_a/scientific_validation/external_validation_a/pi_ufo_baseline_v1/build/point_000001/MG5_PROC/Source/PDF/gammaUPC/ElasticPhotonPhotonFlux.f90	113002	a5e77a30f09df6ac03b0181f6698a8549916fa08e2c60da8929252bf17cea363	pack_a
releases/pack_a/scientific_validation/external_validation_a/pi_ufo_baseline_v1/build/point_000001/MG5_PROC/Source/PDF/gammaUPC/OpticalGlauber_Geometry.f90	80827	ba7bf8d47191ae9bc03b8d313fd55e6b372d44df1db2e4a2d98247267e34ea4f	pack_a
releases/pack_a/scientific_validation/external_validation_a/pi_ufo_baseline_v1/build/point_000001/MG5_PROC/Source/PDF/gammaUPC/gammaUPC_dummy.f	218	2f7f52de7aae9dc481e5238d1184e8db2ba3adf9ff7e7836001b1d4244e166d7	pack_a
releases/pack_a/scientific_validation/external_validation_a/pi_ufo_baseline_v1/build/point_000001/MG5_PROC/Source/PDF/gammaUPC/interpolation.f90	41826	c89df9b3e391d454f0f6543ad38b012c35b03af1b775c4b66506dc0c1ab4147d	pack_a
releases/pack_a/scientific_validation/external_validation_a/pi_ufo_baseline_v1/build/point_000001/MG5_PROC/Source/PDF/gammaUPC/makefile	1433	1028933ece2c569cd94a88ffda57a5b81d9d140a5528bbb4bbac0f6e9d7e83df	pack_a
releases/pack_a/scientific_validation/external_validation_a/pi_ufo_baseline_v1/build/point_000001/MG5_PROC/Source/PDF/gammaUPC/makefile_dummy	374	45c9b8ad079ca99a759cc24f68d30f6ef91878d47ce51b81e573c83167fba8e2	pack_a
releases/pack_a/scientific_validation/external_validation_a/pi_ufo_baseline_v1/build/point_000001/MG5_PROC/Source/PDF/gammaUPC/nielsen_generalized_polylog.f90	13510	8cee9ad199b2625e2f759ea3e3fe14662318351a368a125b93f5c52a6f6d7808	pack_a
releases/pack_a/scientific_validation/external_validation_a/pi_ufo_baseline_v1/build/point_000001/MG5_PROC/Source/PDF/gammaUPC/nintlib.f90	37952	92657ae581afabdc4591c1725167ab0c88fc15e49ba854023eac3cb14bb21607	pack_a
releases/pack_a/scientific_validation/external_validation_a/pi_ufo_baseline_v1/build/point_000001/MG5_PROC/Source/PDF/gammaUPC/photonpdfsquare.f	5626	606c0bd20df16116377b2a4e44a30c032a5afd52d45d2666c21e987b76302ffe	pack_a
releases/pack_a/scientific_validation/external_validation_a/pi_ufo_baseline_v1/build/point_000001/MG5_PROC/Source/PDF/gammaUPC/run90.inc	470	a07e6a3a0a10e6a77c503ef0f208b7231084a915a3a887fe42ca958da2f78ba5	pack_a
releases/pack_a/scientific_validation/external_validation_a/pi_ufo_baseline_v1/build/point_000001/MG5_PROC/Source/PDF/gammaUPC/tbessj.f90	10321	2d27cb8eecff63e434a79ff57b530786b253289e5a9d52c14941b8e88308d899	pack_a
releases/pack_a/scientific_validation/external_validation_a/pi_ufo_baseline_v1/build/point_000001/MG5_PROC/Source/PDF/gammaUPC/tbessk.f90	7288	6364e36ebf441b92a4c49dcc63335679b7b95c0abbf7a9be239dd26e7ec37cf1	pack_a
releases/pack_a/scientific_validation/external_validation_a/pi_ufo_baseline_v1/build/point_000001/MG5_PROC/Source/PDF/gammaUPC/test.f90	2259	d6eff055ac688c0c992faaaf18c55244fc1df1ce41a99ac3483ce1052bd83ee2	pack_a
releases/pack_a/scientific_validation/external_validation_a/pi_ufo_baseline_v1/build/point_000001/MG5_PROC/lib/Pdfdata/NNPDF23_lo_as_0119_qed_mem0.grid	2195378	372e1da9f61b7aca03c25884fd05ab47399809de578ac7ee30df0d09a5c99558	pack_a
releases/pack_a/scientific_validation/external_validation_a/pi_ufo_baseline_v1/build/point_000001/MG5_PROC/lib/Pdfdata/NNPDF23_lo_as_0130_qed_mem0.grid	2195382	5d7378dd34444682a01acbc7215caccf38dffe31b65786a922bb586aee4369b5	pack_a
releases/pack_a/scientific_validation/external_validation_a/pi_ufo_baseline_v1/build/point_000001/MG5_PROC/lib/Pdfdata/NNPDF23nlo_as_0119_qed_mem0.grid	2195169	e1ad3115d9bc36f4cdf43268138ab6c2efb9a4803bff376f493c85260181213e	pack_a
releases/pack_a/scientific_validation/external_validation_a/pi_ufo_baseline_v1/build/point_000001/MG5_PROC/lib/Pdfdata/cteq5l.tbl	134476	8d7d234ec1b3b6c81f76f69e9b8a3114b487344963036bd882246e752a63ef4b	pack_a
releases/pack_a/scientific_validation/external_validation_a/pi_ufo_baseline_v1/build/point_000001/MG5_PROC/lib/Pdfdata/cteq5m.tbl	125607	0c1585bb7e16eef45fef4b7275d206538a0aca157a93159b82dccdeeb3e6adbe	pack_a
releases/pack_a/scientific_validation/external_validation_a/pi_ufo_baseline_v1/build/point_000001/MG5_PROC/lib/Pdfdata/cteq6d.tbl	219892	25912796d9d954a0ee0c7cbc7b7d915c1edb2c378664eb4cc702479ccd39acc1	pack_a
releases/pack_a/scientific_validation/external_validation_a/pi_ufo_baseline_v1/build/point_000001/MG5_PROC/lib/Pdfdata/cteq6l.tbl	219892	8525243c99321fe64d5e8e9f223fd9106069d07bd12bdb14f4b99316e848873e	pack_a
releases/pack_a/scientific_validation/external_validation_a/pi_ufo_baseline_v1/build/point_000001/MG5_PROC/lib/Pdfdata/cteq6l1.tbl	219850	023dce6f7e6f64dfab376ced5d2c487f8ef8d0ccb976d383a2f0a8049370f058	pack_a
releases/pack_a/scientific_validation/external_validation_a/pi_ufo_baseline_v1/build/point_000001/MG5_PROC/lib/Pdfdata/cteq6m.tbl	219888	570c8bda925461c5f15f877a24555d1be9cb17434fe347f8afe6c8724bac4470	pack_a
releases/pack_a/scientific_validation/external_validation_a/pi_ufo_baseline_v1/build/point_000001/MG5_PROC/lib/Pdfdata/mrsb.dat	62054	8e957739754db8a1584d25beb7eab00a55501f794dc38a5d20d539c4347de4ff	pack_a
releases/pack_a/scientific_validation/external_validation_a/pi_ufo_baseline_v1/build/point_000001/MG5_PROC/lib/Pdfdata/mrse.dat	62054	c8b4b7e4f6643563302971d1c9a2acd7bec217515ead22a586839125cab98e8a	pack_a
releases/pack_a/scientific_validation/external_validation_a/pi_ufo_baseline_v1/build/point_000001/MG5_PROC/lib/Pdfdata/mrst2002nlo.dat	145632	bec81dcb0093a68b44e6b15472bbe67c2b883fb59833529307d80a7f16688d4f	pack_a
releases/pack_a/scientific_validation/external_validation_a/pi_ufo_baseline_v1/build/point_000001/MG5_PROC/Cards/README	133	eb3f39466976b976c213203c4a7d0f92eadd325d4e19903efea6fec1db695d65	pack_a
releases/pack_a/scientific_validation/external_validation_a/pi_ufo_baseline_v1/build/point_000001/MG5_PROC/Cards/delphes_card_ATLAS.dat	21552	b6a97bcd6e2b4f19e218eaa07b3afe1937d66452f0519de0b8c367eff46fe69d	pack_a
releases/pack_a/scientific_validation/external_validation_a/pi_ufo_baseline_v1/build/point_000001/MG5_PROC/Cards/delphes_card_CMS.dat	22570	e363da8be306a024159b52547a80045bc48b770424fb5372ffc2ff8f1f5028c0	pack_a
releases/pack_a/scientific_validation/external_validation_a/pi_ufo_baseline_v1/build/point_000001/MG5_PROC/Cards/delphes_card_default.dat	22570	e363da8be306a024159b52547a80045bc48b770424fb5372ffc2ff8f1f5028c0	pack_a
releases/pack_a/scientific_validation/external_validation_a/pi_ufo_baseline_v1/build/point_000001/MG5_PROC/Cards/delphes_trigger.dat	1190	dd9e5ef49193a9140ae577fb452af122b0a45a843043e482dfd43c1afd755475	pack_a
releases/pack_a/scientific_validation/external_validation_a/pi_ufo_baseline_v1/build/point_000001/MG5_PROC/Cards/delphes_trigger_ATLAS.dat	989	14ceb9ab08ebb8bcab3d750fe8b01ab1e3f44d2eacdc8bc944d6899ccafc3b90	pack_a
releases/pack_a/scientific_validation/external_validation_a/pi_ufo_baseline_v1/build/point_000001/MG5_PROC/Cards/delphes_trigger_CMS.dat	1190	dd9e5ef49193a9140ae577fb452af122b0a45a843043e482dfd43c1afd755475	pack_a
releases/pack_a/scientific_validation/external_validation_a/pi_ufo_baseline_v1/build/point_000001/MG5_PROC/Cards/delphes_trigger_default.dat	1190	dd9e5ef49193a9140ae577fb452af122b0a45a843043e482dfd43c1afd755475	pack_a
releases/pack_a/scientific_validation/external_validation_a/pi_ufo_baseline_v1/build/point_000001/MG5_PROC/Cards/grid_card.dat	2018	99aff9f047a6dfbaa59345cc56cb01cf422bb65eef996b6af6515f625e1c13b7	pack_a
releases/pack_a/scientific_validation/external_validation_a/pi_ufo_baseline_v1/build/point_000001/MG5_PROC/Cards/grid_card_default.dat	2018	99aff9f047a6dfbaa59345cc56cb01cf422bb65eef996b6af6515f625e1c13b7	pack_a
releases/pack_a/scientific_validation/external_validation_a/pi_ufo_baseline_v1/build/point_000001/MG5_PROC/Cards/ident_card.dat	761	1aa76ce9345bebd0114be0f8e79509679e6b1a6170480bf02fe917a42a259c3b	pack_a
releases/pack_a/scientific_validation/external_validation_a/pi_ufo_baseline_v1/build/point_000001/MG5_PROC/Cards/madanalysis5_hadron_card_default.dat	135	46f8749617b7606256363a757f5c69896a2b812ab2b1bb7be8c7ca8b64f6000c	pack_a
releases/pack_a/scientific_validation/external_validation_a/pi_ufo_baseline_v1/build/point_000001/MG5_PROC/Cards/madanalysis5_parton_card_default.dat	135	46f8749617b7606256363a757f5c69896a2b812ab2b1bb7be8c7ca8b64f6000c	pack_a
releases/pack_a/scientific_validation/external_validation_a/pi_ufo_baseline_v1/build/point_000001/MG5_PROC/Cards/madspin_card_default.dat	1377	b49e3d4d382a4b66bae665d9b5af308de1d426e2aacdd45f0237c8be7a4f3524	pack_a
releases/pack_a/scientific_validation/external_validation_a/pi_ufo_baseline_v1/build/point_000001/MG5_PROC/Cards/me5_configuration.txt	8889	046f73495203a9d9aa070aee10b844bd5e426b997618ef92cf6be5c4c94c7dbf	pack_a
releases/pack_a/scientific_validation/external_validation_a/pi_ufo_baseline_v1/build/point_000001/MG5_PROC/Cards/param_card.dat	1643	b5e68dde0222854f72892cc79c0c90becca83a13502fec9bc29c69150a4f4bbf	pack_a
releases/pack_a/scientific_validation/external_validation_a/pi_ufo_baseline_v1/build/point_000001/MG5_PROC/Cards/param_card_default.dat	4142	8c97ba08846b27b1fb0a139161259653d507aed22b172635f5ea7ee4fa4baf83	pack_a
releases/pack_a/scientific_validation/external_validation_a/pi_ufo_baseline_v1/build/point_000001/MG5_PROC/Cards/pgs_card_ATLAS.dat	1244	4abbda9b8fc97521a6b510d200c3657695caea73054516ccac16fccd89f63f43	pack_a
releases/pack_a/scientific_validation/external_validation_a/pi_ufo_baseline_v1/build/point_000001/MG5_PROC/Cards/pgs_card_CMS.dat	1244	2fa767eeb3d1a767e9b4da6f8f35099b6546943f9c3993291c9ab122554d43ca	pack_a
releases/pack_a/scientific_validation/external_validation_a/pi_ufo_baseline_v1/build/point_000001/MG5_PROC/Cards/pgs_card_LHC.dat	1244	1e166308920fbb153706ec4338c81c2ae52753f8e3b8ae19bea32cc8618f85d4	pack_a
releases/pack_a/scientific_validation/external_validation_a/pi_ufo_baseline_v1/build/point_000001/MG5_PROC/Cards/pgs_card_TEV.dat	1212	523df464434f492b0b915d7d5f22aee198a515696228bf859daba920fb6e2ed1	pack_a
releases/pack_a/scientific_validation/external_validation_a/pi_ufo_baseline_v1/build/point_000001/MG5_PROC/Cards/pgs_card_default.dat	1244	1e166308920fbb153706ec4338c81c2ae52753f8e3b8ae19bea32cc8618f85d4	pack_a
releases/pack_a/scientific_validation/external_validation_a/pi_ufo_baseline_v1/build/point_000001/MG5_PROC/Cards/plot_card.dat	10430	e0991ee24eb7cab4ca668da332ed637806e6473b32a929b2bd4f86bafab1d4b0	pack_a
releases/pack_a/scientific_validation/external_validation_a/pi_ufo_baseline_v1/build/point_000001/MG5_PROC/Cards/plot_card_default.dat	10430	e0991ee24eb7cab4ca668da332ed637806e6473b32a929b2bd4f86bafab1d4b0	pack_a
releases/pack_a/scientific_validation/external_validation_a/pi_ufo_baseline_v1/build/point_000001/MG5_PROC/Cards/proc_card_mg5.dat	2394	85df329b20d81414bb321649c50b57241b100614ba17eb7fb54d0f0ccf4b90e4	pack_a
releases/pack_a/scientific_validation/external_validation_a/pi_ufo_baseline_v1/build/point_000001/MG5_PROC/Cards/pythia8_card_default.dat	4434	eae9ab88aed291ccfa93aad879abb00c479fe5e852b50a14f48ee2c4ee25a255	pack_a
releases/pack_a/scientific_validation/external_validation_a/pi_ufo_baseline_v1/build/point_000001/MG5_PROC/Cards/pythia_card_default.dat	350	392b11bcb52bfabab408edd2ee691e138f9e4f2d5d5c514287a25f4f29d7215b	pack_a
releases/pack_a/scientific_validation/external_validation_a/pi_ufo_baseline_v1/build/point_000001/MG5_PROC/Cards/replace_card1.dat	149	92d5563c5b5f8d68bc0dc3ee8c350eaee7d43d43aca4d9f6c94d3abc0e69a73a	pack_a
releases/pack_a/scientific_validation/external_validation_a/pi_ufo_baseline_v1/build/point_000001/MG5_PROC/Cards/reweight_card_default.dat	3611	281463939a80f0069f80df4108294b7678eeaeba6f2004443e54b9819a8b5cc2	pack_a
releases/pack_a/scientific_validation/external_validation_a/pi_ufo_baseline_v1/build/point_000001/MG5_PROC/Cards/rivet_card_default.dat	3044	e1aa7c84051518a747156689b388d0d2428808c629b15b2770f50550d5a1b357	pack_a
releases/pack_a/scientific_validation/external_validation_a/pi_ufo_baseline_v1/build/point_000001/MG5_PROC/Cards/run_card.dat	9127	00cd76255b00442ba62ac6704680b77f69cff6d630c1e81d4a806f2b69177611	pack_a
releases/pack_a/scientific_validation/external_validation_a/pi_ufo_baseline_v1/build/point_000001/MG5_PROC/Cards/run_card_default.dat	9127	00cd76255b00442ba62ac6704680b77f69cff6d630c1e81d4a806f2b69177611	pack_a
releases/pack_a/scientific_validation/external_validation_a/pi_ufo_baseline_v1/scripts/build_point.py	2726	f9bf8fc7cd141f4d815a40a9b71c63945cba0d26670c797e812a52dd1c595591	pack_a
releases/pack_a/scientific_validation/external_validation_a/pi_ufo_baseline_v1/scripts/check_coupling_scaling.py	2366	e25a8cfdf85c7c4f6ee0cdcecd50b4bc2e2bf38e4d827fa4a8e847622818a2bb	pack_a
releases/pack_a/scientific_validation/external_validation_a/pi_ufo_baseline_v1/scripts/extract_mg5_cross_section.py	2650	d69fe9bcef06229ffb501b36950c3e4f7586ed69eb8eb52a6d36f6f4d4baf67d	pack_a
releases/pack_a/scientific_validation/external_validation_a/pi_ufo_baseline_v1/scripts/inspect_lhe.py	2964	73defccdf56547b2242cb517ea22d6e0e5ee2760f1cc12ecfd14984b50989027	pack_a
releases/pack_a/scientific_validation/external_validation_a/pi_ufo_baseline_v1/scripts/make_decay_slha.py	373	7591ee1973ce5ad265d80fe89255c224aadd911339faae7b10f6a37f75427120	pack_a
releases/pack_a/scientific_validation/external_validation_a/pi_ufo_baseline_v1/scripts/make_param_card.py	594	b4b986692637a92539a2ee83480a4c12384d8a40ce2b9c8f7e79a3ec54518f12	pack_a
releases/pack_a/scientific_validation/external_validation_a/pi_ufo_baseline_v1/scripts/model_utils.py	13969	caf3a366988f220bd08805f27e33d8eef92aac36e1f832f6b27f85f2eeed0f9a	pack_a
releases/pack_a/scientific_validation/external_validation_a/pi_ufo_baseline_v1/scripts/pack_constants.py	305	d313f0444e1adf5c2f92a81d97aa92efc3ccee50063ddd8669ceb785ce7b2366	pack_a
releases/pack_a/scientific_validation/external_validation_a/pi_ufo_baseline_v1/scripts/patch_mg5_run_card.py	1122	b5d8bbe8cee689e8d88ac1d8d9625c5e2cb2c3037e425f84a00c635286de988f	pack_a
releases/pack_a/scientific_validation/external_validation_a/pi_ufo_baseline_v1/scripts/run_mg5_smoke.sh	1475	d2f19c450e03d7a8b86e2a703bdc2c873eb77ae2fdcba78bbd80a8a96c5400ee	pack_a
releases/pack_a/scientific_validation/external_validation_a/pi_ufo_baseline_v1/scripts/run_pythia_smoke.sh	940	f90529ab57434adfc4d1d1a27e74ccf951a44933294b144242150eeb397dc81d	pack_a
releases/pack_a/scientific_validation/external_validation_a/pi_ufo_baseline_v1/scripts/run_recast_smoke.sh	822	4dfafdbc9f40dd70f66a09613f5a2b885f844d30520ed1787774ad3112455d08	pack_a
releases/pack_a/scientific_validation/external_validation_a/pi_ufo_baseline_v1/scripts/run_static_tests.py	2885	dd62bced24d1bc951f1d90a8432767948be20affec6ae8e7b81586d2e59339e2	pack_a
releases/pack_a/scientific_validation/external_validation_a/pi_ufo_baseline_v1/scripts/validate_point.py	581	a2098fa13e478414620127d90450e7126dbf52d8ad78347a7c01814955c02fde	pack_a
releases/pack_a/scientific_validation/external_validation_a/pi_ufo_baseline_v1/expected/smoke_contract.json	365	db1fb31cea7019a7399c4074d0e674a00653c40fba5618c1f5a9aad5c5d8ad3f	pack_a
releases/pack_a/scientific_validation/external_validation_a/pi_ufo_baseline_v1/vendor/LLscalar_v3_UFO_original/23-06-21_LLscalar_v2_UFO.log	2143	8b449afef3dc2227055e9d6e06ff2e9da9c38c01e39d4c3df820dd0742261374	pack_a
releases/pack_a/scientific_validation/external_validation_a/pi_ufo_baseline_v1/vendor/LLscalar_v3_UFO_original/CT_couplings.py	298	58e07e6b6dea344858f32bccd1948a10768d38a217b88448aa4dc976c0a77b58	pack_a
releases/pack_a/scientific_validation/external_validation_a/pi_ufo_baseline_v1/vendor/LLscalar_v3_UFO_original/__init__.py	955	e2198b46e727a0aa09378d715bd33364095057dd910f3b8cf7d7dd6ec1bc71d7	pack_a
releases/pack_a/scientific_validation/external_validation_a/pi_ufo_baseline_v1/vendor/LLscalar_v3_UFO_original/__init__.pyc	1170	8f856fab86e53bebb1466e0ab415e5f827cc6e0ea0459a05851b7b530c86e0ec	pack_a
releases/pack_a/scientific_validation/external_validation_a/pi_ufo_baseline_v1/vendor/LLscalar_v3_UFO_original/coupling_orders.py	665	80d652d3441c1fed3242dc7a4141a12f5a7ccc2f2cc6764dd5d22bb39083d132	pack_a
releases/pack_a/scientific_validation/external_validation_a/pi_ufo_baseline_v1/vendor/LLscalar_v3_UFO_original/coupling_orders.pyc	565	df291be90bb15f877d68f8a1dfd93fab61fce9014ba9b30c49fa7f00a19446cd	pack_a
releases/pack_a/scientific_validation/external_validation_a/pi_ufo_baseline_v1/vendor/LLscalar_v3_UFO_original/couplings.py	18621	199021f332fa57314f1a9dbd487a08c8310f9d5b4ce408eaa6c5ea99a649c3f4	pack_a
releases/pack_a/scientific_validation/external_validation_a/pi_ufo_baseline_v1/vendor/LLscalar_v3_UFO_original/couplings.pyc	13022	418b3a715649d3cd5870a9e7ada48e6fdfdb7f2a7be937339b3d06dd9b802c5d	pack_a
releases/pack_a/scientific_validation/external_validation_a/pi_ufo_baseline_v1/vendor/LLscalar_v3_UFO_original/decays.py	23449	ebb92183abff92cdaf55aeb80399effe2cc0256f1423ce807a390cd420564e23	pack_a
releases/pack_a/scientific_validation/external_validation_a/pi_ufo_baseline_v1/vendor/LLscalar_v3_UFO_original/decays.pyc	21326	b8f3235c7479a905f568bf810843e4fd6fbfc066aa1b16ee786b9a7856c704a5	pack_a
releases/pack_a/scientific_validation/external_validation_a/pi_ufo_baseline_v1/vendor/LLscalar_v3_UFO_original/form_factors.py	598	9fdae69a684ddd1eb5963a1695e0f5449045755826aa62a8829569848b32f478	pack_a
releases/pack_a/scientific_validation/external_validation_a/pi_ufo_baseline_v1/vendor/LLscalar_v3_UFO_original/form_factors.pyc	978	e768f2265c4e24748bd3f03b55eb965fcd2167d81eed2e2391e65dcee0aa02f0	pack_a
releases/pack_a/scientific_validation/external_validation_a/pi_ufo_baseline_v1/vendor/LLscalar_v3_UFO_original/function_library.py	3502	af85d1d7e83bc0f7a016258b6cc3e179c4d9fd6778ce553ebf7ff4b8be5b968f	pack_a
releases/pack_a/scientific_validation/external_validation_a/pi_ufo_baseline_v1/vendor/LLscalar_v3_UFO_original/function_library.pyc	2739	87495ebb51be2f3cf64ed50afaeab4efa7ddfe10696195f72ae6eb05481aa330	pack_a
releases/pack_a/scientific_validation/external_validation_a/pi_ufo_baseline_v1/vendor/LLscalar_v3_UFO_original/function_library.py~	1949	596e28fed5966088b6ee1d193e4dfbfd0f59a5837b283bc0dbaacb18bab1510c	pack_a
releases/pack_a/scientific_validation/external_validation_a/pi_ufo_baseline_v1/vendor/LLscalar_v3_UFO_original/lorentz.py	4392	4b818a0fd7a9f1ded91a957251380f4116a30454f8e1fc72e1c7ccacdab6bf8f	pack_a
releases/pack_a/scientific_validation/external_validation_a/pi_ufo_baseline_v1/vendor/LLscalar_v3_UFO_original/lorentz.pyc	3009	93a4efa791a0ea7b8a4c25c96cc696e54a6b6044a81198bab964edc10a3ae8fa	pack_a
releases/pack_a/scientific_validation/external_validation_a/pi_ufo_baseline_v1/vendor/LLscalar_v3_UFO_original/model.pkl	53394	3e5d932583c67a19ac70bc3baa5e805b20a68eda500bc6458a5ab0ba1a3a00df	pack_a
releases/pack_a/scientific_validation/external_validation_a/pi_ufo_baseline_v1/vendor/LLscalar_v3_UFO_original/object_library.py	10877	4bef9ba0a44b89048f5ed02f0c97f5937e1a2ce8a949574bdaa6f67ae80f9e11	pack_a
releases/pack_a/scientific_validation/external_validation_a/pi_ufo_baseline_v1/vendor/LLscalar_v3_UFO_original/object_library.pyc	16968	db074a0d5eda07359f4515bcb4396c5babecf2468c15aa7f4fdc5d7ea4e1ab3f	pack_a
releases/pack_a/scientific_validation/external_validation_a/pi_ufo_baseline_v1/vendor/LLscalar_v3_UFO_original/param_card.dat	853	1219ff7dce5744492cca90aa0c58d648e427282977501bf4a2ef1d6093f99e6e	pack_a
releases/pack_a/scientific_validation/external_validation_a/pi_ufo_baseline_v1/vendor/LLscalar_v3_UFO_original/parameters.py	23054	7f84d779ff83dd52bbfecbbfe31df147e2df79faab0bcda716d5908d63b3d45b	pack_a
releases/pack_a/scientific_validation/external_validation_a/pi_ufo_baseline_v1/vendor/LLscalar_v3_UFO_original/parameters.pyc	11678	5e77c9df6a3660cafeccb135ea03479de7082b8a064a433ae4930d9a0207efc7	pack_a
releases/pack_a/scientific_validation/external_validation_a/pi_ufo_baseline_v1/vendor/LLscalar_v3_UFO_original/parameters.py~	23052	01152962e08c059ba4124d253e185a1790e844f0f1f997d04bd867a1cf0c7593	pack_a
releases/pack_a/scientific_validation/external_validation_a/pi_ufo_baseline_v1/vendor/LLscalar_v3_UFO_original/particles.py	11211	01c61a7a352a5bebb747fff0c9ac3e228fa7575dfc381a339ecb285332b223c6	pack_a
releases/pack_a/scientific_validation/external_validation_a/pi_ufo_baseline_v1/vendor/LLscalar_v3_UFO_original/particles.pyc	5166	26c50296125f237feb4de1eeda8f65acf3d5728f061e63cc367dcc31238fec1c	pack_a
releases/pack_a/scientific_validation/external_validation_a/pi_ufo_baseline_v1/vendor/LLscalar_v3_UFO_original/propagators.py	1351	1a4495d00654b6de8044d7a993b798cb12ca7265199f8e25ce42abdfbc98384a	pack_a
releases/pack_a/scientific_validation/external_validation_a/pi_ufo_baseline_v1/vendor/LLscalar_v3_UFO_original/propagators.pyc	896	58ee2fcbf64c811d11b969d9af58b0ca55b24c2a961a2fd2bf77990035fa68e7	pack_a
releases/pack_a/scientific_validation/external_validation_a/pi_ufo_baseline_v1/vendor/LLscalar_v3_UFO_original/py3_model.pkl	56893	353b9c51a80539a71ee91f859d3119a5196263d51496a390ea1313df39180d77	pack_a
releases/pack_a/scientific_validation/external_validation_a/pi_ufo_baseline_v1/vendor/LLscalar_v3_UFO_original/vertices.py	36546	60bb131379499fd85ac21da8e15f960cffcf2d33afc54217481730e82648f6ba	pack_a
releases/pack_a/scientific_validation/external_validation_a/pi_ufo_baseline_v1/vendor/LLscalar_v3_UFO_original/vertices.pyc	23821	4b833b9ab50468a97954c2039703aec7fa905299d5e071c234fa64417c0b886d	pack_a
releases/pack_a/scientific_validation/external_validation_a/pi_ufo_baseline_v1/vendor/LLscalar_v3_UFO_original/write_param_card.py	6854	b1fefa31387db6d35631469c59ffbf87539093c34989f123dc63a98b46742462	pack_a
releases/pack_a/scientific_validation/external_validation_a/pi_ufo_baseline_v1/tests/test_invalid_points.py	1107	14f4013f789860815db3aa0df9465f63d439c21e924e6793252e72173926e3f9	pack_a
releases/pack_a/scientific_validation/external_validation_a/pi_ufo_baseline_v1/tests/test_model_contract.py	2432	1b69812e914ccb6ee91f5e08764895a2b810342b9e09b1218803a00f87c68090	pack_a
releases/pack_a/scientific_validation/external_validation_a/pi_ufo_baseline_v1/cards/README.md	294	4540a601faeb6f1744f8486d7de849b0117627e7c6641efa0e42b14aff27f50c	pack_a
releases/pack_a/scientific_validation/external_validation_a/pi_ufo_baseline_v1/cards/proc_card_zerojet.dat	124	d86cf89a9863c08ba5d1232f3f810271b0a4306d1308dbb059f7254d469a105e	pack_a
releases/pack_a/scientific_validation/external_validation_a/pi_ufo_baseline_v1/cards/pythia8.template.cmnd	209	41d264542323dff06edbcd30fd90ecfb4eeba2417544050cdc29e9a41f9de477	pack_a
releases/pack_a/scientific_validation/external_validation_a/pi_ufo_baseline_v1/cards/run_card_smoke.dat	160	85abb3e99fc9503e59ecb6bff21a1aa804e248ff64f230afff8f20d8b5d156c3	pack_a
releases/pack_a/scientific_validation/external_validation_a/pi_ufo_baseline_v1/patches/python3_param_card_compat.patch	10463	91b2955b7f8c537fe50c2bd8577d1d4583327b9645be81bf44a53cadaeece49f	pack_a
releases/pack_a/scientific_validation/external_validation_a/pi_ufo_baseline_v1/schemas/point.schema.json	1870	bad44da8ab39fc1327dc224ea3692fcaeaefb7848418c2dbc9e50ce932a06fbf	pack_a
presentation_evidence/01_ownership_architecture.pdf	12515	940248756480c17ef6127c78954d901de1ca700d3f2c0be4451e66b7f5b90278	shared
presentation_evidence/01_ownership_architecture.png	30156	251bfc1fca621c0a25364e2bb96cfae3009400d668703d8e46ffb7322ccb15f6	shared
presentation_evidence/01_pack_a_to_pack_aa_ownership_diagram.svg	275	1861084e3c513cc021adc584439e03fdf5a2d792236806b02ac12917c57e5aa9	pack_a
presentation_evidence/01_pack_a_to_pack_aa_ownership_diagram.txt	481	b0e3976b59dd69e0627e51e7c971a2f43ebf8ea155174f845521d8752db460c3	pack_a
presentation_evidence/02_proper_length_closure.pdf	12060	40346f3cbcbbd843cef58c65a3256a1b7379ac13ad059288f420a75082b543ed	shared
presentation_evidence/02_proper_length_closure.png	39060	97382da477cf073942aa95287594d2cf6245de99e6f1cd26310ecf05a8657663	shared
presentation_evidence/03_decay_radius_by_ctau.pdf	11430	7f931285b48f500e76d696761e1cb842af69407f20dc0db44b95bd557a2d7f77	shared
presentation_evidence/03_decay_radius_by_ctau.png	37296	1c87582dac6cd1f47b149b520ce8903fa6560e18938c4d5c44c7e59e7ce99e47	shared
presentation_evidence/04_branching_ratio_closure.pdf	14216	3baf99cae6516d381c86143fd4e6d67d664a705722c4bd4b17fdbfa5aab1f8b4	shared
presentation_evidence/04_branching_ratio_closure.png	32504	6977c6194cd1aaba7ffdd0f85d74d87bba01120f17dbc62667abb0e62802a8ce	shared
presentation_evidence/05_gamma_gamma_truth_event.pdf	9284	bf5a6d05cb1076d040d9d01793e5958cc27207c1484841d7ada7b76aaba092cd	shared
presentation_evidence/05_gamma_gamma_truth_event.png	22552	382a97f9838de960afc0ff35647a02fd2affe85cbb55d7465380ec5c772f7ff0	shared
presentation_evidence/05_gamma_gamma_truth_event.svg	283	bcc9eb633f791dc322a7deb2b0e137676d4377d64aeba1a8feb8ba3e6211ad28	shared
presentation_evidence/05_gamma_gamma_truth_event.txt	481	b0e3976b59dd69e0627e51e7c971a2f43ebf8ea155174f845521d8752db460c3	shared
presentation_evidence/06_bb_truth_event.pdf	10683	5adf76b273f04adc8d5a6eab86d9578c8d331ba883f6b18437154cd604489497	shared
presentation_evidence/06_bb_truth_event.png	22888	f6e3c27470516cba4d3fd43695b5113e2dadac29e0547764ead33dbd74449c0c	shared
presentation_evidence/06_bb_truth_event.svg	306	111f3f5f59adf3ff9845fbdcc9e7aca1f7a29853ea3d4f52af58dc92c0ececea	shared
presentation_evidence/06_bb_truth_event.txt	481	b0e3976b59dd69e0627e51e7c971a2f43ebf8ea155174f845521d8752db460c3	shared
presentation_evidence/07_provenance_table.csv	375	6bab0bf01734cb4c75a7b0fe0684de5b9935ccb1bdc8da0f3b5f8c16b839e802	shared
presentation_evidence/07_provenance_table.md	518	128ec98a1e44c6b6dc2bb62482a2c40ae40802892fb22aa58156fa1fa2cab625	shared
presentation_evidence/07_provenance_table.txt	481	b0e3976b59dd69e0627e51e7c971a2f43ebf8ea155174f845521d8752db460c3	shared
presentation_evidence/08_validation_gate_matrix.csv	109	87f845b72b63bb2e1efccdccadc9ea78a5b093deb812842b18158b3d6e5a5aa3	shared
presentation_evidence/08_validation_gate_matrix.pdf	10486	5d88e5400eedb1095bce97c32e728574cfe52dbe6222ed33f468b470e78565a5	shared
presentation_evidence/08_validation_gate_matrix.png	16588	cc0f471bf988a91f5fa47f66511c50ef784684053e8c74733de2c03485679938	shared
presentation_evidence/08_validation_gate_matrix.txt	481	b0e3976b59dd69e0627e51e7c971a2f43ebf8ea155174f845521d8752db460c3	shared
presentation_evidence/09_demo_configuration_matrix.csv	748	001c49343cffdfdc11efa401d8de3bf90b62bca2052144dc54c8dbaabc9d65cf	shared
presentation_evidence/09_demo_configuration_matrix.md	554	930f46887b125bdb270aaaad6e1f165897fea6e038437de14eacd19103a43cd9	shared
presentation_evidence/source_data/demo_configuration_matrix.csv	748	001c49343cffdfdc11efa401d8de3bf90b62bca2052144dc54c8dbaabc9d65cf	shared
presentation_evidence/source_data/demo_results.json	24181	eefdc5193750d4cf8f9e7383ac299867d8add1893c9b11168c2bd206d85e30d4	shared
presentation_evidence/source_data/gate_matrix.csv	109	87f845b72b63bb2e1efccdccadc9ea78a5b093deb812842b18158b3d6e5a5aa3	shared
presentation_evidence/source_data/proper_length_closure.csv	605	4e626052a3611d6c611b13f16e9c716d4b25f4d302732841cb6a22100e3a8a16	shared
presentation_evidence/source_data/provenance_table.csv	974	3a227760e2ac52ffbcdecf07e9f886cdecd5275d154fd9ee45deb60f4af1eda3	shared
