old_path	new_path	sha256_before	sha256_after	classification	compatibility_pointer
.code-review-graph/.gitignore	archive/unclassified/.code-review-graph/.gitignore	0372cef6feb8cafaacc589b124a0afaf613ecd97de03c58e8c6cc949254bf464	0372cef6feb8cafaacc589b124a0afaf613ecd97de03c58e8c6cc949254bf464	UNCLASSIFIED	NONE
.code-review-graph/graph.db	archive/unclassified/.code-review-graph/graph.db	2e6644a73dbd262708a8768ef0589b09202d6ff17bc39a13cea5c3b83e216155	2e6644a73dbd262708a8768ef0589b09202d6ff17bc39a13cea5c3b83e216155	UNCLASSIFIED	NONE
.pack_a_native_clean/pi_ufo_baseline_v1_runtimefix/.pytest_cache/.gitignore	archive/superseded/.pack_a_native_clean/pi_ufo_baseline_v1_runtimefix/.pytest_cache/.gitignore	3ed731b65d06150c138e2dadb0be0697550888a6b47eb8c45ecc9adba8b8e9bd	3ed731b65d06150c138e2dadb0be0697550888a6b47eb8c45ecc9adba8b8e9bd	HISTORICAL_SUPERSEDED	NONE
.pack_a_native_clean/pi_ufo_baseline_v1_runtimefix/.pytest_cache/CACHEDIR.TAG	archive/superseded/.pack_a_native_clean/pi_ufo_baseline_v1_runtimefix/.pytest_cache/CACHEDIR.TAG	37dc88ef9a0abeddbe81053a6dd8fdfb13afb613045ea1eb4a5c815a74a3bde4	37dc88ef9a0abeddbe81053a6dd8fdfb13afb613045ea1eb4a5c815a74a3bde4	HISTORICAL_SUPERSEDED	NONE
.pack_a_native_clean/pi_ufo_baseline_v1_runtimefix/.pytest_cache/README.md	archive/superseded/.pack_a_native_clean/pi_ufo_baseline_v1_runtimefix/.pytest_cache/README.md	73fd6fccdd802c419a6b2d983d6c3173b7da97558ac4b589edec2dfe443db9ad	73fd6fccdd802c419a6b2d983d6c3173b7da97558ac4b589edec2dfe443db9ad	HISTORICAL_SUPERSEDED	NONE
.pack_a_native_clean/pi_ufo_baseline_v1_runtimefix/.pytest_cache/v/cache/nodeids	archive/superseded/.pack_a_native_clean/pi_ufo_baseline_v1_runtimefix/.pytest_cache/v/cache/nodeids	c9da74fa25387b9de0d44ed3654b06298de13ff0281972a34a53ee75c8034646	c9da74fa25387b9de0d44ed3654b06298de13ff0281972a34a53ee75c8034646	HISTORICAL_SUPERSEDED	NONE
.pack_a_native_clean/pi_ufo_baseline_v1_runtimefix/CHANGELOG.md	archive/superseded/.pack_a_native_clean/pi_ufo_baseline_v1_runtimefix/CHANGELOG.md	c3d53198fd200b55e50ab8e29a0cb0f934aba20ee4a8d996fd9fee141cf09cba	c3d53198fd200b55e50ab8e29a0cb0f934aba20ee4a8d996fd9fee141cf09cba	HISTORICAL_SUPERSEDED	NONE
.pack_a_native_clean/pi_ufo_baseline_v1_runtimefix/KNOWN_LIMITATIONS.md	archive/superseded/.pack_a_native_clean/pi_ufo_baseline_v1_runtimefix/KNOWN_LIMITATIONS.md	45d9ae5e457158e37fc8303a3ee74a3f98bbd028601f9397f010b059714a5159	45d9ae5e457158e37fc8303a3ee74a3f98bbd028601f9397f010b059714a5159	HISTORICAL_SUPERSEDED	NONE
.pack_a_native_clean/pi_ufo_baseline_v1_runtimefix/MODEL_CARD.md	archive/superseded/.pack_a_native_clean/pi_ufo_baseline_v1_runtimefix/MODEL_CARD.md	0776312fe51bce3b4dd6595f05044408feb0585e08febe29006fd5911684229e	0776312fe51bce3b4dd6595f05044408feb0585e08febe29006fd5911684229e	HISTORICAL_SUPERSEDED	NONE
.pack_a_native_clean/pi_ufo_baseline_v1_runtimefix/PROVENANCE.md	archive/superseded/.pack_a_native_clean/pi_ufo_baseline_v1_runtimefix/PROVENANCE.md	c0e2cca2ecd310972a32818dff00f46382057a9822b597487f7e0af00d6d0474	c0e2cca2ecd310972a32818dff00f46382057a9822b597487f7e0af00d6d0474	HISTORICAL_SUPERSEDED	NONE
.pack_a_native_clean/pi_ufo_baseline_v1_runtimefix/README.md	archive/superseded/.pack_a_native_clean/pi_ufo_baseline_v1_runtimefix/README.md	f55290a1b7f397c09068336021322fec5a309aab4db27de7571c5b497e8d8bfe	f55290a1b7f397c09068336021322fec5a309aab4db27de7571c5b497e8d8bfe	HISTORICAL_SUPERSEDED	NONE
.pack_a_native_clean/pi_ufo_baseline_v1_runtimefix/build/A_PI_NATIVE_200/MG5_PROC/Cards/.delphes_trigger.dat	archive/superseded/.pack_a_native_clean/pi_ufo_baseline_v1_runtimefix/build/A_PI_NATIVE_200/MG5_PROC/Cards/.delphes_trigger.dat	dd9e5ef49193a9140ae577fb452af122b0a45a843043e482dfd43c1afd755475	dd9e5ef49193a9140ae577fb452af122b0a45a843043e482dfd43c1afd755475	HISTORICAL_SUPERSEDED	NONE
.pack_a_native_clean/pi_ufo_baseline_v1_runtimefix/build/A_PI_NATIVE_200/MG5_PROC/Cards/.plot_card.dat	archive/superseded/.pack_a_native_clean/pi_ufo_baseline_v1_runtimefix/build/A_PI_NATIVE_200/MG5_PROC/Cards/.plot_card.dat	e0991ee24eb7cab4ca668da332ed637806e6473b32a929b2bd4f86bafab1d4b0	e0991ee24eb7cab4ca668da332ed637806e6473b32a929b2bd4f86bafab1d4b0	HISTORICAL_SUPERSEDED	NONE
.pack_a_native_clean/pi_ufo_baseline_v1_runtimefix/build/A_PI_NATIVE_200/MG5_PROC/Cards/README	archive/superseded/.pack_a_native_clean/pi_ufo_baseline_v1_runtimefix/build/A_PI_NATIVE_200/MG5_PROC/Cards/README	eb3f39466976b976c213203c4a7d0f92eadd325d4e19903efea6fec1db695d65	eb3f39466976b976c213203c4a7d0f92eadd325d4e19903efea6fec1db695d65	HISTORICAL_SUPERSEDED	NONE
.pack_a_native_clean/pi_ufo_baseline_v1_runtimefix/build/A_PI_NATIVE_200/MG5_PROC/Cards/delphes_card_ATLAS.dat	archive/superseded/.pack_a_native_clean/pi_ufo_baseline_v1_runtimefix/build/A_PI_NATIVE_200/MG5_PROC/Cards/delphes_card_ATLAS.dat	b6a97bcd6e2b4f19e218eaa07b3afe1937d66452f0519de0b8c367eff46fe69d	b6a97bcd6e2b4f19e218eaa07b3afe1937d66452f0519de0b8c367eff46fe69d	HISTORICAL_SUPERSEDED	NONE
.pack_a_native_clean/pi_ufo_baseline_v1_runtimefix/build/A_PI_NATIVE_200/MG5_PROC/Cards/delphes_card_CMS.dat	archive/superseded/.pack_a_native_clean/pi_ufo_baseline_v1_runtimefix/build/A_PI_NATIVE_200/MG5_PROC/Cards/delphes_card_CMS.dat	e363da8be306a024159b52547a80045bc48b770424fb5372ffc2ff8f1f5028c0	e363da8be306a024159b52547a80045bc48b770424fb5372ffc2ff8f1f5028c0	HISTORICAL_SUPERSEDED	NONE
.pack_a_native_clean/pi_ufo_baseline_v1_runtimefix/build/A_PI_NATIVE_200/MG5_PROC/Cards/delphes_card_default.dat	archive/superseded/.pack_a_native_clean/pi_ufo_baseline_v1_runtimefix/build/A_PI_NATIVE_200/MG5_PROC/Cards/delphes_card_default.dat	e363da8be306a024159b52547a80045bc48b770424fb5372ffc2ff8f1f5028c0	e363da8be306a024159b52547a80045bc48b770424fb5372ffc2ff8f1f5028c0	HISTORICAL_SUPERSEDED	NONE
.pack_a_native_clean/pi_ufo_baseline_v1_runtimefix/build/A_PI_NATIVE_200/MG5_PROC/Cards/delphes_trigger_ATLAS.dat	archive/superseded/.pack_a_native_clean/pi_ufo_baseline_v1_runtimefix/build/A_PI_NATIVE_200/MG5_PROC/Cards/delphes_trigger_ATLAS.dat	14ceb9ab08ebb8bcab3d750fe8b01ab1e3f44d2eacdc8bc944d6899ccafc3b90	14ceb9ab08ebb8bcab3d750fe8b01ab1e3f44d2eacdc8bc944d6899ccafc3b90	HISTORICAL_SUPERSEDED	NONE
.pack_a_native_clean/pi_ufo_baseline_v1_runtimefix/build/A_PI_NATIVE_200/MG5_PROC/Cards/delphes_trigger_CMS.dat	archive/superseded/.pack_a_native_clean/pi_ufo_baseline_v1_runtimefix/build/A_PI_NATIVE_200/MG5_PROC/Cards/delphes_trigger_CMS.dat	dd9e5ef49193a9140ae577fb452af122b0a45a843043e482dfd43c1afd755475	dd9e5ef49193a9140ae577fb452af122b0a45a843043e482dfd43c1afd755475	HISTORICAL_SUPERSEDED	NONE
.pack_a_native_clean/pi_ufo_baseline_v1_runtimefix/build/A_PI_NATIVE_200/MG5_PROC/Cards/delphes_trigger_default.dat	archive/superseded/.pack_a_native_clean/pi_ufo_baseline_v1_runtimefix/build/A_PI_NATIVE_200/MG5_PROC/Cards/delphes_trigger_default.dat	dd9e5ef49193a9140ae577fb452af122b0a45a843043e482dfd43c1afd755475	dd9e5ef49193a9140ae577fb452af122b0a45a843043e482dfd43c1afd755475	HISTORICAL_SUPERSEDED	NONE
.pack_a_native_clean/pi_ufo_baseline_v1_runtimefix/build/A_PI_NATIVE_200/MG5_PROC/Cards/grid_card.dat	archive/superseded/.pack_a_native_clean/pi_ufo_baseline_v1_runtimefix/build/A_PI_NATIVE_200/MG5_PROC/Cards/grid_card.dat	99aff9f047a6dfbaa59345cc56cb01cf422bb65eef996b6af6515f625e1c13b7	99aff9f047a6dfbaa59345cc56cb01cf422bb65eef996b6af6515f625e1c13b7	HISTORICAL_SUPERSEDED	NONE
.pack_a_native_clean/pi_ufo_baseline_v1_runtimefix/build/A_PI_NATIVE_200/MG5_PROC/Cards/grid_card_default.dat	archive/superseded/.pack_a_native_clean/pi_ufo_baseline_v1_runtimefix/build/A_PI_NATIVE_200/MG5_PROC/Cards/grid_card_default.dat	99aff9f047a6dfbaa59345cc56cb01cf422bb65eef996b6af6515f625e1c13b7	99aff9f047a6dfbaa59345cc56cb01cf422bb65eef996b6af6515f625e1c13b7	HISTORICAL_SUPERSEDED	NONE
.pack_a_native_clean/pi_ufo_baseline_v1_runtimefix/build/A_PI_NATIVE_200/MG5_PROC/Cards/ident_card.dat	archive/superseded/.pack_a_native_clean/pi_ufo_baseline_v1_runtimefix/build/A_PI_NATIVE_200/MG5_PROC/Cards/ident_card.dat	1aa76ce9345bebd0114be0f8e79509679e6b1a6170480bf02fe917a42a259c3b	1aa76ce9345bebd0114be0f8e79509679e6b1a6170480bf02fe917a42a259c3b	HISTORICAL_SUPERSEDED	NONE
.pack_a_native_clean/pi_ufo_baseline_v1_runtimefix/build/A_PI_NATIVE_200/MG5_PROC/Cards/madanalysis5_hadron_card_default.dat	archive/superseded/.pack_a_native_clean/pi_ufo_baseline_v1_runtimefix/build/A_PI_NATIVE_200/MG5_PROC/Cards/madanalysis5_hadron_card_default.dat	46f8749617b7606256363a757f5c69896a2b812ab2b1bb7be8c7ca8b64f6000c	46f8749617b7606256363a757f5c69896a2b812ab2b1bb7be8c7ca8b64f6000c	HISTORICAL_SUPERSEDED	NONE
.pack_a_native_clean/pi_ufo_baseline_v1_runtimefix/build/A_PI_NATIVE_200/MG5_PROC/Cards/madanalysis5_parton_card_default.dat	archive/superseded/.pack_a_native_clean/pi_ufo_baseline_v1_runtimefix/build/A_PI_NATIVE_200/MG5_PROC/Cards/madanalysis5_parton_card_default.dat	46f8749617b7606256363a757f5c69896a2b812ab2b1bb7be8c7ca8b64f6000c	46f8749617b7606256363a757f5c69896a2b812ab2b1bb7be8c7ca8b64f6000c	HISTORICAL_SUPERSEDED	NONE
.pack_a_native_clean/pi_ufo_baseline_v1_runtimefix/build/A_PI_NATIVE_200/MG5_PROC/Cards/madspin_card_default.dat	archive/superseded/.pack_a_native_clean/pi_ufo_baseline_v1_runtimefix/build/A_PI_NATIVE_200/MG5_PROC/Cards/madspin_card_default.dat	b49e3d4d382a4b66bae665d9b5af308de1d426e2aacdd45f0237c8be7a4f3524	b49e3d4d382a4b66bae665d9b5af308de1d426e2aacdd45f0237c8be7a4f3524	HISTORICAL_SUPERSEDED	NONE
.pack_a_native_clean/pi_ufo_baseline_v1_runtimefix/build/A_PI_NATIVE_200/MG5_PROC/Cards/me5_configuration.txt	archive/superseded/.pack_a_native_clean/pi_ufo_baseline_v1_runtimefix/build/A_PI_NATIVE_200/MG5_PROC/Cards/me5_configuration.txt	046f73495203a9d9aa070aee10b844bd5e426b997618ef92cf6be5c4c94c7dbf	046f73495203a9d9aa070aee10b844bd5e426b997618ef92cf6be5c4c94c7dbf	HISTORICAL_SUPERSEDED	NONE
.pack_a_native_clean/pi_ufo_baseline_v1_runtimefix/build/A_PI_NATIVE_200/MG5_PROC/Cards/param_card.dat	archive/superseded/.pack_a_native_clean/pi_ufo_baseline_v1_runtimefix/build/A_PI_NATIVE_200/MG5_PROC/Cards/param_card.dat	fa6725a698ac16123291936fe7fc4d3f386bec7219153ead94da5a8001163ce6	fa6725a698ac16123291936fe7fc4d3f386bec7219153ead94da5a8001163ce6	HISTORICAL_SUPERSEDED	NONE
.pack_a_native_clean/pi_ufo_baseline_v1_runtimefix/build/A_PI_NATIVE_200/MG5_PROC/Cards/param_card_default.dat	archive/superseded/.pack_a_native_clean/pi_ufo_baseline_v1_runtimefix/build/A_PI_NATIVE_200/MG5_PROC/Cards/param_card_default.dat	8c97ba08846b27b1fb0a139161259653d507aed22b172635f5ea7ee4fa4baf83	8c97ba08846b27b1fb0a139161259653d507aed22b172635f5ea7ee4fa4baf83	HISTORICAL_SUPERSEDED	NONE
.pack_a_native_clean/pi_ufo_baseline_v1_runtimefix/build/A_PI_NATIVE_200/MG5_PROC/Cards/pgs_card_ATLAS.dat	archive/superseded/.pack_a_native_clean/pi_ufo_baseline_v1_runtimefix/build/A_PI_NATIVE_200/MG5_PROC/Cards/pgs_card_ATLAS.dat	4abbda9b8fc97521a6b510d200c3657695caea73054516ccac16fccd89f63f43	4abbda9b8fc97521a6b510d200c3657695caea73054516ccac16fccd89f63f43	HISTORICAL_SUPERSEDED	NONE
.pack_a_native_clean/pi_ufo_baseline_v1_runtimefix/build/A_PI_NATIVE_200/MG5_PROC/Cards/pgs_card_CMS.dat	archive/superseded/.pack_a_native_clean/pi_ufo_baseline_v1_runtimefix/build/A_PI_NATIVE_200/MG5_PROC/Cards/pgs_card_CMS.dat	2fa767eeb3d1a767e9b4da6f8f35099b6546943f9c3993291c9ab122554d43ca	2fa767eeb3d1a767e9b4da6f8f35099b6546943f9c3993291c9ab122554d43ca	HISTORICAL_SUPERSEDED	NONE
.pack_a_native_clean/pi_ufo_baseline_v1_runtimefix/build/A_PI_NATIVE_200/MG5_PROC/Cards/pgs_card_LHC.dat	archive/superseded/.pack_a_native_clean/pi_ufo_baseline_v1_runtimefix/build/A_PI_NATIVE_200/MG5_PROC/Cards/pgs_card_LHC.dat	1e166308920fbb153706ec4338c81c2ae52753f8e3b8ae19bea32cc8618f85d4	1e166308920fbb153706ec4338c81c2ae52753f8e3b8ae19bea32cc8618f85d4	HISTORICAL_SUPERSEDED	NONE
.pack_a_native_clean/pi_ufo_baseline_v1_runtimefix/build/A_PI_NATIVE_200/MG5_PROC/Cards/pgs_card_TEV.dat	archive/superseded/.pack_a_native_clean/pi_ufo_baseline_v1_runtimefix/build/A_PI_NATIVE_200/MG5_PROC/Cards/pgs_card_TEV.dat	523df464434f492b0b915d7d5f22aee198a515696228bf859daba920fb6e2ed1	523df464434f492b0b915d7d5f22aee198a515696228bf859daba920fb6e2ed1	HISTORICAL_SUPERSEDED	NONE
.pack_a_native_clean/pi_ufo_baseline_v1_runtimefix/build/A_PI_NATIVE_200/MG5_PROC/Cards/pgs_card_default.dat	archive/superseded/.pack_a_native_clean/pi_ufo_baseline_v1_runtimefix/build/A_PI_NATIVE_200/MG5_PROC/Cards/pgs_card_default.dat	1e166308920fbb153706ec4338c81c2ae52753f8e3b8ae19bea32cc8618f85d4	1e166308920fbb153706ec4338c81c2ae52753f8e3b8ae19bea32cc8618f85d4	HISTORICAL_SUPERSEDED	NONE
.pack_a_native_clean/pi_ufo_baseline_v1_runtimefix/build/A_PI_NATIVE_200/MG5_PROC/Cards/plot_card_default.dat	archive/superseded/.pack_a_native_clean/pi_ufo_baseline_v1_runtimefix/build/A_PI_NATIVE_200/MG5_PROC/Cards/plot_card_default.dat	e0991ee24eb7cab4ca668da332ed637806e6473b32a929b2bd4f86bafab1d4b0	e0991ee24eb7cab4ca668da332ed637806e6473b32a929b2bd4f86bafab1d4b0	HISTORICAL_SUPERSEDED	NONE
.pack_a_native_clean/pi_ufo_baseline_v1_runtimefix/build/A_PI_NATIVE_200/MG5_PROC/Cards/proc_card_mg5.dat	archive/superseded/.pack_a_native_clean/pi_ufo_baseline_v1_runtimefix/build/A_PI_NATIVE_200/MG5_PROC/Cards/proc_card_mg5.dat	48966785ce76a71dd272db06425fca7ad05faa23c65a1a848375bf97270f7e2f	48966785ce76a71dd272db06425fca7ad05faa23c65a1a848375bf97270f7e2f	HISTORICAL_SUPERSEDED	NONE
.pack_a_native_clean/pi_ufo_baseline_v1_runtimefix/build/A_PI_NATIVE_200/MG5_PROC/Cards/pythia8_card_default.dat	archive/superseded/.pack_a_native_clean/pi_ufo_baseline_v1_runtimefix/build/A_PI_NATIVE_200/MG5_PROC/Cards/pythia8_card_default.dat	eae9ab88aed291ccfa93aad879abb00c479fe5e852b50a14f48ee2c4ee25a255	eae9ab88aed291ccfa93aad879abb00c479fe5e852b50a14f48ee2c4ee25a255	HISTORICAL_SUPERSEDED	NONE
.pack_a_native_clean/pi_ufo_baseline_v1_runtimefix/build/A_PI_NATIVE_200/MG5_PROC/Cards/pythia_card_default.dat	archive/superseded/.pack_a_native_clean/pi_ufo_baseline_v1_runtimefix/build/A_PI_NATIVE_200/MG5_PROC/Cards/pythia_card_default.dat	392b11bcb52bfabab408edd2ee691e138f9e4f2d5d5c514287a25f4f29d7215b	392b11bcb52bfabab408edd2ee691e138f9e4f2d5d5c514287a25f4f29d7215b	HISTORICAL_SUPERSEDED	NONE
.pack_a_native_clean/pi_ufo_baseline_v1_runtimefix/build/A_PI_NATIVE_200/MG5_PROC/Cards/replace_card1.dat	archive/superseded/.pack_a_native_clean/pi_ufo_baseline_v1_runtimefix/build/A_PI_NATIVE_200/MG5_PROC/Cards/replace_card1.dat	92d5563c5b5f8d68bc0dc3ee8c350eaee7d43d43aca4d9f6c94d3abc0e69a73a	92d5563c5b5f8d68bc0dc3ee8c350eaee7d43d43aca4d9f6c94d3abc0e69a73a	HISTORICAL_SUPERSEDED	NONE
.pack_a_native_clean/pi_ufo_baseline_v1_runtimefix/build/A_PI_NATIVE_200/MG5_PROC/Cards/reweight_card_default.dat	archive/superseded/.pack_a_native_clean/pi_ufo_baseline_v1_runtimefix/build/A_PI_NATIVE_200/MG5_PROC/Cards/reweight_card_default.dat	281463939a80f0069f80df4108294b7678eeaeba6f2004443e54b9819a8b5cc2	281463939a80f0069f80df4108294b7678eeaeba6f2004443e54b9819a8b5cc2	HISTORICAL_SUPERSEDED	NONE
.pack_a_native_clean/pi_ufo_baseline_v1_runtimefix/build/A_PI_NATIVE_200/MG5_PROC/Cards/rivet_card_default.dat	archive/superseded/.pack_a_native_clean/pi_ufo_baseline_v1_runtimefix/build/A_PI_NATIVE_200/MG5_PROC/Cards/rivet_card_default.dat	e1aa7c84051518a747156689b388d0d2428808c629b15b2770f50550d5a1b357	e1aa7c84051518a747156689b388d0d2428808c629b15b2770f50550d5a1b357	HISTORICAL_SUPERSEDED	NONE
.pack_a_native_clean/pi_ufo_baseline_v1_runtimefix/build/A_PI_NATIVE_200/MG5_PROC/Cards/run_card.dat	archive/superseded/.pack_a_native_clean/pi_ufo_baseline_v1_runtimefix/build/A_PI_NATIVE_200/MG5_PROC/Cards/run_card.dat	eaf89de16945797f354b820f3a2dd5b875f2d79142efd73a0ebad861af1d7a87	eaf89de16945797f354b820f3a2dd5b875f2d79142efd73a0ebad861af1d7a87	HISTORICAL_SUPERSEDED	NONE
.pack_a_native_clean/pi_ufo_baseline_v1_runtimefix/build/A_PI_NATIVE_200/MG5_PROC/Cards/run_card_default.dat	archive/superseded/.pack_a_native_clean/pi_ufo_baseline_v1_runtimefix/build/A_PI_NATIVE_200/MG5_PROC/Cards/run_card_default.dat	00cd76255b00442ba62ac6704680b77f69cff6d630c1e81d4a806f2b69177611	00cd76255b00442ba62ac6704680b77f69cff6d630c1e81d4a806f2b69177611	HISTORICAL_SUPERSEDED	NONE
.pack_a_native_clean/pi_ufo_baseline_v1_runtimefix/build/A_PI_NATIVE_200/MG5_PROC/Events/.keep	archive/superseded/.pack_a_native_clean/pi_ufo_baseline_v1_runtimefix/build/A_PI_NATIVE_200/MG5_PROC/Events/.keep	e3b0c44298fc1c149afbf4c8996fb92427ae41e4649b934ca495991b7852b855	e3b0c44298fc1c149afbf4c8996fb92427ae41e4649b934ca495991b7852b855	HISTORICAL_SUPERSEDED	NONE
.pack_a_native_clean/pi_ufo_baseline_v1_runtimefix/build/A_PI_NATIVE_200/MG5_PROC/Events/smoke/smoke_tag_1_banner.txt	archive/superseded/.pack_a_native_clean/pi_ufo_baseline_v1_runtimefix/build/A_PI_NATIVE_200/MG5_PROC/Events/smoke/smoke_tag_1_banner.txt	ccd9e0a2e9e1dd2792fee3fc891dabfcd97d3929e89abdde57d0860e3e99df87	ccd9e0a2e9e1dd2792fee3fc891dabfcd97d3929e89abdde57d0860e3e99df87	HISTORICAL_SUPERSEDED	NONE
.pack_a_native_clean/pi_ufo_baseline_v1_runtimefix/build/A_PI_NATIVE_200/MG5_PROC/Events/smoke/unweighted_events.lhe.gz	archive/superseded/.pack_a_native_clean/pi_ufo_baseline_v1_runtimefix/build/A_PI_NATIVE_200/MG5_PROC/Events/smoke/unweighted_events.lhe.gz	e756583bfab44ebc148da94c2dcbf5c189bd3b177b09eebd54fa7e803bcf4a54	e756583bfab44ebc148da94c2dcbf5c189bd3b177b09eebd54fa7e803bcf4a54	HISTORICAL_SUPERSEDED	NONE
.pack_a_native_clean/pi_ufo_baseline_v1_runtimefix/build/A_PI_NATIVE_200/MG5_PROC/HTML/crossx.html	archive/superseded/.pack_a_native_clean/pi_ufo_baseline_v1_runtimefix/build/A_PI_NATIVE_200/MG5_PROC/HTML/crossx.html	e3b0c44298fc1c149afbf4c8996fb92427ae41e4649b934ca495991b7852b855	e3b0c44298fc1c149afbf4c8996fb92427ae41e4649b934ca495991b7852b855	HISTORICAL_SUPERSEDED	NONE
.pack_a_native_clean/pi_ufo_baseline_v1_runtimefix/build/A_PI_NATIVE_200/MG5_PROC/HTML/info-default.html	archive/superseded/.pack_a_native_clean/pi_ufo_baseline_v1_runtimefix/build/A_PI_NATIVE_200/MG5_PROC/HTML/info-default.html	48cd8ccaa2a07f9a2744e142558ff0e9c8d2bab35636df22c29cc6e828e71cb0	48cd8ccaa2a07f9a2744e142558ff0e9c8d2bab35636df22c29cc6e828e71cb0	HISTORICAL_SUPERSEDED	NONE
.pack_a_native_clean/pi_ufo_baseline_v1_runtimefix/build/A_PI_NATIVE_200/MG5_PROC/HTML/info.html	archive/superseded/.pack_a_native_clean/pi_ufo_baseline_v1_runtimefix/build/A_PI_NATIVE_200/MG5_PROC/HTML/info.html	77bb464f063cac567706b2d30767a8eb628fc3abe54e07f1e31c0206e911c352	77bb464f063cac567706b2d30767a8eb628fc3abe54e07f1e31c0206e911c352	HISTORICAL_SUPERSEDED	NONE
.pack_a_native_clean/pi_ufo_baseline_v1_runtimefix/build/A_PI_NATIVE_200/MG5_PROC/HTML/mgstyle.css	archive/superseded/.pack_a_native_clean/pi_ufo_baseline_v1_runtimefix/build/A_PI_NATIVE_200/MG5_PROC/HTML/mgstyle.css	d12e48c9910c15a22b8095d045578863ca2fac20b765692ea248d81911673ba6	d12e48c9910c15a22b8095d045578863ca2fac20b765692ea248d81911673ba6	HISTORICAL_SUPERSEDED	NONE
.pack_a_native_clean/pi_ufo_baseline_v1_runtimefix/build/A_PI_NATIVE_200/MG5_PROC/HTML/results.pkl	archive/superseded/.pack_a_native_clean/pi_ufo_baseline_v1_runtimefix/build/A_PI_NATIVE_200/MG5_PROC/HTML/results.pkl	ac68a0864174396a446ad3336f68af8b4234c4d77a11b6a2cb6ebd04d5966cf6	ac68a0864174396a446ad3336f68af8b4234c4d77a11b6a2cb6ebd04d5966cf6	HISTORICAL_SUPERSEDED	NONE
.pack_a_native_clean/pi_ufo_baseline_v1_runtimefix/build/A_PI_NATIVE_200/MG5_PROC/HTML/smoke/results.html	archive/superseded/.pack_a_native_clean/pi_ufo_baseline_v1_runtimefix/build/A_PI_NATIVE_200/MG5_PROC/HTML/smoke/results.html	a0973c4d2da5144cfc1090711ec51457dbef61716dd99517acdf3082d4bdf1da	a0973c4d2da5144cfc1090711ec51457dbef61716dd99517acdf3082d4bdf1da	HISTORICAL_SUPERSEDED	NONE
.pack_a_native_clean/pi_ufo_baseline_v1_runtimefix/build/A_PI_NATIVE_200/MG5_PROC/HTML/sortable.js	archive/superseded/.pack_a_native_clean/pi_ufo_baseline_v1_runtimefix/build/A_PI_NATIVE_200/MG5_PROC/HTML/sortable.js	9a1e49c93b802edad64c0195a0eba240e0efb1a2f47bfcfa8288ad5f8bcceef9	9a1e49c93b802edad64c0195a0eba240e0efb1a2f47bfcfa8288ad5f8bcceef9	HISTORICAL_SUPERSEDED	NONE
.pack_a_native_clean/pi_ufo_baseline_v1_runtimefix/build/A_PI_NATIVE_200/MG5_PROC/HTML/stop.jpg	archive/superseded/.pack_a_native_clean/pi_ufo_baseline_v1_runtimefix/build/A_PI_NATIVE_200/MG5_PROC/HTML/stop.jpg	ba221735467931a9f936c1a62ab9159940eab27ad5adc2369df0edd21121fa90	ba221735467931a9f936c1a62ab9159940eab27ad5adc2369df0edd21121fa90	HISTORICAL_SUPERSEDED	NONE
.pack_a_native_clean/pi_ufo_baseline_v1_runtimefix/build/A_PI_NATIVE_200/MG5_PROC/HTML/thinking.gif	archive/superseded/.pack_a_native_clean/pi_ufo_baseline_v1_runtimefix/build/A_PI_NATIVE_200/MG5_PROC/HTML/thinking.gif	e24769c8b69e96e5ab0714fb216bb04722482357d3fbc182c0cf038a324031d4	e24769c8b69e96e5ab0714fb216bb04722482357d3fbc182c0cf038a324031d4	HISTORICAL_SUPERSEDED	NONE
.pack_a_native_clean/pi_ufo_baseline_v1_runtimefix/build/A_PI_NATIVE_200/MG5_PROC/MGMEVersion.txt	archive/superseded/.pack_a_native_clean/pi_ufo_baseline_v1_runtimefix/build/A_PI_NATIVE_200/MG5_PROC/MGMEVersion.txt	878103c645ee9a78bccb0be542dca18fd14c37ff9fa7e269250288da0cfb8217	878103c645ee9a78bccb0be542dca18fd14c37ff9fa7e269250288da0cfb8217	HISTORICAL_SUPERSEDED	NONE
.pack_a_native_clean/pi_ufo_baseline_v1_runtimefix/build/A_PI_NATIVE_200/MG5_PROC/README	archive/superseded/.pack_a_native_clean/pi_ufo_baseline_v1_runtimefix/build/A_PI_NATIVE_200/MG5_PROC/README	526514d60b377501fc2ff3f3e89fe398cb60860de756941032c987026a288d3a	526514d60b377501fc2ff3f3e89fe398cb60860de756941032c987026a288d3a	HISTORICAL_SUPERSEDED	NONE
.pack_a_native_clean/pi_ufo_baseline_v1_runtimefix/build/A_PI_NATIVE_200/MG5_PROC/README.systematics	archive/superseded/.pack_a_native_clean/pi_ufo_baseline_v1_runtimefix/build/A_PI_NATIVE_200/MG5_PROC/README.systematics	d11504feb0c9116e3455180e687f782fc6370626ab71d5742299e155bd755af4	d11504feb0c9116e3455180e687f782fc6370626ab71d5742299e155bd755af4	HISTORICAL_SUPERSEDED	NONE
.pack_a_native_clean/pi_ufo_baseline_v1_runtimefix/build/A_PI_NATIVE_200/MG5_PROC/Source/.make_opts	archive/superseded/.pack_a_native_clean/pi_ufo_baseline_v1_runtimefix/build/A_PI_NATIVE_200/MG5_PROC/Source/.make_opts	cb708c3f07c19a13ac044cb8728a5ecb45ece4f753a106c329f1eb0b6b4b76c9	cb708c3f07c19a13ac044cb8728a5ecb45ece4f753a106c329f1eb0b6b4b76c9	HISTORICAL_SUPERSEDED	NONE
.pack_a_native_clean/pi_ufo_baseline_v1_runtimefix/build/A_PI_NATIVE_200/MG5_PROC/Source/BIAS/bias.inc	archive/superseded/.pack_a_native_clean/pi_ufo_baseline_v1_runtimefix/build/A_PI_NATIVE_200/MG5_PROC/Source/BIAS/bias.inc	e3b0c44298fc1c149afbf4c8996fb92427ae41e4649b934ca495991b7852b855	e3b0c44298fc1c149afbf4c8996fb92427ae41e4649b934ca495991b7852b855	HISTORICAL_SUPERSEDED	NONE
.pack_a_native_clean/pi_ufo_baseline_v1_runtimefix/build/A_PI_NATIVE_200/MG5_PROC/Source/BIAS/dummy/dummy.f	archive/superseded/.pack_a_native_clean/pi_ufo_baseline_v1_runtimefix/build/A_PI_NATIVE_200/MG5_PROC/Source/BIAS/dummy/dummy.f	e998de9f5792ba9bb45fed7b2e2dd0a17fd61da80b3dee12dc5bd5b9654734b3	e998de9f5792ba9bb45fed7b2e2dd0a17fd61da80b3dee12dc5bd5b9654734b3	HISTORICAL_SUPERSEDED	NONE
.pack_a_native_clean/pi_ufo_baseline_v1_runtimefix/build/A_PI_NATIVE_200/MG5_PROC/Source/BIAS/dummy/dummy.o	archive/superseded/.pack_a_native_clean/pi_ufo_baseline_v1_runtimefix/build/A_PI_NATIVE_200/MG5_PROC/Source/BIAS/dummy/dummy.o	a6758134beef28e1e5c91a6fa857e9d2d0f32b28eada3fe6c185696d474ef02c	a6758134beef28e1e5c91a6fa857e9d2d0f32b28eada3fe6c185696d474ef02c	HISTORICAL_SUPERSEDED	NONE
.pack_a_native_clean/pi_ufo_baseline_v1_runtimefix/build/A_PI_NATIVE_200/MG5_PROC/Source/BIAS/dummy/makefile	archive/superseded/.pack_a_native_clean/pi_ufo_baseline_v1_runtimefix/build/A_PI_NATIVE_200/MG5_PROC/Source/BIAS/dummy/makefile	c8ba6ae1254b7df13729e71faf38663c281b7158b78b246f46a96aaa2e4f641e	c8ba6ae1254b7df13729e71faf38663c281b7158b78b246f46a96aaa2e4f641e	HISTORICAL_SUPERSEDED	NONE
.pack_a_native_clean/pi_ufo_baseline_v1_runtimefix/build/A_PI_NATIVE_200/MG5_PROC/Source/BIAS/ptj_bias/makefile	archive/superseded/.pack_a_native_clean/pi_ufo_baseline_v1_runtimefix/build/A_PI_NATIVE_200/MG5_PROC/Source/BIAS/ptj_bias/makefile	eab8ade715c4d663e4ae3853620de65f3a3fdbe26f0ef60da1ad5a08ed6fdaf2	eab8ade715c4d663e4ae3853620de65f3a3fdbe26f0ef60da1ad5a08ed6fdaf2	HISTORICAL_SUPERSEDED	NONE
.pack_a_native_clean/pi_ufo_baseline_v1_runtimefix/build/A_PI_NATIVE_200/MG5_PROC/Source/BIAS/ptj_bias/ptj_bias.f	archive/superseded/.pack_a_native_clean/pi_ufo_baseline_v1_runtimefix/build/A_PI_NATIVE_200/MG5_PROC/Source/BIAS/ptj_bias/ptj_bias.f	be98145f3616bfbf075c6d1c168bb914045476e45ed742262fd292c5a4b4a78c	be98145f3616bfbf075c6d1c168bb914045476e45ed742262fd292c5a4b4a78c	HISTORICAL_SUPERSEDED	NONE
.pack_a_native_clean/pi_ufo_baseline_v1_runtimefix/build/A_PI_NATIVE_200/MG5_PROC/Source/CERNLIB/abend.f	archive/superseded/.pack_a_native_clean/pi_ufo_baseline_v1_runtimefix/build/A_PI_NATIVE_200/MG5_PROC/Source/CERNLIB/abend.f	3f82a246769f71f4181fb459a0cdefb1f6f3426cbbbb47ac093a53dad17e87f4	3f82a246769f71f4181fb459a0cdefb1f6f3426cbbbb47ac093a53dad17e87f4	HISTORICAL_SUPERSEDED	NONE
.pack_a_native_clean/pi_ufo_baseline_v1_runtimefix/build/A_PI_NATIVE_200/MG5_PROC/Source/CERNLIB/abend.o	archive/superseded/.pack_a_native_clean/pi_ufo_baseline_v1_runtimefix/build/A_PI_NATIVE_200/MG5_PROC/Source/CERNLIB/abend.o	269bf269ee431e64c48fc39bf5de345aaf65cd4e1b34aae6a5e706369ab57e60	269bf269ee431e64c48fc39bf5de345aaf65cd4e1b34aae6a5e706369ab57e60	HISTORICAL_SUPERSEDED	NONE
.pack_a_native_clean/pi_ufo_baseline_v1_runtimefix/build/A_PI_NATIVE_200/MG5_PROC/Source/CERNLIB/dlsqp2.f	archive/superseded/.pack_a_native_clean/pi_ufo_baseline_v1_runtimefix/build/A_PI_NATIVE_200/MG5_PROC/Source/CERNLIB/dlsqp2.f	8d93368a654705e3e72dfa4d5d5c90e7ac36ad107a954f7e56a0ee7a98da63d7	8d93368a654705e3e72dfa4d5d5c90e7ac36ad107a954f7e56a0ee7a98da63d7	HISTORICAL_SUPERSEDED	NONE
.pack_a_native_clean/pi_ufo_baseline_v1_runtimefix/build/A_PI_NATIVE_200/MG5_PROC/Source/CERNLIB/dlsqp2.o	archive/superseded/.pack_a_native_clean/pi_ufo_baseline_v1_runtimefix/build/A_PI_NATIVE_200/MG5_PROC/Source/CERNLIB/dlsqp2.o	b7e07ca610ae291f78b8fcbd24fe4e5b8f200fb6d8ceb915f3ac4580db21a214	b7e07ca610ae291f78b8fcbd24fe4e5b8f200fb6d8ceb915f3ac4580db21a214	HISTORICAL_SUPERSEDED	NONE
.pack_a_native_clean/pi_ufo_baseline_v1_runtimefix/build/A_PI_NATIVE_200/MG5_PROC/Source/CERNLIB/lenocc.f	archive/superseded/.pack_a_native_clean/pi_ufo_baseline_v1_runtimefix/build/A_PI_NATIVE_200/MG5_PROC/Source/CERNLIB/lenocc.f	36cf2a11d1ddf0b7e9e4301a5ae855631a13cdc6bedf83a78e69fa2da48c805b	36cf2a11d1ddf0b7e9e4301a5ae855631a13cdc6bedf83a78e69fa2da48c805b	HISTORICAL_SUPERSEDED	NONE
.pack_a_native_clean/pi_ufo_baseline_v1_runtimefix/build/A_PI_NATIVE_200/MG5_PROC/Source/CERNLIB/lenocc.o	archive/superseded/.pack_a_native_clean/pi_ufo_baseline_v1_runtimefix/build/A_PI_NATIVE_200/MG5_PROC/Source/CERNLIB/lenocc.o	94222d433b2a5d0421808b755be28fa1d25a92c8da3a09243ec68861887235cb	94222d433b2a5d0421808b755be28fa1d25a92c8da3a09243ec68861887235cb	HISTORICAL_SUPERSEDED	NONE
.pack_a_native_clean/pi_ufo_baseline_v1_runtimefix/build/A_PI_NATIVE_200/MG5_PROC/Source/CERNLIB/makefile	archive/superseded/.pack_a_native_clean/pi_ufo_baseline_v1_runtimefix/build/A_PI_NATIVE_200/MG5_PROC/Source/CERNLIB/makefile	d69c658d9f991f6bebb5e4f626284a2c955079fc9549384104a85702f979ca3b	d69c658d9f991f6bebb5e4f626284a2c955079fc9549384104a85702f979ca3b	HISTORICAL_SUPERSEDED	NONE
.pack_a_native_clean/pi_ufo_baseline_v1_runtimefix/build/A_PI_NATIVE_200/MG5_PROC/Source/CERNLIB/mtlprt.f	archive/superseded/.pack_a_native_clean/pi_ufo_baseline_v1_runtimefix/build/A_PI_NATIVE_200/MG5_PROC/Source/CERNLIB/mtlprt.f	b17fca11624639f279a09f79ca0078c6b79cfa42d3535762ab28edb6631fc68b	b17fca11624639f279a09f79ca0078c6b79cfa42d3535762ab28edb6631fc68b	HISTORICAL_SUPERSEDED	NONE
.pack_a_native_clean/pi_ufo_baseline_v1_runtimefix/build/A_PI_NATIVE_200/MG5_PROC/Source/CERNLIB/mtlprt.o	archive/superseded/.pack_a_native_clean/pi_ufo_baseline_v1_runtimefix/build/A_PI_NATIVE_200/MG5_PROC/Source/CERNLIB/mtlprt.o	6450c9b7dfb527b787f5c59f52de53ba09edb6984aa458d947c79951a6d8b817	6450c9b7dfb527b787f5c59f52de53ba09edb6984aa458d947c79951a6d8b817	HISTORICAL_SUPERSEDED	NONE
.pack_a_native_clean/pi_ufo_baseline_v1_runtimefix/build/A_PI_NATIVE_200/MG5_PROC/Source/CERNLIB/mtlset.f	archive/superseded/.pack_a_native_clean/pi_ufo_baseline_v1_runtimefix/build/A_PI_NATIVE_200/MG5_PROC/Source/CERNLIB/mtlset.f	d27d530a30e1f2e310504dbac01d36c519289fd1a1ab061d5ecda8f305895c30	d27d530a30e1f2e310504dbac01d36c519289fd1a1ab061d5ecda8f305895c30	HISTORICAL_SUPERSEDED	NONE
.pack_a_native_clean/pi_ufo_baseline_v1_runtimefix/build/A_PI_NATIVE_200/MG5_PROC/Source/CERNLIB/mtlset.o	archive/superseded/.pack_a_native_clean/pi_ufo_baseline_v1_runtimefix/build/A_PI_NATIVE_200/MG5_PROC/Source/CERNLIB/mtlset.o	b11ab706a0614157fd048e16ba641d04f17ae822b0501909e8443e3522159f2a	b11ab706a0614157fd048e16ba641d04f17ae822b0501909e8443e3522159f2a	HISTORICAL_SUPERSEDED	NONE
.pack_a_native_clean/pi_ufo_baseline_v1_runtimefix/build/A_PI_NATIVE_200/MG5_PROC/Source/CERNLIB/radmul.f	archive/superseded/.pack_a_native_clean/pi_ufo_baseline_v1_runtimefix/build/A_PI_NATIVE_200/MG5_PROC/Source/CERNLIB/radmul.f	78307e0f7697e8ac8f24293420fd26eed9223a1358556cd91f4fbaec1365e385	78307e0f7697e8ac8f24293420fd26eed9223a1358556cd91f4fbaec1365e385	HISTORICAL_SUPERSEDED	NONE
.pack_a_native_clean/pi_ufo_baseline_v1_runtimefix/build/A_PI_NATIVE_200/MG5_PROC/Source/CERNLIB/radmul.o	archive/superseded/.pack_a_native_clean/pi_ufo_baseline_v1_runtimefix/build/A_PI_NATIVE_200/MG5_PROC/Source/CERNLIB/radmul.o	fc1f5f49e5787f071fff88693aa57965c11c997e709094341b46bfea44048ce5	fc1f5f49e5787f071fff88693aa57965c11c997e709094341b46bfea44048ce5	HISTORICAL_SUPERSEDED	NONE
.pack_a_native_clean/pi_ufo_baseline_v1_runtimefix/build/A_PI_NATIVE_200/MG5_PROC/Source/DHELAS/.keepthisdir	archive/superseded/.pack_a_native_clean/pi_ufo_baseline_v1_runtimefix/build/A_PI_NATIVE_200/MG5_PROC/Source/DHELAS/.keepthisdir	e3b0c44298fc1c149afbf4c8996fb92427ae41e4649b934ca495991b7852b855	e3b0c44298fc1c149afbf4c8996fb92427ae41e4649b934ca495991b7852b855	HISTORICAL_SUPERSEDED	NONE
.pack_a_native_clean/pi_ufo_baseline_v1_runtimefix/build/A_PI_NATIVE_200/MG5_PROC/Source/DHELAS/SSS1P1N_1.f	archive/superseded/.pack_a_native_clean/pi_ufo_baseline_v1_runtimefix/build/A_PI_NATIVE_200/MG5_PROC/Source/DHELAS/SSS1P1N_1.f	8b87e3845b4b65e902fb2be85246f0bd0a456387d1b0d14f0ff0f5811529af3e	8b87e3845b4b65e902fb2be85246f0bd0a456387d1b0d14f0ff0f5811529af3e	HISTORICAL_SUPERSEDED	NONE
.pack_a_native_clean/pi_ufo_baseline_v1_runtimefix/build/A_PI_NATIVE_200/MG5_PROC/Source/DHELAS/SSS1P1N_1.o	archive/superseded/.pack_a_native_clean/pi_ufo_baseline_v1_runtimefix/build/A_PI_NATIVE_200/MG5_PROC/Source/DHELAS/SSS1P1N_1.o	9df9ddc0907ef1e87113e604f3c315268e911ae40439d16b389e1abd88fd3fac	9df9ddc0907ef1e87113e604f3c315268e911ae40439d16b389e1abd88fd3fac	HISTORICAL_SUPERSEDED	NONE
.pack_a_native_clean/pi_ufo_baseline_v1_runtimefix/build/A_PI_NATIVE_200/MG5_PROC/Source/DHELAS/SSS1P1N_2.f	archive/superseded/.pack_a_native_clean/pi_ufo_baseline_v1_runtimefix/build/A_PI_NATIVE_200/MG5_PROC/Source/DHELAS/SSS1P1N_2.f	7b49e88de07b83628c5cd647aadec466674a6c9fc4f7be4f125b1465e275656e	7b49e88de07b83628c5cd647aadec466674a6c9fc4f7be4f125b1465e275656e	HISTORICAL_SUPERSEDED	NONE
.pack_a_native_clean/pi_ufo_baseline_v1_runtimefix/build/A_PI_NATIVE_200/MG5_PROC/Source/DHELAS/SSS1P1N_2.o	archive/superseded/.pack_a_native_clean/pi_ufo_baseline_v1_runtimefix/build/A_PI_NATIVE_200/MG5_PROC/Source/DHELAS/SSS1P1N_2.o	4eb0f9097b230c2e831b9cae61f46e49ecfc982abe4777dbc53b50f74bcd12d6	4eb0f9097b230c2e831b9cae61f46e49ecfc982abe4777dbc53b50f74bcd12d6	HISTORICAL_SUPERSEDED	NONE
.pack_a_native_clean/pi_ufo_baseline_v1_runtimefix/build/A_PI_NATIVE_200/MG5_PROC/Source/DHELAS/SSS1P1N_3.f	archive/superseded/.pack_a_native_clean/pi_ufo_baseline_v1_runtimefix/build/A_PI_NATIVE_200/MG5_PROC/Source/DHELAS/SSS1P1N_3.f	13cd612298574d67ef7770c32c19d5ea07c56cdea785251e0df67a93b03cc705	13cd612298574d67ef7770c32c19d5ea07c56cdea785251e0df67a93b03cc705	HISTORICAL_SUPERSEDED	NONE
.pack_a_native_clean/pi_ufo_baseline_v1_runtimefix/build/A_PI_NATIVE_200/MG5_PROC/Source/DHELAS/SSS1P1N_3.o	archive/superseded/.pack_a_native_clean/pi_ufo_baseline_v1_runtimefix/build/A_PI_NATIVE_200/MG5_PROC/Source/DHELAS/SSS1P1N_3.o	40fd94378e44c031a27ad08fbd47cf0bb0ed69c1ca83a2c8f27d164bea250fe2	40fd94378e44c031a27ad08fbd47cf0bb0ed69c1ca83a2c8f27d164bea250fe2	HISTORICAL_SUPERSEDED	NONE
.pack_a_native_clean/pi_ufo_baseline_v1_runtimefix/build/A_PI_NATIVE_200/MG5_PROC/Source/DHELAS/SSS1_0.f	archive/superseded/.pack_a_native_clean/pi_ufo_baseline_v1_runtimefix/build/A_PI_NATIVE_200/MG5_PROC/Source/DHELAS/SSS1_0.f	1b8ec5d01205f3dc387b505a29bc122d237455dc364a6fac1150d4b69dc9bd54	1b8ec5d01205f3dc387b505a29bc122d237455dc364a6fac1150d4b69dc9bd54	HISTORICAL_SUPERSEDED	NONE
.pack_a_native_clean/pi_ufo_baseline_v1_runtimefix/build/A_PI_NATIVE_200/MG5_PROC/Source/DHELAS/SSS1_0.o	archive/superseded/.pack_a_native_clean/pi_ufo_baseline_v1_runtimefix/build/A_PI_NATIVE_200/MG5_PROC/Source/DHELAS/SSS1_0.o	acd747cd8ffd4dc214119bd20fb1f3f21ec7e9d42e19fe043dfceeee06a6c1e2	acd747cd8ffd4dc214119bd20fb1f3f21ec7e9d42e19fe043dfceeee06a6c1e2	HISTORICAL_SUPERSEDED	NONE
.pack_a_native_clean/pi_ufo_baseline_v1_runtimefix/build/A_PI_NATIVE_200/MG5_PROC/Source/DHELAS/VVS2FF1_3.f	archive/superseded/.pack_a_native_clean/pi_ufo_baseline_v1_runtimefix/build/A_PI_NATIVE_200/MG5_PROC/Source/DHELAS/VVS2FF1_3.f	c2692e0abcdbf15f92fecf7a7f976e5da0b404bc6e25e3cdcda80c07d631ffb6	c2692e0abcdbf15f92fecf7a7f976e5da0b404bc6e25e3cdcda80c07d631ffb6	HISTORICAL_SUPERSEDED	NONE
.pack_a_native_clean/pi_ufo_baseline_v1_runtimefix/build/A_PI_NATIVE_200/MG5_PROC/Source/DHELAS/VVS2FF1_3.o	archive/superseded/.pack_a_native_clean/pi_ufo_baseline_v1_runtimefix/build/A_PI_NATIVE_200/MG5_PROC/Source/DHELAS/VVS2FF1_3.o	ee4f7b0072018ffe5293af4473027fb0a3ae45f437087eaae00ee6bf94e17b90	ee4f7b0072018ffe5293af4473027fb0a3ae45f437087eaae00ee6bf94e17b90	HISTORICAL_SUPERSEDED	NONE
.pack_a_native_clean/pi_ufo_baseline_v1_runtimefix/build/A_PI_NATIVE_200/MG5_PROC/Source/DHELAS/aloha_file.inc	archive/superseded/.pack_a_native_clean/pi_ufo_baseline_v1_runtimefix/build/A_PI_NATIVE_200/MG5_PROC/Source/DHELAS/aloha_file.inc	3b3b9e6bcdc7554ef589e60aa17e5f6af9059eec5b17ae22969c29107b451926	3b3b9e6bcdc7554ef589e60aa17e5f6af9059eec5b17ae22969c29107b451926	HISTORICAL_SUPERSEDED	NONE
.pack_a_native_clean/pi_ufo_baseline_v1_runtimefix/build/A_PI_NATIVE_200/MG5_PROC/Source/DHELAS/aloha_functions.f	archive/superseded/.pack_a_native_clean/pi_ufo_baseline_v1_runtimefix/build/A_PI_NATIVE_200/MG5_PROC/Source/DHELAS/aloha_functions.f	6100d8127353c13301e639bfdfea33b7a417095ea3b1eec630ed9d9a4bf92fc4	6100d8127353c13301e639bfdfea33b7a417095ea3b1eec630ed9d9a4bf92fc4	HISTORICAL_SUPERSEDED	NONE
.pack_a_native_clean/pi_ufo_baseline_v1_runtimefix/build/A_PI_NATIVE_200/MG5_PROC/Source/DHELAS/aloha_functions.o	archive/superseded/.pack_a_native_clean/pi_ufo_baseline_v1_runtimefix/build/A_PI_NATIVE_200/MG5_PROC/Source/DHELAS/aloha_functions.o	f469a3dbcf04ac9f70e4a1953b5a2b249f3356d5c8ac143133c3cfecc8eaaece	f469a3dbcf04ac9f70e4a1953b5a2b249f3356d5c8ac143133c3cfecc8eaaece	HISTORICAL_SUPERSEDED	NONE
.pack_a_native_clean/pi_ufo_baseline_v1_runtimefix/build/A_PI_NATIVE_200/MG5_PROC/Source/DHELAS/makefile	archive/superseded/.pack_a_native_clean/pi_ufo_baseline_v1_runtimefix/build/A_PI_NATIVE_200/MG5_PROC/Source/DHELAS/makefile	cd3a6c45094f438b995d1104a1e71521562c28b7f4ade1cd358703a2c855f51a	cd3a6c45094f438b995d1104a1e71521562c28b7f4ade1cd358703a2c855f51a	HISTORICAL_SUPERSEDED	NONE
.pack_a_native_clean/pi_ufo_baseline_v1_runtimefix/build/A_PI_NATIVE_200/MG5_PROC/Source/DiscreteSampler.f	archive/superseded/.pack_a_native_clean/pi_ufo_baseline_v1_runtimefix/build/A_PI_NATIVE_200/MG5_PROC/Source/DiscreteSampler.f	676f15e2565db88e57838e3269f529b6b87bab6d13e0a630101d53eb48341552	676f15e2565db88e57838e3269f529b6b87bab6d13e0a630101d53eb48341552	HISTORICAL_SUPERSEDED	NONE
.pack_a_native_clean/pi_ufo_baseline_v1_runtimefix/build/A_PI_NATIVE_200/MG5_PROC/Source/DiscreteSampler.o	archive/superseded/.pack_a_native_clean/pi_ufo_baseline_v1_runtimefix/build/A_PI_NATIVE_200/MG5_PROC/Source/DiscreteSampler.o	5c55ddb86fb79d2975d9dbe0991c3d3e3ec2a7bfefaa8db46b76dfaeec58e39f	5c55ddb86fb79d2975d9dbe0991c3d3e3ec2a7bfefaa8db46b76dfaeec58e39f	HISTORICAL_SUPERSEDED	NONE
.pack_a_native_clean/pi_ufo_baseline_v1_runtimefix/build/A_PI_NATIVE_200/MG5_PROC/Source/MODEL/.keepme	archive/superseded/.pack_a_native_clean/pi_ufo_baseline_v1_runtimefix/build/A_PI_NATIVE_200/MG5_PROC/Source/MODEL/.keepme	e3b0c44298fc1c149afbf4c8996fb92427ae41e4649b934ca495991b7852b855	e3b0c44298fc1c149afbf4c8996fb92427ae41e4649b934ca495991b7852b855	HISTORICAL_SUPERSEDED	NONE
.pack_a_native_clean/pi_ufo_baseline_v1_runtimefix/build/A_PI_NATIVE_200/MG5_PROC/Source/MODEL/actualize_mp_ext_params.inc	archive/superseded/.pack_a_native_clean/pi_ufo_baseline_v1_runtimefix/build/A_PI_NATIVE_200/MG5_PROC/Source/MODEL/actualize_mp_ext_params.inc	cfe4fa314b53f89d6cf6d6779a6f21d41851bb6e3a004fd3a1968f25e4022e23	cfe4fa314b53f89d6cf6d6779a6f21d41851bb6e3a004fd3a1968f25e4022e23	HISTORICAL_SUPERSEDED	NONE
.pack_a_native_clean/pi_ufo_baseline_v1_runtimefix/build/A_PI_NATIVE_200/MG5_PROC/Source/MODEL/b0f_caching.mod	archive/superseded/.pack_a_native_clean/pi_ufo_baseline_v1_runtimefix/build/A_PI_NATIVE_200/MG5_PROC/Source/MODEL/b0f_caching.mod	3070d6b2b1ef80a28f08a1fe57aff6bc9ece42d28079ff2dcb01309a3afa7035	3070d6b2b1ef80a28f08a1fe57aff6bc9ece42d28079ff2dcb01309a3afa7035	HISTORICAL_SUPERSEDED	NONE
.pack_a_native_clean/pi_ufo_baseline_v1_runtimefix/build/A_PI_NATIVE_200/MG5_PROC/Source/MODEL/coupl.inc	archive/superseded/.pack_a_native_clean/pi_ufo_baseline_v1_runtimefix/build/A_PI_NATIVE_200/MG5_PROC/Source/MODEL/coupl.inc	9b7bf843d4f38d9322a10eeed2ecf7492983018310288d07a6cab181c712a5c7	9b7bf843d4f38d9322a10eeed2ecf7492983018310288d07a6cab181c712a5c7	HISTORICAL_SUPERSEDED	NONE
.pack_a_native_clean/pi_ufo_baseline_v1_runtimefix/build/A_PI_NATIVE_200/MG5_PROC/Source/MODEL/coupl_write.inc	archive/superseded/.pack_a_native_clean/pi_ufo_baseline_v1_runtimefix/build/A_PI_NATIVE_200/MG5_PROC/Source/MODEL/coupl_write.inc	78bd72ca20817a3d23cf3fcac6be5da78a468b9798c7e5e8ab8a983783f36eb5	78bd72ca20817a3d23cf3fcac6be5da78a468b9798c7e5e8ab8a983783f36eb5	HISTORICAL_SUPERSEDED	NONE
.pack_a_native_clean/pi_ufo_baseline_v1_runtimefix/build/A_PI_NATIVE_200/MG5_PROC/Source/MODEL/couplings.f	archive/superseded/.pack_a_native_clean/pi_ufo_baseline_v1_runtimefix/build/A_PI_NATIVE_200/MG5_PROC/Source/MODEL/couplings.f	8486e75c66d5ced63baeb26fa8e55bf5b523ca16bb87013b29279464bebf78d7	8486e75c66d5ced63baeb26fa8e55bf5b523ca16bb87013b29279464bebf78d7	HISTORICAL_SUPERSEDED	NONE
.pack_a_native_clean/pi_ufo_baseline_v1_runtimefix/build/A_PI_NATIVE_200/MG5_PROC/Source/MODEL/couplings.o	archive/superseded/.pack_a_native_clean/pi_ufo_baseline_v1_runtimefix/build/A_PI_NATIVE_200/MG5_PROC/Source/MODEL/couplings.o	5f28c84a63ff74f0262d65db58a4fa28731e99b72d34fe136d03c3a47cce94fd	5f28c84a63ff74f0262d65db58a4fa28731e99b72d34fe136d03c3a47cce94fd	HISTORICAL_SUPERSEDED	NONE
.pack_a_native_clean/pi_ufo_baseline_v1_runtimefix/build/A_PI_NATIVE_200/MG5_PROC/Source/MODEL/couplings1.f	archive/superseded/.pack_a_native_clean/pi_ufo_baseline_v1_runtimefix/build/A_PI_NATIVE_200/MG5_PROC/Source/MODEL/couplings1.f	0f3b6243a6e5481d97451643b752eca700bbcd745c76c2408f5d9a7a1f0e0b98	0f3b6243a6e5481d97451643b752eca700bbcd745c76c2408f5d9a7a1f0e0b98	HISTORICAL_SUPERSEDED	NONE
.pack_a_native_clean/pi_ufo_baseline_v1_runtimefix/build/A_PI_NATIVE_200/MG5_PROC/Source/MODEL/couplings1.o	archive/superseded/.pack_a_native_clean/pi_ufo_baseline_v1_runtimefix/build/A_PI_NATIVE_200/MG5_PROC/Source/MODEL/couplings1.o	8cf2ef83506ce9a69a8af74d5f54dc5e8bb815bc0773b4fca16331021178e670	8cf2ef83506ce9a69a8af74d5f54dc5e8bb815bc0773b4fca16331021178e670	HISTORICAL_SUPERSEDED	NONE
.pack_a_native_clean/pi_ufo_baseline_v1_runtimefix/build/A_PI_NATIVE_200/MG5_PROC/Source/MODEL/couplings2.f	archive/superseded/.pack_a_native_clean/pi_ufo_baseline_v1_runtimefix/build/A_PI_NATIVE_200/MG5_PROC/Source/MODEL/couplings2.f	7b213edfffe872642526644169799bb3f655033a73e8cdfd3140bb53cdba9f3a	7b213edfffe872642526644169799bb3f655033a73e8cdfd3140bb53cdba9f3a	HISTORICAL_SUPERSEDED	NONE
.pack_a_native_clean/pi_ufo_baseline_v1_runtimefix/build/A_PI_NATIVE_200/MG5_PROC/Source/MODEL/couplings2.o	archive/superseded/.pack_a_native_clean/pi_ufo_baseline_v1_runtimefix/build/A_PI_NATIVE_200/MG5_PROC/Source/MODEL/couplings2.o	59070bcfb851c6353ede36272a6645a7e411a782b2eec5aaaf5629f8fc7dedd0	59070bcfb851c6353ede36272a6645a7e411a782b2eec5aaaf5629f8fc7dedd0	HISTORICAL_SUPERSEDED	NONE
.pack_a_native_clean/pi_ufo_baseline_v1_runtimefix/build/A_PI_NATIVE_200/MG5_PROC/Source/MODEL/formats.inc	archive/superseded/.pack_a_native_clean/pi_ufo_baseline_v1_runtimefix/build/A_PI_NATIVE_200/MG5_PROC/Source/MODEL/formats.inc	1d0c8b3a81b5c4ed3cc50e16edc2d7fa09fa2c2694b9eef3790bff2abc42c3a3	1d0c8b3a81b5c4ed3cc50e16edc2d7fa09fa2c2694b9eef3790bff2abc42c3a3	HISTORICAL_SUPERSEDED	NONE
.pack_a_native_clean/pi_ufo_baseline_v1_runtimefix/build/A_PI_NATIVE_200/MG5_PROC/Source/MODEL/input.inc	archive/superseded/.pack_a_native_clean/pi_ufo_baseline_v1_runtimefix/build/A_PI_NATIVE_200/MG5_PROC/Source/MODEL/input.inc	7177599525827aaa34e4c84084648bab8ee39bf0a740ca823574510ca5e77bb2	7177599525827aaa34e4c84084648bab8ee39bf0a740ca823574510ca5e77bb2	HISTORICAL_SUPERSEDED	NONE
.pack_a_native_clean/pi_ufo_baseline_v1_runtimefix/build/A_PI_NATIVE_200/MG5_PROC/Source/MODEL/intparam_definition.inc	archive/superseded/.pack_a_native_clean/pi_ufo_baseline_v1_runtimefix/build/A_PI_NATIVE_200/MG5_PROC/Source/MODEL/intparam_definition.inc	df527fba82e3a11a0d747cd418d4b8a601fe11e96dd3e391244d2fcc42d96b12	df527fba82e3a11a0d747cd418d4b8a601fe11e96dd3e391244d2fcc42d96b12	HISTORICAL_SUPERSEDED	NONE
.pack_a_native_clean/pi_ufo_baseline_v1_runtimefix/build/A_PI_NATIVE_200/MG5_PROC/Source/MODEL/lha_read.f	archive/superseded/.pack_a_native_clean/pi_ufo_baseline_v1_runtimefix/build/A_PI_NATIVE_200/MG5_PROC/Source/MODEL/lha_read.f	fd51c4686981abedbf62153ee537e7dec01a138dd9a560f39303b851f99d6ae0	fd51c4686981abedbf62153ee537e7dec01a138dd9a560f39303b851f99d6ae0	HISTORICAL_SUPERSEDED	NONE
.pack_a_native_clean/pi_ufo_baseline_v1_runtimefix/build/A_PI_NATIVE_200/MG5_PROC/Source/MODEL/lha_read.o	archive/superseded/.pack_a_native_clean/pi_ufo_baseline_v1_runtimefix/build/A_PI_NATIVE_200/MG5_PROC/Source/MODEL/lha_read.o	850f46b2dab6f41be5017a075187a76bf769ba557d43c07f668d2f5fcf892269	850f46b2dab6f41be5017a075187a76bf769ba557d43c07f668d2f5fcf892269	HISTORICAL_SUPERSEDED	NONE
.pack_a_native_clean/pi_ufo_baseline_v1_runtimefix/build/A_PI_NATIVE_200/MG5_PROC/Source/MODEL/makefile	archive/superseded/.pack_a_native_clean/pi_ufo_baseline_v1_runtimefix/build/A_PI_NATIVE_200/MG5_PROC/Source/MODEL/makefile	b2e04084aba9bb7ecf6a56015c83265aee0b74e4d9a8b2bdeae8d75521ae55c0	b2e04084aba9bb7ecf6a56015c83265aee0b74e4d9a8b2bdeae8d75521ae55c0	HISTORICAL_SUPERSEDED	NONE
.pack_a_native_clean/pi_ufo_baseline_v1_runtimefix/build/A_PI_NATIVE_200/MG5_PROC/Source/MODEL/makeinc.inc	archive/superseded/.pack_a_native_clean/pi_ufo_baseline_v1_runtimefix/build/A_PI_NATIVE_200/MG5_PROC/Source/MODEL/makeinc.inc	1e938018cba6559290ffbf790b7f1fd59e9c21e55d81a3c312b45f99d66bc3a3	1e938018cba6559290ffbf790b7f1fd59e9c21e55d81a3c312b45f99d66bc3a3	HISTORICAL_SUPERSEDED	NONE
.pack_a_native_clean/pi_ufo_baseline_v1_runtimefix/build/A_PI_NATIVE_200/MG5_PROC/Source/MODEL/model_functions.f	archive/superseded/.pack_a_native_clean/pi_ufo_baseline_v1_runtimefix/build/A_PI_NATIVE_200/MG5_PROC/Source/MODEL/model_functions.f	3f316cd1c810b693ca11450a8b5bb5badb01dd9b7c6bc05e2d1222c808bfa138	3f316cd1c810b693ca11450a8b5bb5badb01dd9b7c6bc05e2d1222c808bfa138	HISTORICAL_SUPERSEDED	NONE
.pack_a_native_clean/pi_ufo_baseline_v1_runtimefix/build/A_PI_NATIVE_200/MG5_PROC/Source/MODEL/model_functions.inc	archive/superseded/.pack_a_native_clean/pi_ufo_baseline_v1_runtimefix/build/A_PI_NATIVE_200/MG5_PROC/Source/MODEL/model_functions.inc	1eacef8b6184900bf18e6c18614cec17c062226f6ab438410464f5dbfb86515e	1eacef8b6184900bf18e6c18614cec17c062226f6ab438410464f5dbfb86515e	HISTORICAL_SUPERSEDED	NONE
.pack_a_native_clean/pi_ufo_baseline_v1_runtimefix/build/A_PI_NATIVE_200/MG5_PROC/Source/MODEL/model_functions.o	archive/superseded/.pack_a_native_clean/pi_ufo_baseline_v1_runtimefix/build/A_PI_NATIVE_200/MG5_PROC/Source/MODEL/model_functions.o	1563b84dd44c0ed86f49174564c1acf4e43888b566d8edc03ae9fabbbebf501b	1563b84dd44c0ed86f49174564c1acf4e43888b566d8edc03ae9fabbbebf501b	HISTORICAL_SUPERSEDED	NONE
.pack_a_native_clean/pi_ufo_baseline_v1_runtimefix/build/A_PI_NATIVE_200/MG5_PROC/Source/MODEL/param_read.inc	archive/superseded/.pack_a_native_clean/pi_ufo_baseline_v1_runtimefix/build/A_PI_NATIVE_200/MG5_PROC/Source/MODEL/param_read.inc	a14a19f2379f69375eea63dfa4c34319f2681e9e037fc4088ec39a7978568cbc	a14a19f2379f69375eea63dfa4c34319f2681e9e037fc4088ec39a7978568cbc	HISTORICAL_SUPERSEDED	NONE
.pack_a_native_clean/pi_ufo_baseline_v1_runtimefix/build/A_PI_NATIVE_200/MG5_PROC/Source/MODEL/param_write.inc	archive/superseded/.pack_a_native_clean/pi_ufo_baseline_v1_runtimefix/build/A_PI_NATIVE_200/MG5_PROC/Source/MODEL/param_write.inc	ecbf8d7e15441b05566d44736e536bfebef416ef3b3344e910f2fb89a5287a92	ecbf8d7e15441b05566d44736e536bfebef416ef3b3344e910f2fb89a5287a92	HISTORICAL_SUPERSEDED	NONE
.pack_a_native_clean/pi_ufo_baseline_v1_runtimefix/build/A_PI_NATIVE_200/MG5_PROC/Source/MODEL/printout.f	archive/superseded/.pack_a_native_clean/pi_ufo_baseline_v1_runtimefix/build/A_PI_NATIVE_200/MG5_PROC/Source/MODEL/printout.f	c765cbd47475c2c8ca3e229691373124a01f13c775ccd603625e5bf2aadb82c7	c765cbd47475c2c8ca3e229691373124a01f13c775ccd603625e5bf2aadb82c7	HISTORICAL_SUPERSEDED	NONE
.pack_a_native_clean/pi_ufo_baseline_v1_runtimefix/build/A_PI_NATIVE_200/MG5_PROC/Source/MODEL/printout.o	archive/superseded/.pack_a_native_clean/pi_ufo_baseline_v1_runtimefix/build/A_PI_NATIVE_200/MG5_PROC/Source/MODEL/printout.o	dc6e279ca1bf230af528113507ce9eccf03df2d4b263284f842dfb631c07f52a	dc6e279ca1bf230af528113507ce9eccf03df2d4b263284f842dfb631c07f52a	HISTORICAL_SUPERSEDED	NONE
.pack_a_native_clean/pi_ufo_baseline_v1_runtimefix/build/A_PI_NATIVE_200/MG5_PROC/Source/MODEL/rw_para.f	archive/superseded/.pack_a_native_clean/pi_ufo_baseline_v1_runtimefix/build/A_PI_NATIVE_200/MG5_PROC/Source/MODEL/rw_para.f	568206e593ca4a7a49c63a1b09eddbed663474f6db62e8bc09960b8282421266	568206e593ca4a7a49c63a1b09eddbed663474f6db62e8bc09960b8282421266	HISTORICAL_SUPERSEDED	NONE
.pack_a_native_clean/pi_ufo_baseline_v1_runtimefix/build/A_PI_NATIVE_200/MG5_PROC/Source/MODEL/rw_para.o	archive/superseded/.pack_a_native_clean/pi_ufo_baseline_v1_runtimefix/build/A_PI_NATIVE_200/MG5_PROC/Source/MODEL/rw_para.o	eb6a532e2885b815ad66f36691334c561a4ae9af92db67a15e301b1e4dce4b29	eb6a532e2885b815ad66f36691334c561a4ae9af92db67a15e301b1e4dce4b29	HISTORICAL_SUPERSEDED	NONE
.pack_a_native_clean/pi_ufo_baseline_v1_runtimefix/build/A_PI_NATIVE_200/MG5_PROC/Source/MODEL/testprog.f	archive/superseded/.pack_a_native_clean/pi_ufo_baseline_v1_runtimefix/build/A_PI_NATIVE_200/MG5_PROC/Source/MODEL/testprog.f	7570c7961bd45365561047df5a3bd0c529204fb03f4e3562680d3b90e0042c89	7570c7961bd45365561047df5a3bd0c529204fb03f4e3562680d3b90e0042c89	HISTORICAL_SUPERSEDED	NONE
.pack_a_native_clean/pi_ufo_baseline_v1_runtimefix/build/A_PI_NATIVE_200/MG5_PROC/Source/PDF/Ctq6Pdf.f	archive/superseded/.pack_a_native_clean/pi_ufo_baseline_v1_runtimefix/build/A_PI_NATIVE_200/MG5_PROC/Source/PDF/Ctq6Pdf.f	faaae1776c4228066687642b39d350ba745f3076c21007516d82dee88601d646	faaae1776c4228066687642b39d350ba745f3076c21007516d82dee88601d646	HISTORICAL_SUPERSEDED	NONE
.pack_a_native_clean/pi_ufo_baseline_v1_runtimefix/build/A_PI_NATIVE_200/MG5_PROC/Source/PDF/Ctq6Pdf.o	archive/superseded/.pack_a_native_clean/pi_ufo_baseline_v1_runtimefix/build/A_PI_NATIVE_200/MG5_PROC/Source/PDF/Ctq6Pdf.o	8f4e49559cf6952e6473109cb463c3aa0367c6f497f4c42cfcd1a9930b84d7fb	8f4e49559cf6952e6473109cb463c3aa0367c6f497f4c42cfcd1a9930b84d7fb	HISTORICAL_SUPERSEDED	NONE
.pack_a_native_clean/pi_ufo_baseline_v1_runtimefix/build/A_PI_NATIVE_200/MG5_PROC/Source/PDF/ElectroweakFlux.f	archive/superseded/.pack_a_native_clean/pi_ufo_baseline_v1_runtimefix/build/A_PI_NATIVE_200/MG5_PROC/Source/PDF/ElectroweakFlux.f	a55af74f81cf8c0349db44efeda10e70f405319288311e096c46503be9f1513d	a55af74f81cf8c0349db44efeda10e70f405319288311e096c46503be9f1513d	HISTORICAL_SUPERSEDED	NONE
.pack_a_native_clean/pi_ufo_baseline_v1_runtimefix/build/A_PI_NATIVE_200/MG5_PROC/Source/PDF/ElectroweakFlux.inc	archive/superseded/.pack_a_native_clean/pi_ufo_baseline_v1_runtimefix/build/A_PI_NATIVE_200/MG5_PROC/Source/PDF/ElectroweakFlux.inc	9ba56c31e65dd877d0f7e2537562e9cc8e7956e1a73c34f019ec19b44ae9ab04	9ba56c31e65dd877d0f7e2537562e9cc8e7956e1a73c34f019ec19b44ae9ab04	HISTORICAL_SUPERSEDED	NONE
.pack_a_native_clean/pi_ufo_baseline_v1_runtimefix/build/A_PI_NATIVE_200/MG5_PROC/Source/PDF/ElectroweakFluxDriver.f	archive/superseded/.pack_a_native_clean/pi_ufo_baseline_v1_runtimefix/build/A_PI_NATIVE_200/MG5_PROC/Source/PDF/ElectroweakFluxDriver.f	0e7526df88466bc115a9f054ccfb1ed43ff9db0a3263eb4f342a79a7c4cdb7ba	0e7526df88466bc115a9f054ccfb1ed43ff9db0a3263eb4f342a79a7c4cdb7ba	HISTORICAL_SUPERSEDED	NONE
.pack_a_native_clean/pi_ufo_baseline_v1_runtimefix/build/A_PI_NATIVE_200/MG5_PROC/Source/PDF/ElectroweakFlux_dummy.f	archive/superseded/.pack_a_native_clean/pi_ufo_baseline_v1_runtimefix/build/A_PI_NATIVE_200/MG5_PROC/Source/PDF/ElectroweakFlux_dummy.f	2ce33dcd9212731873efc9bd21711b74bd4d2007c1a65eafa3c1b07b589ac47c	2ce33dcd9212731873efc9bd21711b74bd4d2007c1a65eafa3c1b07b589ac47c	HISTORICAL_SUPERSEDED	NONE
.pack_a_native_clean/pi_ufo_baseline_v1_runtimefix/build/A_PI_NATIVE_200/MG5_PROC/Source/PDF/ElectroweakFlux_dummy.o	archive/superseded/.pack_a_native_clean/pi_ufo_baseline_v1_runtimefix/build/A_PI_NATIVE_200/MG5_PROC/Source/PDF/ElectroweakFlux_dummy.o	c015c3284a3fcf69a4251fa89f31ffb7fd4957670bf9dd6cd1cf6e17e8e0d663	c015c3284a3fcf69a4251fa89f31ffb7fd4957670bf9dd6cd1cf6e17e8e0d663	HISTORICAL_SUPERSEDED	NONE
.pack_a_native_clean/pi_ufo_baseline_v1_runtimefix/build/A_PI_NATIVE_200/MG5_PROC/Source/PDF/NNPDFDriver.f	archive/superseded/.pack_a_native_clean/pi_ufo_baseline_v1_runtimefix/build/A_PI_NATIVE_200/MG5_PROC/Source/PDF/NNPDFDriver.f	569c080439879972784ada0d6e0b040e8a7a93a0cf363cf99fa3bead12abae14	569c080439879972784ada0d6e0b040e8a7a93a0cf363cf99fa3bead12abae14	HISTORICAL_SUPERSEDED	NONE
.pack_a_native_clean/pi_ufo_baseline_v1_runtimefix/build/A_PI_NATIVE_200/MG5_PROC/Source/PDF/NNPDFDriver.o	archive/superseded/.pack_a_native_clean/pi_ufo_baseline_v1_runtimefix/build/A_PI_NATIVE_200/MG5_PROC/Source/PDF/NNPDFDriver.o	41d88cbf175658c76854a628c713b6073c77a3795a0ce7241e4586faea7e39cf	41d88cbf175658c76854a628c713b6073c77a3795a0ce7241e4586faea7e39cf	HISTORICAL_SUPERSEDED	NONE
.pack_a_native_clean/pi_ufo_baseline_v1_runtimefix/build/A_PI_NATIVE_200/MG5_PROC/Source/PDF/PhotonFlux.f	archive/superseded/.pack_a_native_clean/pi_ufo_baseline_v1_runtimefix/build/A_PI_NATIVE_200/MG5_PROC/Source/PDF/PhotonFlux.f	5c943e6bad08314ac7b6002b87e756d85a41057b874ebea8573bf2ece950b1eb	5c943e6bad08314ac7b6002b87e756d85a41057b874ebea8573bf2ece950b1eb	HISTORICAL_SUPERSEDED	NONE
.pack_a_native_clean/pi_ufo_baseline_v1_runtimefix/build/A_PI_NATIVE_200/MG5_PROC/Source/PDF/PhotonFlux.o	archive/superseded/.pack_a_native_clean/pi_ufo_baseline_v1_runtimefix/build/A_PI_NATIVE_200/MG5_PROC/Source/PDF/PhotonFlux.o	df203bfa134a3add1673d1cd0e4c2b66fecd9fe99f193b19ee10dc61084bca2e	df203bfa134a3add1673d1cd0e4c2b66fecd9fe99f193b19ee10dc61084bca2e	HISTORICAL_SUPERSEDED	NONE
.pack_a_native_clean/pi_ufo_baseline_v1_runtimefix/build/A_PI_NATIVE_200/MG5_PROC/Source/PDF/dfint.f	archive/superseded/.pack_a_native_clean/pi_ufo_baseline_v1_runtimefix/build/A_PI_NATIVE_200/MG5_PROC/Source/PDF/dfint.f	61eff004b8fb8390324eba77f2b2644a723f09d7412af63e4b74145c6b2b1ef3	61eff004b8fb8390324eba77f2b2644a723f09d7412af63e4b74145c6b2b1ef3	HISTORICAL_SUPERSEDED	NONE
.pack_a_native_clean/pi_ufo_baseline_v1_runtimefix/build/A_PI_NATIVE_200/MG5_PROC/Source/PDF/dfint.o	archive/superseded/.pack_a_native_clean/pi_ufo_baseline_v1_runtimefix/build/A_PI_NATIVE_200/MG5_PROC/Source/PDF/dfint.o	b6f6dbbb21058ce8b7c54a0e74a455434c55cc8db2f47c8bacfd5dd0a06e6a5a	b6f6dbbb21058ce8b7c54a0e74a455434c55cc8db2f47c8bacfd5dd0a06e6a5a	HISTORICAL_SUPERSEDED	NONE
.pack_a_native_clean/pi_ufo_baseline_v1_runtimefix/build/A_PI_NATIVE_200/MG5_PROC/Source/PDF/eepdf.f	archive/superseded/.pack_a_native_clean/pi_ufo_baseline_v1_runtimefix/build/A_PI_NATIVE_200/MG5_PROC/Source/PDF/eepdf.f	2e449b3d91d3af09681e5fad9209084e2e8c3dbb5ac00a7b5d7744d3e596235a	2e449b3d91d3af09681e5fad9209084e2e8c3dbb5ac00a7b5d7744d3e596235a	HISTORICAL_SUPERSEDED	NONE
.pack_a_native_clean/pi_ufo_baseline_v1_runtimefix/build/A_PI_NATIVE_200/MG5_PROC/Source/PDF/eepdf.inc	archive/superseded/.pack_a_native_clean/pi_ufo_baseline_v1_runtimefix/build/A_PI_NATIVE_200/MG5_PROC/Source/PDF/eepdf.inc	8a6bd33755a6e79abba68ec428efe34bac3e915d67caa0eba5ce72fd8704019c	8a6bd33755a6e79abba68ec428efe34bac3e915d67caa0eba5ce72fd8704019c	HISTORICAL_SUPERSEDED	NONE
.pack_a_native_clean/pi_ufo_baseline_v1_runtimefix/build/A_PI_NATIVE_200/MG5_PROC/Source/PDF/eepdf.o	archive/superseded/.pack_a_native_clean/pi_ufo_baseline_v1_runtimefix/build/A_PI_NATIVE_200/MG5_PROC/Source/PDF/eepdf.o	42eaf7a5cc9ee949c8e48c7d3b5a1003dc5749a60a8027dcda5d052d34ed0ce4	42eaf7a5cc9ee949c8e48c7d3b5a1003dc5749a60a8027dcda5d052d34ed0ce4	HISTORICAL_SUPERSEDED	NONE
.pack_a_native_clean/pi_ufo_baseline_v1_runtimefix/build/A_PI_NATIVE_200/MG5_PROC/Source/PDF/gammaUPC/ElasticPhotonPhotonFlux.f90	archive/superseded/.pack_a_native_clean/pi_ufo_baseline_v1_runtimefix/build/A_PI_NATIVE_200/MG5_PROC/Source/PDF/gammaUPC/ElasticPhotonPhotonFlux.f90	a5e77a30f09df6ac03b0181f6698a8549916fa08e2c60da8929252bf17cea363	a5e77a30f09df6ac03b0181f6698a8549916fa08e2c60da8929252bf17cea363	HISTORICAL_SUPERSEDED	NONE
.pack_a_native_clean/pi_ufo_baseline_v1_runtimefix/build/A_PI_NATIVE_200/MG5_PROC/Source/PDF/gammaUPC/OpticalGlauber_Geometry.f90	archive/superseded/.pack_a_native_clean/pi_ufo_baseline_v1_runtimefix/build/A_PI_NATIVE_200/MG5_PROC/Source/PDF/gammaUPC/OpticalGlauber_Geometry.f90	ba7bf8d47191ae9bc03b8d313fd55e6b372d44df1db2e4a2d98247267e34ea4f	ba7bf8d47191ae9bc03b8d313fd55e6b372d44df1db2e4a2d98247267e34ea4f	HISTORICAL_SUPERSEDED	NONE
.pack_a_native_clean/pi_ufo_baseline_v1_runtimefix/build/A_PI_NATIVE_200/MG5_PROC/Source/PDF/gammaUPC/gammaUPC_dummy.f	archive/superseded/.pack_a_native_clean/pi_ufo_baseline_v1_runtimefix/build/A_PI_NATIVE_200/MG5_PROC/Source/PDF/gammaUPC/gammaUPC_dummy.f	2f7f52de7aae9dc481e5238d1184e8db2ba3adf9ff7e7836001b1d4244e166d7	2f7f52de7aae9dc481e5238d1184e8db2ba3adf9ff7e7836001b1d4244e166d7	HISTORICAL_SUPERSEDED	NONE
.pack_a_native_clean/pi_ufo_baseline_v1_runtimefix/build/A_PI_NATIVE_200/MG5_PROC/Source/PDF/gammaUPC/gammaUPC_dummy.o	archive/superseded/.pack_a_native_clean/pi_ufo_baseline_v1_runtimefix/build/A_PI_NATIVE_200/MG5_PROC/Source/PDF/gammaUPC/gammaUPC_dummy.o	5e5ac9f46c039fa9c9afbfdb1bf18d1d1b7bf119ebe442aa116f27ebf8887635	5e5ac9f46c039fa9c9afbfdb1bf18d1d1b7bf119ebe442aa116f27ebf8887635	HISTORICAL_SUPERSEDED	NONE
.pack_a_native_clean/pi_ufo_baseline_v1_runtimefix/build/A_PI_NATIVE_200/MG5_PROC/Source/PDF/gammaUPC/interpolation.f90	archive/superseded/.pack_a_native_clean/pi_ufo_baseline_v1_runtimefix/build/A_PI_NATIVE_200/MG5_PROC/Source/PDF/gammaUPC/interpolation.f90	c89df9b3e391d454f0f6543ad38b012c35b03af1b775c4b66506dc0c1ab4147d	c89df9b3e391d454f0f6543ad38b012c35b03af1b775c4b66506dc0c1ab4147d	HISTORICAL_SUPERSEDED	NONE
.pack_a_native_clean/pi_ufo_baseline_v1_runtimefix/build/A_PI_NATIVE_200/MG5_PROC/Source/PDF/gammaUPC/makefile	archive/superseded/.pack_a_native_clean/pi_ufo_baseline_v1_runtimefix/build/A_PI_NATIVE_200/MG5_PROC/Source/PDF/gammaUPC/makefile	1028933ece2c569cd94a88ffda57a5b81d9d140a5528bbb4bbac0f6e9d7e83df	1028933ece2c569cd94a88ffda57a5b81d9d140a5528bbb4bbac0f6e9d7e83df	HISTORICAL_SUPERSEDED	NONE
.pack_a_native_clean/pi_ufo_baseline_v1_runtimefix/build/A_PI_NATIVE_200/MG5_PROC/Source/PDF/gammaUPC/makefile_dummy	archive/superseded/.pack_a_native_clean/pi_ufo_baseline_v1_runtimefix/build/A_PI_NATIVE_200/MG5_PROC/Source/PDF/gammaUPC/makefile_dummy	45c9b8ad079ca99a759cc24f68d30f6ef91878d47ce51b81e573c83167fba8e2	45c9b8ad079ca99a759cc24f68d30f6ef91878d47ce51b81e573c83167fba8e2	HISTORICAL_SUPERSEDED	NONE
.pack_a_native_clean/pi_ufo_baseline_v1_runtimefix/build/A_PI_NATIVE_200/MG5_PROC/Source/PDF/gammaUPC/nielsen_generalized_polylog.f90	archive/superseded/.pack_a_native_clean/pi_ufo_baseline_v1_runtimefix/build/A_PI_NATIVE_200/MG5_PROC/Source/PDF/gammaUPC/nielsen_generalized_polylog.f90	8cee9ad199b2625e2f759ea3e3fe14662318351a368a125b93f5c52a6f6d7808	8cee9ad199b2625e2f759ea3e3fe14662318351a368a125b93f5c52a6f6d7808	HISTORICAL_SUPERSEDED	NONE
.pack_a_native_clean/pi_ufo_baseline_v1_runtimefix/build/A_PI_NATIVE_200/MG5_PROC/Source/PDF/gammaUPC/nintlib.f90	archive/superseded/.pack_a_native_clean/pi_ufo_baseline_v1_runtimefix/build/A_PI_NATIVE_200/MG5_PROC/Source/PDF/gammaUPC/nintlib.f90	92657ae581afabdc4591c1725167ab0c88fc15e49ba854023eac3cb14bb21607	92657ae581afabdc4591c1725167ab0c88fc15e49ba854023eac3cb14bb21607	HISTORICAL_SUPERSEDED	NONE
.pack_a_native_clean/pi_ufo_baseline_v1_runtimefix/build/A_PI_NATIVE_200/MG5_PROC/Source/PDF/gammaUPC/photonpdfsquare.f	archive/superseded/.pack_a_native_clean/pi_ufo_baseline_v1_runtimefix/build/A_PI_NATIVE_200/MG5_PROC/Source/PDF/gammaUPC/photonpdfsquare.f	606c0bd20df16116377b2a4e44a30c032a5afd52d45d2666c21e987b76302ffe	606c0bd20df16116377b2a4e44a30c032a5afd52d45d2666c21e987b76302ffe	HISTORICAL_SUPERSEDED	NONE
.pack_a_native_clean/pi_ufo_baseline_v1_runtimefix/build/A_PI_NATIVE_200/MG5_PROC/Source/PDF/gammaUPC/run90.inc	archive/superseded/.pack_a_native_clean/pi_ufo_baseline_v1_runtimefix/build/A_PI_NATIVE_200/MG5_PROC/Source/PDF/gammaUPC/run90.inc	a07e6a3a0a10e6a77c503ef0f208b7231084a915a3a887fe42ca958da2f78ba5	a07e6a3a0a10e6a77c503ef0f208b7231084a915a3a887fe42ca958da2f78ba5	HISTORICAL_SUPERSEDED	NONE
.pack_a_native_clean/pi_ufo_baseline_v1_runtimefix/build/A_PI_NATIVE_200/MG5_PROC/Source/PDF/gammaUPC/tbessj.f90	archive/superseded/.pack_a_native_clean/pi_ufo_baseline_v1_runtimefix/build/A_PI_NATIVE_200/MG5_PROC/Source/PDF/gammaUPC/tbessj.f90	2d27cb8eecff63e434a79ff57b530786b253289e5a9d52c14941b8e88308d899	2d27cb8eecff63e434a79ff57b530786b253289e5a9d52c14941b8e88308d899	HISTORICAL_SUPERSEDED	NONE
.pack_a_native_clean/pi_ufo_baseline_v1_runtimefix/build/A_PI_NATIVE_200/MG5_PROC/Source/PDF/gammaUPC/tbessk.f90	archive/superseded/.pack_a_native_clean/pi_ufo_baseline_v1_runtimefix/build/A_PI_NATIVE_200/MG5_PROC/Source/PDF/gammaUPC/tbessk.f90	6364e36ebf441b92a4c49dcc63335679b7b95c0abbf7a9be239dd26e7ec37cf1	6364e36ebf441b92a4c49dcc63335679b7b95c0abbf7a9be239dd26e7ec37cf1	HISTORICAL_SUPERSEDED	NONE
.pack_a_native_clean/pi_ufo_baseline_v1_runtimefix/build/A_PI_NATIVE_200/MG5_PROC/Source/PDF/gammaUPC/test.f90	archive/superseded/.pack_a_native_clean/pi_ufo_baseline_v1_runtimefix/build/A_PI_NATIVE_200/MG5_PROC/Source/PDF/gammaUPC/test.f90	d6eff055ac688c0c992faaaf18c55244fc1df1ce41a99ac3483ce1052bd83ee2	d6eff055ac688c0c992faaaf18c55244fc1df1ce41a99ac3483ce1052bd83ee2	HISTORICAL_SUPERSEDED	NONE
.pack_a_native_clean/pi_ufo_baseline_v1_runtimefix/build/A_PI_NATIVE_200/MG5_PROC/Source/PDF/gridpdfaux.f	archive/superseded/.pack_a_native_clean/pi_ufo_baseline_v1_runtimefix/build/A_PI_NATIVE_200/MG5_PROC/Source/PDF/gridpdfaux.f	8b787c1f5e446765b1c3f90acff4201a41f2a1f1c94d859bf154af8698647d32	8b787c1f5e446765b1c3f90acff4201a41f2a1f1c94d859bf154af8698647d32	HISTORICAL_SUPERSEDED	NONE
.pack_a_native_clean/pi_ufo_baseline_v1_runtimefix/build/A_PI_NATIVE_200/MG5_PROC/Source/PDF/gridpdfaux.o	archive/superseded/.pack_a_native_clean/pi_ufo_baseline_v1_runtimefix/build/A_PI_NATIVE_200/MG5_PROC/Source/PDF/gridpdfaux.o	b25dc5011fd17f981d9e6ec93ea7cec09d7bdf3810be8abf3e1e242d765b1b79	b25dc5011fd17f981d9e6ec93ea7cec09d7bdf3810be8abf3e1e242d765b1b79	HISTORICAL_SUPERSEDED	NONE
.pack_a_native_clean/pi_ufo_baseline_v1_runtimefix/build/A_PI_NATIVE_200/MG5_PROC/Source/PDF/kerset.f	archive/superseded/.pack_a_native_clean/pi_ufo_baseline_v1_runtimefix/build/A_PI_NATIVE_200/MG5_PROC/Source/PDF/kerset.f	34c45d8a70bd4d66aa561537651e0456972435a9b0756a495fa0a17734dfd226	34c45d8a70bd4d66aa561537651e0456972435a9b0756a495fa0a17734dfd226	HISTORICAL_SUPERSEDED	NONE
.pack_a_native_clean/pi_ufo_baseline_v1_runtimefix/build/A_PI_NATIVE_200/MG5_PROC/Source/PDF/kerset.o	archive/superseded/.pack_a_native_clean/pi_ufo_baseline_v1_runtimefix/build/A_PI_NATIVE_200/MG5_PROC/Source/PDF/kerset.o	621e9a147f636799ee23805259622a70f2fc43794eb9f0864f9533dc463c4862	621e9a147f636799ee23805259622a70f2fc43794eb9f0864f9533dc463c4862	HISTORICAL_SUPERSEDED	NONE
.pack_a_native_clean/pi_ufo_baseline_v1_runtimefix/build/A_PI_NATIVE_200/MG5_PROC/Source/PDF/lep_densities/cepc240ll/eepdf.f	archive/superseded/.pack_a_native_clean/pi_ufo_baseline_v1_runtimefix/build/A_PI_NATIVE_200/MG5_PROC/Source/PDF/lep_densities/cepc240ll/eepdf.f	6b4db0b925dfb4009c10d5d99e7df4ecbc31feb09e386406ac684884cf8bb3e0	6b4db0b925dfb4009c10d5d99e7df4ecbc31feb09e386406ac684884cf8bb3e0	HISTORICAL_SUPERSEDED	NONE
.pack_a_native_clean/pi_ufo_baseline_v1_runtimefix/build/A_PI_NATIVE_200/MG5_PROC/Source/PDF/lep_densities/cepc240ll/gridpdfaux.f	archive/superseded/.pack_a_native_clean/pi_ufo_baseline_v1_runtimefix/build/A_PI_NATIVE_200/MG5_PROC/Source/PDF/lep_densities/cepc240ll/gridpdfaux.f	9029e5846502c8406cfec51bcd789d10aacd3381325936b5879ebfdc75232e4f	9029e5846502c8406cfec51bcd789d10aacd3381325936b5879ebfdc75232e4f	HISTORICAL_SUPERSEDED	NONE
.pack_a_native_clean/pi_ufo_baseline_v1_runtimefix/build/A_PI_NATIVE_200/MG5_PROC/Source/PDF/lep_densities/clic3000ll/eepdf.f	archive/superseded/.pack_a_native_clean/pi_ufo_baseline_v1_runtimefix/build/A_PI_NATIVE_200/MG5_PROC/Source/PDF/lep_densities/clic3000ll/eepdf.f	fe3f201c16e9342b75fe174e2c3ead88201ad209694c4904788e44530570999a	fe3f201c16e9342b75fe174e2c3ead88201ad209694c4904788e44530570999a	HISTORICAL_SUPERSEDED	NONE
.pack_a_native_clean/pi_ufo_baseline_v1_runtimefix/build/A_PI_NATIVE_200/MG5_PROC/Source/PDF/lep_densities/clic3000ll/gridpdfaux.f	archive/superseded/.pack_a_native_clean/pi_ufo_baseline_v1_runtimefix/build/A_PI_NATIVE_200/MG5_PROC/Source/PDF/lep_densities/clic3000ll/gridpdfaux.f	9029e5846502c8406cfec51bcd789d10aacd3381325936b5879ebfdc75232e4f	9029e5846502c8406cfec51bcd789d10aacd3381325936b5879ebfdc75232e4f	HISTORICAL_SUPERSEDED	NONE
.pack_a_native_clean/pi_ufo_baseline_v1_runtimefix/build/A_PI_NATIVE_200/MG5_PROC/Source/PDF/lep_densities/fcce240ll/eepdf.f	archive/superseded/.pack_a_native_clean/pi_ufo_baseline_v1_runtimefix/build/A_PI_NATIVE_200/MG5_PROC/Source/PDF/lep_densities/fcce240ll/eepdf.f	731542c85b5fe0c9de265325c693fa0e3a5e2a7f6d42dc08c0cd5469463774ca	731542c85b5fe0c9de265325c693fa0e3a5e2a7f6d42dc08c0cd5469463774ca	HISTORICAL_SUPERSEDED	NONE
.pack_a_native_clean/pi_ufo_baseline_v1_runtimefix/build/A_PI_NATIVE_200/MG5_PROC/Source/PDF/lep_densities/fcce240ll/gridpdfaux.f	archive/superseded/.pack_a_native_clean/pi_ufo_baseline_v1_runtimefix/build/A_PI_NATIVE_200/MG5_PROC/Source/PDF/lep_densities/fcce240ll/gridpdfaux.f	9029e5846502c8406cfec51bcd789d10aacd3381325936b5879ebfdc75232e4f	9029e5846502c8406cfec51bcd789d10aacd3381325936b5879ebfdc75232e4f	HISTORICAL_SUPERSEDED	NONE
.pack_a_native_clean/pi_ufo_baseline_v1_runtimefix/build/A_PI_NATIVE_200/MG5_PROC/Source/PDF/lep_densities/fcce365ll/eepdf.f	archive/superseded/.pack_a_native_clean/pi_ufo_baseline_v1_runtimefix/build/A_PI_NATIVE_200/MG5_PROC/Source/PDF/lep_densities/fcce365ll/eepdf.f	5b7a90a66931a80954a5a6a9e4010c58ebac6ccb6001a70cf9879ecf7ec307b4	5b7a90a66931a80954a5a6a9e4010c58ebac6ccb6001a70cf9879ecf7ec307b4	HISTORICAL_SUPERSEDED	NONE
.pack_a_native_clean/pi_ufo_baseline_v1_runtimefix/build/A_PI_NATIVE_200/MG5_PROC/Source/PDF/lep_densities/fcce365ll/gridpdfaux.f	archive/superseded/.pack_a_native_clean/pi_ufo_baseline_v1_runtimefix/build/A_PI_NATIVE_200/MG5_PROC/Source/PDF/lep_densities/fcce365ll/gridpdfaux.f	9029e5846502c8406cfec51bcd789d10aacd3381325936b5879ebfdc75232e4f	9029e5846502c8406cfec51bcd789d10aacd3381325936b5879ebfdc75232e4f	HISTORICAL_SUPERSEDED	NONE
.pack_a_native_clean/pi_ufo_baseline_v1_runtimefix/build/A_PI_NATIVE_200/MG5_PROC/Source/PDF/lep_densities/ilc500ll/eepdf.f	archive/superseded/.pack_a_native_clean/pi_ufo_baseline_v1_runtimefix/build/A_PI_NATIVE_200/MG5_PROC/Source/PDF/lep_densities/ilc500ll/eepdf.f	5bef5c8221736c93469c703ca2c8bec999ebda5a49b4cf1f1934b4ea70cabae6	5bef5c8221736c93469c703ca2c8bec999ebda5a49b4cf1f1934b4ea70cabae6	HISTORICAL_SUPERSEDED	NONE
.pack_a_native_clean/pi_ufo_baseline_v1_runtimefix/build/A_PI_NATIVE_200/MG5_PROC/Source/PDF/lep_densities/ilc500ll/gridpdfaux.f	archive/superseded/.pack_a_native_clean/pi_ufo_baseline_v1_runtimefix/build/A_PI_NATIVE_200/MG5_PROC/Source/PDF/lep_densities/ilc500ll/gridpdfaux.f	9029e5846502c8406cfec51bcd789d10aacd3381325936b5879ebfdc75232e4f	9029e5846502c8406cfec51bcd789d10aacd3381325936b5879ebfdc75232e4f	HISTORICAL_SUPERSEDED	NONE
.pack_a_native_clean/pi_ufo_baseline_v1_runtimefix/build/A_PI_NATIVE_200/MG5_PROC/Source/PDF/lep_densities/isronlyll/eepdf.f	archive/superseded/.pack_a_native_clean/pi_ufo_baseline_v1_runtimefix/build/A_PI_NATIVE_200/MG5_PROC/Source/PDF/lep_densities/isronlyll/eepdf.f	62f0c9e61e2a93ee0c7cf240b6766a987466417cfe96437c1bb94b716df61f3a	62f0c9e61e2a93ee0c7cf240b6766a987466417cfe96437c1bb94b716df61f3a	HISTORICAL_SUPERSEDED	NONE
.pack_a_native_clean/pi_ufo_baseline_v1_runtimefix/build/A_PI_NATIVE_200/MG5_PROC/Source/PDF/lep_densities/isronlyll/gridpdfaux.f	archive/superseded/.pack_a_native_clean/pi_ufo_baseline_v1_runtimefix/build/A_PI_NATIVE_200/MG5_PROC/Source/PDF/lep_densities/isronlyll/gridpdfaux.f	8b8830f1c9fc92c37f9979ff6dac8f3e2fd7c5b7703c33884490554e3984c05a	8b8830f1c9fc92c37f9979ff6dac8f3e2fd7c5b7703c33884490554e3984c05a	HISTORICAL_SUPERSEDED	NONE
.pack_a_native_clean/pi_ufo_baseline_v1_runtimefix/build/A_PI_NATIVE_200/MG5_PROC/Source/PDF/makefile	archive/superseded/.pack_a_native_clean/pi_ufo_baseline_v1_runtimefix/build/A_PI_NATIVE_200/MG5_PROC/Source/PDF/makefile	de4eef231102f8fa308769197e53b8c13717ef8810150385700a867300601c51	de4eef231102f8fa308769197e53b8c13717ef8810150385700a867300601c51	HISTORICAL_SUPERSEDED	NONE
.pack_a_native_clean/pi_ufo_baseline_v1_runtimefix/build/A_PI_NATIVE_200/MG5_PROC/Source/PDF/opendata.f	archive/superseded/.pack_a_native_clean/pi_ufo_baseline_v1_runtimefix/build/A_PI_NATIVE_200/MG5_PROC/Source/PDF/opendata.f	bfaa0cd1c1d12b64785d833ae35e6dad093d80c45a5d26613e9fb6fc4e90b1c2	bfaa0cd1c1d12b64785d833ae35e6dad093d80c45a5d26613e9fb6fc4e90b1c2	HISTORICAL_SUPERSEDED	NONE
.pack_a_native_clean/pi_ufo_baseline_v1_runtimefix/build/A_PI_NATIVE_200/MG5_PROC/Source/PDF/opendata.o	archive/superseded/.pack_a_native_clean/pi_ufo_baseline_v1_runtimefix/build/A_PI_NATIVE_200/MG5_PROC/Source/PDF/opendata.o	e61c5ea4793e18301fe2a315457ca6fd514bbc1f10d64606a200fdf3f6604c86	e61c5ea4793e18301fe2a315457ca6fd514bbc1f10d64606a200fdf3f6604c86	HISTORICAL_SUPERSEDED	NONE
.pack_a_native_clean/pi_ufo_baseline_v1_runtimefix/build/A_PI_NATIVE_200/MG5_PROC/Source/PDF/pdf.f	archive/superseded/.pack_a_native_clean/pi_ufo_baseline_v1_runtimefix/build/A_PI_NATIVE_200/MG5_PROC/Source/PDF/pdf.f	955eb4b5cd06d1e5416c2644e2d31ba677e6fe529c96b9b00619f44e147407f6	955eb4b5cd06d1e5416c2644e2d31ba677e6fe529c96b9b00619f44e147407f6	HISTORICAL_SUPERSEDED	NONE
.pack_a_native_clean/pi_ufo_baseline_v1_runtimefix/build/A_PI_NATIVE_200/MG5_PROC/Source/PDF/pdf.inc	archive/superseded/.pack_a_native_clean/pi_ufo_baseline_v1_runtimefix/build/A_PI_NATIVE_200/MG5_PROC/Source/PDF/pdf.inc	3d462edd5d8ea17e9ad26b693ef0c101e886b2effc7fd36f43dfbaa5d2ccf1fd	3d462edd5d8ea17e9ad26b693ef0c101e886b2effc7fd36f43dfbaa5d2ccf1fd	HISTORICAL_SUPERSEDED	NONE
.pack_a_native_clean/pi_ufo_baseline_v1_runtimefix/build/A_PI_NATIVE_200/MG5_PROC/Source/PDF/pdf.o	archive/superseded/.pack_a_native_clean/pi_ufo_baseline_v1_runtimefix/build/A_PI_NATIVE_200/MG5_PROC/Source/PDF/pdf.o	d2ca836646bd873964351f1263fe949eb1676e516aac22296fc32968a9fe66dc	d2ca836646bd873964351f1263fe949eb1676e516aac22296fc32968a9fe66dc	HISTORICAL_SUPERSEDED	NONE
.pack_a_native_clean/pi_ufo_baseline_v1_runtimefix/build/A_PI_NATIVE_200/MG5_PROC/Source/PDF/pdf_lhapdf6.cc	archive/superseded/.pack_a_native_clean/pi_ufo_baseline_v1_runtimefix/build/A_PI_NATIVE_200/MG5_PROC/Source/PDF/pdf_lhapdf6.cc	ced11dfb36e8ca939029ce2aef0bd0173ed2da6822f9ec9cda341b75ae7c880a	ced11dfb36e8ca939029ce2aef0bd0173ed2da6822f9ec9cda341b75ae7c880a	HISTORICAL_SUPERSEDED	NONE
.pack_a_native_clean/pi_ufo_baseline_v1_runtimefix/build/A_PI_NATIVE_200/MG5_PROC/Source/PDF/pdf_lhapdf62.cc	archive/superseded/.pack_a_native_clean/pi_ufo_baseline_v1_runtimefix/build/A_PI_NATIVE_200/MG5_PROC/Source/PDF/pdf_lhapdf62.cc	e6755785adc9958089902500cea13610766425d7279ed5fad3aa6950876f122b	e6755785adc9958089902500cea13610766425d7279ed5fad3aa6950876f122b	HISTORICAL_SUPERSEDED	NONE
.pack_a_native_clean/pi_ufo_baseline_v1_runtimefix/build/A_PI_NATIVE_200/MG5_PROC/Source/PDF/pdf_list.txt	archive/superseded/.pack_a_native_clean/pi_ufo_baseline_v1_runtimefix/build/A_PI_NATIVE_200/MG5_PROC/Source/PDF/pdf_list.txt	554cfd7859541a5364716cf7228f75fc52fc3bd72029ebfb72e964baebd066d5	554cfd7859541a5364716cf7228f75fc52fc3bd72029ebfb72e964baebd066d5	HISTORICAL_SUPERSEDED	NONE
.pack_a_native_clean/pi_ufo_baseline_v1_runtimefix/build/A_PI_NATIVE_200/MG5_PROC/Source/PDF/pdfwrap.f	archive/superseded/.pack_a_native_clean/pi_ufo_baseline_v1_runtimefix/build/A_PI_NATIVE_200/MG5_PROC/Source/PDF/pdfwrap.f	32164b7098c60d94a3985781aba0ed0b348e3acbf1fe860c153227253c834638	32164b7098c60d94a3985781aba0ed0b348e3acbf1fe860c153227253c834638	HISTORICAL_SUPERSEDED	NONE
.pack_a_native_clean/pi_ufo_baseline_v1_runtimefix/build/A_PI_NATIVE_200/MG5_PROC/Source/PDF/pdfwrap.o	archive/superseded/.pack_a_native_clean/pi_ufo_baseline_v1_runtimefix/build/A_PI_NATIVE_200/MG5_PROC/Source/PDF/pdfwrap.o	3110313f3510a5fd0fb81f30159b15dd17c1dc807129e3d20cfa48ea4cb36f9d	3110313f3510a5fd0fb81f30159b15dd17c1dc807129e3d20cfa48ea4cb36f9d	HISTORICAL_SUPERSEDED	NONE
.pack_a_native_clean/pi_ufo_baseline_v1_runtimefix/build/A_PI_NATIVE_200/MG5_PROC/Source/PDF/pdfwrap_emela.f	archive/superseded/.pack_a_native_clean/pi_ufo_baseline_v1_runtimefix/build/A_PI_NATIVE_200/MG5_PROC/Source/PDF/pdfwrap_emela.f	e1995a9789373d50ca29b73b7b6c2d7426fc6f64ad9d63d60faa71d0ffeca9cd	e1995a9789373d50ca29b73b7b6c2d7426fc6f64ad9d63d60faa71d0ffeca9cd	HISTORICAL_SUPERSEDED	NONE
.pack_a_native_clean/pi_ufo_baseline_v1_runtimefix/build/A_PI_NATIVE_200/MG5_PROC/Source/PDF/pdfwrap_lhapdf.f	archive/superseded/.pack_a_native_clean/pi_ufo_baseline_v1_runtimefix/build/A_PI_NATIVE_200/MG5_PROC/Source/PDF/pdfwrap_lhapdf.f	ae9b8f43e2e8bbb3fc8a2f740d49ace85717d9713eb43fc28c7557ff7a628b43	ae9b8f43e2e8bbb3fc8a2f740d49ace85717d9713eb43fc28c7557ff7a628b43	HISTORICAL_SUPERSEDED	NONE
.pack_a_native_clean/pi_ufo_baseline_v1_runtimefix/build/A_PI_NATIVE_200/MG5_PROC/Source/PDF/pdg2pdf.f	archive/superseded/.pack_a_native_clean/pi_ufo_baseline_v1_runtimefix/build/A_PI_NATIVE_200/MG5_PROC/Source/PDF/pdg2pdf.f	13427a635e6f2ab64e9492b7b988825d00c3e5e04b6b9801e27fc5782cf100ba	13427a635e6f2ab64e9492b7b988825d00c3e5e04b6b9801e27fc5782cf100ba	HISTORICAL_SUPERSEDED	NONE
.pack_a_native_clean/pi_ufo_baseline_v1_runtimefix/build/A_PI_NATIVE_200/MG5_PROC/Source/PDF/pdg2pdf.o	archive/superseded/.pack_a_native_clean/pi_ufo_baseline_v1_runtimefix/build/A_PI_NATIVE_200/MG5_PROC/Source/PDF/pdg2pdf.o	a787d8ad3ae86351e707cd663372d148bee16ef4a7caa3102de0fb2e64b94de1	a787d8ad3ae86351e707cd663372d148bee16ef4a7caa3102de0fb2e64b94de1	HISTORICAL_SUPERSEDED	NONE
.pack_a_native_clean/pi_ufo_baseline_v1_runtimefix/build/A_PI_NATIVE_200/MG5_PROC/Source/PDF/pdg2pdf_lhapdf6.f	archive/superseded/.pack_a_native_clean/pi_ufo_baseline_v1_runtimefix/build/A_PI_NATIVE_200/MG5_PROC/Source/PDF/pdg2pdf_lhapdf6.f	55c2e838f18f3657a048a74d3b2cb608e4932dba9914d6085f45eaf1fe7006fa	55c2e838f18f3657a048a74d3b2cb608e4932dba9914d6085f45eaf1fe7006fa	HISTORICAL_SUPERSEDED	NONE
.pack_a_native_clean/pi_ufo_baseline_v1_runtimefix/build/A_PI_NATIVE_200/MG5_PROC/Source/StringCast.f	archive/superseded/.pack_a_native_clean/pi_ufo_baseline_v1_runtimefix/build/A_PI_NATIVE_200/MG5_PROC/Source/StringCast.f	f993aa6cf4513b270353574a7ebd6ec4a65226ccffef8446818e69b654c006b4	f993aa6cf4513b270353574a7ebd6ec4a65226ccffef8446818e69b654c006b4	HISTORICAL_SUPERSEDED	NONE
.pack_a_native_clean/pi_ufo_baseline_v1_runtimefix/build/A_PI_NATIVE_200/MG5_PROC/Source/StringCast.o	archive/superseded/.pack_a_native_clean/pi_ufo_baseline_v1_runtimefix/build/A_PI_NATIVE_200/MG5_PROC/Source/StringCast.o	689254a28ca47fb08af2f5c9e775c1fba07638fdee91ad8ee6fe3dd9fc20e395	689254a28ca47fb08af2f5c9e775c1fba07638fdee91ad8ee6fe3dd9fc20e395	HISTORICAL_SUPERSEDED	NONE
.pack_a_native_clean/pi_ufo_baseline_v1_runtimefix/build/A_PI_NATIVE_200/MG5_PROC/Source/alfas.inc	archive/superseded/.pack_a_native_clean/pi_ufo_baseline_v1_runtimefix/build/A_PI_NATIVE_200/MG5_PROC/Source/alfas.inc	d5ae9799ae1067a7a5d8a690654408e4626db1f032091eab30286a3dc06c7a1c	d5ae9799ae1067a7a5d8a690654408e4626db1f032091eab30286a3dc06c7a1c	HISTORICAL_SUPERSEDED	NONE
.pack_a_native_clean/pi_ufo_baseline_v1_runtimefix/build/A_PI_NATIVE_200/MG5_PROC/Source/alfas_functions.f	archive/superseded/.pack_a_native_clean/pi_ufo_baseline_v1_runtimefix/build/A_PI_NATIVE_200/MG5_PROC/Source/alfas_functions.f	3e9c1a8eb073de40d531217c349fe6f3f1dfc801fe4c3db527e2e15537f00a0d	3e9c1a8eb073de40d531217c349fe6f3f1dfc801fe4c3db527e2e15537f00a0d	HISTORICAL_SUPERSEDED	NONE
.pack_a_native_clean/pi_ufo_baseline_v1_runtimefix/build/A_PI_NATIVE_200/MG5_PROC/Source/alfas_functions.o	archive/superseded/.pack_a_native_clean/pi_ufo_baseline_v1_runtimefix/build/A_PI_NATIVE_200/MG5_PROC/Source/alfas_functions.o	77b6b206df4fab9d045e2ce3657f6262d49b6225f30a50fbfcbc3c6a3d2dc9a0	77b6b206df4fab9d045e2ce3657f6262d49b6225f30a50fbfcbc3c6a3d2dc9a0	HISTORICAL_SUPERSEDED	NONE
.pack_a_native_clean/pi_ufo_baseline_v1_runtimefix/build/A_PI_NATIVE_200/MG5_PROC/Source/alfas_functions_lhapdf.f	archive/superseded/.pack_a_native_clean/pi_ufo_baseline_v1_runtimefix/build/A_PI_NATIVE_200/MG5_PROC/Source/alfas_functions_lhapdf.f	7b9439bb225674fa3126daa993a62b5b32b6201ed2a6875003be2ad820deb7c2	7b9439bb225674fa3126daa993a62b5b32b6201ed2a6875003be2ad820deb7c2	HISTORICAL_SUPERSEDED	NONE
.pack_a_native_clean/pi_ufo_baseline_v1_runtimefix/build/A_PI_NATIVE_200/MG5_PROC/Source/banner_header.txt	archive/superseded/.pack_a_native_clean/pi_ufo_baseline_v1_runtimefix/build/A_PI_NATIVE_200/MG5_PROC/Source/banner_header.txt	cd24ed8cb6c0f45494b06abceabd976357ab246a94ad108dc81380ab66e58cb6	cd24ed8cb6c0f45494b06abceabd976357ab246a94ad108dc81380ab66e58cb6	HISTORICAL_SUPERSEDED	NONE
.pack_a_native_clean/pi_ufo_baseline_v1_runtimefix/build/A_PI_NATIVE_200/MG5_PROC/Source/basecode.f	archive/superseded/.pack_a_native_clean/pi_ufo_baseline_v1_runtimefix/build/A_PI_NATIVE_200/MG5_PROC/Source/basecode.f	f4e61b4b5e19d3d9a12e775bce73c1a2349e5d30402618b31a8212c62460f478	f4e61b4b5e19d3d9a12e775bce73c1a2349e5d30402618b31a8212c62460f478	HISTORICAL_SUPERSEDED	NONE
.pack_a_native_clean/pi_ufo_baseline_v1_runtimefix/build/A_PI_NATIVE_200/MG5_PROC/Source/basecode.o	archive/superseded/.pack_a_native_clean/pi_ufo_baseline_v1_runtimefix/build/A_PI_NATIVE_200/MG5_PROC/Source/basecode.o	3f39777a74208b8fa7bd7adc3b88bbcb54b387c93a36bf032c09593a6b72afb5	3f39777a74208b8fa7bd7adc3b88bbcb54b387c93a36bf032c09593a6b72afb5	HISTORICAL_SUPERSEDED	NONE
.pack_a_native_clean/pi_ufo_baseline_v1_runtimefix/build/A_PI_NATIVE_200/MG5_PROC/Source/combine_events.f	archive/superseded/.pack_a_native_clean/pi_ufo_baseline_v1_runtimefix/build/A_PI_NATIVE_200/MG5_PROC/Source/combine_events.f	d51c82d0177a0c60fb92faab32b3eb26fba551cb89562b95dbf12cd58428e700	d51c82d0177a0c60fb92faab32b3eb26fba551cb89562b95dbf12cd58428e700	HISTORICAL_SUPERSEDED	NONE
.pack_a_native_clean/pi_ufo_baseline_v1_runtimefix/build/A_PI_NATIVE_200/MG5_PROC/Source/coupl.inc	archive/superseded/.pack_a_native_clean/pi_ufo_baseline_v1_runtimefix/build/A_PI_NATIVE_200/MG5_PROC/Source/coupl.inc			SYMLINK	NONE
.pack_a_native_clean/pi_ufo_baseline_v1_runtimefix/build/A_PI_NATIVE_200/MG5_PROC/Source/cuts.inc	archive/superseded/.pack_a_native_clean/pi_ufo_baseline_v1_runtimefix/build/A_PI_NATIVE_200/MG5_PROC/Source/cuts.inc	15749e6559df6c6cb99083be6ed2214f4aaf3cb38dd686d359625ca572652b23	15749e6559df6c6cb99083be6ed2214f4aaf3cb38dd686d359625ca572652b23	HISTORICAL_SUPERSEDED	NONE
.pack_a_native_clean/pi_ufo_baseline_v1_runtimefix/build/A_PI_NATIVE_200/MG5_PROC/Source/dgauss.f	archive/superseded/.pack_a_native_clean/pi_ufo_baseline_v1_runtimefix/build/A_PI_NATIVE_200/MG5_PROC/Source/dgauss.f	2d2d11ea43bca5775ba844f6675911ea6f1e12986ebfb87a1379a3ee5593f463	2d2d11ea43bca5775ba844f6675911ea6f1e12986ebfb87a1379a3ee5593f463	HISTORICAL_SUPERSEDED	NONE
.pack_a_native_clean/pi_ufo_baseline_v1_runtimefix/build/A_PI_NATIVE_200/MG5_PROC/Source/dgauss.o	archive/superseded/.pack_a_native_clean/pi_ufo_baseline_v1_runtimefix/build/A_PI_NATIVE_200/MG5_PROC/Source/dgauss.o	40c18037068d37eb0924743e372e03a25a5d1dbc2fc765c9c3891151856160cc	40c18037068d37eb0924743e372e03a25a5d1dbc2fc765c9c3891151856160cc	HISTORICAL_SUPERSEDED	NONE
.pack_a_native_clean/pi_ufo_baseline_v1_runtimefix/build/A_PI_NATIVE_200/MG5_PROC/Source/discretesampler.mod	archive/superseded/.pack_a_native_clean/pi_ufo_baseline_v1_runtimefix/build/A_PI_NATIVE_200/MG5_PROC/Source/discretesampler.mod	86a27dda9d23244d28d91607dc95fdd9819b8eba6cc57534ece22de95b32776a	86a27dda9d23244d28d91607dc95fdd9819b8eba6cc57534ece22de95b32776a	HISTORICAL_SUPERSEDED	NONE
.pack_a_native_clean/pi_ufo_baseline_v1_runtimefix/build/A_PI_NATIVE_200/MG5_PROC/Source/dsample.f	archive/superseded/.pack_a_native_clean/pi_ufo_baseline_v1_runtimefix/build/A_PI_NATIVE_200/MG5_PROC/Source/dsample.f	c27228ce1bbaa9c8681a1e54ce55045c834f3b546ad691ce8ed1bf5f158d94df	c27228ce1bbaa9c8681a1e54ce55045c834f3b546ad691ce8ed1bf5f158d94df	HISTORICAL_SUPERSEDED	NONE
.pack_a_native_clean/pi_ufo_baseline_v1_runtimefix/build/A_PI_NATIVE_200/MG5_PROC/Source/dsample.o	archive/superseded/.pack_a_native_clean/pi_ufo_baseline_v1_runtimefix/build/A_PI_NATIVE_200/MG5_PROC/Source/dsample.o	6b15d7887f7ce8409c03b6f6c128ff1412da9cecd03e2fed585bf254621ffb3c	6b15d7887f7ce8409c03b6f6c128ff1412da9cecd03e2fed585bf254621ffb3c	HISTORICAL_SUPERSEDED	NONE
.pack_a_native_clean/pi_ufo_baseline_v1_runtimefix/build/A_PI_NATIVE_200/MG5_PROC/Source/eepdf.inc	archive/superseded/.pack_a_native_clean/pi_ufo_baseline_v1_runtimefix/build/A_PI_NATIVE_200/MG5_PROC/Source/eepdf.inc	8a6bd33755a6e79abba68ec428efe34bac3e915d67caa0eba5ce72fd8704019c	8a6bd33755a6e79abba68ec428efe34bac3e915d67caa0eba5ce72fd8704019c	HISTORICAL_SUPERSEDED	NONE
.pack_a_native_clean/pi_ufo_baseline_v1_runtimefix/build/A_PI_NATIVE_200/MG5_PROC/Source/gen_ximprove.f	archive/superseded/.pack_a_native_clean/pi_ufo_baseline_v1_runtimefix/build/A_PI_NATIVE_200/MG5_PROC/Source/gen_ximprove.f	a0c72f5cfdc68b4ad03b6ef9990370c87f644799edb37ed4e1f0766bf52e7215	a0c72f5cfdc68b4ad03b6ef9990370c87f644799edb37ed4e1f0766bf52e7215	HISTORICAL_SUPERSEDED	NONE
.pack_a_native_clean/pi_ufo_baseline_v1_runtimefix/build/A_PI_NATIVE_200/MG5_PROC/Source/genps.inc	archive/superseded/.pack_a_native_clean/pi_ufo_baseline_v1_runtimefix/build/A_PI_NATIVE_200/MG5_PROC/Source/genps.inc	625f1a15b4e76821c187387b9d0bcdb2057a0d374899119847c8beac3afa5880	625f1a15b4e76821c187387b9d0bcdb2057a0d374899119847c8beac3afa5880	HISTORICAL_SUPERSEDED	NONE
.pack_a_native_clean/pi_ufo_baseline_v1_runtimefix/build/A_PI_NATIVE_200/MG5_PROC/Source/getissud.f	archive/superseded/.pack_a_native_clean/pi_ufo_baseline_v1_runtimefix/build/A_PI_NATIVE_200/MG5_PROC/Source/getissud.f	ab5a08dc9d4190e06fa2dc073750374ab012286a35c1367553dacf4a55a3f2b1	ab5a08dc9d4190e06fa2dc073750374ab012286a35c1367553dacf4a55a3f2b1	HISTORICAL_SUPERSEDED	NONE
.pack_a_native_clean/pi_ufo_baseline_v1_runtimefix/build/A_PI_NATIVE_200/MG5_PROC/Source/getissud.o	archive/superseded/.pack_a_native_clean/pi_ufo_baseline_v1_runtimefix/build/A_PI_NATIVE_200/MG5_PROC/Source/getissud.o	23b84f45ec1a0b0b99c522dc5e23173392f94e6d4e64c6a7d95d3d4498bcacaf	23b84f45ec1a0b0b99c522dc5e23173392f94e6d4e64c6a7d95d3d4498bcacaf	HISTORICAL_SUPERSEDED	NONE
.pack_a_native_clean/pi_ufo_baseline_v1_runtimefix/build/A_PI_NATIVE_200/MG5_PROC/Source/hbook.inc	archive/superseded/.pack_a_native_clean/pi_ufo_baseline_v1_runtimefix/build/A_PI_NATIVE_200/MG5_PROC/Source/hbook.inc	deba341596162b4605f956288449ee44fba3cf96619ed5af9445e089e163afa9	deba341596162b4605f956288449ee44fba3cf96619ed5af9445e089e163afa9	HISTORICAL_SUPERSEDED	NONE
.pack_a_native_clean/pi_ufo_baseline_v1_runtimefix/build/A_PI_NATIVE_200/MG5_PROC/Source/hbook1.f	archive/superseded/.pack_a_native_clean/pi_ufo_baseline_v1_runtimefix/build/A_PI_NATIVE_200/MG5_PROC/Source/hbook1.f	2eb8fc1fa9c73ec9ea8660d0a83a47bcbbd94d00bc75482cec73ef797c5f6fb6	2eb8fc1fa9c73ec9ea8660d0a83a47bcbbd94d00bc75482cec73ef797c5f6fb6	HISTORICAL_SUPERSEDED	NONE
.pack_a_native_clean/pi_ufo_baseline_v1_runtimefix/build/A_PI_NATIVE_200/MG5_PROC/Source/hbook2.f	archive/superseded/.pack_a_native_clean/pi_ufo_baseline_v1_runtimefix/build/A_PI_NATIVE_200/MG5_PROC/Source/hbook2.f	15d9647a2f1558f7258cc9f9166713bcc7bd2bb13714ff2d50de96d64f8c08fe	15d9647a2f1558f7258cc9f9166713bcc7bd2bb13714ff2d50de96d64f8c08fe	HISTORICAL_SUPERSEDED	NONE
.pack_a_native_clean/pi_ufo_baseline_v1_runtimefix/build/A_PI_NATIVE_200/MG5_PROC/Source/hcurve.f	archive/superseded/.pack_a_native_clean/pi_ufo_baseline_v1_runtimefix/build/A_PI_NATIVE_200/MG5_PROC/Source/hcurve.f	b5aa0931a4daa63b796bd4af75f0ca6b8f39eb990c0cdd99026cad2fb3aaab77	b5aa0931a4daa63b796bd4af75f0ca6b8f39eb990c0cdd99026cad2fb3aaab77	HISTORICAL_SUPERSEDED	NONE
.pack_a_native_clean/pi_ufo_baseline_v1_runtimefix/build/A_PI_NATIVE_200/MG5_PROC/Source/hfill.f	archive/superseded/.pack_a_native_clean/pi_ufo_baseline_v1_runtimefix/build/A_PI_NATIVE_200/MG5_PROC/Source/hfill.f	41c6ec9229d573a9c16b86138754b238a79c04870bcbb89e2d65dcdc5b56ff11	41c6ec9229d573a9c16b86138754b238a79c04870bcbb89e2d65dcdc5b56ff11	HISTORICAL_SUPERSEDED	NONE
.pack_a_native_clean/pi_ufo_baseline_v1_runtimefix/build/A_PI_NATIVE_200/MG5_PROC/Source/hfill.o	archive/superseded/.pack_a_native_clean/pi_ufo_baseline_v1_runtimefix/build/A_PI_NATIVE_200/MG5_PROC/Source/hfill.o	482810e780f41997dfb53030efdaf450967832b4c002fbf34302023aeb536097	482810e780f41997dfb53030efdaf450967832b4c002fbf34302023aeb536097	HISTORICAL_SUPERSEDED	NONE
.pack_a_native_clean/pi_ufo_baseline_v1_runtimefix/build/A_PI_NATIVE_200/MG5_PROC/Source/htuple.f	archive/superseded/.pack_a_native_clean/pi_ufo_baseline_v1_runtimefix/build/A_PI_NATIVE_200/MG5_PROC/Source/htuple.f	80102a031df8a3bac795c1ba6e630d7fbc79078a6664f954df0cd8adad9ea796	80102a031df8a3bac795c1ba6e630d7fbc79078a6664f954df0cd8adad9ea796	HISTORICAL_SUPERSEDED	NONE
.pack_a_native_clean/pi_ufo_baseline_v1_runtimefix/build/A_PI_NATIVE_200/MG5_PROC/Source/invarients.f	archive/superseded/.pack_a_native_clean/pi_ufo_baseline_v1_runtimefix/build/A_PI_NATIVE_200/MG5_PROC/Source/invarients.f	cbf921ebfa1f200d39ed16c6ca3ead8056fbb530eebc07c081fd2f9dffe25fb5	cbf921ebfa1f200d39ed16c6ca3ead8056fbb530eebc07c081fd2f9dffe25fb5	HISTORICAL_SUPERSEDED	NONE
.pack_a_native_clean/pi_ufo_baseline_v1_runtimefix/build/A_PI_NATIVE_200/MG5_PROC/Source/invarients.o	archive/superseded/.pack_a_native_clean/pi_ufo_baseline_v1_runtimefix/build/A_PI_NATIVE_200/MG5_PROC/Source/invarients.o	59d372343bedc3e98706f4e979322d45a5ded9673a4f69157c0345d455276066	59d372343bedc3e98706f4e979322d45a5ded9673a4f69157c0345d455276066	HISTORICAL_SUPERSEDED	NONE
.pack_a_native_clean/pi_ufo_baseline_v1_runtimefix/build/A_PI_NATIVE_200/MG5_PROC/Source/kin_functions.f	archive/superseded/.pack_a_native_clean/pi_ufo_baseline_v1_runtimefix/build/A_PI_NATIVE_200/MG5_PROC/Source/kin_functions.f	258ba73d21343e1e9e64f8f1beec0ae9a9f890d01c3d3a907f1091843de6372d	258ba73d21343e1e9e64f8f1beec0ae9a9f890d01c3d3a907f1091843de6372d	HISTORICAL_SUPERSEDED	NONE
.pack_a_native_clean/pi_ufo_baseline_v1_runtimefix/build/A_PI_NATIVE_200/MG5_PROC/Source/kin_functions.o	archive/superseded/.pack_a_native_clean/pi_ufo_baseline_v1_runtimefix/build/A_PI_NATIVE_200/MG5_PROC/Source/kin_functions.o	22441b507c7abeaec9990c3dc0b5f252c1b96a624f1c8995340ee569072eac4c	22441b507c7abeaec9990c3dc0b5f252c1b96a624f1c8995340ee569072eac4c	HISTORICAL_SUPERSEDED	NONE
.pack_a_native_clean/pi_ufo_baseline_v1_runtimefix/build/A_PI_NATIVE_200/MG5_PROC/Source/leshouche.inc	archive/superseded/.pack_a_native_clean/pi_ufo_baseline_v1_runtimefix/build/A_PI_NATIVE_200/MG5_PROC/Source/leshouche.inc			SYMLINK	NONE
.pack_a_native_clean/pi_ufo_baseline_v1_runtimefix/build/A_PI_NATIVE_200/MG5_PROC/Source/lhe_event_infos.inc	archive/superseded/.pack_a_native_clean/pi_ufo_baseline_v1_runtimefix/build/A_PI_NATIVE_200/MG5_PROC/Source/lhe_event_infos.inc	61299a03d23a0cd89d06a12248da67a1696ca1e4c10afe2c9707e4b595b030dd	61299a03d23a0cd89d06a12248da67a1696ca1e4c10afe2c9707e4b595b030dd	HISTORICAL_SUPERSEDED	NONE
.pack_a_native_clean/pi_ufo_baseline_v1_runtimefix/build/A_PI_NATIVE_200/MG5_PROC/Source/make_opts	archive/superseded/.pack_a_native_clean/pi_ufo_baseline_v1_runtimefix/build/A_PI_NATIVE_200/MG5_PROC/Source/make_opts	a5bbd5a9841bd5cce5ee40f263794702aa4024b28f1fc715bb0da1b9aa6857cc	a5bbd5a9841bd5cce5ee40f263794702aa4024b28f1fc715bb0da1b9aa6857cc	HISTORICAL_SUPERSEDED	NONE
.pack_a_native_clean/pi_ufo_baseline_v1_runtimefix/build/A_PI_NATIVE_200/MG5_PROC/Source/makefile	archive/superseded/.pack_a_native_clean/pi_ufo_baseline_v1_runtimefix/build/A_PI_NATIVE_200/MG5_PROC/Source/makefile	3de4f2b21247f23077d903ea830d24b235ef13c92a4428b6aa5e8f8ca6088b7d	3de4f2b21247f23077d903ea830d24b235ef13c92a4428b6aa5e8f8ca6088b7d	HISTORICAL_SUPERSEDED	NONE
.pack_a_native_clean/pi_ufo_baseline_v1_runtimefix/build/A_PI_NATIVE_200/MG5_PROC/Source/maxamps.inc	archive/superseded/.pack_a_native_clean/pi_ufo_baseline_v1_runtimefix/build/A_PI_NATIVE_200/MG5_PROC/Source/maxamps.inc			SYMLINK	NONE
.pack_a_native_clean/pi_ufo_baseline_v1_runtimefix/build/A_PI_NATIVE_200/MG5_PROC/Source/maxconfigs.inc	archive/superseded/.pack_a_native_clean/pi_ufo_baseline_v1_runtimefix/build/A_PI_NATIVE_200/MG5_PROC/Source/maxconfigs.inc	5f0a5d858bea712fdf860cdd478eba6400d3fbc490c1844643f2b6c93fbdd231	5f0a5d858bea712fdf860cdd478eba6400d3fbc490c1844643f2b6c93fbdd231	HISTORICAL_SUPERSEDED	NONE
.pack_a_native_clean/pi_ufo_baseline_v1_runtimefix/build/A_PI_NATIVE_200/MG5_PROC/Source/maxparticles.inc	archive/superseded/.pack_a_native_clean/pi_ufo_baseline_v1_runtimefix/build/A_PI_NATIVE_200/MG5_PROC/Source/maxparticles.inc	f74c474319f9374319e754e43a6e57113420206e069dd21c73578a28399fa202	f74c474319f9374319e754e43a6e57113420206e069dd21c73578a28399fa202	HISTORICAL_SUPERSEDED	NONE
.pack_a_native_clean/pi_ufo_baseline_v1_runtimefix/build/A_PI_NATIVE_200/MG5_PROC/Source/nexternal.inc	archive/superseded/.pack_a_native_clean/pi_ufo_baseline_v1_runtimefix/build/A_PI_NATIVE_200/MG5_PROC/Source/nexternal.inc			SYMLINK	NONE
.pack_a_native_clean/pi_ufo_baseline_v1_runtimefix/build/A_PI_NATIVE_200/MG5_PROC/Source/open_file.f	archive/superseded/.pack_a_native_clean/pi_ufo_baseline_v1_runtimefix/build/A_PI_NATIVE_200/MG5_PROC/Source/open_file.f	5736e50afc043c05c671376f389df6618558b45e33966c1f2fce1621e8ac07a1	5736e50afc043c05c671376f389df6618558b45e33966c1f2fce1621e8ac07a1	HISTORICAL_SUPERSEDED	NONE
.pack_a_native_clean/pi_ufo_baseline_v1_runtimefix/build/A_PI_NATIVE_200/MG5_PROC/Source/open_file.o	archive/superseded/.pack_a_native_clean/pi_ufo_baseline_v1_runtimefix/build/A_PI_NATIVE_200/MG5_PROC/Source/open_file.o	b41d96ddd91c49ad532cab89b8af6e75753420b4bf10de6d356ce3364433b90a	b41d96ddd91c49ad532cab89b8af6e75753420b4bf10de6d356ce3364433b90a	HISTORICAL_SUPERSEDED	NONE
.pack_a_native_clean/pi_ufo_baseline_v1_runtimefix/build/A_PI_NATIVE_200/MG5_PROC/Source/param_card.inc	archive/superseded/.pack_a_native_clean/pi_ufo_baseline_v1_runtimefix/build/A_PI_NATIVE_200/MG5_PROC/Source/param_card.inc	5629f739af406618702c684c90827ae7f88f82752d5d631c4ab8580b39ef4ae0	5629f739af406618702c684c90827ae7f88f82752d5d631c4ab8580b39ef4ae0	HISTORICAL_SUPERSEDED	NONE
.pack_a_native_clean/pi_ufo_baseline_v1_runtimefix/build/A_PI_NATIVE_200/MG5_PROC/Source/pawgraphs.f	archive/superseded/.pack_a_native_clean/pi_ufo_baseline_v1_runtimefix/build/A_PI_NATIVE_200/MG5_PROC/Source/pawgraphs.f	b7b2d166c37c772cbe015ba8afee4d673f1d5cd04474ecef88d8a1ccea7aff8b	b7b2d166c37c772cbe015ba8afee4d673f1d5cd04474ecef88d8a1ccea7aff8b	HISTORICAL_SUPERSEDED	NONE
.pack_a_native_clean/pi_ufo_baseline_v1_runtimefix/build/A_PI_NATIVE_200/MG5_PROC/Source/pawgraphs.o	archive/superseded/.pack_a_native_clean/pi_ufo_baseline_v1_runtimefix/build/A_PI_NATIVE_200/MG5_PROC/Source/pawgraphs.o	64986a56f33d58392afd3c04e19bee919907f167e088e712d0a50fc0a0ea6ccf	64986a56f33d58392afd3c04e19bee919907f167e088e712d0a50fc0a0ea6ccf	HISTORICAL_SUPERSEDED	NONE
.pack_a_native_clean/pi_ufo_baseline_v1_runtimefix/build/A_PI_NATIVE_200/MG5_PROC/Source/psample.inc	archive/superseded/.pack_a_native_clean/pi_ufo_baseline_v1_runtimefix/build/A_PI_NATIVE_200/MG5_PROC/Source/psample.inc	3f00c28a6c54bc1b656e276ce0c9b85c9440e23353bf69b8bc7ee85f258a4743	3f00c28a6c54bc1b656e276ce0c9b85c9440e23353bf69b8bc7ee85f258a4743	HISTORICAL_SUPERSEDED	NONE
.pack_a_native_clean/pi_ufo_baseline_v1_runtimefix/build/A_PI_NATIVE_200/MG5_PROC/Source/ran1.f	archive/superseded/.pack_a_native_clean/pi_ufo_baseline_v1_runtimefix/build/A_PI_NATIVE_200/MG5_PROC/Source/ran1.f	6946801bbcfd9a5fcf3184d1d7b73ca6deaf55ca0e0f0660d3db2c42479175af	6946801bbcfd9a5fcf3184d1d7b73ca6deaf55ca0e0f0660d3db2c42479175af	HISTORICAL_SUPERSEDED	NONE
.pack_a_native_clean/pi_ufo_baseline_v1_runtimefix/build/A_PI_NATIVE_200/MG5_PROC/Source/ran1.o	archive/superseded/.pack_a_native_clean/pi_ufo_baseline_v1_runtimefix/build/A_PI_NATIVE_200/MG5_PROC/Source/ran1.o	95223609642fed47691a3954b5de98a5aab988d14a25af4e4c8761c3cb88fe06	95223609642fed47691a3954b5de98a5aab988d14a25af4e4c8761c3cb88fe06	HISTORICAL_SUPERSEDED	NONE
.pack_a_native_clean/pi_ufo_baseline_v1_runtimefix/build/A_PI_NATIVE_200/MG5_PROC/Source/ranmar.f	archive/superseded/.pack_a_native_clean/pi_ufo_baseline_v1_runtimefix/build/A_PI_NATIVE_200/MG5_PROC/Source/ranmar.f	9bb6bbc5f1fda1df1a8df5d8518103b55a3f6c2b13874178b501b7272ecf2888	9bb6bbc5f1fda1df1a8df5d8518103b55a3f6c2b13874178b501b7272ecf2888	HISTORICAL_SUPERSEDED	NONE
.pack_a_native_clean/pi_ufo_baseline_v1_runtimefix/build/A_PI_NATIVE_200/MG5_PROC/Source/ranmar.o	archive/superseded/.pack_a_native_clean/pi_ufo_baseline_v1_runtimefix/build/A_PI_NATIVE_200/MG5_PROC/Source/ranmar.o	9e67345aa03630f1c1a20fb76f15ae34318dec2a5e0fdea1535a321339b8b871	9e67345aa03630f1c1a20fb76f15ae34318dec2a5e0fdea1535a321339b8b871	HISTORICAL_SUPERSEDED	NONE
.pack_a_native_clean/pi_ufo_baseline_v1_runtimefix/build/A_PI_NATIVE_200/MG5_PROC/Source/readgrid.f	archive/superseded/.pack_a_native_clean/pi_ufo_baseline_v1_runtimefix/build/A_PI_NATIVE_200/MG5_PROC/Source/readgrid.f	63a2121b9a34bb18b5de3d73102f3c4f542af0f79c2b1c1175c47ed7579b2ff5	63a2121b9a34bb18b5de3d73102f3c4f542af0f79c2b1c1175c47ed7579b2ff5	HISTORICAL_SUPERSEDED	NONE
.pack_a_native_clean/pi_ufo_baseline_v1_runtimefix/build/A_PI_NATIVE_200/MG5_PROC/Source/readgrid.o	archive/superseded/.pack_a_native_clean/pi_ufo_baseline_v1_runtimefix/build/A_PI_NATIVE_200/MG5_PROC/Source/readgrid.o	f83ee879dcc94f7aa5914a3a169043023e63e8cf250095724b97e07e2cccfae8	f83ee879dcc94f7aa5914a3a169043023e63e8cf250095724b97e07e2cccfae8	HISTORICAL_SUPERSEDED	NONE
.pack_a_native_clean/pi_ufo_baseline_v1_runtimefix/build/A_PI_NATIVE_200/MG5_PROC/Source/run.inc	archive/superseded/.pack_a_native_clean/pi_ufo_baseline_v1_runtimefix/build/A_PI_NATIVE_200/MG5_PROC/Source/run.inc	51e0098d5cb17d1c666fbb08c317f14e48f1d03cc4ed55d608546e9ef0c76330	51e0098d5cb17d1c666fbb08c317f14e48f1d03cc4ed55d608546e9ef0c76330	HISTORICAL_SUPERSEDED	NONE
.pack_a_native_clean/pi_ufo_baseline_v1_runtimefix/build/A_PI_NATIVE_200/MG5_PROC/Source/run_card.inc	archive/superseded/.pack_a_native_clean/pi_ufo_baseline_v1_runtimefix/build/A_PI_NATIVE_200/MG5_PROC/Source/run_card.inc	dba6315be87461b67fc0f73df2a6eb7728b4e8477586e4884103fcef0651186b	dba6315be87461b67fc0f73df2a6eb7728b4e8477586e4884103fcef0651186b	HISTORICAL_SUPERSEDED	NONE
.pack_a_native_clean/pi_ufo_baseline_v1_runtimefix/build/A_PI_NATIVE_200/MG5_PROC/Source/run_config.inc	archive/superseded/.pack_a_native_clean/pi_ufo_baseline_v1_runtimefix/build/A_PI_NATIVE_200/MG5_PROC/Source/run_config.inc	1026160b03fa7c648e8ae33423107663bce56c31e85bc4dedf6dfe0ec392df53	1026160b03fa7c648e8ae33423107663bce56c31e85bc4dedf6dfe0ec392df53	HISTORICAL_SUPERSEDED	NONE
.pack_a_native_clean/pi_ufo_baseline_v1_runtimefix/build/A_PI_NATIVE_200/MG5_PROC/Source/run_printout.f	archive/superseded/.pack_a_native_clean/pi_ufo_baseline_v1_runtimefix/build/A_PI_NATIVE_200/MG5_PROC/Source/run_printout.f	ee37cda1054daa5c9beabb9270734357f823cbf88135f729c537dd21db3e7cc0	ee37cda1054daa5c9beabb9270734357f823cbf88135f729c537dd21db3e7cc0	HISTORICAL_SUPERSEDED	NONE
.pack_a_native_clean/pi_ufo_baseline_v1_runtimefix/build/A_PI_NATIVE_200/MG5_PROC/Source/run_printout.o	archive/superseded/.pack_a_native_clean/pi_ufo_baseline_v1_runtimefix/build/A_PI_NATIVE_200/MG5_PROC/Source/run_printout.o	5743dddbf2c11f95e9d14243f51573a8e655862683165d745c6965234d60347c	5743dddbf2c11f95e9d14243f51573a8e655862683165d745c6965234d60347c	HISTORICAL_SUPERSEDED	NONE
.pack_a_native_clean/pi_ufo_baseline_v1_runtimefix/build/A_PI_NATIVE_200/MG5_PROC/Source/rw_events.f	archive/superseded/.pack_a_native_clean/pi_ufo_baseline_v1_runtimefix/build/A_PI_NATIVE_200/MG5_PROC/Source/rw_events.f	51fac40df2e39e0d20ddbdaed810aabe6e26203ce47f2b11871949085543b67a	51fac40df2e39e0d20ddbdaed810aabe6e26203ce47f2b11871949085543b67a	HISTORICAL_SUPERSEDED	NONE
.pack_a_native_clean/pi_ufo_baseline_v1_runtimefix/build/A_PI_NATIVE_200/MG5_PROC/Source/rw_events.o	archive/superseded/.pack_a_native_clean/pi_ufo_baseline_v1_runtimefix/build/A_PI_NATIVE_200/MG5_PROC/Source/rw_events.o	0b531926d4a22535f21748bfaa90b16932be35c4f9249461502de88c5ea2ddb2	0b531926d4a22535f21748bfaa90b16932be35c4f9249461502de88c5ea2ddb2	HISTORICAL_SUPERSEDED	NONE
.pack_a_native_clean/pi_ufo_baseline_v1_runtimefix/build/A_PI_NATIVE_200/MG5_PROC/Source/rw_events.short.f	archive/superseded/.pack_a_native_clean/pi_ufo_baseline_v1_runtimefix/build/A_PI_NATIVE_200/MG5_PROC/Source/rw_events.short.f	d5cebf605a60e58111a1dcd207c988aab8d1887aac2bdce922a1ebe8d29b8826	d5cebf605a60e58111a1dcd207c988aab8d1887aac2bdce922a1ebe8d29b8826	HISTORICAL_SUPERSEDED	NONE
.pack_a_native_clean/pi_ufo_baseline_v1_runtimefix/build/A_PI_NATIVE_200/MG5_PROC/Source/rw_routines.f	archive/superseded/.pack_a_native_clean/pi_ufo_baseline_v1_runtimefix/build/A_PI_NATIVE_200/MG5_PROC/Source/rw_routines.f	188c2f0a6eea8fcd656b2fbb874dfe89d10753722046dd546355ae1c90f65d97	188c2f0a6eea8fcd656b2fbb874dfe89d10753722046dd546355ae1c90f65d97	HISTORICAL_SUPERSEDED	NONE
.pack_a_native_clean/pi_ufo_baseline_v1_runtimefix/build/A_PI_NATIVE_200/MG5_PROC/Source/rw_routines.o	archive/superseded/.pack_a_native_clean/pi_ufo_baseline_v1_runtimefix/build/A_PI_NATIVE_200/MG5_PROC/Source/rw_routines.o	44daa17e53827ef5957ebd3e782a387d1d2826f99f234bfb9b0f9b90614299e9	44daa17e53827ef5957ebd3e782a387d1d2826f99f234bfb9b0f9b90614299e9	HISTORICAL_SUPERSEDED	NONE
.pack_a_native_clean/pi_ufo_baseline_v1_runtimefix/build/A_PI_NATIVE_200/MG5_PROC/Source/setrun.f	archive/superseded/.pack_a_native_clean/pi_ufo_baseline_v1_runtimefix/build/A_PI_NATIVE_200/MG5_PROC/Source/setrun.f	e3d7f0bc0104fb3f5bdbc1abdcbfb44e814196b080203ef4e88730672ac3ee36	e3d7f0bc0104fb3f5bdbc1abdcbfb44e814196b080203ef4e88730672ac3ee36	HISTORICAL_SUPERSEDED	NONE
.pack_a_native_clean/pi_ufo_baseline_v1_runtimefix/build/A_PI_NATIVE_200/MG5_PROC/Source/setrun.o	archive/superseded/.pack_a_native_clean/pi_ufo_baseline_v1_runtimefix/build/A_PI_NATIVE_200/MG5_PROC/Source/setrun.o	8c27aee518e8e2d914cf6d8a953a3ad8be5b3bd0a35d8699b4518ef32f6296c0	8c27aee518e8e2d914cf6d8a953a3ad8be5b3bd0a35d8699b4518ef32f6296c0	HISTORICAL_SUPERSEDED	NONE
.pack_a_native_clean/pi_ufo_baseline_v1_runtimefix/build/A_PI_NATIVE_200/MG5_PROC/Source/setrun_gen.f	archive/superseded/.pack_a_native_clean/pi_ufo_baseline_v1_runtimefix/build/A_PI_NATIVE_200/MG5_PROC/Source/setrun_gen.f	81d9d18da3ea2b1b58b50c849a3f6102ea645efb9e4f3579d99ff8213891e2a3	81d9d18da3ea2b1b58b50c849a3f6102ea645efb9e4f3579d99ff8213891e2a3	HISTORICAL_SUPERSEDED	NONE
.pack_a_native_clean/pi_ufo_baseline_v1_runtimefix/build/A_PI_NATIVE_200/MG5_PROC/Source/stringcast.mod	archive/superseded/.pack_a_native_clean/pi_ufo_baseline_v1_runtimefix/build/A_PI_NATIVE_200/MG5_PROC/Source/stringcast.mod	7cb587355608e64fb1841530e8a1504f83eae38eb1f4518354929eded48c465d	7cb587355608e64fb1841530e8a1504f83eae38eb1f4518354929eded48c465d	HISTORICAL_SUPERSEDED	NONE
.pack_a_native_clean/pi_ufo_baseline_v1_runtimefix/build/A_PI_NATIVE_200/MG5_PROC/Source/sudgrid.inc	archive/superseded/.pack_a_native_clean/pi_ufo_baseline_v1_runtimefix/build/A_PI_NATIVE_200/MG5_PROC/Source/sudgrid.inc	443cef573335a0b49daed651eed3641006938be5147b9e14af75680b4dcbf83e	443cef573335a0b49daed651eed3641006938be5147b9e14af75680b4dcbf83e	HISTORICAL_SUPERSEDED	NONE
.pack_a_native_clean/pi_ufo_baseline_v1_runtimefix/build/A_PI_NATIVE_200/MG5_PROC/Source/transpole.f	archive/superseded/.pack_a_native_clean/pi_ufo_baseline_v1_runtimefix/build/A_PI_NATIVE_200/MG5_PROC/Source/transpole.f	d801c01034e6b5e310566fdfd0879d2120dd512d71d442b9bd7be86480c98425	d801c01034e6b5e310566fdfd0879d2120dd512d71d442b9bd7be86480c98425	HISTORICAL_SUPERSEDED	NONE
.pack_a_native_clean/pi_ufo_baseline_v1_runtimefix/build/A_PI_NATIVE_200/MG5_PROC/Source/transpole.o	archive/superseded/.pack_a_native_clean/pi_ufo_baseline_v1_runtimefix/build/A_PI_NATIVE_200/MG5_PROC/Source/transpole.o	2229433690e76c088a7b9ea67d7f33fe7e0b605045dc5ad2204c90856ee24985	2229433690e76c088a7b9ea67d7f33fe7e0b605045dc5ad2204c90856ee24985	HISTORICAL_SUPERSEDED	NONE
.pack_a_native_clean/pi_ufo_baseline_v1_runtimefix/build/A_PI_NATIVE_200/MG5_PROC/SubProcesses/MGVersion.txt	archive/superseded/.pack_a_native_clean/pi_ufo_baseline_v1_runtimefix/build/A_PI_NATIVE_200/MG5_PROC/SubProcesses/MGVersion.txt	878103c645ee9a78bccb0be542dca18fd14c37ff9fa7e269250288da0cfb8217	878103c645ee9a78bccb0be542dca18fd14c37ff9fa7e269250288da0cfb8217	HISTORICAL_SUPERSEDED	NONE
.pack_a_native_clean/pi_ufo_baseline_v1_runtimefix/build/A_PI_NATIVE_200/MG5_PROC/SubProcesses/P1_gg_h2h2/G1.2/ftn26	archive/superseded/.pack_a_native_clean/pi_ufo_baseline_v1_runtimefix/build/A_PI_NATIVE_200/MG5_PROC/SubProcesses/P1_gg_h2h2/G1.2/ftn26	4c7c9a6e975a8e75c1bb0c44045f1ad74daa32d6baa16a20c116c90d63a1859e	4c7c9a6e975a8e75c1bb0c44045f1ad74daa32d6baa16a20c116c90d63a1859e	HISTORICAL_SUPERSEDED	NONE
.pack_a_native_clean/pi_ufo_baseline_v1_runtimefix/build/A_PI_NATIVE_200/MG5_PROC/SubProcesses/P1_gg_h2h2/G1.2/input_app.txt	archive/superseded/.pack_a_native_clean/pi_ufo_baseline_v1_runtimefix/build/A_PI_NATIVE_200/MG5_PROC/SubProcesses/P1_gg_h2h2/G1.2/input_app.txt	002f4212aebe88787395420602b9c84ee067b08a4e49dbe378eacba3e8df8d6c	002f4212aebe88787395420602b9c84ee067b08a4e49dbe378eacba3e8df8d6c	HISTORICAL_SUPERSEDED	NONE
.pack_a_native_clean/pi_ufo_baseline_v1_runtimefix/build/A_PI_NATIVE_200/MG5_PROC/SubProcesses/P1_gg_h2h2/G1.2/results.dat	archive/superseded/.pack_a_native_clean/pi_ufo_baseline_v1_runtimefix/build/A_PI_NATIVE_200/MG5_PROC/SubProcesses/P1_gg_h2h2/G1.2/results.dat	282278377b245918d1d250f80999ec8f9d6eae155980152ca05a5a717e222209	282278377b245918d1d250f80999ec8f9d6eae155980152ca05a5a717e222209	HISTORICAL_SUPERSEDED	NONE
.pack_a_native_clean/pi_ufo_baseline_v1_runtimefix/build/A_PI_NATIVE_200/MG5_PROC/SubProcesses/P1_gg_h2h2/G1.2/run1_app.log	archive/superseded/.pack_a_native_clean/pi_ufo_baseline_v1_runtimefix/build/A_PI_NATIVE_200/MG5_PROC/SubProcesses/P1_gg_h2h2/G1.2/run1_app.log	b84b1e67dc91eb291e2107fb522441759ace2e92c83b352af178c2a9adc1299a	b84b1e67dc91eb291e2107fb522441759ace2e92c83b352af178c2a9adc1299a	HISTORICAL_SUPERSEDED	NONE
.pack_a_native_clean/pi_ufo_baseline_v1_runtimefix/build/A_PI_NATIVE_200/MG5_PROC/SubProcesses/P1_gg_h2h2/G1.2/smoke_log.txt	archive/superseded/.pack_a_native_clean/pi_ufo_baseline_v1_runtimefix/build/A_PI_NATIVE_200/MG5_PROC/SubProcesses/P1_gg_h2h2/G1.2/smoke_log.txt	b84b1e67dc91eb291e2107fb522441759ace2e92c83b352af178c2a9adc1299a	b84b1e67dc91eb291e2107fb522441759ace2e92c83b352af178c2a9adc1299a	HISTORICAL_SUPERSEDED	NONE
.pack_a_native_clean/pi_ufo_baseline_v1_runtimefix/build/A_PI_NATIVE_200/MG5_PROC/SubProcesses/P1_gg_h2h2/Hel/events.lhe	archive/superseded/.pack_a_native_clean/pi_ufo_baseline_v1_runtimefix/build/A_PI_NATIVE_200/MG5_PROC/SubProcesses/P1_gg_h2h2/Hel/events.lhe	01ba4719c80b6fe911b091a7c05124b64eeece964e09c058ef8f9805daca546b	01ba4719c80b6fe911b091a7c05124b64eeece964e09c058ef8f9805daca546b	HISTORICAL_SUPERSEDED	NONE
.pack_a_native_clean/pi_ufo_baseline_v1_runtimefix/build/A_PI_NATIVE_200/MG5_PROC/SubProcesses/P1_gg_h2h2/Hel/grid_information	archive/superseded/.pack_a_native_clean/pi_ufo_baseline_v1_runtimefix/build/A_PI_NATIVE_200/MG5_PROC/SubProcesses/P1_gg_h2h2/Hel/grid_information	e16f1596201850fd4a63680b27f603cb64e67176159be3d8ed78a4403fdb1700	e16f1596201850fd4a63680b27f603cb64e67176159be3d8ed78a4403fdb1700	HISTORICAL_SUPERSEDED	NONE
.pack_a_native_clean/pi_ufo_baseline_v1_runtimefix/build/A_PI_NATIVE_200/MG5_PROC/SubProcesses/P1_gg_h2h2/Hel/input_app.txt	archive/superseded/.pack_a_native_clean/pi_ufo_baseline_v1_runtimefix/build/A_PI_NATIVE_200/MG5_PROC/SubProcesses/P1_gg_h2h2/Hel/input_app.txt	cde3ed6f372492dac968d0daf0b1eb8ac71603065437a4482dabb2db6862bfe4	cde3ed6f372492dac968d0daf0b1eb8ac71603065437a4482dabb2db6862bfe4	HISTORICAL_SUPERSEDED	NONE
.pack_a_native_clean/pi_ufo_baseline_v1_runtimefix/build/A_PI_NATIVE_200/MG5_PROC/SubProcesses/P1_gg_h2h2/Hel/results.dat	archive/superseded/.pack_a_native_clean/pi_ufo_baseline_v1_runtimefix/build/A_PI_NATIVE_200/MG5_PROC/SubProcesses/P1_gg_h2h2/Hel/results.dat	840f6a268d886884d7c3ad7f4f137eb4b67d48dcf0988dda566b96218fe06847	840f6a268d886884d7c3ad7f4f137eb4b67d48dcf0988dda566b96218fe06847	HISTORICAL_SUPERSEDED	NONE
.pack_a_native_clean/pi_ufo_baseline_v1_runtimefix/build/A_PI_NATIVE_200/MG5_PROC/SubProcesses/P1_gg_h2h2/Hel/selection	archive/superseded/.pack_a_native_clean/pi_ufo_baseline_v1_runtimefix/build/A_PI_NATIVE_200/MG5_PROC/SubProcesses/P1_gg_h2h2/Hel/selection	c286bcfc2082a589d24bbe3e95448960d35b7a79f87982c33d4e7e90f50d7d4c	c286bcfc2082a589d24bbe3e95448960d35b7a79f87982c33d4e7e90f50d7d4c	HISTORICAL_SUPERSEDED	NONE
.pack_a_native_clean/pi_ufo_baseline_v1_runtimefix/build/A_PI_NATIVE_200/MG5_PROC/SubProcesses/P1_gg_h2h2/addmothers.f	archive/superseded/.pack_a_native_clean/pi_ufo_baseline_v1_runtimefix/build/A_PI_NATIVE_200/MG5_PROC/SubProcesses/P1_gg_h2h2/addmothers.f			SYMLINK	NONE
.pack_a_native_clean/pi_ufo_baseline_v1_runtimefix/build/A_PI_NATIVE_200/MG5_PROC/SubProcesses/P1_gg_h2h2/addmothers.o	archive/superseded/.pack_a_native_clean/pi_ufo_baseline_v1_runtimefix/build/A_PI_NATIVE_200/MG5_PROC/SubProcesses/P1_gg_h2h2/addmothers.o	c5e68ec48fd20e86a7f942eca7888d746d79608933aac2283c490e9900c346aa	c5e68ec48fd20e86a7f942eca7888d746d79608933aac2283c490e9900c346aa	HISTORICAL_SUPERSEDED	NONE
.pack_a_native_clean/pi_ufo_baseline_v1_runtimefix/build/A_PI_NATIVE_200/MG5_PROC/SubProcesses/P1_gg_h2h2/auto_dsig.f	archive/superseded/.pack_a_native_clean/pi_ufo_baseline_v1_runtimefix/build/A_PI_NATIVE_200/MG5_PROC/SubProcesses/P1_gg_h2h2/auto_dsig.f	e414f39e668f6494af742835bf2039bd62cda4ce16a4c74f8c0fd0cc103fc869	e414f39e668f6494af742835bf2039bd62cda4ce16a4c74f8c0fd0cc103fc869	HISTORICAL_SUPERSEDED	NONE
.pack_a_native_clean/pi_ufo_baseline_v1_runtimefix/build/A_PI_NATIVE_200/MG5_PROC/SubProcesses/P1_gg_h2h2/auto_dsig.o	archive/superseded/.pack_a_native_clean/pi_ufo_baseline_v1_runtimefix/build/A_PI_NATIVE_200/MG5_PROC/SubProcesses/P1_gg_h2h2/auto_dsig.o	60d889f9047e49e3a66ad4902bdd8915f5d959e6da7bc1cc3d8c2c713d4fa03d	60d889f9047e49e3a66ad4902bdd8915f5d959e6da7bc1cc3d8c2c713d4fa03d	HISTORICAL_SUPERSEDED	NONE
.pack_a_native_clean/pi_ufo_baseline_v1_runtimefix/build/A_PI_NATIVE_200/MG5_PROC/SubProcesses/P1_gg_h2h2/auto_dsig1.f	archive/superseded/.pack_a_native_clean/pi_ufo_baseline_v1_runtimefix/build/A_PI_NATIVE_200/MG5_PROC/SubProcesses/P1_gg_h2h2/auto_dsig1.f	62c9db734d215dcbd3161672982d12e3cbfe876b843809360e35168d966df2a3	62c9db734d215dcbd3161672982d12e3cbfe876b843809360e35168d966df2a3	HISTORICAL_SUPERSEDED	NONE
.pack_a_native_clean/pi_ufo_baseline_v1_runtimefix/build/A_PI_NATIVE_200/MG5_PROC/SubProcesses/P1_gg_h2h2/auto_dsig1.o	archive/superseded/.pack_a_native_clean/pi_ufo_baseline_v1_runtimefix/build/A_PI_NATIVE_200/MG5_PROC/SubProcesses/P1_gg_h2h2/auto_dsig1.o	eec030377b324f0b376b25dda482ed6bb172e535a1b0fedfd0a97c20fac28d10	eec030377b324f0b376b25dda482ed6bb172e535a1b0fedfd0a97c20fac28d10	HISTORICAL_SUPERSEDED	NONE
.pack_a_native_clean/pi_ufo_baseline_v1_runtimefix/build/A_PI_NATIVE_200/MG5_PROC/SubProcesses/P1_gg_h2h2/cluster.f	archive/superseded/.pack_a_native_clean/pi_ufo_baseline_v1_runtimefix/build/A_PI_NATIVE_200/MG5_PROC/SubProcesses/P1_gg_h2h2/cluster.f			SYMLINK	NONE
.pack_a_native_clean/pi_ufo_baseline_v1_runtimefix/build/A_PI_NATIVE_200/MG5_PROC/SubProcesses/P1_gg_h2h2/cluster.inc	archive/superseded/.pack_a_native_clean/pi_ufo_baseline_v1_runtimefix/build/A_PI_NATIVE_200/MG5_PROC/SubProcesses/P1_gg_h2h2/cluster.inc			SYMLINK	NONE
.pack_a_native_clean/pi_ufo_baseline_v1_runtimefix/build/A_PI_NATIVE_200/MG5_PROC/SubProcesses/P1_gg_h2h2/cluster.o	archive/superseded/.pack_a_native_clean/pi_ufo_baseline_v1_runtimefix/build/A_PI_NATIVE_200/MG5_PROC/SubProcesses/P1_gg_h2h2/cluster.o	2b5a62dd230f57d6185a4d74f967a7655983faf231843fd0dcb59bd76742c8b4	2b5a62dd230f57d6185a4d74f967a7655983faf231843fd0dcb59bd76742c8b4	HISTORICAL_SUPERSEDED	NONE
.pack_a_native_clean/pi_ufo_baseline_v1_runtimefix/build/A_PI_NATIVE_200/MG5_PROC/SubProcesses/P1_gg_h2h2/coloramps.inc	archive/superseded/.pack_a_native_clean/pi_ufo_baseline_v1_runtimefix/build/A_PI_NATIVE_200/MG5_PROC/SubProcesses/P1_gg_h2h2/coloramps.inc	ec1006156ae22166a26ba3031a5f0a491d1cb00ade9ea92cb56de72253c912d6	ec1006156ae22166a26ba3031a5f0a491d1cb00ade9ea92cb56de72253c912d6	HISTORICAL_SUPERSEDED	NONE
.pack_a_native_clean/pi_ufo_baseline_v1_runtimefix/build/A_PI_NATIVE_200/MG5_PROC/SubProcesses/P1_gg_h2h2/config_nqcd.inc	archive/superseded/.pack_a_native_clean/pi_ufo_baseline_v1_runtimefix/build/A_PI_NATIVE_200/MG5_PROC/SubProcesses/P1_gg_h2h2/config_nqcd.inc	4e03443c8378f97d54bb44892e5802ab6911df9de56d83c4220f0bb3ae5a3e55	4e03443c8378f97d54bb44892e5802ab6911df9de56d83c4220f0bb3ae5a3e55	HISTORICAL_SUPERSEDED	NONE
.pack_a_native_clean/pi_ufo_baseline_v1_runtimefix/build/A_PI_NATIVE_200/MG5_PROC/SubProcesses/P1_gg_h2h2/config_subproc_map.inc	archive/superseded/.pack_a_native_clean/pi_ufo_baseline_v1_runtimefix/build/A_PI_NATIVE_200/MG5_PROC/SubProcesses/P1_gg_h2h2/config_subproc_map.inc	9e5897df67b51e186bb0938a67a490f3522f4ff37342920f709bbf190c0b08bd	9e5897df67b51e186bb0938a67a490f3522f4ff37342920f709bbf190c0b08bd	HISTORICAL_SUPERSEDED	NONE
.pack_a_native_clean/pi_ufo_baseline_v1_runtimefix/build/A_PI_NATIVE_200/MG5_PROC/SubProcesses/P1_gg_h2h2/configs.inc	archive/superseded/.pack_a_native_clean/pi_ufo_baseline_v1_runtimefix/build/A_PI_NATIVE_200/MG5_PROC/SubProcesses/P1_gg_h2h2/configs.inc	3ed151c1c2c37bacff3d3f5d549fdae017a5972d93c6964508b61c78efb764c5	3ed151c1c2c37bacff3d3f5d549fdae017a5972d93c6964508b61c78efb764c5	HISTORICAL_SUPERSEDED	NONE
.pack_a_native_clean/pi_ufo_baseline_v1_runtimefix/build/A_PI_NATIVE_200/MG5_PROC/SubProcesses/P1_gg_h2h2/coupl.inc	archive/superseded/.pack_a_native_clean/pi_ufo_baseline_v1_runtimefix/build/A_PI_NATIVE_200/MG5_PROC/SubProcesses/P1_gg_h2h2/coupl.inc			SYMLINK	NONE
.pack_a_native_clean/pi_ufo_baseline_v1_runtimefix/build/A_PI_NATIVE_200/MG5_PROC/SubProcesses/P1_gg_h2h2/cuts.f	archive/superseded/.pack_a_native_clean/pi_ufo_baseline_v1_runtimefix/build/A_PI_NATIVE_200/MG5_PROC/SubProcesses/P1_gg_h2h2/cuts.f			SYMLINK	NONE
.pack_a_native_clean/pi_ufo_baseline_v1_runtimefix/build/A_PI_NATIVE_200/MG5_PROC/SubProcesses/P1_gg_h2h2/cuts.inc	archive/superseded/.pack_a_native_clean/pi_ufo_baseline_v1_runtimefix/build/A_PI_NATIVE_200/MG5_PROC/SubProcesses/P1_gg_h2h2/cuts.inc			SYMLINK	NONE
.pack_a_native_clean/pi_ufo_baseline_v1_runtimefix/build/A_PI_NATIVE_200/MG5_PROC/SubProcesses/P1_gg_h2h2/cuts.o	archive/superseded/.pack_a_native_clean/pi_ufo_baseline_v1_runtimefix/build/A_PI_NATIVE_200/MG5_PROC/SubProcesses/P1_gg_h2h2/cuts.o	694eae2b2ca461007887d3bf29f6bcf708de03d40c6ccfcca783a874bd1d220c	694eae2b2ca461007887d3bf29f6bcf708de03d40c6ccfcca783a874bd1d220c	HISTORICAL_SUPERSEDED	NONE
.pack_a_native_clean/pi_ufo_baseline_v1_runtimefix/build/A_PI_NATIVE_200/MG5_PROC/SubProcesses/P1_gg_h2h2/decayBW.inc	archive/superseded/.pack_a_native_clean/pi_ufo_baseline_v1_runtimefix/build/A_PI_NATIVE_200/MG5_PROC/SubProcesses/P1_gg_h2h2/decayBW.inc	148f48bf08c4108079a92d88832d57c587222624e1f7162c630fa4eda0811e30	148f48bf08c4108079a92d88832d57c587222624e1f7162c630fa4eda0811e30	HISTORICAL_SUPERSEDED	NONE
.pack_a_native_clean/pi_ufo_baseline_v1_runtimefix/build/A_PI_NATIVE_200/MG5_PROC/SubProcesses/P1_gg_h2h2/dname.mg	archive/superseded/.pack_a_native_clean/pi_ufo_baseline_v1_runtimefix/build/A_PI_NATIVE_200/MG5_PROC/SubProcesses/P1_gg_h2h2/dname.mg	2a00b40a786dc11d4603044741b4928a9226546248113d765a939c04d5023287	2a00b40a786dc11d4603044741b4928a9226546248113d765a939c04d5023287	HISTORICAL_SUPERSEDED	NONE
.pack_a_native_clean/pi_ufo_baseline_v1_runtimefix/build/A_PI_NATIVE_200/MG5_PROC/SubProcesses/P1_gg_h2h2/driver.f	archive/superseded/.pack_a_native_clean/pi_ufo_baseline_v1_runtimefix/build/A_PI_NATIVE_200/MG5_PROC/SubProcesses/P1_gg_h2h2/driver.f	83c6311fbd89267d2ca13d29b26dd6ec0cc142d3fabde8e70905594e6dce5259	83c6311fbd89267d2ca13d29b26dd6ec0cc142d3fabde8e70905594e6dce5259	HISTORICAL_SUPERSEDED	NONE
.pack_a_native_clean/pi_ufo_baseline_v1_runtimefix/build/A_PI_NATIVE_200/MG5_PROC/SubProcesses/P1_gg_h2h2/driver.o	archive/superseded/.pack_a_native_clean/pi_ufo_baseline_v1_runtimefix/build/A_PI_NATIVE_200/MG5_PROC/SubProcesses/P1_gg_h2h2/driver.o	8183f080421e6f29d38d5f6e8196cd3a6b6a2f3c84d29ce1c9f0bbf833c68eff	8183f080421e6f29d38d5f6e8196cd3a6b6a2f3c84d29ce1c9f0bbf833c68eff	HISTORICAL_SUPERSEDED	NONE
.pack_a_native_clean/pi_ufo_baseline_v1_runtimefix/build/A_PI_NATIVE_200/MG5_PROC/SubProcesses/P1_gg_h2h2/dummy_fct.f	archive/superseded/.pack_a_native_clean/pi_ufo_baseline_v1_runtimefix/build/A_PI_NATIVE_200/MG5_PROC/SubProcesses/P1_gg_h2h2/dummy_fct.f			SYMLINK	NONE
.pack_a_native_clean/pi_ufo_baseline_v1_runtimefix/build/A_PI_NATIVE_200/MG5_PROC/SubProcesses/P1_gg_h2h2/dummy_fct.o	archive/superseded/.pack_a_native_clean/pi_ufo_baseline_v1_runtimefix/build/A_PI_NATIVE_200/MG5_PROC/SubProcesses/P1_gg_h2h2/dummy_fct.o	5b91de14ba4f3eb85f9c0f79a085719a3aeabe56f1902aeeab168b2189fbcc95	5b91de14ba4f3eb85f9c0f79a085719a3aeabe56f1902aeeab168b2189fbcc95	HISTORICAL_SUPERSEDED	NONE
.pack_a_native_clean/pi_ufo_baseline_v1_runtimefix/build/A_PI_NATIVE_200/MG5_PROC/SubProcesses/P1_gg_h2h2/genps.f	archive/superseded/.pack_a_native_clean/pi_ufo_baseline_v1_runtimefix/build/A_PI_NATIVE_200/MG5_PROC/SubProcesses/P1_gg_h2h2/genps.f			SYMLINK	NONE
.pack_a_native_clean/pi_ufo_baseline_v1_runtimefix/build/A_PI_NATIVE_200/MG5_PROC/SubProcesses/P1_gg_h2h2/genps.inc	archive/superseded/.pack_a_native_clean/pi_ufo_baseline_v1_runtimefix/build/A_PI_NATIVE_200/MG5_PROC/SubProcesses/P1_gg_h2h2/genps.inc			SYMLINK	NONE
.pack_a_native_clean/pi_ufo_baseline_v1_runtimefix/build/A_PI_NATIVE_200/MG5_PROC/SubProcesses/P1_gg_h2h2/genps.o	archive/superseded/.pack_a_native_clean/pi_ufo_baseline_v1_runtimefix/build/A_PI_NATIVE_200/MG5_PROC/SubProcesses/P1_gg_h2h2/genps.o	178fc27a7d5d88cdfe78d5542a81535e1d7046c913eb4e0c1ca0508e5ebccbe3	178fc27a7d5d88cdfe78d5542a81535e1d7046c913eb4e0c1ca0508e5ebccbe3	HISTORICAL_SUPERSEDED	NONE
.pack_a_native_clean/pi_ufo_baseline_v1_runtimefix/build/A_PI_NATIVE_200/MG5_PROC/SubProcesses/P1_gg_h2h2/gensym	archive/superseded/.pack_a_native_clean/pi_ufo_baseline_v1_runtimefix/build/A_PI_NATIVE_200/MG5_PROC/SubProcesses/P1_gg_h2h2/gensym	7361a998a8378da1051bc20300fa8a7afaf01cb3043647607071ccacae4d5ee1	7361a998a8378da1051bc20300fa8a7afaf01cb3043647607071ccacae4d5ee1	HISTORICAL_SUPERSEDED	NONE
.pack_a_native_clean/pi_ufo_baseline_v1_runtimefix/build/A_PI_NATIVE_200/MG5_PROC/SubProcesses/P1_gg_h2h2/get_color.f	archive/superseded/.pack_a_native_clean/pi_ufo_baseline_v1_runtimefix/build/A_PI_NATIVE_200/MG5_PROC/SubProcesses/P1_gg_h2h2/get_color.f	7678c371ee22b87c00b8007ed7d6f75e1bd3dd94d016bc1e8ccfcdf704097e37	7678c371ee22b87c00b8007ed7d6f75e1bd3dd94d016bc1e8ccfcdf704097e37	HISTORICAL_SUPERSEDED	NONE
.pack_a_native_clean/pi_ufo_baseline_v1_runtimefix/build/A_PI_NATIVE_200/MG5_PROC/SubProcesses/P1_gg_h2h2/get_color.o	archive/superseded/.pack_a_native_clean/pi_ufo_baseline_v1_runtimefix/build/A_PI_NATIVE_200/MG5_PROC/SubProcesses/P1_gg_h2h2/get_color.o	ce93b13295db5e0cdf885ecf79a58e30eefcd6f9b2eafa76e4eeb1cc2973b56b	ce93b13295db5e0cdf885ecf79a58e30eefcd6f9b2eafa76e4eeb1cc2973b56b	HISTORICAL_SUPERSEDED	NONE
.pack_a_native_clean/pi_ufo_baseline_v1_runtimefix/build/A_PI_NATIVE_200/MG5_PROC/SubProcesses/P1_gg_h2h2/idenparts.f	archive/superseded/.pack_a_native_clean/pi_ufo_baseline_v1_runtimefix/build/A_PI_NATIVE_200/MG5_PROC/SubProcesses/P1_gg_h2h2/idenparts.f			SYMLINK	NONE
.pack_a_native_clean/pi_ufo_baseline_v1_runtimefix/build/A_PI_NATIVE_200/MG5_PROC/SubProcesses/P1_gg_h2h2/idenparts.o	archive/superseded/.pack_a_native_clean/pi_ufo_baseline_v1_runtimefix/build/A_PI_NATIVE_200/MG5_PROC/SubProcesses/P1_gg_h2h2/idenparts.o	f8586ae21a69e28e327cf5abd6824e53d03411adfd2fd81a863531ab0cf95beb	f8586ae21a69e28e327cf5abd6824e53d03411adfd2fd81a863531ab0cf95beb	HISTORICAL_SUPERSEDED	NONE
.pack_a_native_clean/pi_ufo_baseline_v1_runtimefix/build/A_PI_NATIVE_200/MG5_PROC/SubProcesses/P1_gg_h2h2/initcluster.f	archive/superseded/.pack_a_native_clean/pi_ufo_baseline_v1_runtimefix/build/A_PI_NATIVE_200/MG5_PROC/SubProcesses/P1_gg_h2h2/initcluster.f			SYMLINK	NONE
.pack_a_native_clean/pi_ufo_baseline_v1_runtimefix/build/A_PI_NATIVE_200/MG5_PROC/SubProcesses/P1_gg_h2h2/initcluster.o	archive/superseded/.pack_a_native_clean/pi_ufo_baseline_v1_runtimefix/build/A_PI_NATIVE_200/MG5_PROC/SubProcesses/P1_gg_h2h2/initcluster.o	270aad248455b108d23c67fddfcc7537a765585a8668e1e3c3356963c992394b	270aad248455b108d23c67fddfcc7537a765585a8668e1e3c3356963c992394b	HISTORICAL_SUPERSEDED	NONE
.pack_a_native_clean/pi_ufo_baseline_v1_runtimefix/build/A_PI_NATIVE_200/MG5_PROC/SubProcesses/P1_gg_h2h2/input_app.txt	archive/superseded/.pack_a_native_clean/pi_ufo_baseline_v1_runtimefix/build/A_PI_NATIVE_200/MG5_PROC/SubProcesses/P1_gg_h2h2/input_app.txt	7c4cd2c702cdcb1ecf2f9f39708fccaa80c2a2b30492d40ae2b6c5cdf7bf3bbb	7c4cd2c702cdcb1ecf2f9f39708fccaa80c2a2b30492d40ae2b6c5cdf7bf3bbb	HISTORICAL_SUPERSEDED	NONE
.pack_a_native_clean/pi_ufo_baseline_v1_runtimefix/build/A_PI_NATIVE_200/MG5_PROC/SubProcesses/P1_gg_h2h2/iproc.dat	archive/superseded/.pack_a_native_clean/pi_ufo_baseline_v1_runtimefix/build/A_PI_NATIVE_200/MG5_PROC/SubProcesses/P1_gg_h2h2/iproc.dat	9f1484819efbd27552b308c7bef1309cb037d836d4a9e6962f6bc56c87399fbe	9f1484819efbd27552b308c7bef1309cb037d836d4a9e6962f6bc56c87399fbe	HISTORICAL_SUPERSEDED	NONE
.pack_a_native_clean/pi_ufo_baseline_v1_runtimefix/build/A_PI_NATIVE_200/MG5_PROC/SubProcesses/P1_gg_h2h2/leshouche.inc	archive/superseded/.pack_a_native_clean/pi_ufo_baseline_v1_runtimefix/build/A_PI_NATIVE_200/MG5_PROC/SubProcesses/P1_gg_h2h2/leshouche.inc	6733d8d79e190c01a5c265169f96382df5b8ad4af5d7b918a2ea933a35cb652a	6733d8d79e190c01a5c265169f96382df5b8ad4af5d7b918a2ea933a35cb652a	HISTORICAL_SUPERSEDED	NONE
.pack_a_native_clean/pi_ufo_baseline_v1_runtimefix/build/A_PI_NATIVE_200/MG5_PROC/SubProcesses/P1_gg_h2h2/lhe_event_infos.inc	archive/superseded/.pack_a_native_clean/pi_ufo_baseline_v1_runtimefix/build/A_PI_NATIVE_200/MG5_PROC/SubProcesses/P1_gg_h2h2/lhe_event_infos.inc			SYMLINK	NONE
.pack_a_native_clean/pi_ufo_baseline_v1_runtimefix/build/A_PI_NATIVE_200/MG5_PROC/SubProcesses/P1_gg_h2h2/madevent	archive/superseded/.pack_a_native_clean/pi_ufo_baseline_v1_runtimefix/build/A_PI_NATIVE_200/MG5_PROC/SubProcesses/P1_gg_h2h2/madevent	1c783d566a69db3932de6bd63f27803d66ac3e17649814316b939a2ee38295c4	1c783d566a69db3932de6bd63f27803d66ac3e17649814316b939a2ee38295c4	HISTORICAL_SUPERSEDED	NONE
.pack_a_native_clean/pi_ufo_baseline_v1_runtimefix/build/A_PI_NATIVE_200/MG5_PROC/SubProcesses/P1_gg_h2h2/madevent_forhel	archive/superseded/.pack_a_native_clean/pi_ufo_baseline_v1_runtimefix/build/A_PI_NATIVE_200/MG5_PROC/SubProcesses/P1_gg_h2h2/madevent_forhel	f375f6f1922d9cad716dc47bc5ed4eafe5791d4720d4440447c1b3a6e8c56b6e	f375f6f1922d9cad716dc47bc5ed4eafe5791d4720d4440447c1b3a6e8c56b6e	HISTORICAL_SUPERSEDED	NONE
.pack_a_native_clean/pi_ufo_baseline_v1_runtimefix/build/A_PI_NATIVE_200/MG5_PROC/SubProcesses/P1_gg_h2h2/makefile	archive/superseded/.pack_a_native_clean/pi_ufo_baseline_v1_runtimefix/build/A_PI_NATIVE_200/MG5_PROC/SubProcesses/P1_gg_h2h2/makefile			SYMLINK	NONE
.pack_a_native_clean/pi_ufo_baseline_v1_runtimefix/build/A_PI_NATIVE_200/MG5_PROC/SubProcesses/P1_gg_h2h2/matrix1.ps	archive/superseded/.pack_a_native_clean/pi_ufo_baseline_v1_runtimefix/build/A_PI_NATIVE_200/MG5_PROC/SubProcesses/P1_gg_h2h2/matrix1.ps	6e1945697f0bb5db13011a4c44c0a8fa6c73d773b0ac5e2a82d4444c5d7960da	6e1945697f0bb5db13011a4c44c0a8fa6c73d773b0ac5e2a82d4444c5d7960da	HISTORICAL_SUPERSEDED	NONE
.pack_a_native_clean/pi_ufo_baseline_v1_runtimefix/build/A_PI_NATIVE_200/MG5_PROC/SubProcesses/P1_gg_h2h2/matrix1_optim.f	archive/superseded/.pack_a_native_clean/pi_ufo_baseline_v1_runtimefix/build/A_PI_NATIVE_200/MG5_PROC/SubProcesses/P1_gg_h2h2/matrix1_optim.f	9a9710bf3fcd43c9349f2a21df83ce874b4385ff7ec4115d31ae445c537c3652	9a9710bf3fcd43c9349f2a21df83ce874b4385ff7ec4115d31ae445c537c3652	HISTORICAL_SUPERSEDED	NONE
.pack_a_native_clean/pi_ufo_baseline_v1_runtimefix/build/A_PI_NATIVE_200/MG5_PROC/SubProcesses/P1_gg_h2h2/matrix1_optim.o	archive/superseded/.pack_a_native_clean/pi_ufo_baseline_v1_runtimefix/build/A_PI_NATIVE_200/MG5_PROC/SubProcesses/P1_gg_h2h2/matrix1_optim.o	df2778f15eacc11e220aafead4cfb883fcf043af976ad2604d295d40458ec816	df2778f15eacc11e220aafead4cfb883fcf043af976ad2604d295d40458ec816	HISTORICAL_SUPERSEDED	NONE
.pack_a_native_clean/pi_ufo_baseline_v1_runtimefix/build/A_PI_NATIVE_200/MG5_PROC/SubProcesses/P1_gg_h2h2/matrix1_orig.f	archive/superseded/.pack_a_native_clean/pi_ufo_baseline_v1_runtimefix/build/A_PI_NATIVE_200/MG5_PROC/SubProcesses/P1_gg_h2h2/matrix1_orig.f	5ebdb85e08b66995891e93dde4b9467af38a2185e9a2a9ee6bee0f79670de195	5ebdb85e08b66995891e93dde4b9467af38a2185e9a2a9ee6bee0f79670de195	HISTORICAL_SUPERSEDED	NONE
.pack_a_native_clean/pi_ufo_baseline_v1_runtimefix/build/A_PI_NATIVE_200/MG5_PROC/SubProcesses/P1_gg_h2h2/matrix1_orig.o	archive/superseded/.pack_a_native_clean/pi_ufo_baseline_v1_runtimefix/build/A_PI_NATIVE_200/MG5_PROC/SubProcesses/P1_gg_h2h2/matrix1_orig.o	76e689d953c67931b40e2dcac39babe94645b7913f745e22de1829d3c6d72baf	76e689d953c67931b40e2dcac39babe94645b7913f745e22de1829d3c6d72baf	HISTORICAL_SUPERSEDED	NONE
.pack_a_native_clean/pi_ufo_baseline_v1_runtimefix/build/A_PI_NATIVE_200/MG5_PROC/SubProcesses/P1_gg_h2h2/maxamps.inc	archive/superseded/.pack_a_native_clean/pi_ufo_baseline_v1_runtimefix/build/A_PI_NATIVE_200/MG5_PROC/SubProcesses/P1_gg_h2h2/maxamps.inc	25f44ebb2a7b47b434d968a4d91a07af4e7652148710261c854ef0b13d363dcf	25f44ebb2a7b47b434d968a4d91a07af4e7652148710261c854ef0b13d363dcf	HISTORICAL_SUPERSEDED	NONE
.pack_a_native_clean/pi_ufo_baseline_v1_runtimefix/build/A_PI_NATIVE_200/MG5_PROC/SubProcesses/P1_gg_h2h2/maxconfigs.inc	archive/superseded/.pack_a_native_clean/pi_ufo_baseline_v1_runtimefix/build/A_PI_NATIVE_200/MG5_PROC/SubProcesses/P1_gg_h2h2/maxconfigs.inc			SYMLINK	NONE
.pack_a_native_clean/pi_ufo_baseline_v1_runtimefix/build/A_PI_NATIVE_200/MG5_PROC/SubProcesses/P1_gg_h2h2/maxparticles.inc	archive/superseded/.pack_a_native_clean/pi_ufo_baseline_v1_runtimefix/build/A_PI_NATIVE_200/MG5_PROC/SubProcesses/P1_gg_h2h2/maxparticles.inc			SYMLINK	NONE
.pack_a_native_clean/pi_ufo_baseline_v1_runtimefix/build/A_PI_NATIVE_200/MG5_PROC/SubProcesses/P1_gg_h2h2/message.inc	archive/superseded/.pack_a_native_clean/pi_ufo_baseline_v1_runtimefix/build/A_PI_NATIVE_200/MG5_PROC/SubProcesses/P1_gg_h2h2/message.inc			SYMLINK	NONE
.pack_a_native_clean/pi_ufo_baseline_v1_runtimefix/build/A_PI_NATIVE_200/MG5_PROC/SubProcesses/P1_gg_h2h2/mg.sym	archive/superseded/.pack_a_native_clean/pi_ufo_baseline_v1_runtimefix/build/A_PI_NATIVE_200/MG5_PROC/SubProcesses/P1_gg_h2h2/mg.sym	ce0beb5d3db56633838f88474455c79deba0d0ba4a099b11351d3db3921ab6e1	ce0beb5d3db56633838f88474455c79deba0d0ba4a099b11351d3db3921ab6e1	HISTORICAL_SUPERSEDED	NONE
.pack_a_native_clean/pi_ufo_baseline_v1_runtimefix/build/A_PI_NATIVE_200/MG5_PROC/SubProcesses/P1_gg_h2h2/mirrorprocs.inc	archive/superseded/.pack_a_native_clean/pi_ufo_baseline_v1_runtimefix/build/A_PI_NATIVE_200/MG5_PROC/SubProcesses/P1_gg_h2h2/mirrorprocs.inc	935a25c04c2fb91c02081b241829da3156e4269aeb0e32009dfeb83a04edd2c1	935a25c04c2fb91c02081b241829da3156e4269aeb0e32009dfeb83a04edd2c1	HISTORICAL_SUPERSEDED	NONE
.pack_a_native_clean/pi_ufo_baseline_v1_runtimefix/build/A_PI_NATIVE_200/MG5_PROC/SubProcesses/P1_gg_h2h2/myamp.f	archive/superseded/.pack_a_native_clean/pi_ufo_baseline_v1_runtimefix/build/A_PI_NATIVE_200/MG5_PROC/SubProcesses/P1_gg_h2h2/myamp.f			SYMLINK	NONE
.pack_a_native_clean/pi_ufo_baseline_v1_runtimefix/build/A_PI_NATIVE_200/MG5_PROC/SubProcesses/P1_gg_h2h2/myamp.o	archive/superseded/.pack_a_native_clean/pi_ufo_baseline_v1_runtimefix/build/A_PI_NATIVE_200/MG5_PROC/SubProcesses/P1_gg_h2h2/myamp.o	16dcee59ed339bdd826e30521b9aa5b898cbeaafb59a93b9b83c1a8e580b5f21	16dcee59ed339bdd826e30521b9aa5b898cbeaafb59a93b9b83c1a8e580b5f21	HISTORICAL_SUPERSEDED	NONE
.pack_a_native_clean/pi_ufo_baseline_v1_runtimefix/build/A_PI_NATIVE_200/MG5_PROC/SubProcesses/P1_gg_h2h2/ncombs.inc	archive/superseded/.pack_a_native_clean/pi_ufo_baseline_v1_runtimefix/build/A_PI_NATIVE_200/MG5_PROC/SubProcesses/P1_gg_h2h2/ncombs.inc	06bf072f92425bdfbe34d5da8c6c7f2bd1265799bdcd750f0d4ff3aaeff196d8	06bf072f92425bdfbe34d5da8c6c7f2bd1265799bdcd750f0d4ff3aaeff196d8	HISTORICAL_SUPERSEDED	NONE
.pack_a_native_clean/pi_ufo_baseline_v1_runtimefix/build/A_PI_NATIVE_200/MG5_PROC/SubProcesses/P1_gg_h2h2/nexternal.inc	archive/superseded/.pack_a_native_clean/pi_ufo_baseline_v1_runtimefix/build/A_PI_NATIVE_200/MG5_PROC/SubProcesses/P1_gg_h2h2/nexternal.inc	74fd71600ab057b2329dd63d20970faad5acc6b19819e455d0bbe4cf75680b28	74fd71600ab057b2329dd63d20970faad5acc6b19819e455d0bbe4cf75680b28	HISTORICAL_SUPERSEDED	NONE
.pack_a_native_clean/pi_ufo_baseline_v1_runtimefix/build/A_PI_NATIVE_200/MG5_PROC/SubProcesses/P1_gg_h2h2/ngraphs.inc	archive/superseded/.pack_a_native_clean/pi_ufo_baseline_v1_runtimefix/build/A_PI_NATIVE_200/MG5_PROC/SubProcesses/P1_gg_h2h2/ngraphs.inc	f025f52826df5616a1bbec3d33e320238090bd6bad71ee9bc1551cdfb42dfac9	f025f52826df5616a1bbec3d33e320238090bd6bad71ee9bc1551cdfb42dfac9	HISTORICAL_SUPERSEDED	NONE
.pack_a_native_clean/pi_ufo_baseline_v1_runtimefix/build/A_PI_NATIVE_200/MG5_PROC/SubProcesses/P1_gg_h2h2/pmass.inc	archive/superseded/.pack_a_native_clean/pi_ufo_baseline_v1_runtimefix/build/A_PI_NATIVE_200/MG5_PROC/SubProcesses/P1_gg_h2h2/pmass.inc	d82449c6077b613993a1d7818fd712f54c84524a103ed6d10c329143cc290ebe	d82449c6077b613993a1d7818fd712f54c84524a103ed6d10c329143cc290ebe	HISTORICAL_SUPERSEDED	NONE
.pack_a_native_clean/pi_ufo_baseline_v1_runtimefix/build/A_PI_NATIVE_200/MG5_PROC/SubProcesses/P1_gg_h2h2/processes.dat	archive/superseded/.pack_a_native_clean/pi_ufo_baseline_v1_runtimefix/build/A_PI_NATIVE_200/MG5_PROC/SubProcesses/P1_gg_h2h2/processes.dat	d02cb2e05bd9bc3a660ecf35d59c925045b9407ae2185908fc7ed57b84b991b5	d02cb2e05bd9bc3a660ecf35d59c925045b9407ae2185908fc7ed57b84b991b5	HISTORICAL_SUPERSEDED	NONE
.pack_a_native_clean/pi_ufo_baseline_v1_runtimefix/build/A_PI_NATIVE_200/MG5_PROC/SubProcesses/P1_gg_h2h2/props.inc	archive/superseded/.pack_a_native_clean/pi_ufo_baseline_v1_runtimefix/build/A_PI_NATIVE_200/MG5_PROC/SubProcesses/P1_gg_h2h2/props.inc	c8f09d5645099a2196e2ffc6b772a951772c587501a11fd665299f28df9ceb70	c8f09d5645099a2196e2ffc6b772a951772c587501a11fd665299f28df9ceb70	HISTORICAL_SUPERSEDED	NONE
.pack_a_native_clean/pi_ufo_baseline_v1_runtimefix/build/A_PI_NATIVE_200/MG5_PROC/SubProcesses/P1_gg_h2h2/reweight.f	archive/superseded/.pack_a_native_clean/pi_ufo_baseline_v1_runtimefix/build/A_PI_NATIVE_200/MG5_PROC/SubProcesses/P1_gg_h2h2/reweight.f			SYMLINK	NONE
.pack_a_native_clean/pi_ufo_baseline_v1_runtimefix/build/A_PI_NATIVE_200/MG5_PROC/SubProcesses/P1_gg_h2h2/reweight.o	archive/superseded/.pack_a_native_clean/pi_ufo_baseline_v1_runtimefix/build/A_PI_NATIVE_200/MG5_PROC/SubProcesses/P1_gg_h2h2/reweight.o	6c8724fd1aeae4fbf4f9f3c76538347cb1797afca4e8aa9f52d8798958ddc186	6c8724fd1aeae4fbf4f9f3c76538347cb1797afca4e8aa9f52d8798958ddc186	HISTORICAL_SUPERSEDED	NONE
.pack_a_native_clean/pi_ufo_baseline_v1_runtimefix/build/A_PI_NATIVE_200/MG5_PROC/SubProcesses/P1_gg_h2h2/run.inc	archive/superseded/.pack_a_native_clean/pi_ufo_baseline_v1_runtimefix/build/A_PI_NATIVE_200/MG5_PROC/SubProcesses/P1_gg_h2h2/run.inc			SYMLINK	NONE
.pack_a_native_clean/pi_ufo_baseline_v1_runtimefix/build/A_PI_NATIVE_200/MG5_PROC/SubProcesses/P1_gg_h2h2/run_config.inc	archive/superseded/.pack_a_native_clean/pi_ufo_baseline_v1_runtimefix/build/A_PI_NATIVE_200/MG5_PROC/SubProcesses/P1_gg_h2h2/run_config.inc			SYMLINK	NONE
.pack_a_native_clean/pi_ufo_baseline_v1_runtimefix/build/A_PI_NATIVE_200/MG5_PROC/SubProcesses/P1_gg_h2h2/setcuts.f	archive/superseded/.pack_a_native_clean/pi_ufo_baseline_v1_runtimefix/build/A_PI_NATIVE_200/MG5_PROC/SubProcesses/P1_gg_h2h2/setcuts.f			SYMLINK	NONE
.pack_a_native_clean/pi_ufo_baseline_v1_runtimefix/build/A_PI_NATIVE_200/MG5_PROC/SubProcesses/P1_gg_h2h2/setcuts.o	archive/superseded/.pack_a_native_clean/pi_ufo_baseline_v1_runtimefix/build/A_PI_NATIVE_200/MG5_PROC/SubProcesses/P1_gg_h2h2/setcuts.o	8d6b6cc9455bf671809f09333cf7655359be0c11d1302502157739d550975886	8d6b6cc9455bf671809f09333cf7655359be0c11d1302502157739d550975886	HISTORICAL_SUPERSEDED	NONE
.pack_a_native_clean/pi_ufo_baseline_v1_runtimefix/build/A_PI_NATIVE_200/MG5_PROC/SubProcesses/P1_gg_h2h2/setscales.f	archive/superseded/.pack_a_native_clean/pi_ufo_baseline_v1_runtimefix/build/A_PI_NATIVE_200/MG5_PROC/SubProcesses/P1_gg_h2h2/setscales.f			SYMLINK	NONE
.pack_a_native_clean/pi_ufo_baseline_v1_runtimefix/build/A_PI_NATIVE_200/MG5_PROC/SubProcesses/P1_gg_h2h2/setscales.o	archive/superseded/.pack_a_native_clean/pi_ufo_baseline_v1_runtimefix/build/A_PI_NATIVE_200/MG5_PROC/SubProcesses/P1_gg_h2h2/setscales.o	57be7ada425b994d430a888b3ffc10cc45bb1483978d24099ef0eecf9cc64c8f	57be7ada425b994d430a888b3ffc10cc45bb1483978d24099ef0eecf9cc64c8f	HISTORICAL_SUPERSEDED	NONE
.pack_a_native_clean/pi_ufo_baseline_v1_runtimefix/build/A_PI_NATIVE_200/MG5_PROC/SubProcesses/P1_gg_h2h2/sudakov.inc	archive/superseded/.pack_a_native_clean/pi_ufo_baseline_v1_runtimefix/build/A_PI_NATIVE_200/MG5_PROC/SubProcesses/P1_gg_h2h2/sudakov.inc			SYMLINK	NONE
.pack_a_native_clean/pi_ufo_baseline_v1_runtimefix/build/A_PI_NATIVE_200/MG5_PROC/SubProcesses/P1_gg_h2h2/symfact.dat	archive/superseded/.pack_a_native_clean/pi_ufo_baseline_v1_runtimefix/build/A_PI_NATIVE_200/MG5_PROC/SubProcesses/P1_gg_h2h2/symfact.dat	d41353f57e2a4260b59af832af1de7db5f6c90b3c64ffc3b13ce59ba4fe4a774	d41353f57e2a4260b59af832af1de7db5f6c90b3c64ffc3b13ce59ba4fe4a774	HISTORICAL_SUPERSEDED	NONE
.pack_a_native_clean/pi_ufo_baseline_v1_runtimefix/build/A_PI_NATIVE_200/MG5_PROC/SubProcesses/P1_gg_h2h2/symfact_orig.dat	archive/superseded/.pack_a_native_clean/pi_ufo_baseline_v1_runtimefix/build/A_PI_NATIVE_200/MG5_PROC/SubProcesses/P1_gg_h2h2/symfact_orig.dat	0f8d6984b4abd7a95420e165b32ff8258634f06eb5648c390575f726c0b045f6	0f8d6984b4abd7a95420e165b32ff8258634f06eb5648c390575f726c0b045f6	HISTORICAL_SUPERSEDED	NONE
.pack_a_native_clean/pi_ufo_baseline_v1_runtimefix/build/A_PI_NATIVE_200/MG5_PROC/SubProcesses/P1_gg_h2h2/symmetry.f	archive/superseded/.pack_a_native_clean/pi_ufo_baseline_v1_runtimefix/build/A_PI_NATIVE_200/MG5_PROC/SubProcesses/P1_gg_h2h2/symmetry.f			SYMLINK	NONE
.pack_a_native_clean/pi_ufo_baseline_v1_runtimefix/build/A_PI_NATIVE_200/MG5_PROC/SubProcesses/P1_gg_h2h2/symmetry.o	archive/superseded/.pack_a_native_clean/pi_ufo_baseline_v1_runtimefix/build/A_PI_NATIVE_200/MG5_PROC/SubProcesses/P1_gg_h2h2/symmetry.o	dfca6341955a8c7a0d4b7740e9f03a15898ff52f0205edb49201ca38860ebea0	dfca6341955a8c7a0d4b7740e9f03a15898ff52f0205edb49201ca38860ebea0	HISTORICAL_SUPERSEDED	NONE
.pack_a_native_clean/pi_ufo_baseline_v1_runtimefix/build/A_PI_NATIVE_200/MG5_PROC/SubProcesses/P1_gg_h2h2/symperms.inc	archive/superseded/.pack_a_native_clean/pi_ufo_baseline_v1_runtimefix/build/A_PI_NATIVE_200/MG5_PROC/SubProcesses/P1_gg_h2h2/symperms.inc	f1f1925d51fcba3df8d683d8c1ea6497c56d6dea4978686d428fccdc549b06fd	f1f1925d51fcba3df8d683d8c1ea6497c56d6dea4978686d428fccdc549b06fd	HISTORICAL_SUPERSEDED	NONE
.pack_a_native_clean/pi_ufo_baseline_v1_runtimefix/build/A_PI_NATIVE_200/MG5_PROC/SubProcesses/P1_gg_h2h2/symswap.inc	archive/superseded/.pack_a_native_clean/pi_ufo_baseline_v1_runtimefix/build/A_PI_NATIVE_200/MG5_PROC/SubProcesses/P1_gg_h2h2/symswap.inc	9eee3eaf8365eb19d489c170079bb88598bbb79744432fd88bfbc7c4449414c1	9eee3eaf8365eb19d489c170079bb88598bbb79744432fd88bfbc7c4449414c1	HISTORICAL_SUPERSEDED	NONE
.pack_a_native_clean/pi_ufo_baseline_v1_runtimefix/build/A_PI_NATIVE_200/MG5_PROC/SubProcesses/P1_gg_h2h2/template_matrix1.f	archive/superseded/.pack_a_native_clean/pi_ufo_baseline_v1_runtimefix/build/A_PI_NATIVE_200/MG5_PROC/SubProcesses/P1_gg_h2h2/template_matrix1.f	18401b1c27fd74a81ab55475b66469feaf6e28bcc9bc8c1157654b2e2770e2d2	18401b1c27fd74a81ab55475b66469feaf6e28bcc9bc8c1157654b2e2770e2d2	HISTORICAL_SUPERSEDED	NONE
.pack_a_native_clean/pi_ufo_baseline_v1_runtimefix/build/A_PI_NATIVE_200/MG5_PROC/SubProcesses/P1_gg_h2h2/unwgt.f	archive/superseded/.pack_a_native_clean/pi_ufo_baseline_v1_runtimefix/build/A_PI_NATIVE_200/MG5_PROC/SubProcesses/P1_gg_h2h2/unwgt.f			SYMLINK	NONE
.pack_a_native_clean/pi_ufo_baseline_v1_runtimefix/build/A_PI_NATIVE_200/MG5_PROC/SubProcesses/P1_gg_h2h2/unwgt.o	archive/superseded/.pack_a_native_clean/pi_ufo_baseline_v1_runtimefix/build/A_PI_NATIVE_200/MG5_PROC/SubProcesses/P1_gg_h2h2/unwgt.o	2f0586eb342f98a2b6e79fae3d5f296b920380f340230bd24f1f710e07aad1f2	2f0586eb342f98a2b6e79fae3d5f296b920380f340230bd24f1f710e07aad1f2	HISTORICAL_SUPERSEDED	NONE
.pack_a_native_clean/pi_ufo_baseline_v1_runtimefix/build/A_PI_NATIVE_200/MG5_PROC/SubProcesses/addmothers.f	archive/superseded/.pack_a_native_clean/pi_ufo_baseline_v1_runtimefix/build/A_PI_NATIVE_200/MG5_PROC/SubProcesses/addmothers.f	0e966f5242bdc70bbb96d606cd1aa73bfe40ea152d76a505600ad77a811a0120	0e966f5242bdc70bbb96d606cd1aa73bfe40ea152d76a505600ad77a811a0120	HISTORICAL_SUPERSEDED	NONE
.pack_a_native_clean/pi_ufo_baseline_v1_runtimefix/build/A_PI_NATIVE_200/MG5_PROC/SubProcesses/cluster.f	archive/superseded/.pack_a_native_clean/pi_ufo_baseline_v1_runtimefix/build/A_PI_NATIVE_200/MG5_PROC/SubProcesses/cluster.f	651a462c5d36410dd4092e6543bd9bac1e35d518ae01949ac654a165cf330d4a	651a462c5d36410dd4092e6543bd9bac1e35d518ae01949ac654a165cf330d4a	HISTORICAL_SUPERSEDED	NONE
.pack_a_native_clean/pi_ufo_baseline_v1_runtimefix/build/A_PI_NATIVE_200/MG5_PROC/SubProcesses/cluster.inc	archive/superseded/.pack_a_native_clean/pi_ufo_baseline_v1_runtimefix/build/A_PI_NATIVE_200/MG5_PROC/SubProcesses/cluster.inc	19710e29a625143930935b641cbbb38fe3e535224bc910f5982a9f77c7076d0a	19710e29a625143930935b641cbbb38fe3e535224bc910f5982a9f77c7076d0a	HISTORICAL_SUPERSEDED	NONE
.pack_a_native_clean/pi_ufo_baseline_v1_runtimefix/build/A_PI_NATIVE_200/MG5_PROC/SubProcesses/coupl.inc	archive/superseded/.pack_a_native_clean/pi_ufo_baseline_v1_runtimefix/build/A_PI_NATIVE_200/MG5_PROC/SubProcesses/coupl.inc			SYMLINK	NONE
.pack_a_native_clean/pi_ufo_baseline_v1_runtimefix/build/A_PI_NATIVE_200/MG5_PROC/SubProcesses/cuts.f	archive/superseded/.pack_a_native_clean/pi_ufo_baseline_v1_runtimefix/build/A_PI_NATIVE_200/MG5_PROC/SubProcesses/cuts.f	c077cc390dc052a8526ddb187c98005e08bab7e5d999c8c879b66a1500b65c2c	c077cc390dc052a8526ddb187c98005e08bab7e5d999c8c879b66a1500b65c2c	HISTORICAL_SUPERSEDED	NONE
.pack_a_native_clean/pi_ufo_baseline_v1_runtimefix/build/A_PI_NATIVE_200/MG5_PROC/SubProcesses/cuts.inc	archive/superseded/.pack_a_native_clean/pi_ufo_baseline_v1_runtimefix/build/A_PI_NATIVE_200/MG5_PROC/SubProcesses/cuts.inc			SYMLINK	NONE
.pack_a_native_clean/pi_ufo_baseline_v1_runtimefix/build/A_PI_NATIVE_200/MG5_PROC/SubProcesses/done	archive/superseded/.pack_a_native_clean/pi_ufo_baseline_v1_runtimefix/build/A_PI_NATIVE_200/MG5_PROC/SubProcesses/done	e3b0c44298fc1c149afbf4c8996fb92427ae41e4649b934ca495991b7852b855	e3b0c44298fc1c149afbf4c8996fb92427ae41e4649b934ca495991b7852b855	HISTORICAL_SUPERSEDED	NONE
.pack_a_native_clean/pi_ufo_baseline_v1_runtimefix/build/A_PI_NATIVE_200/MG5_PROC/SubProcesses/dummy_fct.f	archive/superseded/.pack_a_native_clean/pi_ufo_baseline_v1_runtimefix/build/A_PI_NATIVE_200/MG5_PROC/SubProcesses/dummy_fct.f	b3ac74b7ff05185bbe4a2e9647f501c53dc5fcd5502075b37c4a54179b3b1b33	b3ac74b7ff05185bbe4a2e9647f501c53dc5fcd5502075b37c4a54179b3b1b33	HISTORICAL_SUPERSEDED	NONE
.pack_a_native_clean/pi_ufo_baseline_v1_runtimefix/build/A_PI_NATIVE_200/MG5_PROC/SubProcesses/genps.f	archive/superseded/.pack_a_native_clean/pi_ufo_baseline_v1_runtimefix/build/A_PI_NATIVE_200/MG5_PROC/SubProcesses/genps.f	fff7a5138e8c171d5fa235c057cee987c31df92c551e890b3f62991a59bdede7	fff7a5138e8c171d5fa235c057cee987c31df92c551e890b3f62991a59bdede7	HISTORICAL_SUPERSEDED	NONE
.pack_a_native_clean/pi_ufo_baseline_v1_runtimefix/build/A_PI_NATIVE_200/MG5_PROC/SubProcesses/genps.inc	archive/superseded/.pack_a_native_clean/pi_ufo_baseline_v1_runtimefix/build/A_PI_NATIVE_200/MG5_PROC/SubProcesses/genps.inc			SYMLINK	NONE
.pack_a_native_clean/pi_ufo_baseline_v1_runtimefix/build/A_PI_NATIVE_200/MG5_PROC/SubProcesses/idenparts.f	archive/superseded/.pack_a_native_clean/pi_ufo_baseline_v1_runtimefix/build/A_PI_NATIVE_200/MG5_PROC/SubProcesses/idenparts.f	0584c11e0f53fba6a2747d1918150e2841ee6cead3972b3bdc50d1b9be9d5a0f	0584c11e0f53fba6a2747d1918150e2841ee6cead3972b3bdc50d1b9be9d5a0f	HISTORICAL_SUPERSEDED	NONE
.pack_a_native_clean/pi_ufo_baseline_v1_runtimefix/build/A_PI_NATIVE_200/MG5_PROC/SubProcesses/initcluster.f	archive/superseded/.pack_a_native_clean/pi_ufo_baseline_v1_runtimefix/build/A_PI_NATIVE_200/MG5_PROC/SubProcesses/initcluster.f	b83e276ade00f20369ad1d2f300ee21940e9650d60084eb7b59fa6e9da575704	b83e276ade00f20369ad1d2f300ee21940e9650d60084eb7b59fa6e9da575704	HISTORICAL_SUPERSEDED	NONE
.pack_a_native_clean/pi_ufo_baseline_v1_runtimefix/build/A_PI_NATIVE_200/MG5_PROC/SubProcesses/lhe_event_infos.inc	archive/superseded/.pack_a_native_clean/pi_ufo_baseline_v1_runtimefix/build/A_PI_NATIVE_200/MG5_PROC/SubProcesses/lhe_event_infos.inc			SYMLINK	NONE
.pack_a_native_clean/pi_ufo_baseline_v1_runtimefix/build/A_PI_NATIVE_200/MG5_PROC/SubProcesses/makefile	archive/superseded/.pack_a_native_clean/pi_ufo_baseline_v1_runtimefix/build/A_PI_NATIVE_200/MG5_PROC/SubProcesses/makefile	9704832a58bb3eb3ca1e8ac4db29f8735ae863c278f65a3b6537dc886b1ecd48	9704832a58bb3eb3ca1e8ac4db29f8735ae863c278f65a3b6537dc886b1ecd48	HISTORICAL_SUPERSEDED	NONE
.pack_a_native_clean/pi_ufo_baseline_v1_runtimefix/build/A_PI_NATIVE_200/MG5_PROC/SubProcesses/maxconfigs.inc	archive/superseded/.pack_a_native_clean/pi_ufo_baseline_v1_runtimefix/build/A_PI_NATIVE_200/MG5_PROC/SubProcesses/maxconfigs.inc			SYMLINK	NONE
.pack_a_native_clean/pi_ufo_baseline_v1_runtimefix/build/A_PI_NATIVE_200/MG5_PROC/SubProcesses/maxparticles.inc	archive/superseded/.pack_a_native_clean/pi_ufo_baseline_v1_runtimefix/build/A_PI_NATIVE_200/MG5_PROC/SubProcesses/maxparticles.inc			SYMLINK	NONE
.pack_a_native_clean/pi_ufo_baseline_v1_runtimefix/build/A_PI_NATIVE_200/MG5_PROC/SubProcesses/message.inc	archive/superseded/.pack_a_native_clean/pi_ufo_baseline_v1_runtimefix/build/A_PI_NATIVE_200/MG5_PROC/SubProcesses/message.inc	9d5515b45568d67213152a88a0ad8bdef0a8c4dfc9153c682293f8073942d0c5	9d5515b45568d67213152a88a0ad8bdef0a8c4dfc9153c682293f8073942d0c5	HISTORICAL_SUPERSEDED	NONE
.pack_a_native_clean/pi_ufo_baseline_v1_runtimefix/build/A_PI_NATIVE_200/MG5_PROC/SubProcesses/myamp.f	archive/superseded/.pack_a_native_clean/pi_ufo_baseline_v1_runtimefix/build/A_PI_NATIVE_200/MG5_PROC/SubProcesses/myamp.f	cb45cac4a4d64d5aa69c84b4c8ebd73c0c4ef3ad82cea55c451532705cdcbaa1	cb45cac4a4d64d5aa69c84b4c8ebd73c0c4ef3ad82cea55c451532705cdcbaa1	HISTORICAL_SUPERSEDED	NONE
.pack_a_native_clean/pi_ufo_baseline_v1_runtimefix/build/A_PI_NATIVE_200/MG5_PROC/SubProcesses/proc_characteristics	archive/superseded/.pack_a_native_clean/pi_ufo_baseline_v1_runtimefix/build/A_PI_NATIVE_200/MG5_PROC/SubProcesses/proc_characteristics	3eb390c2ed247d28d7e98a32c56a534342e277b1ce36a2d02111df9bb343e5a6	3eb390c2ed247d28d7e98a32c56a534342e277b1ce36a2d02111df9bb343e5a6	HISTORICAL_SUPERSEDED	NONE
.pack_a_native_clean/pi_ufo_baseline_v1_runtimefix/build/A_PI_NATIVE_200/MG5_PROC/SubProcesses/procdef_mg5.dat	archive/superseded/.pack_a_native_clean/pi_ufo_baseline_v1_runtimefix/build/A_PI_NATIVE_200/MG5_PROC/SubProcesses/procdef_mg5.dat	12cf2782a72af64a5d5232b6b831bb66503769d25803bb5d4efc46b0a81e0791	12cf2782a72af64a5d5232b6b831bb66503769d25803bb5d4efc46b0a81e0791	HISTORICAL_SUPERSEDED	NONE
.pack_a_native_clean/pi_ufo_baseline_v1_runtimefix/build/A_PI_NATIVE_200/MG5_PROC/SubProcesses/randinit	archive/superseded/.pack_a_native_clean/pi_ufo_baseline_v1_runtimefix/build/A_PI_NATIVE_200/MG5_PROC/SubProcesses/randinit	50c1ecf438c14af9edb07969a2e71bb2419b535b9283804f59f87d691f537245	50c1ecf438c14af9edb07969a2e71bb2419b535b9283804f59f87d691f537245	HISTORICAL_SUPERSEDED	NONE
.pack_a_native_clean/pi_ufo_baseline_v1_runtimefix/build/A_PI_NATIVE_200/MG5_PROC/SubProcesses/refine.sh	archive/superseded/.pack_a_native_clean/pi_ufo_baseline_v1_runtimefix/build/A_PI_NATIVE_200/MG5_PROC/SubProcesses/refine.sh	86fd2e92d3e8c3a2fff476b4ed8193616178868f98bf63e14cd8e9b6f94b6ff0	86fd2e92d3e8c3a2fff476b4ed8193616178868f98bf63e14cd8e9b6f94b6ff0	HISTORICAL_SUPERSEDED	NONE
.pack_a_native_clean/pi_ufo_baseline_v1_runtimefix/build/A_PI_NATIVE_200/MG5_PROC/SubProcesses/refine_splitted.sh	archive/superseded/.pack_a_native_clean/pi_ufo_baseline_v1_runtimefix/build/A_PI_NATIVE_200/MG5_PROC/SubProcesses/refine_splitted.sh	ce244c7d9c40098c9459fccf4153886201f00ab35c232eb69fe9b021448056c4	ce244c7d9c40098c9459fccf4153886201f00ab35c232eb69fe9b021448056c4	HISTORICAL_SUPERSEDED	NONE
.pack_a_native_clean/pi_ufo_baseline_v1_runtimefix/build/A_PI_NATIVE_200/MG5_PROC/SubProcesses/results.dat	archive/superseded/.pack_a_native_clean/pi_ufo_baseline_v1_runtimefix/build/A_PI_NATIVE_200/MG5_PROC/SubProcesses/results.dat	a93ff072db22f38a1412cbdf304d8a37a35e566fb4520636c96777948fdecffe	a93ff072db22f38a1412cbdf304d8a37a35e566fb4520636c96777948fdecffe	HISTORICAL_SUPERSEDED	NONE
.pack_a_native_clean/pi_ufo_baseline_v1_runtimefix/build/A_PI_NATIVE_200/MG5_PROC/SubProcesses/reweight.f	archive/superseded/.pack_a_native_clean/pi_ufo_baseline_v1_runtimefix/build/A_PI_NATIVE_200/MG5_PROC/SubProcesses/reweight.f	a505ba2611cee9c335b94d016956fbdd07c981431009c944e1561c02d4fd1014	a505ba2611cee9c335b94d016956fbdd07c981431009c944e1561c02d4fd1014	HISTORICAL_SUPERSEDED	NONE
.pack_a_native_clean/pi_ufo_baseline_v1_runtimefix/build/A_PI_NATIVE_200/MG5_PROC/SubProcesses/run.inc	archive/superseded/.pack_a_native_clean/pi_ufo_baseline_v1_runtimefix/build/A_PI_NATIVE_200/MG5_PROC/SubProcesses/run.inc			SYMLINK	NONE
.pack_a_native_clean/pi_ufo_baseline_v1_runtimefix/build/A_PI_NATIVE_200/MG5_PROC/SubProcesses/run_config.inc	archive/superseded/.pack_a_native_clean/pi_ufo_baseline_v1_runtimefix/build/A_PI_NATIVE_200/MG5_PROC/SubProcesses/run_config.inc			SYMLINK	NONE
.pack_a_native_clean/pi_ufo_baseline_v1_runtimefix/build/A_PI_NATIVE_200/MG5_PROC/SubProcesses/setcuts.f	archive/superseded/.pack_a_native_clean/pi_ufo_baseline_v1_runtimefix/build/A_PI_NATIVE_200/MG5_PROC/SubProcesses/setcuts.f	f0e3e5e3ad3f5599fa56aa7baef614112e383ee51701caa38d16c977185cab18	f0e3e5e3ad3f5599fa56aa7baef614112e383ee51701caa38d16c977185cab18	HISTORICAL_SUPERSEDED	NONE
.pack_a_native_clean/pi_ufo_baseline_v1_runtimefix/build/A_PI_NATIVE_200/MG5_PROC/SubProcesses/setscales.f	archive/superseded/.pack_a_native_clean/pi_ufo_baseline_v1_runtimefix/build/A_PI_NATIVE_200/MG5_PROC/SubProcesses/setscales.f	6308378112ef4dfcf12af53bf322f1c564294fc98e63948bd7323fb13a004c28	6308378112ef4dfcf12af53bf322f1c564294fc98e63948bd7323fb13a004c28	HISTORICAL_SUPERSEDED	NONE
.pack_a_native_clean/pi_ufo_baseline_v1_runtimefix/build/A_PI_NATIVE_200/MG5_PROC/SubProcesses/subproc.mg	archive/superseded/.pack_a_native_clean/pi_ufo_baseline_v1_runtimefix/build/A_PI_NATIVE_200/MG5_PROC/SubProcesses/subproc.mg	25373adac33ffc2eabb28ca6d596ab3b4d709f0354f6ffc5f1313b0a80dbff86	25373adac33ffc2eabb28ca6d596ab3b4d709f0354f6ffc5f1313b0a80dbff86	HISTORICAL_SUPERSEDED	NONE
.pack_a_native_clean/pi_ufo_baseline_v1_runtimefix/build/A_PI_NATIVE_200/MG5_PROC/SubProcesses/subproc.txt	archive/superseded/.pack_a_native_clean/pi_ufo_baseline_v1_runtimefix/build/A_PI_NATIVE_200/MG5_PROC/SubProcesses/subproc.txt	d9cd0ac93ce2f17b682820fae7d43be3065b27acff843c228e939af3a27c94e1	d9cd0ac93ce2f17b682820fae7d43be3065b27acff843c228e939af3a27c94e1	HISTORICAL_SUPERSEDED	NONE
.pack_a_native_clean/pi_ufo_baseline_v1_runtimefix/build/A_PI_NATIVE_200/MG5_PROC/SubProcesses/sudakov.inc	archive/superseded/.pack_a_native_clean/pi_ufo_baseline_v1_runtimefix/build/A_PI_NATIVE_200/MG5_PROC/SubProcesses/sudakov.inc	e9271a4ce6644118a2feb3d4da31c6c9f4a928a9877999b45a24fe76a960676c	e9271a4ce6644118a2feb3d4da31c6c9f4a928a9877999b45a24fe76a960676c	HISTORICAL_SUPERSEDED	NONE
.pack_a_native_clean/pi_ufo_baseline_v1_runtimefix/build/A_PI_NATIVE_200/MG5_PROC/SubProcesses/survey.sh	archive/superseded/.pack_a_native_clean/pi_ufo_baseline_v1_runtimefix/build/A_PI_NATIVE_200/MG5_PROC/SubProcesses/survey.sh	94975fb5487b8ca1f888a4dd285eb474671616f67347724c002a038ecd364077	94975fb5487b8ca1f888a4dd285eb474671616f67347724c002a038ecd364077	HISTORICAL_SUPERSEDED	NONE
.pack_a_native_clean/pi_ufo_baseline_v1_runtimefix/build/A_PI_NATIVE_200/MG5_PROC/SubProcesses/symmetry.f	archive/superseded/.pack_a_native_clean/pi_ufo_baseline_v1_runtimefix/build/A_PI_NATIVE_200/MG5_PROC/SubProcesses/symmetry.f	ac58500c883d11c50631e4fa6443c3445c1b0babf74f792191237fa4639c79c3	ac58500c883d11c50631e4fa6443c3445c1b0babf74f792191237fa4639c79c3	HISTORICAL_SUPERSEDED	NONE
.pack_a_native_clean/pi_ufo_baseline_v1_runtimefix/build/A_PI_NATIVE_200/MG5_PROC/SubProcesses/unwgt.f	archive/superseded/.pack_a_native_clean/pi_ufo_baseline_v1_runtimefix/build/A_PI_NATIVE_200/MG5_PROC/SubProcesses/unwgt.f	fafc8b2fc8e652c363a455fcf729dd113338111e799dd96478c351d0746303a3	fafc8b2fc8e652c363a455fcf729dd113338111e799dd96478c351d0746303a3	HISTORICAL_SUPERSEDED	NONE
.pack_a_native_clean/pi_ufo_baseline_v1_runtimefix/build/A_PI_NATIVE_200/MG5_PROC/TemplateVersion.txt	archive/superseded/.pack_a_native_clean/pi_ufo_baseline_v1_runtimefix/build/A_PI_NATIVE_200/MG5_PROC/TemplateVersion.txt	732f64d874f90788c0199b0c19bfd9b3b6436e140114e53e462832532d74c61c	732f64d874f90788c0199b0c19bfd9b3b6436e140114e53e462832532d74c61c	HISTORICAL_SUPERSEDED	NONE
.pack_a_native_clean/pi_ufo_baseline_v1_runtimefix/build/A_PI_NATIVE_200/MG5_PROC/bin/cleanall	archive/superseded/.pack_a_native_clean/pi_ufo_baseline_v1_runtimefix/build/A_PI_NATIVE_200/MG5_PROC/bin/cleanall	72f285016ba0ab688a54eeca202b4355c219fb7f71df42b543ce107cc6b88e83	72f285016ba0ab688a54eeca202b4355c219fb7f71df42b543ce107cc6b88e83	HISTORICAL_SUPERSEDED	NONE
.pack_a_native_clean/pi_ufo_baseline_v1_runtimefix/build/A_PI_NATIVE_200/MG5_PROC/bin/generate_events	archive/superseded/.pack_a_native_clean/pi_ufo_baseline_v1_runtimefix/build/A_PI_NATIVE_200/MG5_PROC/bin/generate_events	3b454a48b9ee004458c0f67333711f05b2bb77ddfb0adb6c2edaddea7142c904	3b454a48b9ee004458c0f67333711f05b2bb77ddfb0adb6c2edaddea7142c904	HISTORICAL_SUPERSEDED	NONE
.pack_a_native_clean/pi_ufo_baseline_v1_runtimefix/build/A_PI_NATIVE_200/MG5_PROC/bin/internal/FO_analyse_card.py	archive/superseded/.pack_a_native_clean/pi_ufo_baseline_v1_runtimefix/build/A_PI_NATIVE_200/MG5_PROC/bin/internal/FO_analyse_card.py	a43b37ac9ee097deb85e4f1b5abca970b9ed32188d33f811f618b77ec4ce6ac6	a43b37ac9ee097deb85e4f1b5abca970b9ed32188d33f811f618b77ec4ce6ac6	HISTORICAL_SUPERSEDED	NONE
.pack_a_native_clean/pi_ufo_baseline_v1_runtimefix/build/A_PI_NATIVE_200/MG5_PROC/bin/internal/Gridpack/TheChopper-pl	archive/superseded/.pack_a_native_clean/pi_ufo_baseline_v1_runtimefix/build/A_PI_NATIVE_200/MG5_PROC/bin/internal/Gridpack/TheChopper-pl	f29c49ca38de88342aac701816f450e16c43a0ebd7fe7108d33155d25b8307ab	f29c49ca38de88342aac701816f450e16c43a0ebd7fe7108d33155d25b8307ab	HISTORICAL_SUPERSEDED	NONE
.pack_a_native_clean/pi_ufo_baseline_v1_runtimefix/build/A_PI_NATIVE_200/MG5_PROC/bin/internal/Gridpack/clean4grid	archive/superseded/.pack_a_native_clean/pi_ufo_baseline_v1_runtimefix/build/A_PI_NATIVE_200/MG5_PROC/bin/internal/Gridpack/clean4grid	f70e6afe62424341b6e1027081e0da581aa40346395813def5e91d04e0b3f333	f70e6afe62424341b6e1027081e0da581aa40346395813def5e91d04e0b3f333	HISTORICAL_SUPERSEDED	NONE
.pack_a_native_clean/pi_ufo_baseline_v1_runtimefix/build/A_PI_NATIVE_200/MG5_PROC/bin/internal/Gridpack/compile	archive/superseded/.pack_a_native_clean/pi_ufo_baseline_v1_runtimefix/build/A_PI_NATIVE_200/MG5_PROC/bin/internal/Gridpack/compile	997f461bc3478232ed4fb91e8b78daf153fddddfd31f266c52cab170cde69835	997f461bc3478232ed4fb91e8b78daf153fddddfd31f266c52cab170cde69835	HISTORICAL_SUPERSEDED	NONE
.pack_a_native_clean/pi_ufo_baseline_v1_runtimefix/build/A_PI_NATIVE_200/MG5_PROC/bin/internal/Gridpack/gridrun	archive/superseded/.pack_a_native_clean/pi_ufo_baseline_v1_runtimefix/build/A_PI_NATIVE_200/MG5_PROC/bin/internal/Gridpack/gridrun	cac88b757101714b1a5f6f994d98a1a732b3ab3dd42653d77761bb4a01401e49	cac88b757101714b1a5f6f994d98a1a732b3ab3dd42653d77761bb4a01401e49	HISTORICAL_SUPERSEDED	NONE
.pack_a_native_clean/pi_ufo_baseline_v1_runtimefix/build/A_PI_NATIVE_200/MG5_PROC/bin/internal/Gridpack/refine4grid	archive/superseded/.pack_a_native_clean/pi_ufo_baseline_v1_runtimefix/build/A_PI_NATIVE_200/MG5_PROC/bin/internal/Gridpack/refine4grid	04309e5de8ebd7fe140463b17dcb127e2d00f6c2155d0008526d8f0bca119f60	04309e5de8ebd7fe140463b17dcb127e2d00f6c2155d0008526d8f0bca119f60	HISTORICAL_SUPERSEDED	NONE
.pack_a_native_clean/pi_ufo_baseline_v1_runtimefix/build/A_PI_NATIVE_200/MG5_PROC/bin/internal/Gridpack/replace.pl	archive/superseded/.pack_a_native_clean/pi_ufo_baseline_v1_runtimefix/build/A_PI_NATIVE_200/MG5_PROC/bin/internal/Gridpack/replace.pl	e476e4e0d5c7db8ca88ceb94fefe564a03b43c70af7915e76cd4d735607013f4	e476e4e0d5c7db8ca88ceb94fefe564a03b43c70af7915e76cd4d735607013f4	HISTORICAL_SUPERSEDED	NONE
.pack_a_native_clean/pi_ufo_baseline_v1_runtimefix/build/A_PI_NATIVE_200/MG5_PROC/bin/internal/Gridpack/run.sh	archive/superseded/.pack_a_native_clean/pi_ufo_baseline_v1_runtimefix/build/A_PI_NATIVE_200/MG5_PROC/bin/internal/Gridpack/run.sh	3077a291e502ae5f351aa21a58cbe070720f2ba9612eeb8b18e443af96382d4c	3077a291e502ae5f351aa21a58cbe070720f2ba9612eeb8b18e443af96382d4c	HISTORICAL_SUPERSEDED	NONE
.pack_a_native_clean/pi_ufo_baseline_v1_runtimefix/build/A_PI_NATIVE_200/MG5_PROC/bin/internal/__init__.py	archive/superseded/.pack_a_native_clean/pi_ufo_baseline_v1_runtimefix/build/A_PI_NATIVE_200/MG5_PROC/bin/internal/__init__.py	6371c71acf6135d279bc3935b7fae4f758ba3e583f15978b9cea8adc52dccf26	6371c71acf6135d279bc3935b7fae4f758ba3e583f15978b9cea8adc52dccf26	HISTORICAL_SUPERSEDED	NONE
.pack_a_native_clean/pi_ufo_baseline_v1_runtimefix/build/A_PI_NATIVE_200/MG5_PROC/bin/internal/__pycache__/FO_analyse_card.cpython-312.opt-1.pyc	archive/superseded/.pack_a_native_clean/pi_ufo_baseline_v1_runtimefix/build/A_PI_NATIVE_200/MG5_PROC/bin/internal/__pycache__/FO_analyse_card.cpython-312.opt-1.pyc	6aca05f9f1dc3ee3a583bffb36dd372ab366d29a678eb43dadd2035a76c6c31c	6aca05f9f1dc3ee3a583bffb36dd372ab366d29a678eb43dadd2035a76c6c31c	HISTORICAL_SUPERSEDED	NONE
.pack_a_native_clean/pi_ufo_baseline_v1_runtimefix/build/A_PI_NATIVE_200/MG5_PROC/bin/internal/__pycache__/__init__.cpython-312.opt-1.pyc	archive/superseded/.pack_a_native_clean/pi_ufo_baseline_v1_runtimefix/build/A_PI_NATIVE_200/MG5_PROC/bin/internal/__pycache__/__init__.cpython-312.opt-1.pyc	4d8fd2fe65e2f43ce84f2c39bb7ab1533866e186484e8111ecb0a1a940448306	4d8fd2fe65e2f43ce84f2c39bb7ab1533866e186484e8111ecb0a1a940448306	HISTORICAL_SUPERSEDED	NONE
.pack_a_native_clean/pi_ufo_baseline_v1_runtimefix/build/A_PI_NATIVE_200/MG5_PROC/bin/internal/__pycache__/banner.cpython-312.opt-1.pyc	archive/superseded/.pack_a_native_clean/pi_ufo_baseline_v1_runtimefix/build/A_PI_NATIVE_200/MG5_PROC/bin/internal/__pycache__/banner.cpython-312.opt-1.pyc	1f5933cfbc0e9c5b4d8d5be54866bbb6d7085c428f49e19797fc802ecc218385	1f5933cfbc0e9c5b4d8d5be54866bbb6d7085c428f49e19797fc802ecc218385	HISTORICAL_SUPERSEDED	NONE
.pack_a_native_clean/pi_ufo_baseline_v1_runtimefix/build/A_PI_NATIVE_200/MG5_PROC/bin/internal/__pycache__/check_param_card.cpython-312.opt-1.pyc	archive/superseded/.pack_a_native_clean/pi_ufo_baseline_v1_runtimefix/build/A_PI_NATIVE_200/MG5_PROC/bin/internal/__pycache__/check_param_card.cpython-312.opt-1.pyc	1a0fb3a3d13c41bd5b45122d09f29542ab430ed9ffae9cd01e0f1adfbe6d70fc	1a0fb3a3d13c41bd5b45122d09f29542ab430ed9ffae9cd01e0f1adfbe6d70fc	HISTORICAL_SUPERSEDED	NONE
.pack_a_native_clean/pi_ufo_baseline_v1_runtimefix/build/A_PI_NATIVE_200/MG5_PROC/bin/internal/__pycache__/cluster.cpython-312.opt-1.pyc	archive/superseded/.pack_a_native_clean/pi_ufo_baseline_v1_runtimefix/build/A_PI_NATIVE_200/MG5_PROC/bin/internal/__pycache__/cluster.cpython-312.opt-1.pyc	ef13fb41b43b9a393ab84583b4c0102f3591b73f2162d2d91470995c2d5c4b69	ef13fb41b43b9a393ab84583b4c0102f3591b73f2162d2d91470995c2d5c4b69	HISTORICAL_SUPERSEDED	NONE
.pack_a_native_clean/pi_ufo_baseline_v1_runtimefix/build/A_PI_NATIVE_200/MG5_PROC/bin/internal/__pycache__/coloring_logging.cpython-312.opt-1.pyc	archive/superseded/.pack_a_native_clean/pi_ufo_baseline_v1_runtimefix/build/A_PI_NATIVE_200/MG5_PROC/bin/internal/__pycache__/coloring_logging.cpython-312.opt-1.pyc	6c3ba6c4ea8e4f635fdd2e5530c2c6482b914ecdb9e23a1e295bb77485a1ac1f	6c3ba6c4ea8e4f635fdd2e5530c2c6482b914ecdb9e23a1e295bb77485a1ac1f	HISTORICAL_SUPERSEDED	NONE
.pack_a_native_clean/pi_ufo_baseline_v1_runtimefix/build/A_PI_NATIVE_200/MG5_PROC/bin/internal/__pycache__/combine_grid.cpython-312.opt-1.pyc	archive/superseded/.pack_a_native_clean/pi_ufo_baseline_v1_runtimefix/build/A_PI_NATIVE_200/MG5_PROC/bin/internal/__pycache__/combine_grid.cpython-312.opt-1.pyc	df65a2fe778dbf7909afd4a263fabd0dc4dbeff366436a701685f7417add385c	df65a2fe778dbf7909afd4a263fabd0dc4dbeff366436a701685f7417add385c	HISTORICAL_SUPERSEDED	NONE
.pack_a_native_clean/pi_ufo_baseline_v1_runtimefix/build/A_PI_NATIVE_200/MG5_PROC/bin/internal/__pycache__/combine_runs.cpython-312.opt-1.pyc	archive/superseded/.pack_a_native_clean/pi_ufo_baseline_v1_runtimefix/build/A_PI_NATIVE_200/MG5_PROC/bin/internal/__pycache__/combine_runs.cpython-312.opt-1.pyc	cb2f73558c89ed4b426a47a5861ad4d3f702321435eaa10abb61dd15284b810e	cb2f73558c89ed4b426a47a5861ad4d3f702321435eaa10abb61dd15284b810e	HISTORICAL_SUPERSEDED	NONE
.pack_a_native_clean/pi_ufo_baseline_v1_runtimefix/build/A_PI_NATIVE_200/MG5_PROC/bin/internal/__pycache__/common_run_interface.cpython-312.opt-1.pyc	archive/superseded/.pack_a_native_clean/pi_ufo_baseline_v1_runtimefix/build/A_PI_NATIVE_200/MG5_PROC/bin/internal/__pycache__/common_run_interface.cpython-312.opt-1.pyc	fae81f8f2fed4d95ca1566acaf68bb17e310cad97186590c910c0b06fae21694	fae81f8f2fed4d95ca1566acaf68bb17e310cad97186590c910c0b06fae21694	HISTORICAL_SUPERSEDED	NONE
.pack_a_native_clean/pi_ufo_baseline_v1_runtimefix/build/A_PI_NATIVE_200/MG5_PROC/bin/internal/__pycache__/extended_cmd.cpython-312.opt-1.pyc	archive/superseded/.pack_a_native_clean/pi_ufo_baseline_v1_runtimefix/build/A_PI_NATIVE_200/MG5_PROC/bin/internal/__pycache__/extended_cmd.cpython-312.opt-1.pyc	85647e1e920dd99e317a0f10bc88d307671396ff7289506064c22b9afcf28e41	85647e1e920dd99e317a0f10bc88d307671396ff7289506064c22b9afcf28e41	HISTORICAL_SUPERSEDED	NONE
.pack_a_native_clean/pi_ufo_baseline_v1_runtimefix/build/A_PI_NATIVE_200/MG5_PROC/bin/internal/__pycache__/file_writers.cpython-312.opt-1.pyc	archive/superseded/.pack_a_native_clean/pi_ufo_baseline_v1_runtimefix/build/A_PI_NATIVE_200/MG5_PROC/bin/internal/__pycache__/file_writers.cpython-312.opt-1.pyc	658a608882a1f10c7ce9d969662f9696083c06778185056c6ee18aecd8d5bcf5	658a608882a1f10c7ce9d969662f9696083c06778185056c6ee18aecd8d5bcf5	HISTORICAL_SUPERSEDED	NONE
.pack_a_native_clean/pi_ufo_baseline_v1_runtimefix/build/A_PI_NATIVE_200/MG5_PROC/bin/internal/__pycache__/files.cpython-312.opt-1.pyc	archive/superseded/.pack_a_native_clean/pi_ufo_baseline_v1_runtimefix/build/A_PI_NATIVE_200/MG5_PROC/bin/internal/__pycache__/files.cpython-312.opt-1.pyc	da1641a8ac8260095ae34521c27b86b09c5d6a135e29c31a93a1a6723da8ad5f	da1641a8ac8260095ae34521c27b86b09c5d6a135e29c31a93a1a6723da8ad5f	HISTORICAL_SUPERSEDED	NONE
.pack_a_native_clean/pi_ufo_baseline_v1_runtimefix/build/A_PI_NATIVE_200/MG5_PROC/bin/internal/__pycache__/gen_crossxhtml.cpython-312.opt-1.pyc	archive/superseded/.pack_a_native_clean/pi_ufo_baseline_v1_runtimefix/build/A_PI_NATIVE_200/MG5_PROC/bin/internal/__pycache__/gen_crossxhtml.cpython-312.opt-1.pyc	aee1613bf63172bb9c3f095ac14102ac2d0229b3676c9d3fa78831628536147f	aee1613bf63172bb9c3f095ac14102ac2d0229b3676c9d3fa78831628536147f	HISTORICAL_SUPERSEDED	NONE
.pack_a_native_clean/pi_ufo_baseline_v1_runtimefix/build/A_PI_NATIVE_200/MG5_PROC/bin/internal/__pycache__/gen_ximprove.cpython-312.opt-1.pyc	archive/superseded/.pack_a_native_clean/pi_ufo_baseline_v1_runtimefix/build/A_PI_NATIVE_200/MG5_PROC/bin/internal/__pycache__/gen_ximprove.cpython-312.opt-1.pyc	3cd05e09572a98bb8b67b80f6670243153d9dd50751b9cc019a6480a1bd41e73	3cd05e09572a98bb8b67b80f6670243153d9dd50751b9cc019a6480a1bd41e73	HISTORICAL_SUPERSEDED	NONE
.pack_a_native_clean/pi_ufo_baseline_v1_runtimefix/build/A_PI_NATIVE_200/MG5_PROC/bin/internal/__pycache__/hel_recycle.cpython-312.opt-1.pyc	archive/superseded/.pack_a_native_clean/pi_ufo_baseline_v1_runtimefix/build/A_PI_NATIVE_200/MG5_PROC/bin/internal/__pycache__/hel_recycle.cpython-312.opt-1.pyc	9b12a70ff0784e87fa1628503797657f156124a362ae950bf166757cafe04297	9b12a70ff0784e87fa1628503797657f156124a362ae950bf166757cafe04297	HISTORICAL_SUPERSEDED	NONE
.pack_a_native_clean/pi_ufo_baseline_v1_runtimefix/build/A_PI_NATIVE_200/MG5_PROC/bin/internal/__pycache__/lhe_parser.cpython-312.opt-1.pyc	archive/superseded/.pack_a_native_clean/pi_ufo_baseline_v1_runtimefix/build/A_PI_NATIVE_200/MG5_PROC/bin/internal/__pycache__/lhe_parser.cpython-312.opt-1.pyc	c736b65ee19dd0bcf5868c004f9412402652e4302e08c64add7d4f691ee0f5c8	c736b65ee19dd0bcf5868c004f9412402652e4302e08c64add7d4f691ee0f5c8	HISTORICAL_SUPERSEDED	NONE
.pack_a_native_clean/pi_ufo_baseline_v1_runtimefix/build/A_PI_NATIVE_200/MG5_PROC/bin/internal/__pycache__/madevent_interface.cpython-312.opt-1.pyc	archive/superseded/.pack_a_native_clean/pi_ufo_baseline_v1_runtimefix/build/A_PI_NATIVE_200/MG5_PROC/bin/internal/__pycache__/madevent_interface.cpython-312.opt-1.pyc	ba0929fa4289cc1633aea8dd6cebf927009aafeb8511d75ffdfd374b3252614e	ba0929fa4289cc1633aea8dd6cebf927009aafeb8511d75ffdfd374b3252614e	HISTORICAL_SUPERSEDED	NONE
.pack_a_native_clean/pi_ufo_baseline_v1_runtimefix/build/A_PI_NATIVE_200/MG5_PROC/bin/internal/__pycache__/misc.cpython-312.opt-1.pyc	archive/superseded/.pack_a_native_clean/pi_ufo_baseline_v1_runtimefix/build/A_PI_NATIVE_200/MG5_PROC/bin/internal/__pycache__/misc.cpython-312.opt-1.pyc	7871234f946996d09660af505f591b64a59e8a83f6b9eea89b0b550d59e01707	7871234f946996d09660af505f591b64a59e8a83f6b9eea89b0b550d59e01707	HISTORICAL_SUPERSEDED	NONE
.pack_a_native_clean/pi_ufo_baseline_v1_runtimefix/build/A_PI_NATIVE_200/MG5_PROC/bin/internal/__pycache__/save_load_object.cpython-312.opt-1.pyc	archive/superseded/.pack_a_native_clean/pi_ufo_baseline_v1_runtimefix/build/A_PI_NATIVE_200/MG5_PROC/bin/internal/__pycache__/save_load_object.cpython-312.opt-1.pyc	48dd25247f39a0aab9bf8aad664ab31587a293f259dcaf2f7a54cc17d102ea33	48dd25247f39a0aab9bf8aad664ab31587a293f259dcaf2f7a54cc17d102ea33	HISTORICAL_SUPERSEDED	NONE
.pack_a_native_clean/pi_ufo_baseline_v1_runtimefix/build/A_PI_NATIVE_200/MG5_PROC/bin/internal/__pycache__/shower_card.cpython-312.opt-1.pyc	archive/superseded/.pack_a_native_clean/pi_ufo_baseline_v1_runtimefix/build/A_PI_NATIVE_200/MG5_PROC/bin/internal/__pycache__/shower_card.cpython-312.opt-1.pyc	26c29b5869e300a447dec849237f2c8ff0235dc253d735dfc5a1d70e6228026e	26c29b5869e300a447dec849237f2c8ff0235dc253d735dfc5a1d70e6228026e	HISTORICAL_SUPERSEDED	NONE
.pack_a_native_clean/pi_ufo_baseline_v1_runtimefix/build/A_PI_NATIVE_200/MG5_PROC/bin/internal/__pycache__/sum_html.cpython-312.opt-1.pyc	archive/superseded/.pack_a_native_clean/pi_ufo_baseline_v1_runtimefix/build/A_PI_NATIVE_200/MG5_PROC/bin/internal/__pycache__/sum_html.cpython-312.opt-1.pyc	a89f73da562d644a9c062fb9b5af86b507cb0a47cb3a8dc2fe98e6bc54ef1f47	a89f73da562d644a9c062fb9b5af86b507cb0a47cb3a8dc2fe98e6bc54ef1f47	HISTORICAL_SUPERSEDED	NONE
.pack_a_native_clean/pi_ufo_baseline_v1_runtimefix/build/A_PI_NATIVE_200/MG5_PROC/bin/internal/addmasses_optional.py	archive/superseded/.pack_a_native_clean/pi_ufo_baseline_v1_runtimefix/build/A_PI_NATIVE_200/MG5_PROC/bin/internal/addmasses_optional.py	41ff69c9ebeb9cfb2e8bf23a34cd74723f207471e1f0eadd3f3cb018ba92d042	41ff69c9ebeb9cfb2e8bf23a34cd74723f207471e1f0eadd3f3cb018ba92d042	HISTORICAL_SUPERSEDED	NONE
.pack_a_native_clean/pi_ufo_baseline_v1_runtimefix/build/A_PI_NATIVE_200/MG5_PROC/bin/internal/banner.py	archive/superseded/.pack_a_native_clean/pi_ufo_baseline_v1_runtimefix/build/A_PI_NATIVE_200/MG5_PROC/bin/internal/banner.py	04e364bd29ee26cd6d84240de49edd5a0c2a4d15272ddb6edc323ea4ff0eb685	04e364bd29ee26cd6d84240de49edd5a0c2a4d15272ddb6edc323ea4ff0eb685	HISTORICAL_SUPERSEDED	NONE
.pack_a_native_clean/pi_ufo_baseline_v1_runtimefix/build/A_PI_NATIVE_200/MG5_PROC/bin/internal/check_param_card.py	archive/superseded/.pack_a_native_clean/pi_ufo_baseline_v1_runtimefix/build/A_PI_NATIVE_200/MG5_PROC/bin/internal/check_param_card.py	48b64f72f246687d3b7ed9dc30ebac5507a81ba5691276af29ef1e17ec37ad2f	48b64f72f246687d3b7ed9dc30ebac5507a81ba5691276af29ef1e17ec37ad2f	HISTORICAL_SUPERSEDED	NONE
.pack_a_native_clean/pi_ufo_baseline_v1_runtimefix/build/A_PI_NATIVE_200/MG5_PROC/bin/internal/clean	archive/superseded/.pack_a_native_clean/pi_ufo_baseline_v1_runtimefix/build/A_PI_NATIVE_200/MG5_PROC/bin/internal/clean	dfdc00d3c3e9ac3f966c4ace24cbbab7e4a2f3780f33f07a0463d6ec9eb83eaf	dfdc00d3c3e9ac3f966c4ace24cbbab7e4a2f3780f33f07a0463d6ec9eb83eaf	HISTORICAL_SUPERSEDED	NONE
.pack_a_native_clean/pi_ufo_baseline_v1_runtimefix/build/A_PI_NATIVE_200/MG5_PROC/bin/internal/clean_template	archive/superseded/.pack_a_native_clean/pi_ufo_baseline_v1_runtimefix/build/A_PI_NATIVE_200/MG5_PROC/bin/internal/clean_template	f6bcadb43be98c2a98c28765ca6e1bef7debde0e211270759e5dddce0fd5deb2	f6bcadb43be98c2a98c28765ca6e1bef7debde0e211270759e5dddce0fd5deb2	HISTORICAL_SUPERSEDED	NONE
.pack_a_native_clean/pi_ufo_baseline_v1_runtimefix/build/A_PI_NATIVE_200/MG5_PROC/bin/internal/cluster.py	archive/superseded/.pack_a_native_clean/pi_ufo_baseline_v1_runtimefix/build/A_PI_NATIVE_200/MG5_PROC/bin/internal/cluster.py	f18d05b07b2f36bdc9e3658507c0f0e759c0be3c7584a3c07bbd5cdba3a6d5fd	f18d05b07b2f36bdc9e3658507c0f0e759c0be3c7584a3c07bbd5cdba3a6d5fd	HISTORICAL_SUPERSEDED	NONE
.pack_a_native_clean/pi_ufo_baseline_v1_runtimefix/build/A_PI_NATIVE_200/MG5_PROC/bin/internal/coloring_logging.py	archive/superseded/.pack_a_native_clean/pi_ufo_baseline_v1_runtimefix/build/A_PI_NATIVE_200/MG5_PROC/bin/internal/coloring_logging.py	a8027424a9810a5332523b2f37f2a8acda222a5fca75b78cd225474017f3b486	a8027424a9810a5332523b2f37f2a8acda222a5fca75b78cd225474017f3b486	HISTORICAL_SUPERSEDED	NONE
.pack_a_native_clean/pi_ufo_baseline_v1_runtimefix/build/A_PI_NATIVE_200/MG5_PROC/bin/internal/combine_grid.py	archive/superseded/.pack_a_native_clean/pi_ufo_baseline_v1_runtimefix/build/A_PI_NATIVE_200/MG5_PROC/bin/internal/combine_grid.py	4ebc76f6ed1e40752c0faba92b2dc88e854e4978df9610a61558b1c6f65d0a7c	4ebc76f6ed1e40752c0faba92b2dc88e854e4978df9610a61558b1c6f65d0a7c	HISTORICAL_SUPERSEDED	NONE
.pack_a_native_clean/pi_ufo_baseline_v1_runtimefix/build/A_PI_NATIVE_200/MG5_PROC/bin/internal/combine_runs.py	archive/superseded/.pack_a_native_clean/pi_ufo_baseline_v1_runtimefix/build/A_PI_NATIVE_200/MG5_PROC/bin/internal/combine_runs.py	1ac132149aebd19b9f20d63617245f70dc947559bc81d8fbdaf103ef43fc9476	1ac132149aebd19b9f20d63617245f70dc947559bc81d8fbdaf103ef43fc9476	HISTORICAL_SUPERSEDED	NONE
.pack_a_native_clean/pi_ufo_baseline_v1_runtimefix/build/A_PI_NATIVE_200/MG5_PROC/bin/internal/common_run_interface.py	archive/superseded/.pack_a_native_clean/pi_ufo_baseline_v1_runtimefix/build/A_PI_NATIVE_200/MG5_PROC/bin/internal/common_run_interface.py	df07c70f8dac590345f0e6c195ef6d63ecd5db153bad2946d9285187cee4a733	df07c70f8dac590345f0e6c195ef6d63ecd5db153bad2946d9285187cee4a733	HISTORICAL_SUPERSEDED	NONE
.pack_a_native_clean/pi_ufo_baseline_v1_runtimefix/build/A_PI_NATIVE_200/MG5_PROC/bin/internal/create_matching_plots.C	archive/superseded/.pack_a_native_clean/pi_ufo_baseline_v1_runtimefix/build/A_PI_NATIVE_200/MG5_PROC/bin/internal/create_matching_plots.C	fe1bd40e7e21cffe4d033d136f9f59d7df37af32818ca39b76439d90925e08c3	fe1bd40e7e21cffe4d033d136f9f59d7df37af32818ca39b76439d90925e08c3	HISTORICAL_SUPERSEDED	NONE
.pack_a_native_clean/pi_ufo_baseline_v1_runtimefix/build/A_PI_NATIVE_200/MG5_PROC/bin/internal/create_matching_plots.sh	archive/superseded/.pack_a_native_clean/pi_ufo_baseline_v1_runtimefix/build/A_PI_NATIVE_200/MG5_PROC/bin/internal/create_matching_plots.sh	b18887efa732028e4145d90add7b619d1abefc62098eb4381851ece166c9bb2d	b18887efa732028e4145d90add7b619d1abefc62098eb4381851ece166c9bb2d	HISTORICAL_SUPERSEDED	NONE
.pack_a_native_clean/pi_ufo_baseline_v1_runtimefix/build/A_PI_NATIVE_200/MG5_PROC/bin/internal/eval.sh	archive/superseded/.pack_a_native_clean/pi_ufo_baseline_v1_runtimefix/build/A_PI_NATIVE_200/MG5_PROC/bin/internal/eval.sh	6d167bcde1277a9c85d5413a825e17eda41f47082c6171905850477caeeb326d	6d167bcde1277a9c85d5413a825e17eda41f47082c6171905850477caeeb326d	HISTORICAL_SUPERSEDED	NONE
.pack_a_native_clean/pi_ufo_baseline_v1_runtimefix/build/A_PI_NATIVE_200/MG5_PROC/bin/internal/extended_cmd.py	archive/superseded/.pack_a_native_clean/pi_ufo_baseline_v1_runtimefix/build/A_PI_NATIVE_200/MG5_PROC/bin/internal/extended_cmd.py	73b6f30afb200b4e1d169908b72e04ab9c2cfd558ffc743f330db5129b31d22c	73b6f30afb200b4e1d169908b72e04ab9c2cfd558ffc743f330db5129b31d22c	HISTORICAL_SUPERSEDED	NONE
.pack_a_native_clean/pi_ufo_baseline_v1_runtimefix/build/A_PI_NATIVE_200/MG5_PROC/bin/internal/extract_banner-pl	archive/superseded/.pack_a_native_clean/pi_ufo_baseline_v1_runtimefix/build/A_PI_NATIVE_200/MG5_PROC/bin/internal/extract_banner-pl	6960620d20ab0e702df2ee0d6d0f5f27296d5ebac374a88520f7b70cdb2b4d32	6960620d20ab0e702df2ee0d6d0f5f27296d5ebac374a88520f7b70cdb2b4d32	HISTORICAL_SUPERSEDED	NONE
.pack_a_native_clean/pi_ufo_baseline_v1_runtimefix/build/A_PI_NATIVE_200/MG5_PROC/bin/internal/file_writers.py	archive/superseded/.pack_a_native_clean/pi_ufo_baseline_v1_runtimefix/build/A_PI_NATIVE_200/MG5_PROC/bin/internal/file_writers.py	fff9a790853aa44559bd04bda7371b466c4b4ed6476e77445105a8af876d203b	fff9a790853aa44559bd04bda7371b466c4b4ed6476e77445105a8af876d203b	HISTORICAL_SUPERSEDED	NONE
.pack_a_native_clean/pi_ufo_baseline_v1_runtimefix/build/A_PI_NATIVE_200/MG5_PROC/bin/internal/files.py	archive/superseded/.pack_a_native_clean/pi_ufo_baseline_v1_runtimefix/build/A_PI_NATIVE_200/MG5_PROC/bin/internal/files.py	cfec87ab0e4071abbf9989f1b029ee1128e02d7a435e79852294b4f3cab7ccde	cfec87ab0e4071abbf9989f1b029ee1128e02d7a435e79852294b4f3cab7ccde	HISTORICAL_SUPERSEDED	NONE
.pack_a_native_clean/pi_ufo_baseline_v1_runtimefix/build/A_PI_NATIVE_200/MG5_PROC/bin/internal/gen_cardhtml-pl	archive/superseded/.pack_a_native_clean/pi_ufo_baseline_v1_runtimefix/build/A_PI_NATIVE_200/MG5_PROC/bin/internal/gen_cardhtml-pl	30b1cbdbd4d88a035824dc90e3ddd1f6f6c2e7f1618e1719511c3c3c28aa2236	30b1cbdbd4d88a035824dc90e3ddd1f6f6c2e7f1618e1719511c3c3c28aa2236	HISTORICAL_SUPERSEDED	NONE
.pack_a_native_clean/pi_ufo_baseline_v1_runtimefix/build/A_PI_NATIVE_200/MG5_PROC/bin/internal/gen_crossxhtml.py	archive/superseded/.pack_a_native_clean/pi_ufo_baseline_v1_runtimefix/build/A_PI_NATIVE_200/MG5_PROC/bin/internal/gen_crossxhtml.py	ba2646284802d699fb4ce34b4980749a1284374365e7780cd2e8cb8d1c84482f	ba2646284802d699fb4ce34b4980749a1284374365e7780cd2e8cb8d1c84482f	HISTORICAL_SUPERSEDED	NONE
.pack_a_native_clean/pi_ufo_baseline_v1_runtimefix/build/A_PI_NATIVE_200/MG5_PROC/bin/internal/gen_jpeg-pl	archive/superseded/.pack_a_native_clean/pi_ufo_baseline_v1_runtimefix/build/A_PI_NATIVE_200/MG5_PROC/bin/internal/gen_jpeg-pl	3bba9f0f4b861372111bfa4641c4b9600d97b7c7e43823f1313cb61a321bb1e2	3bba9f0f4b861372111bfa4641c4b9600d97b7c7e43823f1313cb61a321bb1e2	HISTORICAL_SUPERSEDED	NONE
.pack_a_native_clean/pi_ufo_baseline_v1_runtimefix/build/A_PI_NATIVE_200/MG5_PROC/bin/internal/gen_ximprove.py	archive/superseded/.pack_a_native_clean/pi_ufo_baseline_v1_runtimefix/build/A_PI_NATIVE_200/MG5_PROC/bin/internal/gen_ximprove.py	9c5c32bb4e610234dde339ed88de75174ee280bd3e06b073ca3ff61a5a8ae167	9c5c32bb4e610234dde339ed88de75174ee280bd3e06b073ca3ff61a5a8ae167	HISTORICAL_SUPERSEDED	NONE
.pack_a_native_clean/pi_ufo_baseline_v1_runtimefix/build/A_PI_NATIVE_200/MG5_PROC/bin/internal/hel_recycle.py	archive/superseded/.pack_a_native_clean/pi_ufo_baseline_v1_runtimefix/build/A_PI_NATIVE_200/MG5_PROC/bin/internal/hel_recycle.py	8ec199b1746f73fdd26cff06e0bee46e1c482a71e7f3646bb349f88ccaeb978e	8ec199b1746f73fdd26cff06e0bee46e1c482a71e7f3646bb349f88ccaeb978e	HISTORICAL_SUPERSEDED	NONE
.pack_a_native_clean/pi_ufo_baseline_v1_runtimefix/build/A_PI_NATIVE_200/MG5_PROC/bin/internal/histograms.py	archive/superseded/.pack_a_native_clean/pi_ufo_baseline_v1_runtimefix/build/A_PI_NATIVE_200/MG5_PROC/bin/internal/histograms.py	8fe6f18a51f4a41389436a32fdf01e8f284f15067efdc40a5d7e0c28ad2c7f2c	8fe6f18a51f4a41389436a32fdf01e8f284f15067efdc40a5d7e0c28ad2c7f2c	HISTORICAL_SUPERSEDED	NONE
.pack_a_native_clean/pi_ufo_baseline_v1_runtimefix/build/A_PI_NATIVE_200/MG5_PROC/bin/internal/lhe_parser.py	archive/superseded/.pack_a_native_clean/pi_ufo_baseline_v1_runtimefix/build/A_PI_NATIVE_200/MG5_PROC/bin/internal/lhe_parser.py	21056fcacdc41b56aacf3584e4ee30504a646edce31629e4c119b3a7600273c8	21056fcacdc41b56aacf3584e4ee30504a646edce31629e4c119b3a7600273c8	HISTORICAL_SUPERSEDED	NONE
.pack_a_native_clean/pi_ufo_baseline_v1_runtimefix/build/A_PI_NATIVE_200/MG5_PROC/bin/internal/madevent_interface.py	archive/superseded/.pack_a_native_clean/pi_ufo_baseline_v1_runtimefix/build/A_PI_NATIVE_200/MG5_PROC/bin/internal/madevent_interface.py	5073c8c649d0c35bc0cae69a1eb09e42dc3a0e85fba9b15b2b47a242107cecef	5073c8c649d0c35bc0cae69a1eb09e42dc3a0e85fba9b15b2b47a242107cecef	HISTORICAL_SUPERSEDED	NONE
.pack_a_native_clean/pi_ufo_baseline_v1_runtimefix/build/A_PI_NATIVE_200/MG5_PROC/bin/internal/make_gridpack	archive/superseded/.pack_a_native_clean/pi_ufo_baseline_v1_runtimefix/build/A_PI_NATIVE_200/MG5_PROC/bin/internal/make_gridpack	b32aacebbeddd45d84d898a457062e4b1b6946349c54f8abe8d774cc17a9a012	b32aacebbeddd45d84d898a457062e4b1b6946349c54f8abe8d774cc17a9a012	HISTORICAL_SUPERSEDED	NONE
.pack_a_native_clean/pi_ufo_baseline_v1_runtimefix/build/A_PI_NATIVE_200/MG5_PROC/bin/internal/make_madevent_tar	archive/superseded/.pack_a_native_clean/pi_ufo_baseline_v1_runtimefix/build/A_PI_NATIVE_200/MG5_PROC/bin/internal/make_madevent_tar	1f9bea9265eb1c49a8b2274a0f0284ad3fe6628e1b4489681931f5000028c810	1f9bea9265eb1c49a8b2274a0f0284ad3fe6628e1b4489681931f5000028c810	HISTORICAL_SUPERSEDED	NONE
.pack_a_native_clean/pi_ufo_baseline_v1_runtimefix/build/A_PI_NATIVE_200/MG5_PROC/bin/internal/me5_logging.conf	archive/superseded/.pack_a_native_clean/pi_ufo_baseline_v1_runtimefix/build/A_PI_NATIVE_200/MG5_PROC/bin/internal/me5_logging.conf	a593dfa321744db9344d6b722a9208910469af501a38513a030096f0b2f08948	a593dfa321744db9344d6b722a9208910469af501a38513a030096f0b2f08948	HISTORICAL_SUPERSEDED	NONE
.pack_a_native_clean/pi_ufo_baseline_v1_runtimefix/build/A_PI_NATIVE_200/MG5_PROC/bin/internal/merge.pl	archive/superseded/.pack_a_native_clean/pi_ufo_baseline_v1_runtimefix/build/A_PI_NATIVE_200/MG5_PROC/bin/internal/merge.pl	be04f05efda2bb515a723276ee947f98b8da7705b72dc41d3ff4cd638cf016df	be04f05efda2bb515a723276ee947f98b8da7705b72dc41d3ff4cd638cf016df	HISTORICAL_SUPERSEDED	NONE
.pack_a_native_clean/pi_ufo_baseline_v1_runtimefix/build/A_PI_NATIVE_200/MG5_PROC/bin/internal/misc.py	archive/superseded/.pack_a_native_clean/pi_ufo_baseline_v1_runtimefix/build/A_PI_NATIVE_200/MG5_PROC/bin/internal/misc.py	074368ffb6204bf3c822a622ee074f5197c53bda7b4c5310dcf8c4fb4a057149	074368ffb6204bf3c822a622ee074f5197c53bda7b4c5310dcf8c4fb4a057149	HISTORICAL_SUPERSEDED	NONE
.pack_a_native_clean/pi_ufo_baseline_v1_runtimefix/build/A_PI_NATIVE_200/MG5_PROC/bin/internal/monitor	archive/superseded/.pack_a_native_clean/pi_ufo_baseline_v1_runtimefix/build/A_PI_NATIVE_200/MG5_PROC/bin/internal/monitor	91020174912796bbe93d4bc5a04b42e6ef973ddb58d1ba8454661e7b82efd33c	91020174912796bbe93d4bc5a04b42e6ef973ddb58d1ba8454661e7b82efd33c	HISTORICAL_SUPERSEDED	NONE
.pack_a_native_clean/pi_ufo_baseline_v1_runtimefix/build/A_PI_NATIVE_200/MG5_PROC/bin/internal/multicore	archive/superseded/.pack_a_native_clean/pi_ufo_baseline_v1_runtimefix/build/A_PI_NATIVE_200/MG5_PROC/bin/internal/multicore	58ee77d2f9cb743d4cd7ff23f4a97512c62725fceb8da0900d14c2cb23341d08	58ee77d2f9cb743d4cd7ff23f4a97512c62725fceb8da0900d14c2cb23341d08	HISTORICAL_SUPERSEDED	NONE
.pack_a_native_clean/pi_ufo_baseline_v1_runtimefix/build/A_PI_NATIVE_200/MG5_PROC/bin/internal/plot	archive/superseded/.pack_a_native_clean/pi_ufo_baseline_v1_runtimefix/build/A_PI_NATIVE_200/MG5_PROC/bin/internal/plot	58343673450356ea31858f251ecf9e2c14da1c81c9978fa69d22c244c1c25cc9	58343673450356ea31858f251ecf9e2c14da1c81c9978fa69d22c244c1c25cc9	HISTORICAL_SUPERSEDED	NONE
.pack_a_native_clean/pi_ufo_baseline_v1_runtimefix/build/A_PI_NATIVE_200/MG5_PROC/bin/internal/plot_djrs.py	archive/superseded/.pack_a_native_clean/pi_ufo_baseline_v1_runtimefix/build/A_PI_NATIVE_200/MG5_PROC/bin/internal/plot_djrs.py	154178e34982ecad225e7067eb04690d72643732963147be013de62df386203f	154178e34982ecad225e7067eb04690d72643732963147be013de62df386203f	HISTORICAL_SUPERSEDED	NONE
.pack_a_native_clean/pi_ufo_baseline_v1_runtimefix/build/A_PI_NATIVE_200/MG5_PROC/bin/internal/plot_page-pl	archive/superseded/.pack_a_native_clean/pi_ufo_baseline_v1_runtimefix/build/A_PI_NATIVE_200/MG5_PROC/bin/internal/plot_page-pl	41f363947856f97ecc26d605671a1a0ccb5cef2ff33f27d149191269ca92db89	41f363947856f97ecc26d605671a1a0ccb5cef2ff33f27d149191269ca92db89	HISTORICAL_SUPERSEDED	NONE
.pack_a_native_clean/pi_ufo_baseline_v1_runtimefix/build/A_PI_NATIVE_200/MG5_PROC/bin/internal/plot_pypage-pl	archive/superseded/.pack_a_native_clean/pi_ufo_baseline_v1_runtimefix/build/A_PI_NATIVE_200/MG5_PROC/bin/internal/plot_pypage-pl	063e24ab272f9d7795164b4fdc600484bfe03b4603caa8f866b8f3a26c640c84	063e24ab272f9d7795164b4fdc600484bfe03b4603caa8f866b8f3a26c640c84	HISTORICAL_SUPERSEDED	NONE
.pack_a_native_clean/pi_ufo_baseline_v1_runtimefix/build/A_PI_NATIVE_200/MG5_PROC/bin/internal/plot_tree.C	archive/superseded/.pack_a_native_clean/pi_ufo_baseline_v1_runtimefix/build/A_PI_NATIVE_200/MG5_PROC/bin/internal/plot_tree.C	dac4d5d361cf3ab788d086a25144b3af7b8b8d7e7e4706b77c48f85f1cb9f94a	dac4d5d361cf3ab788d086a25144b3af7b8b8d7e7e4706b77c48f85f1cb9f94a	HISTORICAL_SUPERSEDED	NONE
.pack_a_native_clean/pi_ufo_baseline_v1_runtimefix/build/A_PI_NATIVE_200/MG5_PROC/bin/internal/restore_data	archive/superseded/.pack_a_native_clean/pi_ufo_baseline_v1_runtimefix/build/A_PI_NATIVE_200/MG5_PROC/bin/internal/restore_data	aa337f19616ee50170f98204805569038d3d1bfe2276e2267275ae78c9f2719e	aa337f19616ee50170f98204805569038d3d1bfe2276e2267275ae78c9f2719e	HISTORICAL_SUPERSEDED	NONE
.pack_a_native_clean/pi_ufo_baseline_v1_runtimefix/build/A_PI_NATIVE_200/MG5_PROC/bin/internal/run_combine	archive/superseded/.pack_a_native_clean/pi_ufo_baseline_v1_runtimefix/build/A_PI_NATIVE_200/MG5_PROC/bin/internal/run_combine	22d90ff09e294d63bc7bddd9af9202b026c2763dc9855bb0f852dcba82e6847e	22d90ff09e294d63bc7bddd9af9202b026c2763dc9855bb0f852dcba82e6847e	HISTORICAL_SUPERSEDED	NONE
.pack_a_native_clean/pi_ufo_baseline_v1_runtimefix/build/A_PI_NATIVE_200/MG5_PROC/bin/internal/run_delphes	archive/superseded/.pack_a_native_clean/pi_ufo_baseline_v1_runtimefix/build/A_PI_NATIVE_200/MG5_PROC/bin/internal/run_delphes	e37c42ab4ed5be796e5dc45ff6918edfbf92e206c9be9872ae0eaf6f125bb958	e37c42ab4ed5be796e5dc45ff6918edfbf92e206c9be9872ae0eaf6f125bb958	HISTORICAL_SUPERSEDED	NONE
.pack_a_native_clean/pi_ufo_baseline_v1_runtimefix/build/A_PI_NATIVE_200/MG5_PROC/bin/internal/run_delphes3	archive/superseded/.pack_a_native_clean/pi_ufo_baseline_v1_runtimefix/build/A_PI_NATIVE_200/MG5_PROC/bin/internal/run_delphes3	210683a1c9f34bf863bff6d2a7106c22c64d40e9fd012ba6d89bbe6852fe47eb	210683a1c9f34bf863bff6d2a7106c22c64d40e9fd012ba6d89bbe6852fe47eb	HISTORICAL_SUPERSEDED	NONE
.pack_a_native_clean/pi_ufo_baseline_v1_runtimefix/build/A_PI_NATIVE_200/MG5_PROC/bin/internal/run_genissud	archive/superseded/.pack_a_native_clean/pi_ufo_baseline_v1_runtimefix/build/A_PI_NATIVE_200/MG5_PROC/bin/internal/run_genissud	a1fb4351a215baae8915ad3c6c2ab2ba9f1ee478dcc196da8bfb1cd057bb92d3	a1fb4351a215baae8915ad3c6c2ab2ba9f1ee478dcc196da8bfb1cd057bb92d3	HISTORICAL_SUPERSEDED	NONE
.pack_a_native_clean/pi_ufo_baseline_v1_runtimefix/build/A_PI_NATIVE_200/MG5_PROC/bin/internal/run_hep2lhe	archive/superseded/.pack_a_native_clean/pi_ufo_baseline_v1_runtimefix/build/A_PI_NATIVE_200/MG5_PROC/bin/internal/run_hep2lhe	4c280cfad5ff4f0bbafc47233e28980352b5530d73f1286f4f672496bc681046	4c280cfad5ff4f0bbafc47233e28980352b5530d73f1286f4f672496bc681046	HISTORICAL_SUPERSEDED	NONE
.pack_a_native_clean/pi_ufo_baseline_v1_runtimefix/build/A_PI_NATIVE_200/MG5_PROC/bin/internal/run_pgs	archive/superseded/.pack_a_native_clean/pi_ufo_baseline_v1_runtimefix/build/A_PI_NATIVE_200/MG5_PROC/bin/internal/run_pgs	cb1c2537913cc9fc10d237ce225f0547ed8ac85d0fa8021ae74cc3b7e863d9ab	cb1c2537913cc9fc10d237ce225f0547ed8ac85d0fa8021ae74cc3b7e863d9ab	HISTORICAL_SUPERSEDED	NONE
.pack_a_native_clean/pi_ufo_baseline_v1_runtimefix/build/A_PI_NATIVE_200/MG5_PROC/bin/internal/run_plot	archive/superseded/.pack_a_native_clean/pi_ufo_baseline_v1_runtimefix/build/A_PI_NATIVE_200/MG5_PROC/bin/internal/run_plot	93b3590538f04226fd933a0ba1caa3469c59d31014f3a69d56c35bfbc9c377fd	93b3590538f04226fd933a0ba1caa3469c59d31014f3a69d56c35bfbc9c377fd	HISTORICAL_SUPERSEDED	NONE
.pack_a_native_clean/pi_ufo_baseline_v1_runtimefix/build/A_PI_NATIVE_200/MG5_PROC/bin/internal/run_plot_delphes	archive/superseded/.pack_a_native_clean/pi_ufo_baseline_v1_runtimefix/build/A_PI_NATIVE_200/MG5_PROC/bin/internal/run_plot_delphes	a6ce412f11761a9b647b6b5a564852165343c8bcf0f6928cd74d54f675695e77	a6ce412f11761a9b647b6b5a564852165343c8bcf0f6928cd74d54f675695e77	HISTORICAL_SUPERSEDED	NONE
.pack_a_native_clean/pi_ufo_baseline_v1_runtimefix/build/A_PI_NATIVE_200/MG5_PROC/bin/internal/run_plot_pgs	archive/superseded/.pack_a_native_clean/pi_ufo_baseline_v1_runtimefix/build/A_PI_NATIVE_200/MG5_PROC/bin/internal/run_plot_pgs	0860957ba69202e5d47a5a535bcfd6ebc07cdadafe52675604fdd3c350ccac40	0860957ba69202e5d47a5a535bcfd6ebc07cdadafe52675604fdd3c350ccac40	HISTORICAL_SUPERSEDED	NONE
.pack_a_native_clean/pi_ufo_baseline_v1_runtimefix/build/A_PI_NATIVE_200/MG5_PROC/bin/internal/run_plot_pythia	archive/superseded/.pack_a_native_clean/pi_ufo_baseline_v1_runtimefix/build/A_PI_NATIVE_200/MG5_PROC/bin/internal/run_plot_pythia	e212bf1c2de6dc86bd50e2dc1023654ad470e9b885cc7a744add9371955526e0	e212bf1c2de6dc86bd50e2dc1023654ad470e9b885cc7a744add9371955526e0	HISTORICAL_SUPERSEDED	NONE
.pack_a_native_clean/pi_ufo_baseline_v1_runtimefix/build/A_PI_NATIVE_200/MG5_PROC/bin/internal/save_load_object.py	archive/superseded/.pack_a_native_clean/pi_ufo_baseline_v1_runtimefix/build/A_PI_NATIVE_200/MG5_PROC/bin/internal/save_load_object.py	676b216218f99f6995a22d7df6a9b48b78d0f4d9a1c68aec0e3a27160270b4c9	676b216218f99f6995a22d7df6a9b48b78d0f4d9a1c68aec0e3a27160270b4c9	HISTORICAL_SUPERSEDED	NONE
.pack_a_native_clean/pi_ufo_baseline_v1_runtimefix/build/A_PI_NATIVE_200/MG5_PROC/bin/internal/shower_card.py	archive/superseded/.pack_a_native_clean/pi_ufo_baseline_v1_runtimefix/build/A_PI_NATIVE_200/MG5_PROC/bin/internal/shower_card.py	dcdd28e900b7a7a60bb27e4bbb0ecca5604bf9ea3b4c4caef985d74be082ed8e	dcdd28e900b7a7a60bb27e4bbb0ecca5604bf9ea3b4c4caef985d74be082ed8e	HISTORICAL_SUPERSEDED	NONE
.pack_a_native_clean/pi_ufo_baseline_v1_runtimefix/build/A_PI_NATIVE_200/MG5_PROC/bin/internal/store4grid	archive/superseded/.pack_a_native_clean/pi_ufo_baseline_v1_runtimefix/build/A_PI_NATIVE_200/MG5_PROC/bin/internal/store4grid	df350c66976db88edfba4b79ee82e672236b78023a89308dcdd59f83bdc7d4bb	df350c66976db88edfba4b79ee82e672236b78023a89308dcdd59f83bdc7d4bb	HISTORICAL_SUPERSEDED	NONE
.pack_a_native_clean/pi_ufo_baseline_v1_runtimefix/build/A_PI_NATIVE_200/MG5_PROC/bin/internal/sum_html.py	archive/superseded/.pack_a_native_clean/pi_ufo_baseline_v1_runtimefix/build/A_PI_NATIVE_200/MG5_PROC/bin/internal/sum_html.py	b9bbf9f686025d7ab76d9b9b6e1d9990b11f90d2380c3499635e668cd0b6a5f8	b9bbf9f686025d7ab76d9b9b6e1d9990b11f90d2380c3499635e668cd0b6a5f8	HISTORICAL_SUPERSEDED	NONE
.pack_a_native_clean/pi_ufo_baseline_v1_runtimefix/build/A_PI_NATIVE_200/MG5_PROC/bin/internal/syscalc_template.dat	archive/superseded/.pack_a_native_clean/pi_ufo_baseline_v1_runtimefix/build/A_PI_NATIVE_200/MG5_PROC/bin/internal/syscalc_template.dat	a2012c82a6521bc4465339c7a707bfecdfea40066be1d7161109b851a54192ed	a2012c82a6521bc4465339c7a707bfecdfea40066be1d7161109b851a54192ed	HISTORICAL_SUPERSEDED	NONE
.pack_a_native_clean/pi_ufo_baseline_v1_runtimefix/build/A_PI_NATIVE_200/MG5_PROC/bin/internal/systematics.py	archive/superseded/.pack_a_native_clean/pi_ufo_baseline_v1_runtimefix/build/A_PI_NATIVE_200/MG5_PROC/bin/internal/systematics.py	f9e8581c85e05f36282842ae11791eb29ac301d78f889a0b5c53f889056f59de	f9e8581c85e05f36282842ae11791eb29ac301d78f889a0b5c53f889056f59de	HISTORICAL_SUPERSEDED	NONE
.pack_a_native_clean/pi_ufo_baseline_v1_runtimefix/build/A_PI_NATIVE_200/MG5_PROC/bin/internal/ufomodel/CT_couplings.py	archive/superseded/.pack_a_native_clean/pi_ufo_baseline_v1_runtimefix/build/A_PI_NATIVE_200/MG5_PROC/bin/internal/ufomodel/CT_couplings.py	58e07e6b6dea344858f32bccd1948a10768d38a217b88448aa4dc976c0a77b58	58e07e6b6dea344858f32bccd1948a10768d38a217b88448aa4dc976c0a77b58	HISTORICAL_SUPERSEDED	NONE
.pack_a_native_clean/pi_ufo_baseline_v1_runtimefix/build/A_PI_NATIVE_200/MG5_PROC/bin/internal/ufomodel/__init__.py	archive/superseded/.pack_a_native_clean/pi_ufo_baseline_v1_runtimefix/build/A_PI_NATIVE_200/MG5_PROC/bin/internal/ufomodel/__init__.py	e2198b46e727a0aa09378d715bd33364095057dd910f3b8cf7d7dd6ec1bc71d7	e2198b46e727a0aa09378d715bd33364095057dd910f3b8cf7d7dd6ec1bc71d7	HISTORICAL_SUPERSEDED	NONE
.pack_a_native_clean/pi_ufo_baseline_v1_runtimefix/build/A_PI_NATIVE_200/MG5_PROC/bin/internal/ufomodel/__pycache__/__init__.cpython-312.opt-1.pyc	archive/superseded/.pack_a_native_clean/pi_ufo_baseline_v1_runtimefix/build/A_PI_NATIVE_200/MG5_PROC/bin/internal/ufomodel/__pycache__/__init__.cpython-312.opt-1.pyc	c6f27205631c8990f30c63c22d396631b62a7f1f8dc48a8a81348f1f4f45d6ec	c6f27205631c8990f30c63c22d396631b62a7f1f8dc48a8a81348f1f4f45d6ec	HISTORICAL_SUPERSEDED	NONE
.pack_a_native_clean/pi_ufo_baseline_v1_runtimefix/build/A_PI_NATIVE_200/MG5_PROC/bin/internal/ufomodel/__pycache__/coupling_orders.cpython-312.opt-1.pyc	archive/superseded/.pack_a_native_clean/pi_ufo_baseline_v1_runtimefix/build/A_PI_NATIVE_200/MG5_PROC/bin/internal/ufomodel/__pycache__/coupling_orders.cpython-312.opt-1.pyc	d54a0d62f9beddea5c81578a6e0eef619b17829cd1e1967cfe153962eebaa8da	d54a0d62f9beddea5c81578a6e0eef619b17829cd1e1967cfe153962eebaa8da	HISTORICAL_SUPERSEDED	NONE
.pack_a_native_clean/pi_ufo_baseline_v1_runtimefix/build/A_PI_NATIVE_200/MG5_PROC/bin/internal/ufomodel/__pycache__/couplings.cpython-312.opt-1.pyc	archive/superseded/.pack_a_native_clean/pi_ufo_baseline_v1_runtimefix/build/A_PI_NATIVE_200/MG5_PROC/bin/internal/ufomodel/__pycache__/couplings.cpython-312.opt-1.pyc	37ae7a561d40a842f1bd6befde0396649e84f2ab4cd2dd6a6fb6fe8a527a697b	37ae7a561d40a842f1bd6befde0396649e84f2ab4cd2dd6a6fb6fe8a527a697b	HISTORICAL_SUPERSEDED	NONE
.pack_a_native_clean/pi_ufo_baseline_v1_runtimefix/build/A_PI_NATIVE_200/MG5_PROC/bin/internal/ufomodel/__pycache__/decays.cpython-312.opt-1.pyc	archive/superseded/.pack_a_native_clean/pi_ufo_baseline_v1_runtimefix/build/A_PI_NATIVE_200/MG5_PROC/bin/internal/ufomodel/__pycache__/decays.cpython-312.opt-1.pyc	d59589253165c8d7f07606390c8105fc9c71e5b4c7e135c38b71b2e6668db228	d59589253165c8d7f07606390c8105fc9c71e5b4c7e135c38b71b2e6668db228	HISTORICAL_SUPERSEDED	NONE
.pack_a_native_clean/pi_ufo_baseline_v1_runtimefix/build/A_PI_NATIVE_200/MG5_PROC/bin/internal/ufomodel/__pycache__/form_factors.cpython-312.opt-1.pyc	archive/superseded/.pack_a_native_clean/pi_ufo_baseline_v1_runtimefix/build/A_PI_NATIVE_200/MG5_PROC/bin/internal/ufomodel/__pycache__/form_factors.cpython-312.opt-1.pyc	df7dc882ccfd2bcfa73c69bba5b9b4ec58fda0fdfddd64fa2983d56b5962a5d6	df7dc882ccfd2bcfa73c69bba5b9b4ec58fda0fdfddd64fa2983d56b5962a5d6	HISTORICAL_SUPERSEDED	NONE
.pack_a_native_clean/pi_ufo_baseline_v1_runtimefix/build/A_PI_NATIVE_200/MG5_PROC/bin/internal/ufomodel/__pycache__/function_library.cpython-312.opt-1.pyc	archive/superseded/.pack_a_native_clean/pi_ufo_baseline_v1_runtimefix/build/A_PI_NATIVE_200/MG5_PROC/bin/internal/ufomodel/__pycache__/function_library.cpython-312.opt-1.pyc	9d7729af1744c2473e2b30ae3bc5b923ab7ca041cbc9f769b5bb5052500544db	9d7729af1744c2473e2b30ae3bc5b923ab7ca041cbc9f769b5bb5052500544db	HISTORICAL_SUPERSEDED	NONE
.pack_a_native_clean/pi_ufo_baseline_v1_runtimefix/build/A_PI_NATIVE_200/MG5_PROC/bin/internal/ufomodel/__pycache__/function_library.cpython-312.pyc	archive/superseded/.pack_a_native_clean/pi_ufo_baseline_v1_runtimefix/build/A_PI_NATIVE_200/MG5_PROC/bin/internal/ufomodel/__pycache__/function_library.cpython-312.pyc	9d7729af1744c2473e2b30ae3bc5b923ab7ca041cbc9f769b5bb5052500544db	9d7729af1744c2473e2b30ae3bc5b923ab7ca041cbc9f769b5bb5052500544db	HISTORICAL_SUPERSEDED	NONE
.pack_a_native_clean/pi_ufo_baseline_v1_runtimefix/build/A_PI_NATIVE_200/MG5_PROC/bin/internal/ufomodel/__pycache__/lorentz.cpython-312.opt-1.pyc	archive/superseded/.pack_a_native_clean/pi_ufo_baseline_v1_runtimefix/build/A_PI_NATIVE_200/MG5_PROC/bin/internal/ufomodel/__pycache__/lorentz.cpython-312.opt-1.pyc	6d3c79b126ec188b51d886fdbfa1d15b28995fb4a69750804285c215cce610f5	6d3c79b126ec188b51d886fdbfa1d15b28995fb4a69750804285c215cce610f5	HISTORICAL_SUPERSEDED	NONE
.pack_a_native_clean/pi_ufo_baseline_v1_runtimefix/build/A_PI_NATIVE_200/MG5_PROC/bin/internal/ufomodel/__pycache__/object_library.cpython-312.opt-1.pyc	archive/superseded/.pack_a_native_clean/pi_ufo_baseline_v1_runtimefix/build/A_PI_NATIVE_200/MG5_PROC/bin/internal/ufomodel/__pycache__/object_library.cpython-312.opt-1.pyc	010026d9e337c76dae0f3288c23b6376829e43521d7d5edd021fe4d30df81920	010026d9e337c76dae0f3288c23b6376829e43521d7d5edd021fe4d30df81920	HISTORICAL_SUPERSEDED	NONE
.pack_a_native_clean/pi_ufo_baseline_v1_runtimefix/build/A_PI_NATIVE_200/MG5_PROC/bin/internal/ufomodel/__pycache__/object_library.cpython-312.pyc	archive/superseded/.pack_a_native_clean/pi_ufo_baseline_v1_runtimefix/build/A_PI_NATIVE_200/MG5_PROC/bin/internal/ufomodel/__pycache__/object_library.cpython-312.pyc	891caa6a026893c752800fbe810410e1dc749aa04fa03e7a6abab3c72c45f637	891caa6a026893c752800fbe810410e1dc749aa04fa03e7a6abab3c72c45f637	HISTORICAL_SUPERSEDED	NONE
.pack_a_native_clean/pi_ufo_baseline_v1_runtimefix/build/A_PI_NATIVE_200/MG5_PROC/bin/internal/ufomodel/__pycache__/parameters.cpython-312.opt-1.pyc	archive/superseded/.pack_a_native_clean/pi_ufo_baseline_v1_runtimefix/build/A_PI_NATIVE_200/MG5_PROC/bin/internal/ufomodel/__pycache__/parameters.cpython-312.opt-1.pyc	5ccbce50dc0e76bd5427e2bb75790cf9193eb4f9682632563aa92600432caf70	5ccbce50dc0e76bd5427e2bb75790cf9193eb4f9682632563aa92600432caf70	HISTORICAL_SUPERSEDED	NONE
.pack_a_native_clean/pi_ufo_baseline_v1_runtimefix/build/A_PI_NATIVE_200/MG5_PROC/bin/internal/ufomodel/__pycache__/parameters.cpython-312.pyc	archive/superseded/.pack_a_native_clean/pi_ufo_baseline_v1_runtimefix/build/A_PI_NATIVE_200/MG5_PROC/bin/internal/ufomodel/__pycache__/parameters.cpython-312.pyc	5ccbce50dc0e76bd5427e2bb75790cf9193eb4f9682632563aa92600432caf70	5ccbce50dc0e76bd5427e2bb75790cf9193eb4f9682632563aa92600432caf70	HISTORICAL_SUPERSEDED	NONE
.pack_a_native_clean/pi_ufo_baseline_v1_runtimefix/build/A_PI_NATIVE_200/MG5_PROC/bin/internal/ufomodel/__pycache__/particles.cpython-312.opt-1.pyc	archive/superseded/.pack_a_native_clean/pi_ufo_baseline_v1_runtimefix/build/A_PI_NATIVE_200/MG5_PROC/bin/internal/ufomodel/__pycache__/particles.cpython-312.opt-1.pyc	7a8ad14edd87a95a0a3d99a4c0d4b5f3c64b898f45b68f9f11a739f6ed5cc541	7a8ad14edd87a95a0a3d99a4c0d4b5f3c64b898f45b68f9f11a739f6ed5cc541	HISTORICAL_SUPERSEDED	NONE
.pack_a_native_clean/pi_ufo_baseline_v1_runtimefix/build/A_PI_NATIVE_200/MG5_PROC/bin/internal/ufomodel/__pycache__/propagators.cpython-312.opt-1.pyc	archive/superseded/.pack_a_native_clean/pi_ufo_baseline_v1_runtimefix/build/A_PI_NATIVE_200/MG5_PROC/bin/internal/ufomodel/__pycache__/propagators.cpython-312.opt-1.pyc	150d998b37216c856f47eefa589ceaab33aaa9f9d53829beabd076cf28ba3e74	150d998b37216c856f47eefa589ceaab33aaa9f9d53829beabd076cf28ba3e74	HISTORICAL_SUPERSEDED	NONE
.pack_a_native_clean/pi_ufo_baseline_v1_runtimefix/build/A_PI_NATIVE_200/MG5_PROC/bin/internal/ufomodel/__pycache__/vertices.cpython-312.opt-1.pyc	archive/superseded/.pack_a_native_clean/pi_ufo_baseline_v1_runtimefix/build/A_PI_NATIVE_200/MG5_PROC/bin/internal/ufomodel/__pycache__/vertices.cpython-312.opt-1.pyc	df4b1dc0d12935726416b77f7e92d11235d9098c4bc952b1138e4aee52b6968f	df4b1dc0d12935726416b77f7e92d11235d9098c4bc952b1138e4aee52b6968f	HISTORICAL_SUPERSEDED	NONE
.pack_a_native_clean/pi_ufo_baseline_v1_runtimefix/build/A_PI_NATIVE_200/MG5_PROC/bin/internal/ufomodel/coupling_orders.py	archive/superseded/.pack_a_native_clean/pi_ufo_baseline_v1_runtimefix/build/A_PI_NATIVE_200/MG5_PROC/bin/internal/ufomodel/coupling_orders.py	80d652d3441c1fed3242dc7a4141a12f5a7ccc2f2cc6764dd5d22bb39083d132	80d652d3441c1fed3242dc7a4141a12f5a7ccc2f2cc6764dd5d22bb39083d132	HISTORICAL_SUPERSEDED	NONE
.pack_a_native_clean/pi_ufo_baseline_v1_runtimefix/build/A_PI_NATIVE_200/MG5_PROC/bin/internal/ufomodel/couplings.py	archive/superseded/.pack_a_native_clean/pi_ufo_baseline_v1_runtimefix/build/A_PI_NATIVE_200/MG5_PROC/bin/internal/ufomodel/couplings.py	199021f332fa57314f1a9dbd487a08c8310f9d5b4ce408eaa6c5ea99a649c3f4	199021f332fa57314f1a9dbd487a08c8310f9d5b4ce408eaa6c5ea99a649c3f4	HISTORICAL_SUPERSEDED	NONE
.pack_a_native_clean/pi_ufo_baseline_v1_runtimefix/build/A_PI_NATIVE_200/MG5_PROC/bin/internal/ufomodel/decays.py	archive/superseded/.pack_a_native_clean/pi_ufo_baseline_v1_runtimefix/build/A_PI_NATIVE_200/MG5_PROC/bin/internal/ufomodel/decays.py	ebb92183abff92cdaf55aeb80399effe2cc0256f1423ce807a390cd420564e23	ebb92183abff92cdaf55aeb80399effe2cc0256f1423ce807a390cd420564e23	HISTORICAL_SUPERSEDED	NONE
.pack_a_native_clean/pi_ufo_baseline_v1_runtimefix/build/A_PI_NATIVE_200/MG5_PROC/bin/internal/ufomodel/form_factors.py	archive/superseded/.pack_a_native_clean/pi_ufo_baseline_v1_runtimefix/build/A_PI_NATIVE_200/MG5_PROC/bin/internal/ufomodel/form_factors.py	9fdae69a684ddd1eb5963a1695e0f5449045755826aa62a8829569848b32f478	9fdae69a684ddd1eb5963a1695e0f5449045755826aa62a8829569848b32f478	HISTORICAL_SUPERSEDED	NONE
.pack_a_native_clean/pi_ufo_baseline_v1_runtimefix/build/A_PI_NATIVE_200/MG5_PROC/bin/internal/ufomodel/function_library.py	archive/superseded/.pack_a_native_clean/pi_ufo_baseline_v1_runtimefix/build/A_PI_NATIVE_200/MG5_PROC/bin/internal/ufomodel/function_library.py	af85d1d7e83bc0f7a016258b6cc3e179c4d9fd6778ce553ebf7ff4b8be5b968f	af85d1d7e83bc0f7a016258b6cc3e179c4d9fd6778ce553ebf7ff4b8be5b968f	HISTORICAL_SUPERSEDED	NONE
.pack_a_native_clean/pi_ufo_baseline_v1_runtimefix/build/A_PI_NATIVE_200/MG5_PROC/bin/internal/ufomodel/lorentz.py	archive/superseded/.pack_a_native_clean/pi_ufo_baseline_v1_runtimefix/build/A_PI_NATIVE_200/MG5_PROC/bin/internal/ufomodel/lorentz.py	4b818a0fd7a9f1ded91a957251380f4116a30454f8e1fc72e1c7ccacdab6bf8f	4b818a0fd7a9f1ded91a957251380f4116a30454f8e1fc72e1c7ccacdab6bf8f	HISTORICAL_SUPERSEDED	NONE
.pack_a_native_clean/pi_ufo_baseline_v1_runtimefix/build/A_PI_NATIVE_200/MG5_PROC/bin/internal/ufomodel/object_library.py	archive/superseded/.pack_a_native_clean/pi_ufo_baseline_v1_runtimefix/build/A_PI_NATIVE_200/MG5_PROC/bin/internal/ufomodel/object_library.py	4bef9ba0a44b89048f5ed02f0c97f5937e1a2ce8a949574bdaa6f67ae80f9e11	4bef9ba0a44b89048f5ed02f0c97f5937e1a2ce8a949574bdaa6f67ae80f9e11	HISTORICAL_SUPERSEDED	NONE
.pack_a_native_clean/pi_ufo_baseline_v1_runtimefix/build/A_PI_NATIVE_200/MG5_PROC/bin/internal/ufomodel/param_card.dat	archive/superseded/.pack_a_native_clean/pi_ufo_baseline_v1_runtimefix/build/A_PI_NATIVE_200/MG5_PROC/bin/internal/ufomodel/param_card.dat	520869311058818f46eb103f49c7cee51e1687548685c11e1bf32e73854c1ccf	520869311058818f46eb103f49c7cee51e1687548685c11e1bf32e73854c1ccf	HISTORICAL_SUPERSEDED	NONE
.pack_a_native_clean/pi_ufo_baseline_v1_runtimefix/build/A_PI_NATIVE_200/MG5_PROC/bin/internal/ufomodel/parameters.py	archive/superseded/.pack_a_native_clean/pi_ufo_baseline_v1_runtimefix/build/A_PI_NATIVE_200/MG5_PROC/bin/internal/ufomodel/parameters.py	7f84d779ff83dd52bbfecbbfe31df147e2df79faab0bcda716d5908d63b3d45b	7f84d779ff83dd52bbfecbbfe31df147e2df79faab0bcda716d5908d63b3d45b	HISTORICAL_SUPERSEDED	NONE
.pack_a_native_clean/pi_ufo_baseline_v1_runtimefix/build/A_PI_NATIVE_200/MG5_PROC/bin/internal/ufomodel/particles.py	archive/superseded/.pack_a_native_clean/pi_ufo_baseline_v1_runtimefix/build/A_PI_NATIVE_200/MG5_PROC/bin/internal/ufomodel/particles.py	01c61a7a352a5bebb747fff0c9ac3e228fa7575dfc381a339ecb285332b223c6	01c61a7a352a5bebb747fff0c9ac3e228fa7575dfc381a339ecb285332b223c6	HISTORICAL_SUPERSEDED	NONE
.pack_a_native_clean/pi_ufo_baseline_v1_runtimefix/build/A_PI_NATIVE_200/MG5_PROC/bin/internal/ufomodel/propagators.py	archive/superseded/.pack_a_native_clean/pi_ufo_baseline_v1_runtimefix/build/A_PI_NATIVE_200/MG5_PROC/bin/internal/ufomodel/propagators.py	1a4495d00654b6de8044d7a993b798cb12ca7265199f8e25ce42abdfbc98384a	1a4495d00654b6de8044d7a993b798cb12ca7265199f8e25ce42abdfbc98384a	HISTORICAL_SUPERSEDED	NONE
.pack_a_native_clean/pi_ufo_baseline_v1_runtimefix/build/A_PI_NATIVE_200/MG5_PROC/bin/internal/ufomodel/py3_model.pkl	archive/superseded/.pack_a_native_clean/pi_ufo_baseline_v1_runtimefix/build/A_PI_NATIVE_200/MG5_PROC/bin/internal/ufomodel/py3_model.pkl	547fc1931ede9789cee5b542eb5b9aa04ce335fbd1c94a88e238f7f8e48ba933	547fc1931ede9789cee5b542eb5b9aa04ce335fbd1c94a88e238f7f8e48ba933	HISTORICAL_SUPERSEDED	NONE
.pack_a_native_clean/pi_ufo_baseline_v1_runtimefix/build/A_PI_NATIVE_200/MG5_PROC/bin/internal/ufomodel/vertices.py	archive/superseded/.pack_a_native_clean/pi_ufo_baseline_v1_runtimefix/build/A_PI_NATIVE_200/MG5_PROC/bin/internal/ufomodel/vertices.py	60bb131379499fd85ac21da8e15f960cffcf2d33afc54217481730e82648f6ba	60bb131379499fd85ac21da8e15f960cffcf2d33afc54217481730e82648f6ba	HISTORICAL_SUPERSEDED	NONE
.pack_a_native_clean/pi_ufo_baseline_v1_runtimefix/build/A_PI_NATIVE_200/MG5_PROC/bin/internal/ufomodel/write_param_card.py	archive/superseded/.pack_a_native_clean/pi_ufo_baseline_v1_runtimefix/build/A_PI_NATIVE_200/MG5_PROC/bin/internal/ufomodel/write_param_card.py	081e24c63a197a6c58fd60a4253e10960738ac35050fe49364941268381ffbb9	081e24c63a197a6c58fd60a4253e10960738ac35050fe49364941268381ffbb9	HISTORICAL_SUPERSEDED	NONE
.pack_a_native_clean/pi_ufo_baseline_v1_runtimefix/build/A_PI_NATIVE_200/MG5_PROC/bin/madevent	archive/superseded/.pack_a_native_clean/pi_ufo_baseline_v1_runtimefix/build/A_PI_NATIVE_200/MG5_PROC/bin/madevent	13d0f53355f7b52e4ec0218f5e8e3a755e3da07c89d57f74f8df6956500bc9e2	13d0f53355f7b52e4ec0218f5e8e3a755e3da07c89d57f74f8df6956500bc9e2	HISTORICAL_SUPERSEDED	NONE
.pack_a_native_clean/pi_ufo_baseline_v1_runtimefix/build/A_PI_NATIVE_200/MG5_PROC/bin/newprocess_mg5	archive/superseded/.pack_a_native_clean/pi_ufo_baseline_v1_runtimefix/build/A_PI_NATIVE_200/MG5_PROC/bin/newprocess_mg5	f55d3f285147a8bb844d89b0ff3d81b5c3e86584f383a4e3e7c6780a2b795ff8	f55d3f285147a8bb844d89b0ff3d81b5c3e86584f383a4e3e7c6780a2b795ff8	HISTORICAL_SUPERSEDED	NONE
.pack_a_native_clean/pi_ufo_baseline_v1_runtimefix/build/A_PI_NATIVE_200/MG5_PROC/crossx.html	archive/superseded/.pack_a_native_clean/pi_ufo_baseline_v1_runtimefix/build/A_PI_NATIVE_200/MG5_PROC/crossx.html	217a8cc34ceab4b557f6e490bb6c7993d3072d4500455b692b2275cd3b88aac1	217a8cc34ceab4b557f6e490bb6c7993d3072d4500455b692b2275cd3b88aac1	HISTORICAL_SUPERSEDED	NONE
.pack_a_native_clean/pi_ufo_baseline_v1_runtimefix/build/A_PI_NATIVE_200/MG5_PROC/index.html	archive/superseded/.pack_a_native_clean/pi_ufo_baseline_v1_runtimefix/build/A_PI_NATIVE_200/MG5_PROC/index.html	1effeab9bd041e055d369522b82b2e88049132223075de442c637fe1a2d53a1f	1effeab9bd041e055d369522b82b2e88049132223075de442c637fe1a2d53a1f	HISTORICAL_SUPERSEDED	NONE
.pack_a_native_clean/pi_ufo_baseline_v1_runtimefix/build/A_PI_NATIVE_200/MG5_PROC/lib/Pdfdata/NNPDF23_lo_as_0119_qed_mem0.grid	archive/superseded/.pack_a_native_clean/pi_ufo_baseline_v1_runtimefix/build/A_PI_NATIVE_200/MG5_PROC/lib/Pdfdata/NNPDF23_lo_as_0119_qed_mem0.grid	372e1da9f61b7aca03c25884fd05ab47399809de578ac7ee30df0d09a5c99558	372e1da9f61b7aca03c25884fd05ab47399809de578ac7ee30df0d09a5c99558	HISTORICAL_SUPERSEDED	NONE
.pack_a_native_clean/pi_ufo_baseline_v1_runtimefix/build/A_PI_NATIVE_200/MG5_PROC/lib/Pdfdata/NNPDF23_lo_as_0130_qed_mem0.grid	archive/superseded/.pack_a_native_clean/pi_ufo_baseline_v1_runtimefix/build/A_PI_NATIVE_200/MG5_PROC/lib/Pdfdata/NNPDF23_lo_as_0130_qed_mem0.grid	5d7378dd34444682a01acbc7215caccf38dffe31b65786a922bb586aee4369b5	5d7378dd34444682a01acbc7215caccf38dffe31b65786a922bb586aee4369b5	HISTORICAL_SUPERSEDED	NONE
.pack_a_native_clean/pi_ufo_baseline_v1_runtimefix/build/A_PI_NATIVE_200/MG5_PROC/lib/Pdfdata/NNPDF23nlo_as_0119_qed_mem0.grid	archive/superseded/.pack_a_native_clean/pi_ufo_baseline_v1_runtimefix/build/A_PI_NATIVE_200/MG5_PROC/lib/Pdfdata/NNPDF23nlo_as_0119_qed_mem0.grid	e1ad3115d9bc36f4cdf43268138ab6c2efb9a4803bff376f493c85260181213e	e1ad3115d9bc36f4cdf43268138ab6c2efb9a4803bff376f493c85260181213e	HISTORICAL_SUPERSEDED	NONE
.pack_a_native_clean/pi_ufo_baseline_v1_runtimefix/build/A_PI_NATIVE_200/MG5_PROC/lib/Pdfdata/cteq5l.tbl	archive/superseded/.pack_a_native_clean/pi_ufo_baseline_v1_runtimefix/build/A_PI_NATIVE_200/MG5_PROC/lib/Pdfdata/cteq5l.tbl	8d7d234ec1b3b6c81f76f69e9b8a3114b487344963036bd882246e752a63ef4b	8d7d234ec1b3b6c81f76f69e9b8a3114b487344963036bd882246e752a63ef4b	HISTORICAL_SUPERSEDED	NONE
.pack_a_native_clean/pi_ufo_baseline_v1_runtimefix/build/A_PI_NATIVE_200/MG5_PROC/lib/Pdfdata/cteq5m.tbl	archive/superseded/.pack_a_native_clean/pi_ufo_baseline_v1_runtimefix/build/A_PI_NATIVE_200/MG5_PROC/lib/Pdfdata/cteq5m.tbl	0c1585bb7e16eef45fef4b7275d206538a0aca157a93159b82dccdeeb3e6adbe	0c1585bb7e16eef45fef4b7275d206538a0aca157a93159b82dccdeeb3e6adbe	HISTORICAL_SUPERSEDED	NONE
.pack_a_native_clean/pi_ufo_baseline_v1_runtimefix/build/A_PI_NATIVE_200/MG5_PROC/lib/Pdfdata/cteq6d.tbl	archive/superseded/.pack_a_native_clean/pi_ufo_baseline_v1_runtimefix/build/A_PI_NATIVE_200/MG5_PROC/lib/Pdfdata/cteq6d.tbl	25912796d9d954a0ee0c7cbc7b7d915c1edb2c378664eb4cc702479ccd39acc1	25912796d9d954a0ee0c7cbc7b7d915c1edb2c378664eb4cc702479ccd39acc1	HISTORICAL_SUPERSEDED	NONE
.pack_a_native_clean/pi_ufo_baseline_v1_runtimefix/build/A_PI_NATIVE_200/MG5_PROC/lib/Pdfdata/cteq6l.tbl	archive/superseded/.pack_a_native_clean/pi_ufo_baseline_v1_runtimefix/build/A_PI_NATIVE_200/MG5_PROC/lib/Pdfdata/cteq6l.tbl	8525243c99321fe64d5e8e9f223fd9106069d07bd12bdb14f4b99316e848873e	8525243c99321fe64d5e8e9f223fd9106069d07bd12bdb14f4b99316e848873e	HISTORICAL_SUPERSEDED	NONE
.pack_a_native_clean/pi_ufo_baseline_v1_runtimefix/build/A_PI_NATIVE_200/MG5_PROC/lib/Pdfdata/cteq6l1.tbl	archive/superseded/.pack_a_native_clean/pi_ufo_baseline_v1_runtimefix/build/A_PI_NATIVE_200/MG5_PROC/lib/Pdfdata/cteq6l1.tbl	023dce6f7e6f64dfab376ced5d2c487f8ef8d0ccb976d383a2f0a8049370f058	023dce6f7e6f64dfab376ced5d2c487f8ef8d0ccb976d383a2f0a8049370f058	HISTORICAL_SUPERSEDED	NONE
.pack_a_native_clean/pi_ufo_baseline_v1_runtimefix/build/A_PI_NATIVE_200/MG5_PROC/lib/Pdfdata/cteq6m.tbl	archive/superseded/.pack_a_native_clean/pi_ufo_baseline_v1_runtimefix/build/A_PI_NATIVE_200/MG5_PROC/lib/Pdfdata/cteq6m.tbl	570c8bda925461c5f15f877a24555d1be9cb17434fe347f8afe6c8724bac4470	570c8bda925461c5f15f877a24555d1be9cb17434fe347f8afe6c8724bac4470	HISTORICAL_SUPERSEDED	NONE
.pack_a_native_clean/pi_ufo_baseline_v1_runtimefix/build/A_PI_NATIVE_200/MG5_PROC/lib/Pdfdata/mrsb.dat	archive/superseded/.pack_a_native_clean/pi_ufo_baseline_v1_runtimefix/build/A_PI_NATIVE_200/MG5_PROC/lib/Pdfdata/mrsb.dat	8e957739754db8a1584d25beb7eab00a55501f794dc38a5d20d539c4347de4ff	8e957739754db8a1584d25beb7eab00a55501f794dc38a5d20d539c4347de4ff	HISTORICAL_SUPERSEDED	NONE
.pack_a_native_clean/pi_ufo_baseline_v1_runtimefix/build/A_PI_NATIVE_200/MG5_PROC/lib/Pdfdata/mrse.dat	archive/superseded/.pack_a_native_clean/pi_ufo_baseline_v1_runtimefix/build/A_PI_NATIVE_200/MG5_PROC/lib/Pdfdata/mrse.dat	c8b4b7e4f6643563302971d1c9a2acd7bec217515ead22a586839125cab98e8a	c8b4b7e4f6643563302971d1c9a2acd7bec217515ead22a586839125cab98e8a	HISTORICAL_SUPERSEDED	NONE
.pack_a_native_clean/pi_ufo_baseline_v1_runtimefix/build/A_PI_NATIVE_200/MG5_PROC/lib/Pdfdata/mrst2002nlo.dat	archive/superseded/.pack_a_native_clean/pi_ufo_baseline_v1_runtimefix/build/A_PI_NATIVE_200/MG5_PROC/lib/Pdfdata/mrst2002nlo.dat	bec81dcb0093a68b44e6b15472bbe67c2b883fb59833529307d80a7f16688d4f	bec81dcb0093a68b44e6b15472bbe67c2b883fb59833529307d80a7f16688d4f	HISTORICAL_SUPERSEDED	NONE
.pack_a_native_clean/pi_ufo_baseline_v1_runtimefix/build/A_PI_NATIVE_200/MG5_PROC/lib/libbias.a	archive/superseded/.pack_a_native_clean/pi_ufo_baseline_v1_runtimefix/build/A_PI_NATIVE_200/MG5_PROC/lib/libbias.a	30678af2aeb0de041816c84b31df68827f1c6d525f1b3b847268eb9a64922179	30678af2aeb0de041816c84b31df68827f1c6d525f1b3b847268eb9a64922179	HISTORICAL_SUPERSEDED	NONE
.pack_a_native_clean/pi_ufo_baseline_v1_runtimefix/build/A_PI_NATIVE_200/MG5_PROC/lib/libcernlib.a	archive/superseded/.pack_a_native_clean/pi_ufo_baseline_v1_runtimefix/build/A_PI_NATIVE_200/MG5_PROC/lib/libcernlib.a	dec4fa6ecb5068cb14d125e698071fd0ceea2611d37a51c857f3253ad43d92c4	dec4fa6ecb5068cb14d125e698071fd0ceea2611d37a51c857f3253ad43d92c4	HISTORICAL_SUPERSEDED	NONE
.pack_a_native_clean/pi_ufo_baseline_v1_runtimefix/build/A_PI_NATIVE_200/MG5_PROC/lib/libdhelas.a	archive/superseded/.pack_a_native_clean/pi_ufo_baseline_v1_runtimefix/build/A_PI_NATIVE_200/MG5_PROC/lib/libdhelas.a	91a5994d074bba58224a30e07b59e13c0efb814925cbbf3a0c1b6fdf69577a4d	91a5994d074bba58224a30e07b59e13c0efb814925cbbf3a0c1b6fdf69577a4d	HISTORICAL_SUPERSEDED	NONE
.pack_a_native_clean/pi_ufo_baseline_v1_runtimefix/build/A_PI_NATIVE_200/MG5_PROC/lib/libdsample.a	archive/superseded/.pack_a_native_clean/pi_ufo_baseline_v1_runtimefix/build/A_PI_NATIVE_200/MG5_PROC/lib/libdsample.a	e71256189b5a0d4805146c0a91aa29538c929392dc4f3583a55aab63b330c1db	e71256189b5a0d4805146c0a91aa29538c929392dc4f3583a55aab63b330c1db	HISTORICAL_SUPERSEDED	NONE
.pack_a_native_clean/pi_ufo_baseline_v1_runtimefix/build/A_PI_NATIVE_200/MG5_PROC/lib/libgammaUPC.a	archive/superseded/.pack_a_native_clean/pi_ufo_baseline_v1_runtimefix/build/A_PI_NATIVE_200/MG5_PROC/lib/libgammaUPC.a	9ea8f61806779aec59782550bb0e9ef39a96dcbab8abff299c911fc62e19bf81	9ea8f61806779aec59782550bb0e9ef39a96dcbab8abff299c911fc62e19bf81	HISTORICAL_SUPERSEDED	NONE
.pack_a_native_clean/pi_ufo_baseline_v1_runtimefix/build/A_PI_NATIVE_200/MG5_PROC/lib/libgeneric.a	archive/superseded/.pack_a_native_clean/pi_ufo_baseline_v1_runtimefix/build/A_PI_NATIVE_200/MG5_PROC/lib/libgeneric.a	f7a01aabfb78f7c62868a027c55faec472b1a038fea2fc4d2fcf5339c5eb2323	f7a01aabfb78f7c62868a027c55faec472b1a038fea2fc4d2fcf5339c5eb2323	HISTORICAL_SUPERSEDED	NONE
.pack_a_native_clean/pi_ufo_baseline_v1_runtimefix/build/A_PI_NATIVE_200/MG5_PROC/lib/libmodel.a	archive/superseded/.pack_a_native_clean/pi_ufo_baseline_v1_runtimefix/build/A_PI_NATIVE_200/MG5_PROC/lib/libmodel.a	d5f0cefc2e35659c23835f1e48a2feeff7f5904d7405c043f865c980c93c3f20	d5f0cefc2e35659c23835f1e48a2feeff7f5904d7405c043f865c980c93c3f20	HISTORICAL_SUPERSEDED	NONE
.pack_a_native_clean/pi_ufo_baseline_v1_runtimefix/build/A_PI_NATIVE_200/MG5_PROC/lib/libpdf.a	archive/superseded/.pack_a_native_clean/pi_ufo_baseline_v1_runtimefix/build/A_PI_NATIVE_200/MG5_PROC/lib/libpdf.a	e9751b0ca0ffcb6fcb932ff179cced233e714cfe07574bcc922d670721b037bc	e9751b0ca0ffcb6fcb932ff179cced233e714cfe07574bcc922d670721b037bc	HISTORICAL_SUPERSEDED	NONE
.pack_a_native_clean/pi_ufo_baseline_v1_runtimefix/build/A_PI_NATIVE_200/MG5_PROC/madevent.tar.gz	archive/superseded/.pack_a_native_clean/pi_ufo_baseline_v1_runtimefix/build/A_PI_NATIVE_200/MG5_PROC/madevent.tar.gz	9d85a033dde15a4e623bc1bb00383f783b20f47662af7aa8f54b6bec807e6ef3	9d85a033dde15a4e623bc1bb00383f783b20f47662af7aa8f54b6bec807e6ef3	HISTORICAL_SUPERSEDED	NONE
.pack_a_native_clean/pi_ufo_baseline_v1_runtimefix/build/A_PI_NATIVE_200/cross_section.json	archive/superseded/.pack_a_native_clean/pi_ufo_baseline_v1_runtimefix/build/A_PI_NATIVE_200/cross_section.json	a85113feb370814455d71dfc6eaeab4e996d5d5de149d54f613657b7c402c110	a85113feb370814455d71dfc6eaeab4e996d5d5de149d54f613657b7c402c110	HISTORICAL_SUPERSEDED	NONE
.pack_a_native_clean/pi_ufo_baseline_v1_runtimefix/build/A_PI_NATIVE_200/decay.slha	archive/superseded/.pack_a_native_clean/pi_ufo_baseline_v1_runtimefix/build/A_PI_NATIVE_200/decay.slha	f12c11eac372629c0275963341370ac94e3f7dd2868554a3af8f1b452968c524	f12c11eac372629c0275963341370ac94e3f7dd2868554a3af8f1b452968c524	HISTORICAL_SUPERSEDED	NONE
.pack_a_native_clean/pi_ufo_baseline_v1_runtimefix/build/A_PI_NATIVE_200/events.lhe.gz	archive/superseded/.pack_a_native_clean/pi_ufo_baseline_v1_runtimefix/build/A_PI_NATIVE_200/events.lhe.gz	e756583bfab44ebc148da94c2dcbf5c189bd3b177b09eebd54fa7e803bcf4a54	e756583bfab44ebc148da94c2dcbf5c189bd3b177b09eebd54fa7e803bcf4a54	HISTORICAL_SUPERSEDED	NONE
.pack_a_native_clean/pi_ufo_baseline_v1_runtimefix/build/A_PI_NATIVE_200/lhe_report.json	archive/superseded/.pack_a_native_clean/pi_ufo_baseline_v1_runtimefix/build/A_PI_NATIVE_200/lhe_report.json	07e2a4b9d9a5d1f63ca369ea1728a9a4196e2c2dc87063991e519bf1526e7901	07e2a4b9d9a5d1f63ca369ea1728a9a4196e2c2dc87063991e519bf1526e7901	HISTORICAL_SUPERSEDED	NONE
.pack_a_native_clean/pi_ufo_baseline_v1_runtimefix/build/A_PI_NATIVE_200/mg5_events.log	archive/superseded/.pack_a_native_clean/pi_ufo_baseline_v1_runtimefix/build/A_PI_NATIVE_200/mg5_events.log	c72c055a331d8f36d57ef7fe41f9d1c86d4b633234df96e7619c92f506429c45	c72c055a331d8f36d57ef7fe41f9d1c86d4b633234df96e7619c92f506429c45	HISTORICAL_SUPERSEDED	NONE
.pack_a_native_clean/pi_ufo_baseline_v1_runtimefix/build/A_PI_NATIVE_200/mg5_generate.log	archive/superseded/.pack_a_native_clean/pi_ufo_baseline_v1_runtimefix/build/A_PI_NATIVE_200/mg5_generate.log	26d01dfda62a9a1c374517dc2fdbefd76abca30d28d5ab329be194d4bdd0ca53	26d01dfda62a9a1c374517dc2fdbefd76abca30d28d5ab329be194d4bdd0ca53	HISTORICAL_SUPERSEDED	NONE
.pack_a_native_clean/pi_ufo_baseline_v1_runtimefix/build/A_PI_NATIVE_200/param_card.dat	archive/superseded/.pack_a_native_clean/pi_ufo_baseline_v1_runtimefix/build/A_PI_NATIVE_200/param_card.dat	442e79ea6440fff031aed96d9aa8616f987a425a4f68f4dc16375d55b975e4f4	442e79ea6440fff031aed96d9aa8616f987a425a4f68f4dc16375d55b975e4f4	HISTORICAL_SUPERSEDED	NONE
.pack_a_native_clean/pi_ufo_baseline_v1_runtimefix/build/A_PI_NATIVE_200/point.json	archive/superseded/.pack_a_native_clean/pi_ufo_baseline_v1_runtimefix/build/A_PI_NATIVE_200/point.json	83501147178e5ac94aff8d53a7ce26b8afcd1bc379bfece979f1f1f8cdd66d08	83501147178e5ac94aff8d53a7ce26b8afcd1bc379bfece979f1f1f8cdd66d08	HISTORICAL_SUPERSEDED	NONE
.pack_a_native_clean/pi_ufo_baseline_v1_runtimefix/build/A_PI_NATIVE_200/proc_card.dat	archive/superseded/.pack_a_native_clean/pi_ufo_baseline_v1_runtimefix/build/A_PI_NATIVE_200/proc_card.dat	fec16391dad47a6fb527bc1d71ae29aefa5111448bce74b031769b85e640cf70	fec16391dad47a6fb527bc1d71ae29aefa5111448bce74b031769b85e640cf70	HISTORICAL_SUPERSEDED	NONE
.pack_a_native_clean/pi_ufo_baseline_v1_runtimefix/build/A_PI_NATIVE_200/provenance.json	archive/superseded/.pack_a_native_clean/pi_ufo_baseline_v1_runtimefix/build/A_PI_NATIVE_200/provenance.json	7e0ebca79cc3b507744b9f5eae62792466cdce1508b9c6fc6e534c89f87ce86f	7e0ebca79cc3b507744b9f5eae62792466cdce1508b9c6fc6e534c89f87ce86f	HISTORICAL_SUPERSEDED	NONE
.pack_a_native_clean/pi_ufo_baseline_v1_runtimefix/build/A_PI_NATIVE_200/pythia8.cmnd	archive/superseded/.pack_a_native_clean/pi_ufo_baseline_v1_runtimefix/build/A_PI_NATIVE_200/pythia8.cmnd	65d7721a242f171d260096ac22f78a08923cc035e68d6cb42d0e8192e5ce6458	65d7721a242f171d260096ac22f78a08923cc035e68d6cb42d0e8192e5ce6458	HISTORICAL_SUPERSEDED	NONE
.pack_a_native_clean/pi_ufo_baseline_v1_runtimefix/build/A_PI_NATIVE_200/run_card.dat	archive/superseded/.pack_a_native_clean/pi_ufo_baseline_v1_runtimefix/build/A_PI_NATIVE_200/run_card.dat	0f0ea8bd8bda68e30ef4da98d145b6563045b64a13830104806fed244ed2ec1e	0f0ea8bd8bda68e30ef4da98d145b6563045b64a13830104806fed244ed2ec1e	HISTORICAL_SUPERSEDED	NONE
.pack_a_native_clean/pi_ufo_baseline_v1_runtimefix/build/point_000001/decay.slha	archive/superseded/.pack_a_native_clean/pi_ufo_baseline_v1_runtimefix/build/point_000001/decay.slha	b28ab25311a3e1796c0018c33c14d8709ec31456ef45df9940d1b5bdf1086741	b28ab25311a3e1796c0018c33c14d8709ec31456ef45df9940d1b5bdf1086741	HISTORICAL_SUPERSEDED	NONE
.pack_a_native_clean/pi_ufo_baseline_v1_runtimefix/build/point_000001/param_card.dat	archive/superseded/.pack_a_native_clean/pi_ufo_baseline_v1_runtimefix/build/point_000001/param_card.dat	b5e68dde0222854f72892cc79c0c90becca83a13502fec9bc29c69150a4f4bbf	b5e68dde0222854f72892cc79c0c90becca83a13502fec9bc29c69150a4f4bbf	HISTORICAL_SUPERSEDED	NONE
.pack_a_native_clean/pi_ufo_baseline_v1_runtimefix/build/point_000001/point.json	archive/superseded/.pack_a_native_clean/pi_ufo_baseline_v1_runtimefix/build/point_000001/point.json	a598573864361f674283cabb0ca478c3965ec362bca355a53c46f5cbdd164e90	a598573864361f674283cabb0ca478c3965ec362bca355a53c46f5cbdd164e90	HISTORICAL_SUPERSEDED	NONE
.pack_a_native_clean/pi_ufo_baseline_v1_runtimefix/build/point_000001/proc_card.dat	archive/superseded/.pack_a_native_clean/pi_ufo_baseline_v1_runtimefix/build/point_000001/proc_card.dat	a1232e3019d1348a8a6c0fd5fbb38aa05745547bfc9f6f88e53b9bef7a4e556e	a1232e3019d1348a8a6c0fd5fbb38aa05745547bfc9f6f88e53b9bef7a4e556e	HISTORICAL_SUPERSEDED	NONE
.pack_a_native_clean/pi_ufo_baseline_v1_runtimefix/build/point_000001/provenance.json	archive/superseded/.pack_a_native_clean/pi_ufo_baseline_v1_runtimefix/build/point_000001/provenance.json	e06f571851fa0b1b83c8e94bfc98f6a3399ecff21c1e7d0ceac995742d67fa05	e06f571851fa0b1b83c8e94bfc98f6a3399ecff21c1e7d0ceac995742d67fa05	HISTORICAL_SUPERSEDED	NONE
.pack_a_native_clean/pi_ufo_baseline_v1_runtimefix/build/point_000001/pythia8.cmnd	archive/superseded/.pack_a_native_clean/pi_ufo_baseline_v1_runtimefix/build/point_000001/pythia8.cmnd	92e5f0cbf76a3e2009e41b8c8beb85fc3a6c97fb1fa2aaa6c6376460cc925129	92e5f0cbf76a3e2009e41b8c8beb85fc3a6c97fb1fa2aaa6c6376460cc925129	HISTORICAL_SUPERSEDED	NONE
.pack_a_native_clean/pi_ufo_baseline_v1_runtimefix/build/point_000001/run_card.dat	archive/superseded/.pack_a_native_clean/pi_ufo_baseline_v1_runtimefix/build/point_000001/run_card.dat	0f0ea8bd8bda68e30ef4da98d145b6563045b64a13830104806fed244ed2ec1e	0f0ea8bd8bda68e30ef4da98d145b6563045b64a13830104806fed244ed2ec1e	HISTORICAL_SUPERSEDED	NONE
.pack_a_native_clean/pi_ufo_baseline_v1_runtimefix/cards/README.md	archive/superseded/.pack_a_native_clean/pi_ufo_baseline_v1_runtimefix/cards/README.md	4540a601faeb6f1744f8486d7de849b0117627e7c6641efa0e42b14aff27f50c	4540a601faeb6f1744f8486d7de849b0117627e7c6641efa0e42b14aff27f50c	HISTORICAL_SUPERSEDED	NONE
.pack_a_native_clean/pi_ufo_baseline_v1_runtimefix/cards/proc_card_zerojet.dat	archive/superseded/.pack_a_native_clean/pi_ufo_baseline_v1_runtimefix/cards/proc_card_zerojet.dat	d86cf89a9863c08ba5d1232f3f810271b0a4306d1308dbb059f7254d469a105e	d86cf89a9863c08ba5d1232f3f810271b0a4306d1308dbb059f7254d469a105e	HISTORICAL_SUPERSEDED	NONE
.pack_a_native_clean/pi_ufo_baseline_v1_runtimefix/cards/pythia8.template.cmnd	archive/superseded/.pack_a_native_clean/pi_ufo_baseline_v1_runtimefix/cards/pythia8.template.cmnd	41d264542323dff06edbcd30fd90ecfb4eeba2417544050cdc29e9a41f9de477	41d264542323dff06edbcd30fd90ecfb4eeba2417544050cdc29e9a41f9de477	HISTORICAL_SUPERSEDED	NONE
.pack_a_native_clean/pi_ufo_baseline_v1_runtimefix/cards/run_card_smoke.dat	archive/superseded/.pack_a_native_clean/pi_ufo_baseline_v1_runtimefix/cards/run_card_smoke.dat	85abb3e99fc9503e59ecb6bff21a1aa804e248ff64f230afff8f20d8b5d156c3	85abb3e99fc9503e59ecb6bff21a1aa804e248ff64f230afff8f20d8b5d156c3	HISTORICAL_SUPERSEDED	NONE
.pack_a_native_clean/pi_ufo_baseline_v1_runtimefix/checksums.sha256	archive/superseded/.pack_a_native_clean/pi_ufo_baseline_v1_runtimefix/checksums.sha256	dd99659fa2074b5ed2332baab7acd38835b9d4e7df364af8407ff1ac2cf2e57b	dd99659fa2074b5ed2332baab7acd38835b9d4e7df364af8407ff1ac2cf2e57b	HISTORICAL_SUPERSEDED	NONE
.pack_a_native_clean/pi_ufo_baseline_v1_runtimefix/expected/smoke_contract.json	archive/superseded/.pack_a_native_clean/pi_ufo_baseline_v1_runtimefix/expected/smoke_contract.json	db1fb31cea7019a7399c4074d0e674a00653c40fba5618c1f5a9aad5c5d8ad3f	db1fb31cea7019a7399c4074d0e674a00653c40fba5618c1f5a9aad5c5d8ad3f	HISTORICAL_SUPERSEDED	NONE
.pack_a_native_clean/pi_ufo_baseline_v1_runtimefix/manifest.json	archive/superseded/.pack_a_native_clean/pi_ufo_baseline_v1_runtimefix/manifest.json	c9355e29f447b15be7f724fd9225e684b80ee881f63e42d3fdafdf3b12d00c5b	c9355e29f447b15be7f724fd9225e684b80ee881f63e42d3fdafdf3b12d00c5b	HISTORICAL_SUPERSEDED	NONE
.pack_a_native_clean/pi_ufo_baseline_v1_runtimefix/model/LLscalar_v3_UFO_runtime/CT_couplings.py	archive/superseded/.pack_a_native_clean/pi_ufo_baseline_v1_runtimefix/model/LLscalar_v3_UFO_runtime/CT_couplings.py	58e07e6b6dea344858f32bccd1948a10768d38a217b88448aa4dc976c0a77b58	58e07e6b6dea344858f32bccd1948a10768d38a217b88448aa4dc976c0a77b58	HISTORICAL_SUPERSEDED	NONE
.pack_a_native_clean/pi_ufo_baseline_v1_runtimefix/model/LLscalar_v3_UFO_runtime/__init__.py	archive/superseded/.pack_a_native_clean/pi_ufo_baseline_v1_runtimefix/model/LLscalar_v3_UFO_runtime/__init__.py	e2198b46e727a0aa09378d715bd33364095057dd910f3b8cf7d7dd6ec1bc71d7	e2198b46e727a0aa09378d715bd33364095057dd910f3b8cf7d7dd6ec1bc71d7	HISTORICAL_SUPERSEDED	NONE
.pack_a_native_clean/pi_ufo_baseline_v1_runtimefix/model/LLscalar_v3_UFO_runtime/__pycache__/__init__.cpython-312.pyc	archive/superseded/.pack_a_native_clean/pi_ufo_baseline_v1_runtimefix/model/LLscalar_v3_UFO_runtime/__pycache__/__init__.cpython-312.pyc	e3b1551538da5d88492e051ad44a255e5824952d093633d70bf62c3103c7dbc7	e3b1551538da5d88492e051ad44a255e5824952d093633d70bf62c3103c7dbc7	HISTORICAL_SUPERSEDED	NONE
.pack_a_native_clean/pi_ufo_baseline_v1_runtimefix/model/LLscalar_v3_UFO_runtime/__pycache__/coupling_orders.cpython-312.pyc	archive/superseded/.pack_a_native_clean/pi_ufo_baseline_v1_runtimefix/model/LLscalar_v3_UFO_runtime/__pycache__/coupling_orders.cpython-312.pyc	0ecc04f5b83378cf8716872850753cf4391ec04c927d255dca897e630fd82937	0ecc04f5b83378cf8716872850753cf4391ec04c927d255dca897e630fd82937	HISTORICAL_SUPERSEDED	NONE
.pack_a_native_clean/pi_ufo_baseline_v1_runtimefix/model/LLscalar_v3_UFO_runtime/__pycache__/couplings.cpython-312.pyc	archive/superseded/.pack_a_native_clean/pi_ufo_baseline_v1_runtimefix/model/LLscalar_v3_UFO_runtime/__pycache__/couplings.cpython-312.pyc	9ff2d8ac3b77f8a957b5b9cedcd9e71bfbaa5a90026a71f08866274a87f2c0bd	9ff2d8ac3b77f8a957b5b9cedcd9e71bfbaa5a90026a71f08866274a87f2c0bd	HISTORICAL_SUPERSEDED	NONE
.pack_a_native_clean/pi_ufo_baseline_v1_runtimefix/model/LLscalar_v3_UFO_runtime/__pycache__/decays.cpython-312.pyc	archive/superseded/.pack_a_native_clean/pi_ufo_baseline_v1_runtimefix/model/LLscalar_v3_UFO_runtime/__pycache__/decays.cpython-312.pyc	a10b7a255128de2ef59cfae5fcc65490be9c5215f00f6d90c7fc1adee5e73a05	a10b7a255128de2ef59cfae5fcc65490be9c5215f00f6d90c7fc1adee5e73a05	HISTORICAL_SUPERSEDED	NONE
.pack_a_native_clean/pi_ufo_baseline_v1_runtimefix/model/LLscalar_v3_UFO_runtime/__pycache__/form_factors.cpython-312.pyc	archive/superseded/.pack_a_native_clean/pi_ufo_baseline_v1_runtimefix/model/LLscalar_v3_UFO_runtime/__pycache__/form_factors.cpython-312.pyc	3f1bd114a98765b1c6fcc7ca58836a08265381716bd0510dc8473ab3ac08cfc3	3f1bd114a98765b1c6fcc7ca58836a08265381716bd0510dc8473ab3ac08cfc3	HISTORICAL_SUPERSEDED	NONE
.pack_a_native_clean/pi_ufo_baseline_v1_runtimefix/model/LLscalar_v3_UFO_runtime/__pycache__/function_library.cpython-312.pyc	archive/superseded/.pack_a_native_clean/pi_ufo_baseline_v1_runtimefix/model/LLscalar_v3_UFO_runtime/__pycache__/function_library.cpython-312.pyc	cb11c5a7837fe66938566a6647e389e3fa2d61bad566a713eb395417d386ddab	cb11c5a7837fe66938566a6647e389e3fa2d61bad566a713eb395417d386ddab	HISTORICAL_SUPERSEDED	NONE
.pack_a_native_clean/pi_ufo_baseline_v1_runtimefix/model/LLscalar_v3_UFO_runtime/__pycache__/lorentz.cpython-312.pyc	archive/superseded/.pack_a_native_clean/pi_ufo_baseline_v1_runtimefix/model/LLscalar_v3_UFO_runtime/__pycache__/lorentz.cpython-312.pyc	251c49f72179152dd5119eae609e6d76c74195fbbdb953dc2ab739475a2a5373	251c49f72179152dd5119eae609e6d76c74195fbbdb953dc2ab739475a2a5373	HISTORICAL_SUPERSEDED	NONE
.pack_a_native_clean/pi_ufo_baseline_v1_runtimefix/model/LLscalar_v3_UFO_runtime/__pycache__/object_library.cpython-312.pyc	archive/superseded/.pack_a_native_clean/pi_ufo_baseline_v1_runtimefix/model/LLscalar_v3_UFO_runtime/__pycache__/object_library.cpython-312.pyc	cb515532a3b05ffc5bb399cd64e452be746650ebae81f33928eeaabf66b8d41f	cb515532a3b05ffc5bb399cd64e452be746650ebae81f33928eeaabf66b8d41f	HISTORICAL_SUPERSEDED	NONE
.pack_a_native_clean/pi_ufo_baseline_v1_runtimefix/model/LLscalar_v3_UFO_runtime/__pycache__/parameters.cpython-312.pyc	archive/superseded/.pack_a_native_clean/pi_ufo_baseline_v1_runtimefix/model/LLscalar_v3_UFO_runtime/__pycache__/parameters.cpython-312.pyc	ec1dd26fa59ed55aadc2e8c4b6e3bf86ac76f3487e2cd4d297bcff21c1710821	ec1dd26fa59ed55aadc2e8c4b6e3bf86ac76f3487e2cd4d297bcff21c1710821	HISTORICAL_SUPERSEDED	NONE
.pack_a_native_clean/pi_ufo_baseline_v1_runtimefix/model/LLscalar_v3_UFO_runtime/__pycache__/particles.cpython-312.pyc	archive/superseded/.pack_a_native_clean/pi_ufo_baseline_v1_runtimefix/model/LLscalar_v3_UFO_runtime/__pycache__/particles.cpython-312.pyc	5cec9a5d5b8ccadcfaa3ca607efde5c27705ae8046b8b9277a911428ac7276ab	5cec9a5d5b8ccadcfaa3ca607efde5c27705ae8046b8b9277a911428ac7276ab	HISTORICAL_SUPERSEDED	NONE
.pack_a_native_clean/pi_ufo_baseline_v1_runtimefix/model/LLscalar_v3_UFO_runtime/__pycache__/propagators.cpython-312.pyc	archive/superseded/.pack_a_native_clean/pi_ufo_baseline_v1_runtimefix/model/LLscalar_v3_UFO_runtime/__pycache__/propagators.cpython-312.pyc	24f15ff90780c4a1cad68a675a534c73fc08c37ccb1301ebd5afe8b60fd22b69	24f15ff90780c4a1cad68a675a534c73fc08c37ccb1301ebd5afe8b60fd22b69	HISTORICAL_SUPERSEDED	NONE
.pack_a_native_clean/pi_ufo_baseline_v1_runtimefix/model/LLscalar_v3_UFO_runtime/__pycache__/vertices.cpython-312.pyc	archive/superseded/.pack_a_native_clean/pi_ufo_baseline_v1_runtimefix/model/LLscalar_v3_UFO_runtime/__pycache__/vertices.cpython-312.pyc	7dc35ac8ec9afc94a221ededc7fcb50ecc8a0ee4863f352d64109dc53694c979	7dc35ac8ec9afc94a221ededc7fcb50ecc8a0ee4863f352d64109dc53694c979	HISTORICAL_SUPERSEDED	NONE
.pack_a_native_clean/pi_ufo_baseline_v1_runtimefix/model/LLscalar_v3_UFO_runtime/coupling_orders.py	archive/superseded/.pack_a_native_clean/pi_ufo_baseline_v1_runtimefix/model/LLscalar_v3_UFO_runtime/coupling_orders.py	80d652d3441c1fed3242dc7a4141a12f5a7ccc2f2cc6764dd5d22bb39083d132	80d652d3441c1fed3242dc7a4141a12f5a7ccc2f2cc6764dd5d22bb39083d132	HISTORICAL_SUPERSEDED	NONE
.pack_a_native_clean/pi_ufo_baseline_v1_runtimefix/model/LLscalar_v3_UFO_runtime/couplings.py	archive/superseded/.pack_a_native_clean/pi_ufo_baseline_v1_runtimefix/model/LLscalar_v3_UFO_runtime/couplings.py	199021f332fa57314f1a9dbd487a08c8310f9d5b4ce408eaa6c5ea99a649c3f4	199021f332fa57314f1a9dbd487a08c8310f9d5b4ce408eaa6c5ea99a649c3f4	HISTORICAL_SUPERSEDED	NONE
.pack_a_native_clean/pi_ufo_baseline_v1_runtimefix/model/LLscalar_v3_UFO_runtime/decays.py	archive/superseded/.pack_a_native_clean/pi_ufo_baseline_v1_runtimefix/model/LLscalar_v3_UFO_runtime/decays.py	ebb92183abff92cdaf55aeb80399effe2cc0256f1423ce807a390cd420564e23	ebb92183abff92cdaf55aeb80399effe2cc0256f1423ce807a390cd420564e23	HISTORICAL_SUPERSEDED	NONE
.pack_a_native_clean/pi_ufo_baseline_v1_runtimefix/model/LLscalar_v3_UFO_runtime/form_factors.py	archive/superseded/.pack_a_native_clean/pi_ufo_baseline_v1_runtimefix/model/LLscalar_v3_UFO_runtime/form_factors.py	9fdae69a684ddd1eb5963a1695e0f5449045755826aa62a8829569848b32f478	9fdae69a684ddd1eb5963a1695e0f5449045755826aa62a8829569848b32f478	HISTORICAL_SUPERSEDED	NONE
.pack_a_native_clean/pi_ufo_baseline_v1_runtimefix/model/LLscalar_v3_UFO_runtime/function_library.py	archive/superseded/.pack_a_native_clean/pi_ufo_baseline_v1_runtimefix/model/LLscalar_v3_UFO_runtime/function_library.py	af85d1d7e83bc0f7a016258b6cc3e179c4d9fd6778ce553ebf7ff4b8be5b968f	af85d1d7e83bc0f7a016258b6cc3e179c4d9fd6778ce553ebf7ff4b8be5b968f	HISTORICAL_SUPERSEDED	NONE
.pack_a_native_clean/pi_ufo_baseline_v1_runtimefix/model/LLscalar_v3_UFO_runtime/lorentz.py	archive/superseded/.pack_a_native_clean/pi_ufo_baseline_v1_runtimefix/model/LLscalar_v3_UFO_runtime/lorentz.py	4b818a0fd7a9f1ded91a957251380f4116a30454f8e1fc72e1c7ccacdab6bf8f	4b818a0fd7a9f1ded91a957251380f4116a30454f8e1fc72e1c7ccacdab6bf8f	HISTORICAL_SUPERSEDED	NONE
.pack_a_native_clean/pi_ufo_baseline_v1_runtimefix/model/LLscalar_v3_UFO_runtime/object_library.py	archive/superseded/.pack_a_native_clean/pi_ufo_baseline_v1_runtimefix/model/LLscalar_v3_UFO_runtime/object_library.py	4bef9ba0a44b89048f5ed02f0c97f5937e1a2ce8a949574bdaa6f67ae80f9e11	4bef9ba0a44b89048f5ed02f0c97f5937e1a2ce8a949574bdaa6f67ae80f9e11	HISTORICAL_SUPERSEDED	NONE
.pack_a_native_clean/pi_ufo_baseline_v1_runtimefix/model/LLscalar_v3_UFO_runtime/parameters.py	archive/superseded/.pack_a_native_clean/pi_ufo_baseline_v1_runtimefix/model/LLscalar_v3_UFO_runtime/parameters.py	7f84d779ff83dd52bbfecbbfe31df147e2df79faab0bcda716d5908d63b3d45b	7f84d779ff83dd52bbfecbbfe31df147e2df79faab0bcda716d5908d63b3d45b	HISTORICAL_SUPERSEDED	NONE
.pack_a_native_clean/pi_ufo_baseline_v1_runtimefix/model/LLscalar_v3_UFO_runtime/particles.py	archive/superseded/.pack_a_native_clean/pi_ufo_baseline_v1_runtimefix/model/LLscalar_v3_UFO_runtime/particles.py	01c61a7a352a5bebb747fff0c9ac3e228fa7575dfc381a339ecb285332b223c6	01c61a7a352a5bebb747fff0c9ac3e228fa7575dfc381a339ecb285332b223c6	HISTORICAL_SUPERSEDED	NONE
.pack_a_native_clean/pi_ufo_baseline_v1_runtimefix/model/LLscalar_v3_UFO_runtime/propagators.py	archive/superseded/.pack_a_native_clean/pi_ufo_baseline_v1_runtimefix/model/LLscalar_v3_UFO_runtime/propagators.py	1a4495d00654b6de8044d7a993b798cb12ca7265199f8e25ce42abdfbc98384a	1a4495d00654b6de8044d7a993b798cb12ca7265199f8e25ce42abdfbc98384a	HISTORICAL_SUPERSEDED	NONE
.pack_a_native_clean/pi_ufo_baseline_v1_runtimefix/model/LLscalar_v3_UFO_runtime/py3_model.pkl	archive/superseded/.pack_a_native_clean/pi_ufo_baseline_v1_runtimefix/model/LLscalar_v3_UFO_runtime/py3_model.pkl	547fc1931ede9789cee5b542eb5b9aa04ce335fbd1c94a88e238f7f8e48ba933	547fc1931ede9789cee5b542eb5b9aa04ce335fbd1c94a88e238f7f8e48ba933	HISTORICAL_SUPERSEDED	NONE
.pack_a_native_clean/pi_ufo_baseline_v1_runtimefix/model/LLscalar_v3_UFO_runtime/vertices.py	archive/superseded/.pack_a_native_clean/pi_ufo_baseline_v1_runtimefix/model/LLscalar_v3_UFO_runtime/vertices.py	60bb131379499fd85ac21da8e15f960cffcf2d33afc54217481730e82648f6ba	60bb131379499fd85ac21da8e15f960cffcf2d33afc54217481730e82648f6ba	HISTORICAL_SUPERSEDED	NONE
.pack_a_native_clean/pi_ufo_baseline_v1_runtimefix/model/LLscalar_v3_UFO_runtime/write_param_card.py	archive/superseded/.pack_a_native_clean/pi_ufo_baseline_v1_runtimefix/model/LLscalar_v3_UFO_runtime/write_param_card.py	081e24c63a197a6c58fd60a4253e10960738ac35050fe49364941268381ffbb9	081e24c63a197a6c58fd60a4253e10960738ac35050fe49364941268381ffbb9	HISTORICAL_SUPERSEDED	NONE
.pack_a_native_clean/pi_ufo_baseline_v1_runtimefix/patches/python3_param_card_compat.patch	archive/superseded/.pack_a_native_clean/pi_ufo_baseline_v1_runtimefix/patches/python3_param_card_compat.patch	91b2955b7f8c537fe50c2bd8577d1d4583327b9645be81bf44a53cadaeece49f	91b2955b7f8c537fe50c2bd8577d1d4583327b9645be81bf44a53cadaeece49f	HISTORICAL_SUPERSEDED	NONE
.pack_a_native_clean/pi_ufo_baseline_v1_runtimefix/points/A_PI_NATIVE_200.yaml	archive/superseded/.pack_a_native_clean/pi_ufo_baseline_v1_runtimefix/points/A_PI_NATIVE_200.yaml	6f5b2ff857e0400a345c26a69e8c3efd4749d19b2adf14bfb0451429f9d838c8	6f5b2ff857e0400a345c26a69e8c3efd4749d19b2adf14bfb0451429f9d838c8	HISTORICAL_SUPERSEDED	NONE
.pack_a_native_clean/pi_ufo_baseline_v1_runtimefix/points/point_000001.yaml	archive/superseded/.pack_a_native_clean/pi_ufo_baseline_v1_runtimefix/points/point_000001.yaml	e039065312c82e5f44367f09035dc4d73d8ea58891faa5ff5e15c6f25b527f05	e039065312c82e5f44367f09035dc4d73d8ea58891faa5ff5e15c6f25b527f05	HISTORICAL_SUPERSEDED	NONE
.pack_a_native_clean/pi_ufo_baseline_v1_runtimefix/py.py	archive/superseded/.pack_a_native_clean/pi_ufo_baseline_v1_runtimefix/py.py	fda73df8dd1d7a07e74969bd148678514dec235a70d5a2d63cb2cd8407778382	fda73df8dd1d7a07e74969bd148678514dec235a70d5a2d63cb2cd8407778382	HISTORICAL_SUPERSEDED	NONE
.pack_a_native_clean/pi_ufo_baseline_v1_runtimefix/requirements.txt	archive/superseded/.pack_a_native_clean/pi_ufo_baseline_v1_runtimefix/requirements.txt	7ba71c714356e35c488aedd73284407e47c8b3c8627a8eca228773d54f1fd938	7ba71c714356e35c488aedd73284407e47c8b3c8627a8eca228773d54f1fd938	HISTORICAL_SUPERSEDED	NONE
.pack_a_native_clean/pi_ufo_baseline_v1_runtimefix/schemas/point.schema.json	archive/superseded/.pack_a_native_clean/pi_ufo_baseline_v1_runtimefix/schemas/point.schema.json	bad44da8ab39fc1327dc224ea3692fcaeaefb7848418c2dbc9e50ce932a06fbf	bad44da8ab39fc1327dc224ea3692fcaeaefb7848418c2dbc9e50ce932a06fbf	HISTORICAL_SUPERSEDED	NONE
.pack_a_native_clean/pi_ufo_baseline_v1_runtimefix/scripts/__pycache__/materialize_internal_masses.cpython-312.pyc	archive/superseded/.pack_a_native_clean/pi_ufo_baseline_v1_runtimefix/scripts/__pycache__/materialize_internal_masses.cpython-312.pyc	a893ca312560e82c34226f4779704750b4eefd6c2b75ee978f5c3e300299ad99	a893ca312560e82c34226f4779704750b4eefd6c2b75ee978f5c3e300299ad99	HISTORICAL_SUPERSEDED	NONE
.pack_a_native_clean/pi_ufo_baseline_v1_runtimefix/scripts/__pycache__/model_utils.cpython-312.pyc	archive/superseded/.pack_a_native_clean/pi_ufo_baseline_v1_runtimefix/scripts/__pycache__/model_utils.cpython-312.pyc	0a774503de50ebabb45808d265604d12d8bf56b55ecd802cc2ae20ec22b295ce	0a774503de50ebabb45808d265604d12d8bf56b55ecd802cc2ae20ec22b295ce	HISTORICAL_SUPERSEDED	NONE
.pack_a_native_clean/pi_ufo_baseline_v1_runtimefix/scripts/__pycache__/pack_constants.cpython-312.pyc	archive/superseded/.pack_a_native_clean/pi_ufo_baseline_v1_runtimefix/scripts/__pycache__/pack_constants.cpython-312.pyc	678ebb137a2af8778d95a917b4bddbcb73061b6c1800c3a922a94f0d53615591	678ebb137a2af8778d95a917b4bddbcb73061b6c1800c3a922a94f0d53615591	HISTORICAL_SUPERSEDED	NONE
.pack_a_native_clean/pi_ufo_baseline_v1_runtimefix/scripts/__pycache__/patch_mg5_run_card.cpython-312.pyc	archive/superseded/.pack_a_native_clean/pi_ufo_baseline_v1_runtimefix/scripts/__pycache__/patch_mg5_run_card.cpython-312.pyc	0135d1e2532dcff9bdc659a98ebb8b7ceccbad94ea2c9f4bd4ffd473104ade2d	0135d1e2532dcff9bdc659a98ebb8b7ceccbad94ea2c9f4bd4ffd473104ade2d	HISTORICAL_SUPERSEDED	NONE
.pack_a_native_clean/pi_ufo_baseline_v1_runtimefix/scripts/build_point.py	archive/superseded/.pack_a_native_clean/pi_ufo_baseline_v1_runtimefix/scripts/build_point.py	f9bf8fc7cd141f4d815a40a9b71c63945cba0d26670c797e812a52dd1c595591	f9bf8fc7cd141f4d815a40a9b71c63945cba0d26670c797e812a52dd1c595591	HISTORICAL_SUPERSEDED	NONE
.pack_a_native_clean/pi_ufo_baseline_v1_runtimefix/scripts/check_coupling_scaling.py	archive/superseded/.pack_a_native_clean/pi_ufo_baseline_v1_runtimefix/scripts/check_coupling_scaling.py	e25a8cfdf85c7c4f6ee0cdcecd50b4bc2e2bf38e4d827fa4a8e847622818a2bb	e25a8cfdf85c7c4f6ee0cdcecd50b4bc2e2bf38e4d827fa4a8e847622818a2bb	HISTORICAL_SUPERSEDED	NONE
.pack_a_native_clean/pi_ufo_baseline_v1_runtimefix/scripts/extract_mg5_cross_section.py	archive/superseded/.pack_a_native_clean/pi_ufo_baseline_v1_runtimefix/scripts/extract_mg5_cross_section.py	d69fe9bcef06229ffb501b36950c3e4f7586ed69eb8eb52a6d36f6f4d4baf67d	d69fe9bcef06229ffb501b36950c3e4f7586ed69eb8eb52a6d36f6f4d4baf67d	HISTORICAL_SUPERSEDED	NONE
.pack_a_native_clean/pi_ufo_baseline_v1_runtimefix/scripts/inspect_lhe.py	archive/superseded/.pack_a_native_clean/pi_ufo_baseline_v1_runtimefix/scripts/inspect_lhe.py	73defccdf56547b2242cb517ea22d6e0e5ee2760f1cc12ecfd14984b50989027	73defccdf56547b2242cb517ea22d6e0e5ee2760f1cc12ecfd14984b50989027	HISTORICAL_SUPERSEDED	NONE
.pack_a_native_clean/pi_ufo_baseline_v1_runtimefix/scripts/make_decay_slha.py	archive/superseded/.pack_a_native_clean/pi_ufo_baseline_v1_runtimefix/scripts/make_decay_slha.py	7591ee1973ce5ad265d80fe89255c224aadd911339faae7b10f6a37f75427120	7591ee1973ce5ad265d80fe89255c224aadd911339faae7b10f6a37f75427120	HISTORICAL_SUPERSEDED	NONE
.pack_a_native_clean/pi_ufo_baseline_v1_runtimefix/scripts/make_param_card.py	archive/superseded/.pack_a_native_clean/pi_ufo_baseline_v1_runtimefix/scripts/make_param_card.py	b4b986692637a92539a2ee83480a4c12384d8a40ce2b9c8f7e79a3ec54518f12	b4b986692637a92539a2ee83480a4c12384d8a40ce2b9c8f7e79a3ec54518f12	HISTORICAL_SUPERSEDED	NONE
.pack_a_native_clean/pi_ufo_baseline_v1_runtimefix/scripts/materialize_internal_masses.py	archive/superseded/.pack_a_native_clean/pi_ufo_baseline_v1_runtimefix/scripts/materialize_internal_masses.py	c82e014dbdaa4ad526bceff6e74f2a900d05f514ba62b31c2d83358a281e92a5	c82e014dbdaa4ad526bceff6e74f2a900d05f514ba62b31c2d83358a281e92a5	HISTORICAL_SUPERSEDED	NONE
.pack_a_native_clean/pi_ufo_baseline_v1_runtimefix/scripts/model_utils.py	archive/superseded/.pack_a_native_clean/pi_ufo_baseline_v1_runtimefix/scripts/model_utils.py	caf3a366988f220bd08805f27e33d8eef92aac36e1f832f6b27f85f2eeed0f9a	caf3a366988f220bd08805f27e33d8eef92aac36e1f832f6b27f85f2eeed0f9a	HISTORICAL_SUPERSEDED	NONE
.pack_a_native_clean/pi_ufo_baseline_v1_runtimefix/scripts/pack_constants.py	archive/superseded/.pack_a_native_clean/pi_ufo_baseline_v1_runtimefix/scripts/pack_constants.py	d313f0444e1adf5c2f92a81d97aa92efc3ccee50063ddd8669ceb785ce7b2366	d313f0444e1adf5c2f92a81d97aa92efc3ccee50063ddd8669ceb785ce7b2366	HISTORICAL_SUPERSEDED	NONE
.pack_a_native_clean/pi_ufo_baseline_v1_runtimefix/scripts/patch_mg5_run_card.py	archive/superseded/.pack_a_native_clean/pi_ufo_baseline_v1_runtimefix/scripts/patch_mg5_run_card.py	80fafee866999908411847cb43ee9e8aceba89ee01a5ba91d19b81b1d191a3f7	80fafee866999908411847cb43ee9e8aceba89ee01a5ba91d19b81b1d191a3f7	HISTORICAL_SUPERSEDED	NONE
.pack_a_native_clean/pi_ufo_baseline_v1_runtimefix/scripts/run_mg5_smoke.sh	archive/superseded/.pack_a_native_clean/pi_ufo_baseline_v1_runtimefix/scripts/run_mg5_smoke.sh	3faa73006bfef9fffd625da23ee869bc55f776d9dcbf4998ddd5e82132db3060	3faa73006bfef9fffd625da23ee869bc55f776d9dcbf4998ddd5e82132db3060	HISTORICAL_SUPERSEDED	NONE
.pack_a_native_clean/pi_ufo_baseline_v1_runtimefix/scripts/run_pythia_smoke.sh	archive/superseded/.pack_a_native_clean/pi_ufo_baseline_v1_runtimefix/scripts/run_pythia_smoke.sh	f90529ab57434adfc4d1d1a27e74ccf951a44933294b144242150eeb397dc81d	f90529ab57434adfc4d1d1a27e74ccf951a44933294b144242150eeb397dc81d	HISTORICAL_SUPERSEDED	NONE
.pack_a_native_clean/pi_ufo_baseline_v1_runtimefix/scripts/run_recast_smoke.sh	archive/superseded/.pack_a_native_clean/pi_ufo_baseline_v1_runtimefix/scripts/run_recast_smoke.sh	4dfafdbc9f40dd70f66a09613f5a2b885f844d30520ed1787774ad3112455d08	4dfafdbc9f40dd70f66a09613f5a2b885f844d30520ed1787774ad3112455d08	HISTORICAL_SUPERSEDED	NONE
.pack_a_native_clean/pi_ufo_baseline_v1_runtimefix/scripts/run_static_tests.py	archive/superseded/.pack_a_native_clean/pi_ufo_baseline_v1_runtimefix/scripts/run_static_tests.py	dd62bced24d1bc951f1d90a8432767948be20affec6ae8e7b81586d2e59339e2	dd62bced24d1bc951f1d90a8432767948be20affec6ae8e7b81586d2e59339e2	HISTORICAL_SUPERSEDED	NONE
.pack_a_native_clean/pi_ufo_baseline_v1_runtimefix/scripts/run_validation_pack_a_native.sh	archive/superseded/.pack_a_native_clean/pi_ufo_baseline_v1_runtimefix/scripts/run_validation_pack_a_native.sh	6d58e1a4eb0acdcd853246afbfca73a39d4b7123c1c30b3b105f3e6db6623f5f	6d58e1a4eb0acdcd853246afbfca73a39d4b7123c1c30b3b105f3e6db6623f5f	HISTORICAL_SUPERSEDED	NONE
.pack_a_native_clean/pi_ufo_baseline_v1_runtimefix/scripts/validate_point.py	archive/superseded/.pack_a_native_clean/pi_ufo_baseline_v1_runtimefix/scripts/validate_point.py	a2098fa13e478414620127d90450e7126dbf52d8ad78347a7c01814955c02fde	a2098fa13e478414620127d90450e7126dbf52d8ad78347a7c01814955c02fde	HISTORICAL_SUPERSEDED	NONE
.pack_a_native_clean/pi_ufo_baseline_v1_runtimefix/tests/__pycache__/test_invalid_points.cpython-312-pytest-9.1.1.pyc	archive/superseded/.pack_a_native_clean/pi_ufo_baseline_v1_runtimefix/tests/__pycache__/test_invalid_points.cpython-312-pytest-9.1.1.pyc	31a9eaf32d414095fc8242b4320344ae1384e020d17d8146bbd6f46a04bdcffd	31a9eaf32d414095fc8242b4320344ae1384e020d17d8146bbd6f46a04bdcffd	HISTORICAL_SUPERSEDED	NONE
.pack_a_native_clean/pi_ufo_baseline_v1_runtimefix/tests/__pycache__/test_materialize_internal_masses.cpython-312-pytest-9.1.1.pyc	archive/superseded/.pack_a_native_clean/pi_ufo_baseline_v1_runtimefix/tests/__pycache__/test_materialize_internal_masses.cpython-312-pytest-9.1.1.pyc	f38d74741dc2cab73a0a74aafa93575fb75aed6c8b8aed05ef48d369850d1d30	f38d74741dc2cab73a0a74aafa93575fb75aed6c8b8aed05ef48d369850d1d30	HISTORICAL_SUPERSEDED	NONE
.pack_a_native_clean/pi_ufo_baseline_v1_runtimefix/tests/__pycache__/test_model_contract.cpython-312-pytest-9.1.1.pyc	archive/superseded/.pack_a_native_clean/pi_ufo_baseline_v1_runtimefix/tests/__pycache__/test_model_contract.cpython-312-pytest-9.1.1.pyc	33a5be0da687b6b8b90001cb2bd96f6c14a647b16d879b3823c67e07cf57d6ac	33a5be0da687b6b8b90001cb2bd96f6c14a647b16d879b3823c67e07cf57d6ac	HISTORICAL_SUPERSEDED	NONE
.pack_a_native_clean/pi_ufo_baseline_v1_runtimefix/tests/__pycache__/test_patch_mg5_run_card.cpython-312-pytest-9.1.1.pyc	archive/superseded/.pack_a_native_clean/pi_ufo_baseline_v1_runtimefix/tests/__pycache__/test_patch_mg5_run_card.cpython-312-pytest-9.1.1.pyc	2d762b7d5e6e5413c77980b485642630608bacc8cfdc11a4c533d4cb8d1fde34	2d762b7d5e6e5413c77980b485642630608bacc8cfdc11a4c533d4cb8d1fde34	HISTORICAL_SUPERSEDED	NONE
.pack_a_native_clean/pi_ufo_baseline_v1_runtimefix/tests/fixtures/mini_model/__pycache__/function_library.cpython-312.pyc	archive/superseded/.pack_a_native_clean/pi_ufo_baseline_v1_runtimefix/tests/fixtures/mini_model/__pycache__/function_library.cpython-312.pyc	1c6dae167655a037591c73c6c06f11e368af253030a9936fd08b7bab122317de	1c6dae167655a037591c73c6c06f11e368af253030a9936fd08b7bab122317de	HISTORICAL_SUPERSEDED	NONE
.pack_a_native_clean/pi_ufo_baseline_v1_runtimefix/tests/fixtures/mini_model/__pycache__/object_library.cpython-312.pyc	archive/superseded/.pack_a_native_clean/pi_ufo_baseline_v1_runtimefix/tests/fixtures/mini_model/__pycache__/object_library.cpython-312.pyc	fdd58b846de2382dc0f0b077ba2445524a7c90700c596a565ef7637d19f651cd	fdd58b846de2382dc0f0b077ba2445524a7c90700c596a565ef7637d19f651cd	HISTORICAL_SUPERSEDED	NONE
.pack_a_native_clean/pi_ufo_baseline_v1_runtimefix/tests/fixtures/mini_model/__pycache__/parameters.cpython-312.pyc	archive/superseded/.pack_a_native_clean/pi_ufo_baseline_v1_runtimefix/tests/fixtures/mini_model/__pycache__/parameters.cpython-312.pyc	c34089fd477853b24e781b2b9dbfa59d18b18e3af0db879ad151f006b1713acb	c34089fd477853b24e781b2b9dbfa59d18b18e3af0db879ad151f006b1713acb	HISTORICAL_SUPERSEDED	NONE
.pack_a_native_clean/pi_ufo_baseline_v1_runtimefix/tests/fixtures/mini_model/__pycache__/particles.cpython-312.pyc	archive/superseded/.pack_a_native_clean/pi_ufo_baseline_v1_runtimefix/tests/fixtures/mini_model/__pycache__/particles.cpython-312.pyc	0864ce411b9781e2261dbf45ebac691fc942041ba1f69fe42b9fc8a9cad7a310	0864ce411b9781e2261dbf45ebac691fc942041ba1f69fe42b9fc8a9cad7a310	HISTORICAL_SUPERSEDED	NONE
.pack_a_native_clean/pi_ufo_baseline_v1_runtimefix/tests/fixtures/mini_model/function_library.py	archive/superseded/.pack_a_native_clean/pi_ufo_baseline_v1_runtimefix/tests/fixtures/mini_model/function_library.py	af85d1d7e83bc0f7a016258b6cc3e179c4d9fd6778ce553ebf7ff4b8be5b968f	af85d1d7e83bc0f7a016258b6cc3e179c4d9fd6778ce553ebf7ff4b8be5b968f	HISTORICAL_SUPERSEDED	NONE
.pack_a_native_clean/pi_ufo_baseline_v1_runtimefix/tests/fixtures/mini_model/object_library.py	archive/superseded/.pack_a_native_clean/pi_ufo_baseline_v1_runtimefix/tests/fixtures/mini_model/object_library.py	4bef9ba0a44b89048f5ed02f0c97f5937e1a2ce8a949574bdaa6f67ae80f9e11	4bef9ba0a44b89048f5ed02f0c97f5937e1a2ce8a949574bdaa6f67ae80f9e11	HISTORICAL_SUPERSEDED	NONE
.pack_a_native_clean/pi_ufo_baseline_v1_runtimefix/tests/fixtures/mini_model/parameters.py	archive/superseded/.pack_a_native_clean/pi_ufo_baseline_v1_runtimefix/tests/fixtures/mini_model/parameters.py	af9c63eda5e33188dcf551ed1a91696f46614d949e4327f76f2a9c7725ec0716	af9c63eda5e33188dcf551ed1a91696f46614d949e4327f76f2a9c7725ec0716	HISTORICAL_SUPERSEDED	NONE
.pack_a_native_clean/pi_ufo_baseline_v1_runtimefix/tests/fixtures/mini_model/particles.py	archive/superseded/.pack_a_native_clean/pi_ufo_baseline_v1_runtimefix/tests/fixtures/mini_model/particles.py	670f476169e9031cb52bbcf99b3022b045dcdb4db2531d7db0df1e76831b5f5b	670f476169e9031cb52bbcf99b3022b045dcdb4db2531d7db0df1e76831b5f5b	HISTORICAL_SUPERSEDED	NONE
.pack_a_native_clean/pi_ufo_baseline_v1_runtimefix/tests/fixtures/param_card_missing_pdg24.dat	archive/superseded/.pack_a_native_clean/pi_ufo_baseline_v1_runtimefix/tests/fixtures/param_card_missing_pdg24.dat	b5e68dde0222854f72892cc79c0c90becca83a13502fec9bc29c69150a4f4bbf	b5e68dde0222854f72892cc79c0c90becca83a13502fec9bc29c69150a4f4bbf	HISTORICAL_SUPERSEDED	NONE
.pack_a_native_clean/pi_ufo_baseline_v1_runtimefix/tests/fixtures/run_card_mg5_generated.dat	archive/superseded/.pack_a_native_clean/pi_ufo_baseline_v1_runtimefix/tests/fixtures/run_card_mg5_generated.dat	eaf89de16945797f354b820f3a2dd5b875f2d79142efd73a0ebad861af1d7a87	eaf89de16945797f354b820f3a2dd5b875f2d79142efd73a0ebad861af1d7a87	HISTORICAL_SUPERSEDED	NONE
.pack_a_native_clean/pi_ufo_baseline_v1_runtimefix/tests/test_invalid_points.py	archive/superseded/.pack_a_native_clean/pi_ufo_baseline_v1_runtimefix/tests/test_invalid_points.py	14f4013f789860815db3aa0df9465f63d439c21e924e6793252e72173926e3f9	14f4013f789860815db3aa0df9465f63d439c21e924e6793252e72173926e3f9	HISTORICAL_SUPERSEDED	NONE
.pack_a_native_clean/pi_ufo_baseline_v1_runtimefix/tests/test_materialize_internal_masses.py	archive/superseded/.pack_a_native_clean/pi_ufo_baseline_v1_runtimefix/tests/test_materialize_internal_masses.py	ae37a0620247d1986983249d87336699c6db0025efa2ddfce35c7c776a1d0cfb	ae37a0620247d1986983249d87336699c6db0025efa2ddfce35c7c776a1d0cfb	HISTORICAL_SUPERSEDED	NONE
.pack_a_native_clean/pi_ufo_baseline_v1_runtimefix/tests/test_model_contract.py	archive/superseded/.pack_a_native_clean/pi_ufo_baseline_v1_runtimefix/tests/test_model_contract.py	1b69812e914ccb6ee91f5e08764895a2b810342b9e09b1218803a00f87c68090	1b69812e914ccb6ee91f5e08764895a2b810342b9e09b1218803a00f87c68090	HISTORICAL_SUPERSEDED	NONE
.pack_a_native_clean/pi_ufo_baseline_v1_runtimefix/tests/test_patch_mg5_run_card.py	archive/superseded/.pack_a_native_clean/pi_ufo_baseline_v1_runtimefix/tests/test_patch_mg5_run_card.py	3ed62ff673860b3547c6288a8bfce486e25bee155ae71daf32f070b3aa482547	3ed62ff673860b3547c6288a8bfce486e25bee155ae71daf32f070b3aa482547	HISTORICAL_SUPERSEDED	NONE
.pack_a_native_clean/pi_ufo_baseline_v1_runtimefix/validation/AB_STATIC_REGRESSION.json	archive/superseded/.pack_a_native_clean/pi_ufo_baseline_v1_runtimefix/validation/AB_STATIC_REGRESSION.json	8820eeede0af161ef5de48bdde24928d4da78bc8ff3e744f6cc609e5bbb81b19	8820eeede0af161ef5de48bdde24928d4da78bc8ff3e744f6cc609e5bbb81b19	HISTORICAL_SUPERSEDED	NONE
.pack_a_native_clean/pi_ufo_baseline_v1_runtimefix/validation/EXTERNAL_RUNTIME_STATUS.md	archive/superseded/.pack_a_native_clean/pi_ufo_baseline_v1_runtimefix/validation/EXTERNAL_RUNTIME_STATUS.md	92a681803f3a97d4b0cf198a627d132934b2ec9278d5f852771bb8dabb603315	92a681803f3a97d4b0cf198a627d132934b2ec9278d5f852771bb8dabb603315	HISTORICAL_SUPERSEDED	NONE
.pack_a_native_clean/pi_ufo_baseline_v1_runtimefix/validation/RECAST_ADAPTER.md	archive/superseded/.pack_a_native_clean/pi_ufo_baseline_v1_runtimefix/validation/RECAST_ADAPTER.md	071f5b79b7836d9e16d0c659f624dfb4738221577cebb768a5e2b3fa18b00b2c	071f5b79b7836d9e16d0c659f624dfb4738221577cebb768a5e2b3fa18b00b2c	HISTORICAL_SUPERSEDED	NONE
.pack_a_native_clean/pi_ufo_baseline_v1_runtimefix/validation/STATIC_VALIDATION.json	archive/superseded/.pack_a_native_clean/pi_ufo_baseline_v1_runtimefix/validation/STATIC_VALIDATION.json	a755e05135e9a65090650f180aa101d9e7a71eace754adde74c291ac3f4305f5	a755e05135e9a65090650f180aa101d9e7a71eace754adde74c291ac3f4305f5	HISTORICAL_SUPERSEDED	NONE
.pack_a_native_clean/pi_ufo_baseline_v1_runtimefix/validation/logs/build_point.log	archive/superseded/.pack_a_native_clean/pi_ufo_baseline_v1_runtimefix/validation/logs/build_point.log	add34281d7b1547db4ab6f92d6d73c321b892e95d2b6f7fd89ce62ea24a6dd26	add34281d7b1547db4ab6f92d6d73c321b892e95d2b6f7fd89ce62ea24a6dd26	HISTORICAL_SUPERSEDED	NONE
.pack_a_native_clean/pi_ufo_baseline_v1_runtimefix/validation/logs/compileall.log	archive/superseded/.pack_a_native_clean/pi_ufo_baseline_v1_runtimefix/validation/logs/compileall.log	e3b0c44298fc1c149afbf4c8996fb92427ae41e4649b934ca495991b7852b855	e3b0c44298fc1c149afbf4c8996fb92427ae41e4649b934ca495991b7852b855	HISTORICAL_SUPERSEDED	NONE
.pack_a_native_clean/pi_ufo_baseline_v1_runtimefix/validation/logs/shell_syntax.log	archive/superseded/.pack_a_native_clean/pi_ufo_baseline_v1_runtimefix/validation/logs/shell_syntax.log	e3b0c44298fc1c149afbf4c8996fb92427ae41e4649b934ca495991b7852b855	e3b0c44298fc1c149afbf4c8996fb92427ae41e4649b934ca495991b7852b855	HISTORICAL_SUPERSEDED	NONE
.pack_a_native_clean/pi_ufo_baseline_v1_runtimefix/validation/logs/standalone_param_card.dat	archive/superseded/.pack_a_native_clean/pi_ufo_baseline_v1_runtimefix/validation/logs/standalone_param_card.dat	520869311058818f46eb103f49c7cee51e1687548685c11e1bf32e73854c1ccf	520869311058818f46eb103f49c7cee51e1687548685c11e1bf32e73854c1ccf	HISTORICAL_SUPERSEDED	NONE
.pack_a_native_clean/pi_ufo_baseline_v1_runtimefix/validation/logs/static_tests.log	archive/superseded/.pack_a_native_clean/pi_ufo_baseline_v1_runtimefix/validation/logs/static_tests.log	f0c6add6887a524e3318195865b0fc39f0c2e4069d859f4d3f45e63103210c62	f0c6add6887a524e3318195865b0fc39f0c2e4069d859f4d3f45e63103210c62	HISTORICAL_SUPERSEDED	NONE
.pack_a_native_clean/pi_ufo_baseline_v1_runtimefix/validation/logs/unittest.log	archive/superseded/.pack_a_native_clean/pi_ufo_baseline_v1_runtimefix/validation/logs/unittest.log	b37bcbe136912834dbdbdad4eac2ef290dd2594f3604b5fa1647af6617fbb85b	b37bcbe136912834dbdbdad4eac2ef290dd2594f3604b5fa1647af6617fbb85b	HISTORICAL_SUPERSEDED	NONE
.pack_a_native_clean/pi_ufo_baseline_v1_runtimefix/validation/logs/writer.log	archive/superseded/.pack_a_native_clean/pi_ufo_baseline_v1_runtimefix/validation/logs/writer.log	48f80afdeead575514dc214c2ba0639f259fca15b9d09a00f0c3e3aef9bce58f	48f80afdeead575514dc214c2ba0639f259fca15b9d09a00f0c3e3aef9bce58f	HISTORICAL_SUPERSEDED	NONE
.pack_a_native_clean/pi_ufo_baseline_v1_runtimefix/validation/provenance_inventory.json	archive/superseded/.pack_a_native_clean/pi_ufo_baseline_v1_runtimefix/validation/provenance_inventory.json	a1fe73c94d34ea7bb1c3408371fa60119cbc76304c6edead412ff3ea0d013921	a1fe73c94d34ea7bb1c3408371fa60119cbc76304c6edead412ff3ea0d013921	HISTORICAL_SUPERSEDED	NONE
.pack_a_native_clean/pi_ufo_baseline_v1_runtimefix/validation/pythia_llp_smoke.cc	archive/superseded/.pack_a_native_clean/pi_ufo_baseline_v1_runtimefix/validation/pythia_llp_smoke.cc	c073542f90272ccacab0d123170dfe1036e97f43ac90754733432bd34fa368ad	c073542f90272ccacab0d123170dfe1036e97f43ac90754733432bd34fa368ad	HISTORICAL_SUPERSEDED	NONE
.pack_a_native_clean/pi_ufo_baseline_v1_runtimefix/validation/source_material/2HDMC_COUPLING_TRACE.md	archive/superseded/.pack_a_native_clean/pi_ufo_baseline_v1_runtimefix/validation/source_material/2HDMC_COUPLING_TRACE.md	2897e54ccf3328eb6659c23ae2791b9bc047fdc71c143894b88cf79ac79e5d24	2897e54ccf3328eb6659c23ae2791b9bc047fdc71c143894b88cf79ac79e5d24	HISTORICAL_SUPERSEDED	NONE
.pack_a_native_clean/pi_ufo_baseline_v1_runtimefix/validation/source_material/LLSCALAR_V3_MODEL_CARD.md	archive/superseded/.pack_a_native_clean/pi_ufo_baseline_v1_runtimefix/validation/source_material/LLSCALAR_V3_MODEL_CARD.md	eb50e8f975c486c622fdd3fa6f9c83f368237323ee6e87f0c472df729ae8fe45	eb50e8f975c486c622fdd3fa6f9c83f368237323ee6e87f0c472df729ae8fe45	HISTORICAL_SUPERSEDED	NONE
.pack_a_native_clean/pi_ufo_baseline_v1_runtimefix/validation/source_material/MADGRAPH_SMOKE_REPORT.md	archive/superseded/.pack_a_native_clean/pi_ufo_baseline_v1_runtimefix/validation/source_material/MADGRAPH_SMOKE_REPORT.md	b3bdc5833322974bc0b630b5cd6bef2cae2f37547e1cf376ac1c8a9887655e0d	b3bdc5833322974bc0b630b5cd6bef2cae2f37547e1cf376ac1c8a9887655e0d	HISTORICAL_SUPERSEDED	NONE
.pack_a_native_clean/pi_ufo_baseline_v1_runtimefix/validation/source_material/PhysScanWithFixings.cpp	archive/superseded/.pack_a_native_clean/pi_ufo_baseline_v1_runtimefix/validation/source_material/PhysScanWithFixings.cpp	786d630bc989350e49259a41aef834a222f6ef924972d18458aa102b75585246	786d630bc989350e49259a41aef834a222f6ef924972d18458aa102b75585246	HISTORICAL_SUPERSEDED	NONE
.pack_a_native_clean/pi_ufo_baseline_v1_runtimefix/validation/source_material/UFO_AUDIT_ADDENDUM_20260716.md	archive/superseded/.pack_a_native_clean/pi_ufo_baseline_v1_runtimefix/validation/source_material/UFO_AUDIT_ADDENDUM_20260716.md	1b64e18d3e7fc3e66d79940d885232c634f079f3f73a557ded022ce06ef418f6	1b64e18d3e7fc3e66d79940d885232c634f079f3f73a557ded022ce06ef418f6	HISTORICAL_SUPERSEDED	NONE
.pack_a_native_clean/pi_ufo_baseline_v1_runtimefix/validation/source_material/UFO_HASH_MANIFEST.json	archive/superseded/.pack_a_native_clean/pi_ufo_baseline_v1_runtimefix/validation/source_material/UFO_HASH_MANIFEST.json	0c69511d0951c8a93b69a579fa15b4457b26a04c46e38f13b695fb7a3ac34606	0c69511d0951c8a93b69a579fa15b4457b26a04c46e38f13b695fb7a3ac34606	HISTORICAL_SUPERSEDED	NONE
.pack_a_native_clean/pi_ufo_baseline_v1_runtimefix/validation/source_material/UFO_SCIENTIFIC_DIFF.md	archive/superseded/.pack_a_native_clean/pi_ufo_baseline_v1_runtimefix/validation/source_material/UFO_SCIENTIFIC_DIFF.md	49be46d31a8207f85477fdbe1ae4a12aab0c0bd8c933c998e9c708fd266003a5	49be46d31a8207f85477fdbe1ae4a12aab0c0bd8c933c998e9c708fd266003a5	HISTORICAL_SUPERSEDED	NONE
.pack_a_native_clean/pi_ufo_baseline_v1_runtimefix/validation/source_material/VERSION_DECISION.md	archive/superseded/.pack_a_native_clean/pi_ufo_baseline_v1_runtimefix/validation/source_material/VERSION_DECISION.md	db14efd68f3b89358221e361fdf5170e4dce593726fa3ed920994c6baab2afe0	db14efd68f3b89358221e361fdf5170e4dce593726fa3ed920994c6baab2afe0	HISTORICAL_SUPERSEDED	NONE
.pack_a_native_clean/pi_ufo_baseline_v1_runtimefix/vendor/LLscalar_v3_UFO_original/23-06-21_LLscalar_v2_UFO.log	archive/superseded/.pack_a_native_clean/pi_ufo_baseline_v1_runtimefix/vendor/LLscalar_v3_UFO_original/23-06-21_LLscalar_v2_UFO.log	8b449afef3dc2227055e9d6e06ff2e9da9c38c01e39d4c3df820dd0742261374	8b449afef3dc2227055e9d6e06ff2e9da9c38c01e39d4c3df820dd0742261374	HISTORICAL_SUPERSEDED	NONE
.pack_a_native_clean/pi_ufo_baseline_v1_runtimefix/vendor/LLscalar_v3_UFO_original/CT_couplings.py	archive/superseded/.pack_a_native_clean/pi_ufo_baseline_v1_runtimefix/vendor/LLscalar_v3_UFO_original/CT_couplings.py	58e07e6b6dea344858f32bccd1948a10768d38a217b88448aa4dc976c0a77b58	58e07e6b6dea344858f32bccd1948a10768d38a217b88448aa4dc976c0a77b58	HISTORICAL_SUPERSEDED	NONE
.pack_a_native_clean/pi_ufo_baseline_v1_runtimefix/vendor/LLscalar_v3_UFO_original/__init__.py	archive/superseded/.pack_a_native_clean/pi_ufo_baseline_v1_runtimefix/vendor/LLscalar_v3_UFO_original/__init__.py	e2198b46e727a0aa09378d715bd33364095057dd910f3b8cf7d7dd6ec1bc71d7	e2198b46e727a0aa09378d715bd33364095057dd910f3b8cf7d7dd6ec1bc71d7	HISTORICAL_SUPERSEDED	NONE
.pack_a_native_clean/pi_ufo_baseline_v1_runtimefix/vendor/LLscalar_v3_UFO_original/__init__.pyc	archive/superseded/.pack_a_native_clean/pi_ufo_baseline_v1_runtimefix/vendor/LLscalar_v3_UFO_original/__init__.pyc	8f856fab86e53bebb1466e0ab415e5f827cc6e0ea0459a05851b7b530c86e0ec	8f856fab86e53bebb1466e0ab415e5f827cc6e0ea0459a05851b7b530c86e0ec	HISTORICAL_SUPERSEDED	NONE
.pack_a_native_clean/pi_ufo_baseline_v1_runtimefix/vendor/LLscalar_v3_UFO_original/coupling_orders.py	archive/superseded/.pack_a_native_clean/pi_ufo_baseline_v1_runtimefix/vendor/LLscalar_v3_UFO_original/coupling_orders.py	80d652d3441c1fed3242dc7a4141a12f5a7ccc2f2cc6764dd5d22bb39083d132	80d652d3441c1fed3242dc7a4141a12f5a7ccc2f2cc6764dd5d22bb39083d132	HISTORICAL_SUPERSEDED	NONE
.pack_a_native_clean/pi_ufo_baseline_v1_runtimefix/vendor/LLscalar_v3_UFO_original/coupling_orders.pyc	archive/superseded/.pack_a_native_clean/pi_ufo_baseline_v1_runtimefix/vendor/LLscalar_v3_UFO_original/coupling_orders.pyc	df291be90bb15f877d68f8a1dfd93fab61fce9014ba9b30c49fa7f00a19446cd	df291be90bb15f877d68f8a1dfd93fab61fce9014ba9b30c49fa7f00a19446cd	HISTORICAL_SUPERSEDED	NONE
.pack_a_native_clean/pi_ufo_baseline_v1_runtimefix/vendor/LLscalar_v3_UFO_original/couplings.py	archive/superseded/.pack_a_native_clean/pi_ufo_baseline_v1_runtimefix/vendor/LLscalar_v3_UFO_original/couplings.py	199021f332fa57314f1a9dbd487a08c8310f9d5b4ce408eaa6c5ea99a649c3f4	199021f332fa57314f1a9dbd487a08c8310f9d5b4ce408eaa6c5ea99a649c3f4	HISTORICAL_SUPERSEDED	NONE
.pack_a_native_clean/pi_ufo_baseline_v1_runtimefix/vendor/LLscalar_v3_UFO_original/couplings.pyc	archive/superseded/.pack_a_native_clean/pi_ufo_baseline_v1_runtimefix/vendor/LLscalar_v3_UFO_original/couplings.pyc	418b3a715649d3cd5870a9e7ada48e6fdfdb7f2a7be937339b3d06dd9b802c5d	418b3a715649d3cd5870a9e7ada48e6fdfdb7f2a7be937339b3d06dd9b802c5d	HISTORICAL_SUPERSEDED	NONE
.pack_a_native_clean/pi_ufo_baseline_v1_runtimefix/vendor/LLscalar_v3_UFO_original/decays.py	archive/superseded/.pack_a_native_clean/pi_ufo_baseline_v1_runtimefix/vendor/LLscalar_v3_UFO_original/decays.py	ebb92183abff92cdaf55aeb80399effe2cc0256f1423ce807a390cd420564e23	ebb92183abff92cdaf55aeb80399effe2cc0256f1423ce807a390cd420564e23	HISTORICAL_SUPERSEDED	NONE
.pack_a_native_clean/pi_ufo_baseline_v1_runtimefix/vendor/LLscalar_v3_UFO_original/decays.pyc	archive/superseded/.pack_a_native_clean/pi_ufo_baseline_v1_runtimefix/vendor/LLscalar_v3_UFO_original/decays.pyc	b8f3235c7479a905f568bf810843e4fd6fbfc066aa1b16ee786b9a7856c704a5	b8f3235c7479a905f568bf810843e4fd6fbfc066aa1b16ee786b9a7856c704a5	HISTORICAL_SUPERSEDED	NONE
.pack_a_native_clean/pi_ufo_baseline_v1_runtimefix/vendor/LLscalar_v3_UFO_original/form_factors.py	archive/superseded/.pack_a_native_clean/pi_ufo_baseline_v1_runtimefix/vendor/LLscalar_v3_UFO_original/form_factors.py	9fdae69a684ddd1eb5963a1695e0f5449045755826aa62a8829569848b32f478	9fdae69a684ddd1eb5963a1695e0f5449045755826aa62a8829569848b32f478	HISTORICAL_SUPERSEDED	NONE
.pack_a_native_clean/pi_ufo_baseline_v1_runtimefix/vendor/LLscalar_v3_UFO_original/form_factors.pyc	archive/superseded/.pack_a_native_clean/pi_ufo_baseline_v1_runtimefix/vendor/LLscalar_v3_UFO_original/form_factors.pyc	e768f2265c4e24748bd3f03b55eb965fcd2167d81eed2e2391e65dcee0aa02f0	e768f2265c4e24748bd3f03b55eb965fcd2167d81eed2e2391e65dcee0aa02f0	HISTORICAL_SUPERSEDED	NONE
.pack_a_native_clean/pi_ufo_baseline_v1_runtimefix/vendor/LLscalar_v3_UFO_original/function_library.py	archive/superseded/.pack_a_native_clean/pi_ufo_baseline_v1_runtimefix/vendor/LLscalar_v3_UFO_original/function_library.py	af85d1d7e83bc0f7a016258b6cc3e179c4d9fd6778ce553ebf7ff4b8be5b968f	af85d1d7e83bc0f7a016258b6cc3e179c4d9fd6778ce553ebf7ff4b8be5b968f	HISTORICAL_SUPERSEDED	NONE
.pack_a_native_clean/pi_ufo_baseline_v1_runtimefix/vendor/LLscalar_v3_UFO_original/function_library.pyc	archive/superseded/.pack_a_native_clean/pi_ufo_baseline_v1_runtimefix/vendor/LLscalar_v3_UFO_original/function_library.pyc	87495ebb51be2f3cf64ed50afaeab4efa7ddfe10696195f72ae6eb05481aa330	87495ebb51be2f3cf64ed50afaeab4efa7ddfe10696195f72ae6eb05481aa330	HISTORICAL_SUPERSEDED	NONE
.pack_a_native_clean/pi_ufo_baseline_v1_runtimefix/vendor/LLscalar_v3_UFO_original/function_library.py~	archive/superseded/.pack_a_native_clean/pi_ufo_baseline_v1_runtimefix/vendor/LLscalar_v3_UFO_original/function_library.py~	596e28fed5966088b6ee1d193e4dfbfd0f59a5837b283bc0dbaacb18bab1510c	596e28fed5966088b6ee1d193e4dfbfd0f59a5837b283bc0dbaacb18bab1510c	HISTORICAL_SUPERSEDED	NONE
.pack_a_native_clean/pi_ufo_baseline_v1_runtimefix/vendor/LLscalar_v3_UFO_original/lorentz.py	archive/superseded/.pack_a_native_clean/pi_ufo_baseline_v1_runtimefix/vendor/LLscalar_v3_UFO_original/lorentz.py	4b818a0fd7a9f1ded91a957251380f4116a30454f8e1fc72e1c7ccacdab6bf8f	4b818a0fd7a9f1ded91a957251380f4116a30454f8e1fc72e1c7ccacdab6bf8f	HISTORICAL_SUPERSEDED	NONE
.pack_a_native_clean/pi_ufo_baseline_v1_runtimefix/vendor/LLscalar_v3_UFO_original/lorentz.pyc	archive/superseded/.pack_a_native_clean/pi_ufo_baseline_v1_runtimefix/vendor/LLscalar_v3_UFO_original/lorentz.pyc	93a4efa791a0ea7b8a4c25c96cc696e54a6b6044a81198bab964edc10a3ae8fa	93a4efa791a0ea7b8a4c25c96cc696e54a6b6044a81198bab964edc10a3ae8fa	HISTORICAL_SUPERSEDED	NONE
.pack_a_native_clean/pi_ufo_baseline_v1_runtimefix/vendor/LLscalar_v3_UFO_original/model.pkl	archive/superseded/.pack_a_native_clean/pi_ufo_baseline_v1_runtimefix/vendor/LLscalar_v3_UFO_original/model.pkl	3e5d932583c67a19ac70bc3baa5e805b20a68eda500bc6458a5ab0ba1a3a00df	3e5d932583c67a19ac70bc3baa5e805b20a68eda500bc6458a5ab0ba1a3a00df	HISTORICAL_SUPERSEDED	NONE
.pack_a_native_clean/pi_ufo_baseline_v1_runtimefix/vendor/LLscalar_v3_UFO_original/object_library.py	archive/superseded/.pack_a_native_clean/pi_ufo_baseline_v1_runtimefix/vendor/LLscalar_v3_UFO_original/object_library.py	4bef9ba0a44b89048f5ed02f0c97f5937e1a2ce8a949574bdaa6f67ae80f9e11	4bef9ba0a44b89048f5ed02f0c97f5937e1a2ce8a949574bdaa6f67ae80f9e11	HISTORICAL_SUPERSEDED	NONE
.pack_a_native_clean/pi_ufo_baseline_v1_runtimefix/vendor/LLscalar_v3_UFO_original/object_library.pyc	archive/superseded/.pack_a_native_clean/pi_ufo_baseline_v1_runtimefix/vendor/LLscalar_v3_UFO_original/object_library.pyc	db074a0d5eda07359f4515bcb4396c5babecf2468c15aa7f4fdc5d7ea4e1ab3f	db074a0d5eda07359f4515bcb4396c5babecf2468c15aa7f4fdc5d7ea4e1ab3f	HISTORICAL_SUPERSEDED	NONE
.pack_a_native_clean/pi_ufo_baseline_v1_runtimefix/vendor/LLscalar_v3_UFO_original/param_card.dat	archive/superseded/.pack_a_native_clean/pi_ufo_baseline_v1_runtimefix/vendor/LLscalar_v3_UFO_original/param_card.dat	1219ff7dce5744492cca90aa0c58d648e427282977501bf4a2ef1d6093f99e6e	1219ff7dce5744492cca90aa0c58d648e427282977501bf4a2ef1d6093f99e6e	HISTORICAL_SUPERSEDED	NONE
.pack_a_native_clean/pi_ufo_baseline_v1_runtimefix/vendor/LLscalar_v3_UFO_original/parameters.py	archive/superseded/.pack_a_native_clean/pi_ufo_baseline_v1_runtimefix/vendor/LLscalar_v3_UFO_original/parameters.py	7f84d779ff83dd52bbfecbbfe31df147e2df79faab0bcda716d5908d63b3d45b	7f84d779ff83dd52bbfecbbfe31df147e2df79faab0bcda716d5908d63b3d45b	HISTORICAL_SUPERSEDED	NONE
.pack_a_native_clean/pi_ufo_baseline_v1_runtimefix/vendor/LLscalar_v3_UFO_original/parameters.pyc	archive/superseded/.pack_a_native_clean/pi_ufo_baseline_v1_runtimefix/vendor/LLscalar_v3_UFO_original/parameters.pyc	5e77c9df6a3660cafeccb135ea03479de7082b8a064a433ae4930d9a0207efc7	5e77c9df6a3660cafeccb135ea03479de7082b8a064a433ae4930d9a0207efc7	HISTORICAL_SUPERSEDED	NONE
.pack_a_native_clean/pi_ufo_baseline_v1_runtimefix/vendor/LLscalar_v3_UFO_original/parameters.py~	archive/superseded/.pack_a_native_clean/pi_ufo_baseline_v1_runtimefix/vendor/LLscalar_v3_UFO_original/parameters.py~	01152962e08c059ba4124d253e185a1790e844f0f1f997d04bd867a1cf0c7593	01152962e08c059ba4124d253e185a1790e844f0f1f997d04bd867a1cf0c7593	HISTORICAL_SUPERSEDED	NONE
.pack_a_native_clean/pi_ufo_baseline_v1_runtimefix/vendor/LLscalar_v3_UFO_original/particles.py	archive/superseded/.pack_a_native_clean/pi_ufo_baseline_v1_runtimefix/vendor/LLscalar_v3_UFO_original/particles.py	01c61a7a352a5bebb747fff0c9ac3e228fa7575dfc381a339ecb285332b223c6	01c61a7a352a5bebb747fff0c9ac3e228fa7575dfc381a339ecb285332b223c6	HISTORICAL_SUPERSEDED	NONE
.pack_a_native_clean/pi_ufo_baseline_v1_runtimefix/vendor/LLscalar_v3_UFO_original/particles.pyc	archive/superseded/.pack_a_native_clean/pi_ufo_baseline_v1_runtimefix/vendor/LLscalar_v3_UFO_original/particles.pyc	26c50296125f237feb4de1eeda8f65acf3d5728f061e63cc367dcc31238fec1c	26c50296125f237feb4de1eeda8f65acf3d5728f061e63cc367dcc31238fec1c	HISTORICAL_SUPERSEDED	NONE
.pack_a_native_clean/pi_ufo_baseline_v1_runtimefix/vendor/LLscalar_v3_UFO_original/propagators.py	archive/superseded/.pack_a_native_clean/pi_ufo_baseline_v1_runtimefix/vendor/LLscalar_v3_UFO_original/propagators.py	1a4495d00654b6de8044d7a993b798cb12ca7265199f8e25ce42abdfbc98384a	1a4495d00654b6de8044d7a993b798cb12ca7265199f8e25ce42abdfbc98384a	HISTORICAL_SUPERSEDED	NONE
.pack_a_native_clean/pi_ufo_baseline_v1_runtimefix/vendor/LLscalar_v3_UFO_original/propagators.pyc	archive/superseded/.pack_a_native_clean/pi_ufo_baseline_v1_runtimefix/vendor/LLscalar_v3_UFO_original/propagators.pyc	58ee2fcbf64c811d11b969d9af58b0ca55b24c2a961a2fd2bf77990035fa68e7	58ee2fcbf64c811d11b969d9af58b0ca55b24c2a961a2fd2bf77990035fa68e7	HISTORICAL_SUPERSEDED	NONE
.pack_a_native_clean/pi_ufo_baseline_v1_runtimefix/vendor/LLscalar_v3_UFO_original/py3_model.pkl	archive/superseded/.pack_a_native_clean/pi_ufo_baseline_v1_runtimefix/vendor/LLscalar_v3_UFO_original/py3_model.pkl	353b9c51a80539a71ee91f859d3119a5196263d51496a390ea1313df39180d77	353b9c51a80539a71ee91f859d3119a5196263d51496a390ea1313df39180d77	HISTORICAL_SUPERSEDED	NONE
.pack_a_native_clean/pi_ufo_baseline_v1_runtimefix/vendor/LLscalar_v3_UFO_original/vertices.py	archive/superseded/.pack_a_native_clean/pi_ufo_baseline_v1_runtimefix/vendor/LLscalar_v3_UFO_original/vertices.py	60bb131379499fd85ac21da8e15f960cffcf2d33afc54217481730e82648f6ba	60bb131379499fd85ac21da8e15f960cffcf2d33afc54217481730e82648f6ba	HISTORICAL_SUPERSEDED	NONE
.pack_a_native_clean/pi_ufo_baseline_v1_runtimefix/vendor/LLscalar_v3_UFO_original/vertices.pyc	archive/superseded/.pack_a_native_clean/pi_ufo_baseline_v1_runtimefix/vendor/LLscalar_v3_UFO_original/vertices.pyc	4b833b9ab50468a97954c2039703aec7fa905299d5e071c234fa64417c0b886d	4b833b9ab50468a97954c2039703aec7fa905299d5e071c234fa64417c0b886d	HISTORICAL_SUPERSEDED	NONE
.pack_a_native_clean/pi_ufo_baseline_v1_runtimefix/vendor/LLscalar_v3_UFO_original/write_param_card.py	archive/superseded/.pack_a_native_clean/pi_ufo_baseline_v1_runtimefix/vendor/LLscalar_v3_UFO_original/write_param_card.py	b1fefa31387db6d35631469c59ffbf87539093c34989f123dc63a98b46742462	b1fefa31387db6d35631469c59ffbf87539093c34989f123dc63a98b46742462	HISTORICAL_SUPERSEDED	NONE
PACK_AA_CONFIG_SCHEMA.yaml	design/pack_aa/PACK_AA_CONFIG_SCHEMA.yaml	0c02ac68efc3256ee121082a136acedab59c012798ba72e04c6e14ee150a6bb3	0c02ac68efc3256ee121082a136acedab59c012798ba72e04c6e14ee150a6bb3	PACK_AA_DESIGN_DOCUMENT	NONE
PACK_AA_DECAY_OWNERSHIP.md	design/pack_aa/PACK_AA_DECAY_OWNERSHIP.md	594c9a73fab17778647abf27af2b7f88669b5ccabc320a5fa425516f89bb90c1	594c9a73fab17778647abf27af2b7f88669b5ccabc320a5fa425516f89bb90c1	PACK_AA_DESIGN_DOCUMENT	NONE
PACK_AA_DESIGN_CONTRACT.md	design/pack_aa/PACK_AA_DESIGN_CONTRACT.md	1a30ebbbae3807794fa38f5d6186b6adc7882c3a7320c764c9fb499b89377b29	1a30ebbbae3807794fa38f5d6186b6adc7882c3a7320c764c9fb499b89377b29	PACK_AA_DESIGN_DOCUMENT	CURRENT_PACK_AA_DESIGN
PACK_AA_IMPLEMENTATION_MISSION.md	design/pack_aa/PACK_AA_IMPLEMENTATION_MISSION.md	644760c88574da8c232d0d621eae03287ff482ceb9e1e3a72ec931b137784875	644760c88574da8c232d0d621eae03287ff482ceb9e1e3a72ec931b137784875	PACK_AA_DESIGN_DOCUMENT	NONE
PACK_AA_OPEN_DECISIONS.md	design/pack_aa/PACK_AA_OPEN_DECISIONS.md	e795f70c777aeae865263440959b7d6f58848a1823b1df6fd758c4801a56f50b	e795f70c777aeae865263440959b7d6f58848a1823b1df6fd758c4801a56f50b	PACK_AA_DESIGN_DOCUMENT	NONE
PACK_AA_RESEARCHER_DEMO_PLAN.md	design/pack_aa/PACK_AA_RESEARCHER_DEMO_PLAN.md	64d8e51a7d12a55878f37b723315f49056117b02b404eaad22a172846b672324	64d8e51a7d12a55878f37b723315f49056117b02b404eaad22a172846b672324	PACK_AA_DESIGN_DOCUMENT	NONE
PACK_AA_VALIDATION_MATRIX.json	design/pack_aa/PACK_AA_VALIDATION_MATRIX.json	d71ad1224331888dd3c672e1273502162b641257ce64dfa0f9b52fd8238e7859	d71ad1224331888dd3c672e1273502162b641257ce64dfa0f9b52fd8238e7859	PACK_AA_DESIGN_DOCUMENT	NONE
PACK_A_FINAL_CLOSURE_CONFIRMATION.md	releases/pack_a/frozen/PACK_A_FINAL_CLOSURE_CONFIRMATION.md	78149b7c14674a4e8b951c15442f695a40ae36c0a15b1f4763b72c33961361b6	78149b7c14674a4e8b951c15442f695a40ae36c0a15b1f4763b72c33961361b6	PACK_A_FROZEN_RELEASE	NONE
PACK_A_FINAL_CLOSURE_STATUS.json	releases/pack_a/frozen/PACK_A_FINAL_CLOSURE_STATUS.json	c7709cb59d1f792298a953d70a7786c347b3fd0fddf294ccbf9a24dafb8ada7d	c7709cb59d1f792298a953d70a7786c347b3fd0fddf294ccbf9a24dafb8ada7d	PACK_A_FROZEN_RELEASE	NONE
PACK_A_FREEZE_VALIDATION.md	archive/invalid_freeze_attempts/PACK_A_FREEZE_VALIDATION.md	d30debb616c495984cada2faec8e2266f770f30c0c0c528d510eb86e5811e37d	d30debb616c495984cada2faec8e2266f770f30c0c0c528d510eb86e5811e37d	PACK_A_INVALID_OR_SUPERSEDED_FREEZE	NONE
PACK_A_FROZEN_CHECKSUMS.sha256	archive/invalid_freeze_attempts/PACK_A_FROZEN_CHECKSUMS.sha256	70b94fd2b5900b3db8e8ee449f87bcd4e1d5046ec7e44a2953184e82dc1857f7	70b94fd2b5900b3db8e8ee449f87bcd4e1d5046ec7e44a2953184e82dc1857f7	PACK_A_INVALID_OR_SUPERSEDED_FREEZE	NONE
PACK_A_FROZEN_MANIFEST.json	archive/invalid_freeze_attempts/PACK_A_FROZEN_MANIFEST.json	fd47f134bf8ce8b6daf4596e53d07dc0b71e7bfb639fe0ac44bd6971ec65fe6e	fd47f134bf8ce8b6daf4596e53d07dc0b71e7bfb639fe0ac44bd6971ec65fe6e	PACK_A_INVALID_OR_SUPERSEDED_FREEZE	NONE
PACK_A_HOTFIX1_CHECKSUMS.sha256	releases/pack_a/candidates/PACK_A_HOTFIX1_CHECKSUMS.sha256	875fc2eac1558c1bc23fc950c17ddc2c70c434eeedefa1f58b0169474e4d58a1	875fc2eac1558c1bc23fc950c17ddc2c70c434eeedefa1f58b0169474e4d58a1	PACK_A_CANDIDATE_OR_PARENT	NONE
PACK_A_HOTFIX1_FREEZE_VALIDATION.md	releases/pack_a/frozen/PACK_A_HOTFIX1_FREEZE_VALIDATION.md	2d25e859c4e682e629f6f4ce5d1bc0fc9d39b0ca9699614fee21eb881cf80758	2d25e859c4e682e629f6f4ce5d1bc0fc9d39b0ca9699614fee21eb881cf80758	PACK_A_FROZEN_RELEASE	NONE
PACK_A_HOTFIX1_FROZEN_CHECKSUMS.sha256	releases/pack_a/frozen/PACK_A_HOTFIX1_FROZEN_CHECKSUMS.sha256	3a0361516c498d34413f5cfea5d0ec188ac696744d9c94ba2d42634949466b6b	3a0361516c498d34413f5cfea5d0ec188ac696744d9c94ba2d42634949466b6b	PACK_A_FROZEN_RELEASE	NONE
PACK_A_HOTFIX1_FROZEN_MANIFEST.json	releases/pack_a/frozen/PACK_A_HOTFIX1_FROZEN_MANIFEST.json	da9e2945fc4af78b106960f229a57e9f8391296679cd2d67bb064225671dc890	da9e2945fc4af78b106960f229a57e9f8391296679cd2d67bb064225671dc890	PACK_A_FROZEN_RELEASE	NONE
PACK_A_HOTFIX1_MANIFEST.json	releases/pack_a/candidates/PACK_A_HOTFIX1_MANIFEST.json	6516cb61d7efa0c7eaeee9e6eaa56f32ce7c06af2b11b4a58eee23ea4325b02b	6516cb61d7efa0c7eaeee9e6eaa56f32ce7c06af2b11b4a58eee23ea4325b02b	PACK_A_CANDIDATE_OR_PARENT	NONE
PACK_A_HOTFIX1_OPERATOR_COMMANDS.md	releases/pack_a/candidates/PACK_A_HOTFIX1_OPERATOR_COMMANDS.md	aa5ce0da530d2d0a59680bc5c1e9fd9dfd4079fbc5c79b90db62972d3833019a	aa5ce0da530d2d0a59680bc5c1e9fd9dfd4079fbc5c79b90db62972d3833019a	PACK_A_CANDIDATE_OR_PARENT	NONE
PACK_A_HOTFIX1_VALIDATION.md	releases/pack_a/candidates/PACK_A_HOTFIX1_VALIDATION.md	0ba02074ab824b3af1fe62497d6357c05c192f708a47dcdbcbd925484f68ae8c	0ba02074ab824b3af1fe62497d6357c05c192f708a47dcdbcbd925484f68ae8c	PACK_A_CANDIDATE_OR_PARENT	NONE
PACK_A_LUNA_VALIDATION.md	releases/pack_a/candidates/PACK_A_LUNA_VALIDATION.md	44af5d1025d6eba6adb41f94ea43b5d5f15158c8999f56924ef88d806cfea5f6	44af5d1025d6eba6adb41f94ea43b5d5f15158c8999f56924ef88d806cfea5f6	PACK_A_CANDIDATE_OR_PARENT	NONE
PACK_A_MADEVENT_INTERACTION_TRACE.md	releases/pack_a/candidates/PACK_A_MADEVENT_INTERACTION_TRACE.md	413cf20371a51f25b962c0355d9b78199064028fc1c2b403c41b886f1d1325c8	413cf20371a51f25b962c0355d9b78199064028fc1c2b403c41b886f1d1325c8	PACK_A_CANDIDATE_OR_PARENT	NONE
PACK_A_NATIVE_REPRODUCE.md	releases/pack_a/historical/PACK_A_NATIVE_REPRODUCE.md	71a4e6fc2c66ad3af8cc5e804b9d503893ae2134c28bdbbea31e762755532005	71a4e6fc2c66ad3af8cc5e804b9d503893ae2134c28bdbbea31e762755532005	PACK_A_HISTORICAL_RUNTIMEFIX	NONE
PACK_A_NATIVE_ROOT_CAUSE.md	releases/pack_a/historical/PACK_A_NATIVE_ROOT_CAUSE.md	d57a9c27dff9c60f65541d4e5d4cce888cbddbd01670fb8e8928de13710951d9	d57a9c27dff9c60f65541d4e5d4cce888cbddbd01670fb8e8928de13710951d9	PACK_A_HISTORICAL_RUNTIMEFIX	NONE
PACK_A_NATIVE_RUNTIME_REPORT.md	releases/pack_a/historical/PACK_A_NATIVE_RUNTIME_REPORT.md	e82c5d4f25ab7e4ad260bc92f8e6a594937c26b4924590028a9c42d9a9a9dc21	e82c5d4f25ab7e4ad260bc92f8e6a594937c26b4924590028a9c42d9a9a9dc21	PACK_A_HISTORICAL_RUNTIMEFIX	NONE
PACK_A_NATIVE_RUNTIME_STATUS.json	releases/pack_a/historical/PACK_A_NATIVE_RUNTIME_STATUS.json	b4e88736c9052155c68d6b365b24f50922db07dfbb3736ce8237fdb49201fe6f	b4e88736c9052155c68d6b365b24f50922db07dfbb3736ce8237fdb49201fe6f	PACK_A_HISTORICAL_RUNTIMEFIX	NONE
PACK_A_OPERATOR_COMMANDS.md	releases/pack_a/candidates/PACK_A_OPERATOR_COMMANDS.md	15563b8ce4b28ffe71245a89875e38568e017156d4ddda537efc3ee54573078c	15563b8ce4b28ffe71245a89875e38568e017156d4ddda537efc3ee54573078c	PACK_A_CANDIDATE_OR_PARENT	NONE
PACK_A_RELEASE_CANDIDATE_MANIFEST.json	releases/pack_a/candidates/PACK_A_RELEASE_CANDIDATE_MANIFEST.json	cdfc792bdb9a4a1bbaf2a9b8414da7ecb830d0403084bf979fb4f342c0c1f5a8	cdfc792bdb9a4a1bbaf2a9b8414da7ecb830d0403084bf979fb4f342c0c1f5a8	PACK_A_CANDIDATE_OR_PARENT	NONE
PACK_A_REPRODUCIBILITY_MATRIX.json	releases/pack_a/candidates/PACK_A_REPRODUCIBILITY_MATRIX.json	ff36323b57103bea7282957bca33267cfd6634d0542830ab0f283467252fab23	ff36323b57103bea7282957bca33267cfd6634d0542830ab0f283467252fab23	PACK_A_CANDIDATE_OR_PARENT	NONE
PACK_A_RESEARCHER_BRIEF.md	releases/pack_a/frozen/PACK_A_RESEARCHER_BRIEF.md	f1bc2beddfe7414e52737f3ac0539be53913605b03ca459fb25b5c4ab8747bd9	f1bc2beddfe7414e52737f3ac0539be53913605b03ca459fb25b5c4ab8747bd9	PACK_A_FROZEN_RELEASE	NONE
PACK_A_SCIENTIFIC_STATUS.json	releases/pack_a/candidates/PACK_A_SCIENTIFIC_STATUS.json	7b4e3a48dcbf201afe3e350554b3d585c0dd524b1784d2114af603c1dc8ca6f7	7b4e3a48dcbf201afe3e350554b3d585c0dd524b1784d2114af603c1dc8ca6f7	PACK_A_CANDIDATE_OR_PARENT	NONE
PACK_A_SOL_SCIENTIFIC_VALIDATION.md	releases/pack_a/candidates/PACK_A_SOL_SCIENTIFIC_VALIDATION.md	4eee7b0141814893298f143aecd3619003440b8cadb846550db599847f42bfe0	4eee7b0141814893298f143aecd3619003440b8cadb846550db599847f42bfe0	PACK_A_CANDIDATE_OR_PARENT	NONE
PATCH_PACK_A_FREEZE.diff	archive/invalid_freeze_attempts/PATCH_PACK_A_FREEZE.diff	774c0f019461c3617708260cf3d3668b1514e03996aef1d063e9ab7bfc1530db	774c0f019461c3617708260cf3d3668b1514e03996aef1d063e9ab7bfc1530db	PACK_A_INVALID_OR_SUPERSEDED_FREEZE	NONE
PATCH_PACK_A_HOTFIX1.diff	releases/pack_a/candidates/PATCH_PACK_A_HOTFIX1.diff	7a8828c524367aeef7e24f16168255e942965555f8a8f16a15b4fe12b9688a76	7a8828c524367aeef7e24f16168255e942965555f8a8f16a15b4fe12b9688a76	PACK_A_CANDIDATE_OR_PARENT	NONE
PATCH_PACK_A_HOTFIX1_FREEZE.diff	releases/pack_a/frozen/PATCH_PACK_A_HOTFIX1_FREEZE.diff	153e1360854e9e8f923b2eebe079373999f888e598fc7c3d34b98f534d12a260	153e1360854e9e8f923b2eebe079373999f888e598fc7c3d34b98f534d12a260	PACK_A_FROZEN_RELEASE	NONE
PATCH_PACK_A_LUNA_ERGONOMICS.diff	releases/pack_a/candidates/PATCH_PACK_A_LUNA_ERGONOMICS.diff	592e58d22f100bb056e262e9593a2db49ebc22b8cc47ab5766088c027d1c8e82	592e58d22f100bb056e262e9593a2db49ebc22b8cc47ab5766088c027d1c8e82	PACK_A_CANDIDATE_OR_PARENT	NONE
PATCH_PACK_A_RUNTIMEFIX.diff	releases/pack_a/historical/PATCH_PACK_A_RUNTIMEFIX.diff	78945a56b2fd3736370236f70c930dae6ffe772456b95e0e7637cb77ce46eabd	78945a56b2fd3736370236f70c930dae6ffe772456b95e0e7637cb77ce46eabd	PACK_A_HISTORICAL_RUNTIMEFIX	NONE
PATCH_PACK_A_SOL_VALIDATION.diff	releases/pack_a/candidates/PATCH_PACK_A_SOL_VALIDATION.diff	d5c8bdb16eb9e79bf10ac33f552cb0d99a2f92d28e56ffce1711ba18ec550640	d5c8bdb16eb9e79bf10ac33f552cb0d99a2f92d28e56ffce1711ba18ec550640	PACK_A_CANDIDATE_OR_PARENT	NONE
coupling_basis_ufo_v1.zip	inputs/coupling_basis/coupling_basis_ufo_v1.zip	e60f087ff6a1edef848b6f0fc67a2809807c84737305867e668e4d38de096496	e60f087ff6a1edef848b6f0fc67a2809807c84737305867e668e4d38de096496	SUPPORTING_INPUT	NONE
evidence/pack_a_native_failed_20260718T023622Z/EVIDENCE_SUMMARY.txt	evidence/pack_a/pack_a_native_failed_20260718T023622Z/EVIDENCE_SUMMARY.txt	6806e36b3a368ee733cfe8424aba9095bc5a067f3e346e596473ae2efc6efedb	6806e36b3a368ee733cfe8424aba9095bc5a067f3e346e596473ae2efc6efedb	SUPPORTING_EVIDENCE_PACK_A	NONE
evidence/pack_a_native_failed_20260718T023622Z/mg5_events.log	evidence/pack_a/pack_a_native_failed_20260718T023622Z/mg5_events.log	e1b2752562517e31377d29d6b51521fec99dfa5f0437443bb512af97280107d6	e1b2752562517e31377d29d6b51521fec99dfa5f0437443bb512af97280107d6	SUPPORTING_EVIDENCE_PACK_A	NONE
evidence/pack_a_native_failed_20260718T023622Z/pack_a_mg5.log	evidence/pack_a/pack_a_native_failed_20260718T023622Z/pack_a_mg5.log	fddef63d169d8278080ed933534a73e2f432029730e082932f32a0e83a49a15c	fddef63d169d8278080ed933534a73e2f432029730e082932f32a0e83a49a15c	SUPPORTING_EVIDENCE_PACK_A	NONE
evidence/pack_a_native_failed_20260718T023622Z/parameters.py	evidence/pack_a/pack_a_native_failed_20260718T023622Z/parameters.py	7f84d779ff83dd52bbfecbbfe31df147e2df79faab0bcda716d5908d63b3d45b	7f84d779ff83dd52bbfecbbfe31df147e2df79faab0bcda716d5908d63b3d45b	SUPPORTING_EVIDENCE_PACK_A	NONE
evidence/pack_a_native_failed_20260718T023622Z/particles.py	evidence/pack_a/pack_a_native_failed_20260718T023622Z/particles.py	01c61a7a352a5bebb747fff0c9ac3e228fa7575dfc381a339ecb285332b223c6	01c61a7a352a5bebb747fff0c9ac3e228fa7575dfc381a339ecb285332b223c6	SUPPORTING_EVIDENCE_PACK_A	NONE
evidence/pack_a_native_failed_20260718T023622Z/point_param_card.dat	evidence/pack_a/pack_a_native_failed_20260718T023622Z/point_param_card.dat	442e79ea6440fff031aed96d9aa8616f987a425a4f68f4dc16375d55b975e4f4	442e79ea6440fff031aed96d9aa8616f987a425a4f68f4dc16375d55b975e4f4	SUPPORTING_EVIDENCE_PACK_A	NONE
evidence/pack_a_native_failed_20260718T023622Z/process_param_card.dat	evidence/pack_a/pack_a_native_failed_20260718T023622Z/process_param_card.dat	442e79ea6440fff031aed96d9aa8616f987a425a4f68f4dc16375d55b975e4f4	442e79ea6440fff031aed96d9aa8616f987a425a4f68f4dc16375d55b975e4f4	SUPPORTING_EVIDENCE_PACK_A	NONE
evidence/pack_a_native_failed_20260718T023622Z/smoke_tag_1_debug.log	evidence/pack_a/pack_a_native_failed_20260718T023622Z/smoke_tag_1_debug.log	1a811e0d32cc5b6d70f661616bd6ad251379f3450131782da5638a674af3660a	1a811e0d32cc5b6d70f661616bd6ad251379f3450131782da5638a674af3660a	SUPPORTING_EVIDENCE_PACK_A	NONE
external_validation_a/pi_ufo_baseline_v1/CHANGELOG.md	releases/pack_a/scientific_validation/external_validation_a/pi_ufo_baseline_v1/CHANGELOG.md	c3d53198fd200b55e50ab8e29a0cb0f934aba20ee4a8d996fd9fee141cf09cba	c3d53198fd200b55e50ab8e29a0cb0f934aba20ee4a8d996fd9fee141cf09cba	PACK_A_SCIENTIFIC_VALIDATION	NONE
external_validation_a/pi_ufo_baseline_v1/KNOWN_LIMITATIONS.md	releases/pack_a/scientific_validation/external_validation_a/pi_ufo_baseline_v1/KNOWN_LIMITATIONS.md	45d9ae5e457158e37fc8303a3ee74a3f98bbd028601f9397f010b059714a5159	45d9ae5e457158e37fc8303a3ee74a3f98bbd028601f9397f010b059714a5159	PACK_A_SCIENTIFIC_VALIDATION	NONE
external_validation_a/pi_ufo_baseline_v1/MODEL_CARD.md	releases/pack_a/scientific_validation/external_validation_a/pi_ufo_baseline_v1/MODEL_CARD.md	0776312fe51bce3b4dd6595f05044408feb0585e08febe29006fd5911684229e	0776312fe51bce3b4dd6595f05044408feb0585e08febe29006fd5911684229e	PACK_A_SCIENTIFIC_VALIDATION	NONE
external_validation_a/pi_ufo_baseline_v1/PROVENANCE.md	releases/pack_a/scientific_validation/external_validation_a/pi_ufo_baseline_v1/PROVENANCE.md	c0e2cca2ecd310972a32818dff00f46382057a9822b597487f7e0af00d6d0474	c0e2cca2ecd310972a32818dff00f46382057a9822b597487f7e0af00d6d0474	PACK_A_SCIENTIFIC_VALIDATION	NONE
external_validation_a/pi_ufo_baseline_v1/README.md	releases/pack_a/scientific_validation/external_validation_a/pi_ufo_baseline_v1/README.md	f55290a1b7f397c09068336021322fec5a309aab4db27de7571c5b497e8d8bfe	f55290a1b7f397c09068336021322fec5a309aab4db27de7571c5b497e8d8bfe	PACK_A_SCIENTIFIC_VALIDATION	NONE
external_validation_a/pi_ufo_baseline_v1/build/point_000001/MG5_PROC/Cards/README	releases/pack_a/scientific_validation/external_validation_a/pi_ufo_baseline_v1/build/point_000001/MG5_PROC/Cards/README	eb3f39466976b976c213203c4a7d0f92eadd325d4e19903efea6fec1db695d65	eb3f39466976b976c213203c4a7d0f92eadd325d4e19903efea6fec1db695d65	PACK_A_SCIENTIFIC_VALIDATION	NONE
external_validation_a/pi_ufo_baseline_v1/build/point_000001/MG5_PROC/Cards/delphes_card_ATLAS.dat	releases/pack_a/scientific_validation/external_validation_a/pi_ufo_baseline_v1/build/point_000001/MG5_PROC/Cards/delphes_card_ATLAS.dat	b6a97bcd6e2b4f19e218eaa07b3afe1937d66452f0519de0b8c367eff46fe69d	b6a97bcd6e2b4f19e218eaa07b3afe1937d66452f0519de0b8c367eff46fe69d	PACK_A_SCIENTIFIC_VALIDATION	NONE
external_validation_a/pi_ufo_baseline_v1/build/point_000001/MG5_PROC/Cards/delphes_card_CMS.dat	releases/pack_a/scientific_validation/external_validation_a/pi_ufo_baseline_v1/build/point_000001/MG5_PROC/Cards/delphes_card_CMS.dat	e363da8be306a024159b52547a80045bc48b770424fb5372ffc2ff8f1f5028c0	e363da8be306a024159b52547a80045bc48b770424fb5372ffc2ff8f1f5028c0	PACK_A_SCIENTIFIC_VALIDATION	NONE
external_validation_a/pi_ufo_baseline_v1/build/point_000001/MG5_PROC/Cards/delphes_card_default.dat	releases/pack_a/scientific_validation/external_validation_a/pi_ufo_baseline_v1/build/point_000001/MG5_PROC/Cards/delphes_card_default.dat	e363da8be306a024159b52547a80045bc48b770424fb5372ffc2ff8f1f5028c0	e363da8be306a024159b52547a80045bc48b770424fb5372ffc2ff8f1f5028c0	PACK_A_SCIENTIFIC_VALIDATION	NONE
external_validation_a/pi_ufo_baseline_v1/build/point_000001/MG5_PROC/Cards/delphes_trigger.dat	releases/pack_a/scientific_validation/external_validation_a/pi_ufo_baseline_v1/build/point_000001/MG5_PROC/Cards/delphes_trigger.dat	dd9e5ef49193a9140ae577fb452af122b0a45a843043e482dfd43c1afd755475	dd9e5ef49193a9140ae577fb452af122b0a45a843043e482dfd43c1afd755475	PACK_A_SCIENTIFIC_VALIDATION	NONE
external_validation_a/pi_ufo_baseline_v1/build/point_000001/MG5_PROC/Cards/delphes_trigger_ATLAS.dat	releases/pack_a/scientific_validation/external_validation_a/pi_ufo_baseline_v1/build/point_000001/MG5_PROC/Cards/delphes_trigger_ATLAS.dat	14ceb9ab08ebb8bcab3d750fe8b01ab1e3f44d2eacdc8bc944d6899ccafc3b90	14ceb9ab08ebb8bcab3d750fe8b01ab1e3f44d2eacdc8bc944d6899ccafc3b90	PACK_A_SCIENTIFIC_VALIDATION	NONE
external_validation_a/pi_ufo_baseline_v1/build/point_000001/MG5_PROC/Cards/delphes_trigger_CMS.dat	releases/pack_a/scientific_validation/external_validation_a/pi_ufo_baseline_v1/build/point_000001/MG5_PROC/Cards/delphes_trigger_CMS.dat	dd9e5ef49193a9140ae577fb452af122b0a45a843043e482dfd43c1afd755475	dd9e5ef49193a9140ae577fb452af122b0a45a843043e482dfd43c1afd755475	PACK_A_SCIENTIFIC_VALIDATION	NONE
external_validation_a/pi_ufo_baseline_v1/build/point_000001/MG5_PROC/Cards/delphes_trigger_default.dat	releases/pack_a/scientific_validation/external_validation_a/pi_ufo_baseline_v1/build/point_000001/MG5_PROC/Cards/delphes_trigger_default.dat	dd9e5ef49193a9140ae577fb452af122b0a45a843043e482dfd43c1afd755475	dd9e5ef49193a9140ae577fb452af122b0a45a843043e482dfd43c1afd755475	PACK_A_SCIENTIFIC_VALIDATION	NONE
external_validation_a/pi_ufo_baseline_v1/build/point_000001/MG5_PROC/Cards/grid_card.dat	releases/pack_a/scientific_validation/external_validation_a/pi_ufo_baseline_v1/build/point_000001/MG5_PROC/Cards/grid_card.dat	99aff9f047a6dfbaa59345cc56cb01cf422bb65eef996b6af6515f625e1c13b7	99aff9f047a6dfbaa59345cc56cb01cf422bb65eef996b6af6515f625e1c13b7	PACK_A_SCIENTIFIC_VALIDATION	NONE
external_validation_a/pi_ufo_baseline_v1/build/point_000001/MG5_PROC/Cards/grid_card_default.dat	releases/pack_a/scientific_validation/external_validation_a/pi_ufo_baseline_v1/build/point_000001/MG5_PROC/Cards/grid_card_default.dat	99aff9f047a6dfbaa59345cc56cb01cf422bb65eef996b6af6515f625e1c13b7	99aff9f047a6dfbaa59345cc56cb01cf422bb65eef996b6af6515f625e1c13b7	PACK_A_SCIENTIFIC_VALIDATION	NONE
external_validation_a/pi_ufo_baseline_v1/build/point_000001/MG5_PROC/Cards/ident_card.dat	releases/pack_a/scientific_validation/external_validation_a/pi_ufo_baseline_v1/build/point_000001/MG5_PROC/Cards/ident_card.dat	1aa76ce9345bebd0114be0f8e79509679e6b1a6170480bf02fe917a42a259c3b	1aa76ce9345bebd0114be0f8e79509679e6b1a6170480bf02fe917a42a259c3b	PACK_A_SCIENTIFIC_VALIDATION	NONE
external_validation_a/pi_ufo_baseline_v1/build/point_000001/MG5_PROC/Cards/madanalysis5_hadron_card_default.dat	releases/pack_a/scientific_validation/external_validation_a/pi_ufo_baseline_v1/build/point_000001/MG5_PROC/Cards/madanalysis5_hadron_card_default.dat	46f8749617b7606256363a757f5c69896a2b812ab2b1bb7be8c7ca8b64f6000c	46f8749617b7606256363a757f5c69896a2b812ab2b1bb7be8c7ca8b64f6000c	PACK_A_SCIENTIFIC_VALIDATION	NONE
external_validation_a/pi_ufo_baseline_v1/build/point_000001/MG5_PROC/Cards/madanalysis5_parton_card_default.dat	releases/pack_a/scientific_validation/external_validation_a/pi_ufo_baseline_v1/build/point_000001/MG5_PROC/Cards/madanalysis5_parton_card_default.dat	46f8749617b7606256363a757f5c69896a2b812ab2b1bb7be8c7ca8b64f6000c	46f8749617b7606256363a757f5c69896a2b812ab2b1bb7be8c7ca8b64f6000c	PACK_A_SCIENTIFIC_VALIDATION	NONE
external_validation_a/pi_ufo_baseline_v1/build/point_000001/MG5_PROC/Cards/madspin_card_default.dat	releases/pack_a/scientific_validation/external_validation_a/pi_ufo_baseline_v1/build/point_000001/MG5_PROC/Cards/madspin_card_default.dat	b49e3d4d382a4b66bae665d9b5af308de1d426e2aacdd45f0237c8be7a4f3524	b49e3d4d382a4b66bae665d9b5af308de1d426e2aacdd45f0237c8be7a4f3524	PACK_A_SCIENTIFIC_VALIDATION	NONE
external_validation_a/pi_ufo_baseline_v1/build/point_000001/MG5_PROC/Cards/me5_configuration.txt	releases/pack_a/scientific_validation/external_validation_a/pi_ufo_baseline_v1/build/point_000001/MG5_PROC/Cards/me5_configuration.txt	046f73495203a9d9aa070aee10b844bd5e426b997618ef92cf6be5c4c94c7dbf	046f73495203a9d9aa070aee10b844bd5e426b997618ef92cf6be5c4c94c7dbf	PACK_A_SCIENTIFIC_VALIDATION	NONE
external_validation_a/pi_ufo_baseline_v1/build/point_000001/MG5_PROC/Cards/param_card.dat	releases/pack_a/scientific_validation/external_validation_a/pi_ufo_baseline_v1/build/point_000001/MG5_PROC/Cards/param_card.dat	b5e68dde0222854f72892cc79c0c90becca83a13502fec9bc29c69150a4f4bbf	b5e68dde0222854f72892cc79c0c90becca83a13502fec9bc29c69150a4f4bbf	PACK_A_SCIENTIFIC_VALIDATION	NONE
external_validation_a/pi_ufo_baseline_v1/build/point_000001/MG5_PROC/Cards/param_card_default.dat	releases/pack_a/scientific_validation/external_validation_a/pi_ufo_baseline_v1/build/point_000001/MG5_PROC/Cards/param_card_default.dat	8c97ba08846b27b1fb0a139161259653d507aed22b172635f5ea7ee4fa4baf83	8c97ba08846b27b1fb0a139161259653d507aed22b172635f5ea7ee4fa4baf83	PACK_A_SCIENTIFIC_VALIDATION	NONE
external_validation_a/pi_ufo_baseline_v1/build/point_000001/MG5_PROC/Cards/pgs_card_ATLAS.dat	releases/pack_a/scientific_validation/external_validation_a/pi_ufo_baseline_v1/build/point_000001/MG5_PROC/Cards/pgs_card_ATLAS.dat	4abbda9b8fc97521a6b510d200c3657695caea73054516ccac16fccd89f63f43	4abbda9b8fc97521a6b510d200c3657695caea73054516ccac16fccd89f63f43	PACK_A_SCIENTIFIC_VALIDATION	NONE
external_validation_a/pi_ufo_baseline_v1/build/point_000001/MG5_PROC/Cards/pgs_card_CMS.dat	releases/pack_a/scientific_validation/external_validation_a/pi_ufo_baseline_v1/build/point_000001/MG5_PROC/Cards/pgs_card_CMS.dat	2fa767eeb3d1a767e9b4da6f8f35099b6546943f9c3993291c9ab122554d43ca	2fa767eeb3d1a767e9b4da6f8f35099b6546943f9c3993291c9ab122554d43ca	PACK_A_SCIENTIFIC_VALIDATION	NONE
external_validation_a/pi_ufo_baseline_v1/build/point_000001/MG5_PROC/Cards/pgs_card_LHC.dat	releases/pack_a/scientific_validation/external_validation_a/pi_ufo_baseline_v1/build/point_000001/MG5_PROC/Cards/pgs_card_LHC.dat	1e166308920fbb153706ec4338c81c2ae52753f8e3b8ae19bea32cc8618f85d4	1e166308920fbb153706ec4338c81c2ae52753f8e3b8ae19bea32cc8618f85d4	PACK_A_SCIENTIFIC_VALIDATION	NONE
external_validation_a/pi_ufo_baseline_v1/build/point_000001/MG5_PROC/Cards/pgs_card_TEV.dat	releases/pack_a/scientific_validation/external_validation_a/pi_ufo_baseline_v1/build/point_000001/MG5_PROC/Cards/pgs_card_TEV.dat	523df464434f492b0b915d7d5f22aee198a515696228bf859daba920fb6e2ed1	523df464434f492b0b915d7d5f22aee198a515696228bf859daba920fb6e2ed1	PACK_A_SCIENTIFIC_VALIDATION	NONE
external_validation_a/pi_ufo_baseline_v1/build/point_000001/MG5_PROC/Cards/pgs_card_default.dat	releases/pack_a/scientific_validation/external_validation_a/pi_ufo_baseline_v1/build/point_000001/MG5_PROC/Cards/pgs_card_default.dat	1e166308920fbb153706ec4338c81c2ae52753f8e3b8ae19bea32cc8618f85d4	1e166308920fbb153706ec4338c81c2ae52753f8e3b8ae19bea32cc8618f85d4	PACK_A_SCIENTIFIC_VALIDATION	NONE
external_validation_a/pi_ufo_baseline_v1/build/point_000001/MG5_PROC/Cards/plot_card.dat	releases/pack_a/scientific_validation/external_validation_a/pi_ufo_baseline_v1/build/point_000001/MG5_PROC/Cards/plot_card.dat	e0991ee24eb7cab4ca668da332ed637806e6473b32a929b2bd4f86bafab1d4b0	e0991ee24eb7cab4ca668da332ed637806e6473b32a929b2bd4f86bafab1d4b0	PACK_A_SCIENTIFIC_VALIDATION	NONE
external_validation_a/pi_ufo_baseline_v1/build/point_000001/MG5_PROC/Cards/plot_card_default.dat	releases/pack_a/scientific_validation/external_validation_a/pi_ufo_baseline_v1/build/point_000001/MG5_PROC/Cards/plot_card_default.dat	e0991ee24eb7cab4ca668da332ed637806e6473b32a929b2bd4f86bafab1d4b0	e0991ee24eb7cab4ca668da332ed637806e6473b32a929b2bd4f86bafab1d4b0	PACK_A_SCIENTIFIC_VALIDATION	NONE
external_validation_a/pi_ufo_baseline_v1/build/point_000001/MG5_PROC/Cards/proc_card_mg5.dat	releases/pack_a/scientific_validation/external_validation_a/pi_ufo_baseline_v1/build/point_000001/MG5_PROC/Cards/proc_card_mg5.dat	85df329b20d81414bb321649c50b57241b100614ba17eb7fb54d0f0ccf4b90e4	85df329b20d81414bb321649c50b57241b100614ba17eb7fb54d0f0ccf4b90e4	PACK_A_SCIENTIFIC_VALIDATION	NONE
external_validation_a/pi_ufo_baseline_v1/build/point_000001/MG5_PROC/Cards/pythia8_card_default.dat	releases/pack_a/scientific_validation/external_validation_a/pi_ufo_baseline_v1/build/point_000001/MG5_PROC/Cards/pythia8_card_default.dat	eae9ab88aed291ccfa93aad879abb00c479fe5e852b50a14f48ee2c4ee25a255	eae9ab88aed291ccfa93aad879abb00c479fe5e852b50a14f48ee2c4ee25a255	PACK_A_SCIENTIFIC_VALIDATION	NONE
external_validation_a/pi_ufo_baseline_v1/build/point_000001/MG5_PROC/Cards/pythia_card_default.dat	releases/pack_a/scientific_validation/external_validation_a/pi_ufo_baseline_v1/build/point_000001/MG5_PROC/Cards/pythia_card_default.dat	392b11bcb52bfabab408edd2ee691e138f9e4f2d5d5c514287a25f4f29d7215b	392b11bcb52bfabab408edd2ee691e138f9e4f2d5d5c514287a25f4f29d7215b	PACK_A_SCIENTIFIC_VALIDATION	NONE
external_validation_a/pi_ufo_baseline_v1/build/point_000001/MG5_PROC/Cards/replace_card1.dat	releases/pack_a/scientific_validation/external_validation_a/pi_ufo_baseline_v1/build/point_000001/MG5_PROC/Cards/replace_card1.dat	92d5563c5b5f8d68bc0dc3ee8c350eaee7d43d43aca4d9f6c94d3abc0e69a73a	92d5563c5b5f8d68bc0dc3ee8c350eaee7d43d43aca4d9f6c94d3abc0e69a73a	PACK_A_SCIENTIFIC_VALIDATION	NONE
external_validation_a/pi_ufo_baseline_v1/build/point_000001/MG5_PROC/Cards/reweight_card_default.dat	releases/pack_a/scientific_validation/external_validation_a/pi_ufo_baseline_v1/build/point_000001/MG5_PROC/Cards/reweight_card_default.dat	281463939a80f0069f80df4108294b7678eeaeba6f2004443e54b9819a8b5cc2	281463939a80f0069f80df4108294b7678eeaeba6f2004443e54b9819a8b5cc2	PACK_A_SCIENTIFIC_VALIDATION	NONE
external_validation_a/pi_ufo_baseline_v1/build/point_000001/MG5_PROC/Cards/rivet_card_default.dat	releases/pack_a/scientific_validation/external_validation_a/pi_ufo_baseline_v1/build/point_000001/MG5_PROC/Cards/rivet_card_default.dat	e1aa7c84051518a747156689b388d0d2428808c629b15b2770f50550d5a1b357	e1aa7c84051518a747156689b388d0d2428808c629b15b2770f50550d5a1b357	PACK_A_SCIENTIFIC_VALIDATION	NONE
external_validation_a/pi_ufo_baseline_v1/build/point_000001/MG5_PROC/Cards/run_card.dat	releases/pack_a/scientific_validation/external_validation_a/pi_ufo_baseline_v1/build/point_000001/MG5_PROC/Cards/run_card.dat	00cd76255b00442ba62ac6704680b77f69cff6d630c1e81d4a806f2b69177611	00cd76255b00442ba62ac6704680b77f69cff6d630c1e81d4a806f2b69177611	PACK_A_SCIENTIFIC_VALIDATION	NONE
external_validation_a/pi_ufo_baseline_v1/build/point_000001/MG5_PROC/Cards/run_card_default.dat	releases/pack_a/scientific_validation/external_validation_a/pi_ufo_baseline_v1/build/point_000001/MG5_PROC/Cards/run_card_default.dat	00cd76255b00442ba62ac6704680b77f69cff6d630c1e81d4a806f2b69177611	00cd76255b00442ba62ac6704680b77f69cff6d630c1e81d4a806f2b69177611	PACK_A_SCIENTIFIC_VALIDATION	NONE
external_validation_a/pi_ufo_baseline_v1/build/point_000001/MG5_PROC/Events/.keep	releases/pack_a/scientific_validation/external_validation_a/pi_ufo_baseline_v1/build/point_000001/MG5_PROC/Events/.keep	e3b0c44298fc1c149afbf4c8996fb92427ae41e4649b934ca495991b7852b855	e3b0c44298fc1c149afbf4c8996fb92427ae41e4649b934ca495991b7852b855	PACK_A_SCIENTIFIC_VALIDATION	NONE
external_validation_a/pi_ufo_baseline_v1/build/point_000001/MG5_PROC/HTML/crossx.html	releases/pack_a/scientific_validation/external_validation_a/pi_ufo_baseline_v1/build/point_000001/MG5_PROC/HTML/crossx.html	e3b0c44298fc1c149afbf4c8996fb92427ae41e4649b934ca495991b7852b855	e3b0c44298fc1c149afbf4c8996fb92427ae41e4649b934ca495991b7852b855	PACK_A_SCIENTIFIC_VALIDATION	NONE
external_validation_a/pi_ufo_baseline_v1/build/point_000001/MG5_PROC/HTML/info-default.html	releases/pack_a/scientific_validation/external_validation_a/pi_ufo_baseline_v1/build/point_000001/MG5_PROC/HTML/info-default.html	48cd8ccaa2a07f9a2744e142558ff0e9c8d2bab35636df22c29cc6e828e71cb0	48cd8ccaa2a07f9a2744e142558ff0e9c8d2bab35636df22c29cc6e828e71cb0	PACK_A_SCIENTIFIC_VALIDATION	NONE
external_validation_a/pi_ufo_baseline_v1/build/point_000001/MG5_PROC/HTML/info.html	releases/pack_a/scientific_validation/external_validation_a/pi_ufo_baseline_v1/build/point_000001/MG5_PROC/HTML/info.html	77bb464f063cac567706b2d30767a8eb628fc3abe54e07f1e31c0206e911c352	77bb464f063cac567706b2d30767a8eb628fc3abe54e07f1e31c0206e911c352	PACK_A_SCIENTIFIC_VALIDATION	NONE
external_validation_a/pi_ufo_baseline_v1/build/point_000001/MG5_PROC/HTML/mgstyle.css	releases/pack_a/scientific_validation/external_validation_a/pi_ufo_baseline_v1/build/point_000001/MG5_PROC/HTML/mgstyle.css	d12e48c9910c15a22b8095d045578863ca2fac20b765692ea248d81911673ba6	d12e48c9910c15a22b8095d045578863ca2fac20b765692ea248d81911673ba6	PACK_A_SCIENTIFIC_VALIDATION	NONE
external_validation_a/pi_ufo_baseline_v1/build/point_000001/MG5_PROC/HTML/sortable.js	releases/pack_a/scientific_validation/external_validation_a/pi_ufo_baseline_v1/build/point_000001/MG5_PROC/HTML/sortable.js	9a1e49c93b802edad64c0195a0eba240e0efb1a2f47bfcfa8288ad5f8bcceef9	9a1e49c93b802edad64c0195a0eba240e0efb1a2f47bfcfa8288ad5f8bcceef9	PACK_A_SCIENTIFIC_VALIDATION	NONE
external_validation_a/pi_ufo_baseline_v1/build/point_000001/MG5_PROC/HTML/stop.jpg	releases/pack_a/scientific_validation/external_validation_a/pi_ufo_baseline_v1/build/point_000001/MG5_PROC/HTML/stop.jpg	ba221735467931a9f936c1a62ab9159940eab27ad5adc2369df0edd21121fa90	ba221735467931a9f936c1a62ab9159940eab27ad5adc2369df0edd21121fa90	PACK_A_SCIENTIFIC_VALIDATION	NONE
external_validation_a/pi_ufo_baseline_v1/build/point_000001/MG5_PROC/HTML/thinking.gif	releases/pack_a/scientific_validation/external_validation_a/pi_ufo_baseline_v1/build/point_000001/MG5_PROC/HTML/thinking.gif	e24769c8b69e96e5ab0714fb216bb04722482357d3fbc182c0cf038a324031d4	e24769c8b69e96e5ab0714fb216bb04722482357d3fbc182c0cf038a324031d4	PACK_A_SCIENTIFIC_VALIDATION	NONE
external_validation_a/pi_ufo_baseline_v1/build/point_000001/MG5_PROC/MGMEVersion.txt	releases/pack_a/scientific_validation/external_validation_a/pi_ufo_baseline_v1/build/point_000001/MG5_PROC/MGMEVersion.txt	878103c645ee9a78bccb0be542dca18fd14c37ff9fa7e269250288da0cfb8217	878103c645ee9a78bccb0be542dca18fd14c37ff9fa7e269250288da0cfb8217	PACK_A_SCIENTIFIC_VALIDATION	NONE
external_validation_a/pi_ufo_baseline_v1/build/point_000001/MG5_PROC/README	releases/pack_a/scientific_validation/external_validation_a/pi_ufo_baseline_v1/build/point_000001/MG5_PROC/README	526514d60b377501fc2ff3f3e89fe398cb60860de756941032c987026a288d3a	526514d60b377501fc2ff3f3e89fe398cb60860de756941032c987026a288d3a	PACK_A_SCIENTIFIC_VALIDATION	NONE
external_validation_a/pi_ufo_baseline_v1/build/point_000001/MG5_PROC/README.systematics	releases/pack_a/scientific_validation/external_validation_a/pi_ufo_baseline_v1/build/point_000001/MG5_PROC/README.systematics	d11504feb0c9116e3455180e687f782fc6370626ab71d5742299e155bd755af4	d11504feb0c9116e3455180e687f782fc6370626ab71d5742299e155bd755af4	PACK_A_SCIENTIFIC_VALIDATION	NONE
external_validation_a/pi_ufo_baseline_v1/build/point_000001/MG5_PROC/Source/.make_opts	releases/pack_a/scientific_validation/external_validation_a/pi_ufo_baseline_v1/build/point_000001/MG5_PROC/Source/.make_opts	cb708c3f07c19a13ac044cb8728a5ecb45ece4f753a106c329f1eb0b6b4b76c9	cb708c3f07c19a13ac044cb8728a5ecb45ece4f753a106c329f1eb0b6b4b76c9	PACK_A_SCIENTIFIC_VALIDATION	NONE
external_validation_a/pi_ufo_baseline_v1/build/point_000001/MG5_PROC/Source/BIAS/dummy/dummy.f	releases/pack_a/scientific_validation/external_validation_a/pi_ufo_baseline_v1/build/point_000001/MG5_PROC/Source/BIAS/dummy/dummy.f	e998de9f5792ba9bb45fed7b2e2dd0a17fd61da80b3dee12dc5bd5b9654734b3	e998de9f5792ba9bb45fed7b2e2dd0a17fd61da80b3dee12dc5bd5b9654734b3	PACK_A_SCIENTIFIC_VALIDATION	NONE
external_validation_a/pi_ufo_baseline_v1/build/point_000001/MG5_PROC/Source/BIAS/dummy/makefile	releases/pack_a/scientific_validation/external_validation_a/pi_ufo_baseline_v1/build/point_000001/MG5_PROC/Source/BIAS/dummy/makefile	c8ba6ae1254b7df13729e71faf38663c281b7158b78b246f46a96aaa2e4f641e	c8ba6ae1254b7df13729e71faf38663c281b7158b78b246f46a96aaa2e4f641e	PACK_A_SCIENTIFIC_VALIDATION	NONE
external_validation_a/pi_ufo_baseline_v1/build/point_000001/MG5_PROC/Source/BIAS/ptj_bias/makefile	releases/pack_a/scientific_validation/external_validation_a/pi_ufo_baseline_v1/build/point_000001/MG5_PROC/Source/BIAS/ptj_bias/makefile	eab8ade715c4d663e4ae3853620de65f3a3fdbe26f0ef60da1ad5a08ed6fdaf2	eab8ade715c4d663e4ae3853620de65f3a3fdbe26f0ef60da1ad5a08ed6fdaf2	PACK_A_SCIENTIFIC_VALIDATION	NONE
external_validation_a/pi_ufo_baseline_v1/build/point_000001/MG5_PROC/Source/BIAS/ptj_bias/ptj_bias.f	releases/pack_a/scientific_validation/external_validation_a/pi_ufo_baseline_v1/build/point_000001/MG5_PROC/Source/BIAS/ptj_bias/ptj_bias.f	be98145f3616bfbf075c6d1c168bb914045476e45ed742262fd292c5a4b4a78c	be98145f3616bfbf075c6d1c168bb914045476e45ed742262fd292c5a4b4a78c	PACK_A_SCIENTIFIC_VALIDATION	NONE
external_validation_a/pi_ufo_baseline_v1/build/point_000001/MG5_PROC/Source/CERNLIB/abend.f	releases/pack_a/scientific_validation/external_validation_a/pi_ufo_baseline_v1/build/point_000001/MG5_PROC/Source/CERNLIB/abend.f	3f82a246769f71f4181fb459a0cdefb1f6f3426cbbbb47ac093a53dad17e87f4	3f82a246769f71f4181fb459a0cdefb1f6f3426cbbbb47ac093a53dad17e87f4	PACK_A_SCIENTIFIC_VALIDATION	NONE
external_validation_a/pi_ufo_baseline_v1/build/point_000001/MG5_PROC/Source/CERNLIB/dlsqp2.f	releases/pack_a/scientific_validation/external_validation_a/pi_ufo_baseline_v1/build/point_000001/MG5_PROC/Source/CERNLIB/dlsqp2.f	8d93368a654705e3e72dfa4d5d5c90e7ac36ad107a954f7e56a0ee7a98da63d7	8d93368a654705e3e72dfa4d5d5c90e7ac36ad107a954f7e56a0ee7a98da63d7	PACK_A_SCIENTIFIC_VALIDATION	NONE
external_validation_a/pi_ufo_baseline_v1/build/point_000001/MG5_PROC/Source/CERNLIB/lenocc.f	releases/pack_a/scientific_validation/external_validation_a/pi_ufo_baseline_v1/build/point_000001/MG5_PROC/Source/CERNLIB/lenocc.f	36cf2a11d1ddf0b7e9e4301a5ae855631a13cdc6bedf83a78e69fa2da48c805b	36cf2a11d1ddf0b7e9e4301a5ae855631a13cdc6bedf83a78e69fa2da48c805b	PACK_A_SCIENTIFIC_VALIDATION	NONE
external_validation_a/pi_ufo_baseline_v1/build/point_000001/MG5_PROC/Source/CERNLIB/makefile	releases/pack_a/scientific_validation/external_validation_a/pi_ufo_baseline_v1/build/point_000001/MG5_PROC/Source/CERNLIB/makefile	d69c658d9f991f6bebb5e4f626284a2c955079fc9549384104a85702f979ca3b	d69c658d9f991f6bebb5e4f626284a2c955079fc9549384104a85702f979ca3b	PACK_A_SCIENTIFIC_VALIDATION	NONE
external_validation_a/pi_ufo_baseline_v1/build/point_000001/MG5_PROC/Source/CERNLIB/mtlprt.f	releases/pack_a/scientific_validation/external_validation_a/pi_ufo_baseline_v1/build/point_000001/MG5_PROC/Source/CERNLIB/mtlprt.f	b17fca11624639f279a09f79ca0078c6b79cfa42d3535762ab28edb6631fc68b	b17fca11624639f279a09f79ca0078c6b79cfa42d3535762ab28edb6631fc68b	PACK_A_SCIENTIFIC_VALIDATION	NONE
external_validation_a/pi_ufo_baseline_v1/build/point_000001/MG5_PROC/Source/CERNLIB/mtlset.f	releases/pack_a/scientific_validation/external_validation_a/pi_ufo_baseline_v1/build/point_000001/MG5_PROC/Source/CERNLIB/mtlset.f	d27d530a30e1f2e310504dbac01d36c519289fd1a1ab061d5ecda8f305895c30	d27d530a30e1f2e310504dbac01d36c519289fd1a1ab061d5ecda8f305895c30	PACK_A_SCIENTIFIC_VALIDATION	NONE
external_validation_a/pi_ufo_baseline_v1/build/point_000001/MG5_PROC/Source/CERNLIB/radmul.f	releases/pack_a/scientific_validation/external_validation_a/pi_ufo_baseline_v1/build/point_000001/MG5_PROC/Source/CERNLIB/radmul.f	78307e0f7697e8ac8f24293420fd26eed9223a1358556cd91f4fbaec1365e385	78307e0f7697e8ac8f24293420fd26eed9223a1358556cd91f4fbaec1365e385	PACK_A_SCIENTIFIC_VALIDATION	NONE
external_validation_a/pi_ufo_baseline_v1/build/point_000001/MG5_PROC/Source/DHELAS/.keepthisdir	releases/pack_a/scientific_validation/external_validation_a/pi_ufo_baseline_v1/build/point_000001/MG5_PROC/Source/DHELAS/.keepthisdir	e3b0c44298fc1c149afbf4c8996fb92427ae41e4649b934ca495991b7852b855	e3b0c44298fc1c149afbf4c8996fb92427ae41e4649b934ca495991b7852b855	PACK_A_SCIENTIFIC_VALIDATION	NONE
external_validation_a/pi_ufo_baseline_v1/build/point_000001/MG5_PROC/Source/DHELAS/SSS1P1N_1.f	releases/pack_a/scientific_validation/external_validation_a/pi_ufo_baseline_v1/build/point_000001/MG5_PROC/Source/DHELAS/SSS1P1N_1.f	8b87e3845b4b65e902fb2be85246f0bd0a456387d1b0d14f0ff0f5811529af3e	8b87e3845b4b65e902fb2be85246f0bd0a456387d1b0d14f0ff0f5811529af3e	PACK_A_SCIENTIFIC_VALIDATION	NONE
external_validation_a/pi_ufo_baseline_v1/build/point_000001/MG5_PROC/Source/DHELAS/SSS1P1N_2.f	releases/pack_a/scientific_validation/external_validation_a/pi_ufo_baseline_v1/build/point_000001/MG5_PROC/Source/DHELAS/SSS1P1N_2.f	7b49e88de07b83628c5cd647aadec466674a6c9fc4f7be4f125b1465e275656e	7b49e88de07b83628c5cd647aadec466674a6c9fc4f7be4f125b1465e275656e	PACK_A_SCIENTIFIC_VALIDATION	NONE
external_validation_a/pi_ufo_baseline_v1/build/point_000001/MG5_PROC/Source/DHELAS/SSS1P1N_3.f	releases/pack_a/scientific_validation/external_validation_a/pi_ufo_baseline_v1/build/point_000001/MG5_PROC/Source/DHELAS/SSS1P1N_3.f	13cd612298574d67ef7770c32c19d5ea07c56cdea785251e0df67a93b03cc705	13cd612298574d67ef7770c32c19d5ea07c56cdea785251e0df67a93b03cc705	PACK_A_SCIENTIFIC_VALIDATION	NONE
external_validation_a/pi_ufo_baseline_v1/build/point_000001/MG5_PROC/Source/DHELAS/SSS1_0.f	releases/pack_a/scientific_validation/external_validation_a/pi_ufo_baseline_v1/build/point_000001/MG5_PROC/Source/DHELAS/SSS1_0.f	1b8ec5d01205f3dc387b505a29bc122d237455dc364a6fac1150d4b69dc9bd54	1b8ec5d01205f3dc387b505a29bc122d237455dc364a6fac1150d4b69dc9bd54	PACK_A_SCIENTIFIC_VALIDATION	NONE
external_validation_a/pi_ufo_baseline_v1/build/point_000001/MG5_PROC/Source/DHELAS/VVS2FF1_3.f	releases/pack_a/scientific_validation/external_validation_a/pi_ufo_baseline_v1/build/point_000001/MG5_PROC/Source/DHELAS/VVS2FF1_3.f	c2692e0abcdbf15f92fecf7a7f976e5da0b404bc6e25e3cdcda80c07d631ffb6	c2692e0abcdbf15f92fecf7a7f976e5da0b404bc6e25e3cdcda80c07d631ffb6	PACK_A_SCIENTIFIC_VALIDATION	NONE
external_validation_a/pi_ufo_baseline_v1/build/point_000001/MG5_PROC/Source/DHELAS/aloha_file.inc	releases/pack_a/scientific_validation/external_validation_a/pi_ufo_baseline_v1/build/point_000001/MG5_PROC/Source/DHELAS/aloha_file.inc	3b3b9e6bcdc7554ef589e60aa17e5f6af9059eec5b17ae22969c29107b451926	3b3b9e6bcdc7554ef589e60aa17e5f6af9059eec5b17ae22969c29107b451926	PACK_A_SCIENTIFIC_VALIDATION	NONE
external_validation_a/pi_ufo_baseline_v1/build/point_000001/MG5_PROC/Source/DHELAS/aloha_functions.f	releases/pack_a/scientific_validation/external_validation_a/pi_ufo_baseline_v1/build/point_000001/MG5_PROC/Source/DHELAS/aloha_functions.f	6100d8127353c13301e639bfdfea33b7a417095ea3b1eec630ed9d9a4bf92fc4	6100d8127353c13301e639bfdfea33b7a417095ea3b1eec630ed9d9a4bf92fc4	PACK_A_SCIENTIFIC_VALIDATION	NONE
external_validation_a/pi_ufo_baseline_v1/build/point_000001/MG5_PROC/Source/DHELAS/makefile	releases/pack_a/scientific_validation/external_validation_a/pi_ufo_baseline_v1/build/point_000001/MG5_PROC/Source/DHELAS/makefile	cd3a6c45094f438b995d1104a1e71521562c28b7f4ade1cd358703a2c855f51a	cd3a6c45094f438b995d1104a1e71521562c28b7f4ade1cd358703a2c855f51a	PACK_A_SCIENTIFIC_VALIDATION	NONE
external_validation_a/pi_ufo_baseline_v1/build/point_000001/MG5_PROC/Source/DiscreteSampler.f	releases/pack_a/scientific_validation/external_validation_a/pi_ufo_baseline_v1/build/point_000001/MG5_PROC/Source/DiscreteSampler.f	676f15e2565db88e57838e3269f529b6b87bab6d13e0a630101d53eb48341552	676f15e2565db88e57838e3269f529b6b87bab6d13e0a630101d53eb48341552	PACK_A_SCIENTIFIC_VALIDATION	NONE
external_validation_a/pi_ufo_baseline_v1/build/point_000001/MG5_PROC/Source/MODEL/.keepme	releases/pack_a/scientific_validation/external_validation_a/pi_ufo_baseline_v1/build/point_000001/MG5_PROC/Source/MODEL/.keepme	e3b0c44298fc1c149afbf4c8996fb92427ae41e4649b934ca495991b7852b855	e3b0c44298fc1c149afbf4c8996fb92427ae41e4649b934ca495991b7852b855	PACK_A_SCIENTIFIC_VALIDATION	NONE
external_validation_a/pi_ufo_baseline_v1/build/point_000001/MG5_PROC/Source/MODEL/actualize_mp_ext_params.inc	releases/pack_a/scientific_validation/external_validation_a/pi_ufo_baseline_v1/build/point_000001/MG5_PROC/Source/MODEL/actualize_mp_ext_params.inc	cfe4fa314b53f89d6cf6d6779a6f21d41851bb6e3a004fd3a1968f25e4022e23	cfe4fa314b53f89d6cf6d6779a6f21d41851bb6e3a004fd3a1968f25e4022e23	PACK_A_SCIENTIFIC_VALIDATION	NONE
external_validation_a/pi_ufo_baseline_v1/build/point_000001/MG5_PROC/Source/MODEL/coupl.inc	releases/pack_a/scientific_validation/external_validation_a/pi_ufo_baseline_v1/build/point_000001/MG5_PROC/Source/MODEL/coupl.inc	9b7bf843d4f38d9322a10eeed2ecf7492983018310288d07a6cab181c712a5c7	9b7bf843d4f38d9322a10eeed2ecf7492983018310288d07a6cab181c712a5c7	PACK_A_SCIENTIFIC_VALIDATION	NONE
external_validation_a/pi_ufo_baseline_v1/build/point_000001/MG5_PROC/Source/MODEL/coupl_write.inc	releases/pack_a/scientific_validation/external_validation_a/pi_ufo_baseline_v1/build/point_000001/MG5_PROC/Source/MODEL/coupl_write.inc	78bd72ca20817a3d23cf3fcac6be5da78a468b9798c7e5e8ab8a983783f36eb5	78bd72ca20817a3d23cf3fcac6be5da78a468b9798c7e5e8ab8a983783f36eb5	PACK_A_SCIENTIFIC_VALIDATION	NONE
external_validation_a/pi_ufo_baseline_v1/build/point_000001/MG5_PROC/Source/MODEL/couplings.f	releases/pack_a/scientific_validation/external_validation_a/pi_ufo_baseline_v1/build/point_000001/MG5_PROC/Source/MODEL/couplings.f	8486e75c66d5ced63baeb26fa8e55bf5b523ca16bb87013b29279464bebf78d7	8486e75c66d5ced63baeb26fa8e55bf5b523ca16bb87013b29279464bebf78d7	PACK_A_SCIENTIFIC_VALIDATION	NONE
external_validation_a/pi_ufo_baseline_v1/build/point_000001/MG5_PROC/Source/MODEL/couplings1.f	releases/pack_a/scientific_validation/external_validation_a/pi_ufo_baseline_v1/build/point_000001/MG5_PROC/Source/MODEL/couplings1.f	0f3b6243a6e5481d97451643b752eca700bbcd745c76c2408f5d9a7a1f0e0b98	0f3b6243a6e5481d97451643b752eca700bbcd745c76c2408f5d9a7a1f0e0b98	PACK_A_SCIENTIFIC_VALIDATION	NONE
external_validation_a/pi_ufo_baseline_v1/build/point_000001/MG5_PROC/Source/MODEL/couplings2.f	releases/pack_a/scientific_validation/external_validation_a/pi_ufo_baseline_v1/build/point_000001/MG5_PROC/Source/MODEL/couplings2.f	7b213edfffe872642526644169799bb3f655033a73e8cdfd3140bb53cdba9f3a	7b213edfffe872642526644169799bb3f655033a73e8cdfd3140bb53cdba9f3a	PACK_A_SCIENTIFIC_VALIDATION	NONE
external_validation_a/pi_ufo_baseline_v1/build/point_000001/MG5_PROC/Source/MODEL/formats.inc	releases/pack_a/scientific_validation/external_validation_a/pi_ufo_baseline_v1/build/point_000001/MG5_PROC/Source/MODEL/formats.inc	1d0c8b3a81b5c4ed3cc50e16edc2d7fa09fa2c2694b9eef3790bff2abc42c3a3	1d0c8b3a81b5c4ed3cc50e16edc2d7fa09fa2c2694b9eef3790bff2abc42c3a3	PACK_A_SCIENTIFIC_VALIDATION	NONE
external_validation_a/pi_ufo_baseline_v1/build/point_000001/MG5_PROC/Source/MODEL/input.inc	releases/pack_a/scientific_validation/external_validation_a/pi_ufo_baseline_v1/build/point_000001/MG5_PROC/Source/MODEL/input.inc	7177599525827aaa34e4c84084648bab8ee39bf0a740ca823574510ca5e77bb2	7177599525827aaa34e4c84084648bab8ee39bf0a740ca823574510ca5e77bb2	PACK_A_SCIENTIFIC_VALIDATION	NONE
external_validation_a/pi_ufo_baseline_v1/build/point_000001/MG5_PROC/Source/MODEL/intparam_definition.inc	releases/pack_a/scientific_validation/external_validation_a/pi_ufo_baseline_v1/build/point_000001/MG5_PROC/Source/MODEL/intparam_definition.inc	df527fba82e3a11a0d747cd418d4b8a601fe11e96dd3e391244d2fcc42d96b12	df527fba82e3a11a0d747cd418d4b8a601fe11e96dd3e391244d2fcc42d96b12	PACK_A_SCIENTIFIC_VALIDATION	NONE
external_validation_a/pi_ufo_baseline_v1/build/point_000001/MG5_PROC/Source/MODEL/lha_read.f	releases/pack_a/scientific_validation/external_validation_a/pi_ufo_baseline_v1/build/point_000001/MG5_PROC/Source/MODEL/lha_read.f	fd51c4686981abedbf62153ee537e7dec01a138dd9a560f39303b851f99d6ae0	fd51c4686981abedbf62153ee537e7dec01a138dd9a560f39303b851f99d6ae0	PACK_A_SCIENTIFIC_VALIDATION	NONE
external_validation_a/pi_ufo_baseline_v1/build/point_000001/MG5_PROC/Source/MODEL/makefile	releases/pack_a/scientific_validation/external_validation_a/pi_ufo_baseline_v1/build/point_000001/MG5_PROC/Source/MODEL/makefile	b2e04084aba9bb7ecf6a56015c83265aee0b74e4d9a8b2bdeae8d75521ae55c0	b2e04084aba9bb7ecf6a56015c83265aee0b74e4d9a8b2bdeae8d75521ae55c0	PACK_A_SCIENTIFIC_VALIDATION	NONE
external_validation_a/pi_ufo_baseline_v1/build/point_000001/MG5_PROC/Source/MODEL/makeinc.inc	releases/pack_a/scientific_validation/external_validation_a/pi_ufo_baseline_v1/build/point_000001/MG5_PROC/Source/MODEL/makeinc.inc	1e938018cba6559290ffbf790b7f1fd59e9c21e55d81a3c312b45f99d66bc3a3	1e938018cba6559290ffbf790b7f1fd59e9c21e55d81a3c312b45f99d66bc3a3	PACK_A_SCIENTIFIC_VALIDATION	NONE
external_validation_a/pi_ufo_baseline_v1/build/point_000001/MG5_PROC/Source/MODEL/model_functions.f	releases/pack_a/scientific_validation/external_validation_a/pi_ufo_baseline_v1/build/point_000001/MG5_PROC/Source/MODEL/model_functions.f	3f316cd1c810b693ca11450a8b5bb5badb01dd9b7c6bc05e2d1222c808bfa138	3f316cd1c810b693ca11450a8b5bb5badb01dd9b7c6bc05e2d1222c808bfa138	PACK_A_SCIENTIFIC_VALIDATION	NONE
external_validation_a/pi_ufo_baseline_v1/build/point_000001/MG5_PROC/Source/MODEL/model_functions.inc	releases/pack_a/scientific_validation/external_validation_a/pi_ufo_baseline_v1/build/point_000001/MG5_PROC/Source/MODEL/model_functions.inc	1eacef8b6184900bf18e6c18614cec17c062226f6ab438410464f5dbfb86515e	1eacef8b6184900bf18e6c18614cec17c062226f6ab438410464f5dbfb86515e	PACK_A_SCIENTIFIC_VALIDATION	NONE
external_validation_a/pi_ufo_baseline_v1/build/point_000001/MG5_PROC/Source/MODEL/param_read.inc	releases/pack_a/scientific_validation/external_validation_a/pi_ufo_baseline_v1/build/point_000001/MG5_PROC/Source/MODEL/param_read.inc	a14a19f2379f69375eea63dfa4c34319f2681e9e037fc4088ec39a7978568cbc	a14a19f2379f69375eea63dfa4c34319f2681e9e037fc4088ec39a7978568cbc	PACK_A_SCIENTIFIC_VALIDATION	NONE
external_validation_a/pi_ufo_baseline_v1/build/point_000001/MG5_PROC/Source/MODEL/param_write.inc	releases/pack_a/scientific_validation/external_validation_a/pi_ufo_baseline_v1/build/point_000001/MG5_PROC/Source/MODEL/param_write.inc	ecbf8d7e15441b05566d44736e536bfebef416ef3b3344e910f2fb89a5287a92	ecbf8d7e15441b05566d44736e536bfebef416ef3b3344e910f2fb89a5287a92	PACK_A_SCIENTIFIC_VALIDATION	NONE
external_validation_a/pi_ufo_baseline_v1/build/point_000001/MG5_PROC/Source/MODEL/printout.f	releases/pack_a/scientific_validation/external_validation_a/pi_ufo_baseline_v1/build/point_000001/MG5_PROC/Source/MODEL/printout.f	c765cbd47475c2c8ca3e229691373124a01f13c775ccd603625e5bf2aadb82c7	c765cbd47475c2c8ca3e229691373124a01f13c775ccd603625e5bf2aadb82c7	PACK_A_SCIENTIFIC_VALIDATION	NONE
external_validation_a/pi_ufo_baseline_v1/build/point_000001/MG5_PROC/Source/MODEL/rw_para.f	releases/pack_a/scientific_validation/external_validation_a/pi_ufo_baseline_v1/build/point_000001/MG5_PROC/Source/MODEL/rw_para.f	568206e593ca4a7a49c63a1b09eddbed663474f6db62e8bc09960b8282421266	568206e593ca4a7a49c63a1b09eddbed663474f6db62e8bc09960b8282421266	PACK_A_SCIENTIFIC_VALIDATION	NONE
external_validation_a/pi_ufo_baseline_v1/build/point_000001/MG5_PROC/Source/MODEL/testprog.f	releases/pack_a/scientific_validation/external_validation_a/pi_ufo_baseline_v1/build/point_000001/MG5_PROC/Source/MODEL/testprog.f	7570c7961bd45365561047df5a3bd0c529204fb03f4e3562680d3b90e0042c89	7570c7961bd45365561047df5a3bd0c529204fb03f4e3562680d3b90e0042c89	PACK_A_SCIENTIFIC_VALIDATION	NONE
external_validation_a/pi_ufo_baseline_v1/build/point_000001/MG5_PROC/Source/PDF/Ctq6Pdf.f	releases/pack_a/scientific_validation/external_validation_a/pi_ufo_baseline_v1/build/point_000001/MG5_PROC/Source/PDF/Ctq6Pdf.f	faaae1776c4228066687642b39d350ba745f3076c21007516d82dee88601d646	faaae1776c4228066687642b39d350ba745f3076c21007516d82dee88601d646	PACK_A_SCIENTIFIC_VALIDATION	NONE
external_validation_a/pi_ufo_baseline_v1/build/point_000001/MG5_PROC/Source/PDF/ElectroweakFlux.f	releases/pack_a/scientific_validation/external_validation_a/pi_ufo_baseline_v1/build/point_000001/MG5_PROC/Source/PDF/ElectroweakFlux.f	a55af74f81cf8c0349db44efeda10e70f405319288311e096c46503be9f1513d	a55af74f81cf8c0349db44efeda10e70f405319288311e096c46503be9f1513d	PACK_A_SCIENTIFIC_VALIDATION	NONE
external_validation_a/pi_ufo_baseline_v1/build/point_000001/MG5_PROC/Source/PDF/ElectroweakFlux.inc	releases/pack_a/scientific_validation/external_validation_a/pi_ufo_baseline_v1/build/point_000001/MG5_PROC/Source/PDF/ElectroweakFlux.inc	9ba56c31e65dd877d0f7e2537562e9cc8e7956e1a73c34f019ec19b44ae9ab04	9ba56c31e65dd877d0f7e2537562e9cc8e7956e1a73c34f019ec19b44ae9ab04	PACK_A_SCIENTIFIC_VALIDATION	NONE
external_validation_a/pi_ufo_baseline_v1/build/point_000001/MG5_PROC/Source/PDF/ElectroweakFluxDriver.f	releases/pack_a/scientific_validation/external_validation_a/pi_ufo_baseline_v1/build/point_000001/MG5_PROC/Source/PDF/ElectroweakFluxDriver.f	0e7526df88466bc115a9f054ccfb1ed43ff9db0a3263eb4f342a79a7c4cdb7ba	0e7526df88466bc115a9f054ccfb1ed43ff9db0a3263eb4f342a79a7c4cdb7ba	PACK_A_SCIENTIFIC_VALIDATION	NONE
external_validation_a/pi_ufo_baseline_v1/build/point_000001/MG5_PROC/Source/PDF/ElectroweakFlux_dummy.f	releases/pack_a/scientific_validation/external_validation_a/pi_ufo_baseline_v1/build/point_000001/MG5_PROC/Source/PDF/ElectroweakFlux_dummy.f	2ce33dcd9212731873efc9bd21711b74bd4d2007c1a65eafa3c1b07b589ac47c	2ce33dcd9212731873efc9bd21711b74bd4d2007c1a65eafa3c1b07b589ac47c	PACK_A_SCIENTIFIC_VALIDATION	NONE
external_validation_a/pi_ufo_baseline_v1/build/point_000001/MG5_PROC/Source/PDF/NNPDFDriver.f	releases/pack_a/scientific_validation/external_validation_a/pi_ufo_baseline_v1/build/point_000001/MG5_PROC/Source/PDF/NNPDFDriver.f	569c080439879972784ada0d6e0b040e8a7a93a0cf363cf99fa3bead12abae14	569c080439879972784ada0d6e0b040e8a7a93a0cf363cf99fa3bead12abae14	PACK_A_SCIENTIFIC_VALIDATION	NONE
external_validation_a/pi_ufo_baseline_v1/build/point_000001/MG5_PROC/Source/PDF/PhotonFlux.f	releases/pack_a/scientific_validation/external_validation_a/pi_ufo_baseline_v1/build/point_000001/MG5_PROC/Source/PDF/PhotonFlux.f	5c943e6bad08314ac7b6002b87e756d85a41057b874ebea8573bf2ece950b1eb	5c943e6bad08314ac7b6002b87e756d85a41057b874ebea8573bf2ece950b1eb	PACK_A_SCIENTIFIC_VALIDATION	NONE
external_validation_a/pi_ufo_baseline_v1/build/point_000001/MG5_PROC/Source/PDF/dfint.f	releases/pack_a/scientific_validation/external_validation_a/pi_ufo_baseline_v1/build/point_000001/MG5_PROC/Source/PDF/dfint.f	61eff004b8fb8390324eba77f2b2644a723f09d7412af63e4b74145c6b2b1ef3	61eff004b8fb8390324eba77f2b2644a723f09d7412af63e4b74145c6b2b1ef3	PACK_A_SCIENTIFIC_VALIDATION	NONE
external_validation_a/pi_ufo_baseline_v1/build/point_000001/MG5_PROC/Source/PDF/eepdf.f	releases/pack_a/scientific_validation/external_validation_a/pi_ufo_baseline_v1/build/point_000001/MG5_PROC/Source/PDF/eepdf.f	2e449b3d91d3af09681e5fad9209084e2e8c3dbb5ac00a7b5d7744d3e596235a	2e449b3d91d3af09681e5fad9209084e2e8c3dbb5ac00a7b5d7744d3e596235a	PACK_A_SCIENTIFIC_VALIDATION	NONE
external_validation_a/pi_ufo_baseline_v1/build/point_000001/MG5_PROC/Source/PDF/eepdf.inc	releases/pack_a/scientific_validation/external_validation_a/pi_ufo_baseline_v1/build/point_000001/MG5_PROC/Source/PDF/eepdf.inc	8a6bd33755a6e79abba68ec428efe34bac3e915d67caa0eba5ce72fd8704019c	8a6bd33755a6e79abba68ec428efe34bac3e915d67caa0eba5ce72fd8704019c	PACK_A_SCIENTIFIC_VALIDATION	NONE
external_validation_a/pi_ufo_baseline_v1/build/point_000001/MG5_PROC/Source/PDF/gammaUPC/ElasticPhotonPhotonFlux.f90	releases/pack_a/scientific_validation/external_validation_a/pi_ufo_baseline_v1/build/point_000001/MG5_PROC/Source/PDF/gammaUPC/ElasticPhotonPhotonFlux.f90	a5e77a30f09df6ac03b0181f6698a8549916fa08e2c60da8929252bf17cea363	a5e77a30f09df6ac03b0181f6698a8549916fa08e2c60da8929252bf17cea363	PACK_A_SCIENTIFIC_VALIDATION	NONE
external_validation_a/pi_ufo_baseline_v1/build/point_000001/MG5_PROC/Source/PDF/gammaUPC/OpticalGlauber_Geometry.f90	releases/pack_a/scientific_validation/external_validation_a/pi_ufo_baseline_v1/build/point_000001/MG5_PROC/Source/PDF/gammaUPC/OpticalGlauber_Geometry.f90	ba7bf8d47191ae9bc03b8d313fd55e6b372d44df1db2e4a2d98247267e34ea4f	ba7bf8d47191ae9bc03b8d313fd55e6b372d44df1db2e4a2d98247267e34ea4f	PACK_A_SCIENTIFIC_VALIDATION	NONE
external_validation_a/pi_ufo_baseline_v1/build/point_000001/MG5_PROC/Source/PDF/gammaUPC/gammaUPC_dummy.f	releases/pack_a/scientific_validation/external_validation_a/pi_ufo_baseline_v1/build/point_000001/MG5_PROC/Source/PDF/gammaUPC/gammaUPC_dummy.f	2f7f52de7aae9dc481e5238d1184e8db2ba3adf9ff7e7836001b1d4244e166d7	2f7f52de7aae9dc481e5238d1184e8db2ba3adf9ff7e7836001b1d4244e166d7	PACK_A_SCIENTIFIC_VALIDATION	NONE
external_validation_a/pi_ufo_baseline_v1/build/point_000001/MG5_PROC/Source/PDF/gammaUPC/interpolation.f90	releases/pack_a/scientific_validation/external_validation_a/pi_ufo_baseline_v1/build/point_000001/MG5_PROC/Source/PDF/gammaUPC/interpolation.f90	c89df9b3e391d454f0f6543ad38b012c35b03af1b775c4b66506dc0c1ab4147d	c89df9b3e391d454f0f6543ad38b012c35b03af1b775c4b66506dc0c1ab4147d	PACK_A_SCIENTIFIC_VALIDATION	NONE
external_validation_a/pi_ufo_baseline_v1/build/point_000001/MG5_PROC/Source/PDF/gammaUPC/makefile	releases/pack_a/scientific_validation/external_validation_a/pi_ufo_baseline_v1/build/point_000001/MG5_PROC/Source/PDF/gammaUPC/makefile	1028933ece2c569cd94a88ffda57a5b81d9d140a5528bbb4bbac0f6e9d7e83df	1028933ece2c569cd94a88ffda57a5b81d9d140a5528bbb4bbac0f6e9d7e83df	PACK_A_SCIENTIFIC_VALIDATION	NONE
external_validation_a/pi_ufo_baseline_v1/build/point_000001/MG5_PROC/Source/PDF/gammaUPC/makefile_dummy	releases/pack_a/scientific_validation/external_validation_a/pi_ufo_baseline_v1/build/point_000001/MG5_PROC/Source/PDF/gammaUPC/makefile_dummy	45c9b8ad079ca99a759cc24f68d30f6ef91878d47ce51b81e573c83167fba8e2	45c9b8ad079ca99a759cc24f68d30f6ef91878d47ce51b81e573c83167fba8e2	PACK_A_SCIENTIFIC_VALIDATION	NONE
external_validation_a/pi_ufo_baseline_v1/build/point_000001/MG5_PROC/Source/PDF/gammaUPC/nielsen_generalized_polylog.f90	releases/pack_a/scientific_validation/external_validation_a/pi_ufo_baseline_v1/build/point_000001/MG5_PROC/Source/PDF/gammaUPC/nielsen_generalized_polylog.f90	8cee9ad199b2625e2f759ea3e3fe14662318351a368a125b93f5c52a6f6d7808	8cee9ad199b2625e2f759ea3e3fe14662318351a368a125b93f5c52a6f6d7808	PACK_A_SCIENTIFIC_VALIDATION	NONE
external_validation_a/pi_ufo_baseline_v1/build/point_000001/MG5_PROC/Source/PDF/gammaUPC/nintlib.f90	releases/pack_a/scientific_validation/external_validation_a/pi_ufo_baseline_v1/build/point_000001/MG5_PROC/Source/PDF/gammaUPC/nintlib.f90	92657ae581afabdc4591c1725167ab0c88fc15e49ba854023eac3cb14bb21607	92657ae581afabdc4591c1725167ab0c88fc15e49ba854023eac3cb14bb21607	PACK_A_SCIENTIFIC_VALIDATION	NONE
external_validation_a/pi_ufo_baseline_v1/build/point_000001/MG5_PROC/Source/PDF/gammaUPC/photonpdfsquare.f	releases/pack_a/scientific_validation/external_validation_a/pi_ufo_baseline_v1/build/point_000001/MG5_PROC/Source/PDF/gammaUPC/photonpdfsquare.f	606c0bd20df16116377b2a4e44a30c032a5afd52d45d2666c21e987b76302ffe	606c0bd20df16116377b2a4e44a30c032a5afd52d45d2666c21e987b76302ffe	PACK_A_SCIENTIFIC_VALIDATION	NONE
external_validation_a/pi_ufo_baseline_v1/build/point_000001/MG5_PROC/Source/PDF/gammaUPC/run90.inc	releases/pack_a/scientific_validation/external_validation_a/pi_ufo_baseline_v1/build/point_000001/MG5_PROC/Source/PDF/gammaUPC/run90.inc	a07e6a3a0a10e6a77c503ef0f208b7231084a915a3a887fe42ca958da2f78ba5	a07e6a3a0a10e6a77c503ef0f208b7231084a915a3a887fe42ca958da2f78ba5	PACK_A_SCIENTIFIC_VALIDATION	NONE
external_validation_a/pi_ufo_baseline_v1/build/point_000001/MG5_PROC/Source/PDF/gammaUPC/tbessj.f90	releases/pack_a/scientific_validation/external_validation_a/pi_ufo_baseline_v1/build/point_000001/MG5_PROC/Source/PDF/gammaUPC/tbessj.f90	2d27cb8eecff63e434a79ff57b530786b253289e5a9d52c14941b8e88308d899	2d27cb8eecff63e434a79ff57b530786b253289e5a9d52c14941b8e88308d899	PACK_A_SCIENTIFIC_VALIDATION	NONE
external_validation_a/pi_ufo_baseline_v1/build/point_000001/MG5_PROC/Source/PDF/gammaUPC/tbessk.f90	releases/pack_a/scientific_validation/external_validation_a/pi_ufo_baseline_v1/build/point_000001/MG5_PROC/Source/PDF/gammaUPC/tbessk.f90	6364e36ebf441b92a4c49dcc63335679b7b95c0abbf7a9be239dd26e7ec37cf1	6364e36ebf441b92a4c49dcc63335679b7b95c0abbf7a9be239dd26e7ec37cf1	PACK_A_SCIENTIFIC_VALIDATION	NONE
external_validation_a/pi_ufo_baseline_v1/build/point_000001/MG5_PROC/Source/PDF/gammaUPC/test.f90	releases/pack_a/scientific_validation/external_validation_a/pi_ufo_baseline_v1/build/point_000001/MG5_PROC/Source/PDF/gammaUPC/test.f90	d6eff055ac688c0c992faaaf18c55244fc1df1ce41a99ac3483ce1052bd83ee2	d6eff055ac688c0c992faaaf18c55244fc1df1ce41a99ac3483ce1052bd83ee2	PACK_A_SCIENTIFIC_VALIDATION	NONE
external_validation_a/pi_ufo_baseline_v1/build/point_000001/MG5_PROC/Source/PDF/gridpdfaux.f	releases/pack_a/scientific_validation/external_validation_a/pi_ufo_baseline_v1/build/point_000001/MG5_PROC/Source/PDF/gridpdfaux.f	8b787c1f5e446765b1c3f90acff4201a41f2a1f1c94d859bf154af8698647d32	8b787c1f5e446765b1c3f90acff4201a41f2a1f1c94d859bf154af8698647d32	PACK_A_SCIENTIFIC_VALIDATION	NONE
external_validation_a/pi_ufo_baseline_v1/build/point_000001/MG5_PROC/Source/PDF/kerset.f	releases/pack_a/scientific_validation/external_validation_a/pi_ufo_baseline_v1/build/point_000001/MG5_PROC/Source/PDF/kerset.f	34c45d8a70bd4d66aa561537651e0456972435a9b0756a495fa0a17734dfd226	34c45d8a70bd4d66aa561537651e0456972435a9b0756a495fa0a17734dfd226	PACK_A_SCIENTIFIC_VALIDATION	NONE
external_validation_a/pi_ufo_baseline_v1/build/point_000001/MG5_PROC/Source/PDF/lep_densities/cepc240ll/eepdf.f	releases/pack_a/scientific_validation/external_validation_a/pi_ufo_baseline_v1/build/point_000001/MG5_PROC/Source/PDF/lep_densities/cepc240ll/eepdf.f	6b4db0b925dfb4009c10d5d99e7df4ecbc31feb09e386406ac684884cf8bb3e0	6b4db0b925dfb4009c10d5d99e7df4ecbc31feb09e386406ac684884cf8bb3e0	PACK_A_SCIENTIFIC_VALIDATION	NONE
external_validation_a/pi_ufo_baseline_v1/build/point_000001/MG5_PROC/Source/PDF/lep_densities/cepc240ll/gridpdfaux.f	releases/pack_a/scientific_validation/external_validation_a/pi_ufo_baseline_v1/build/point_000001/MG5_PROC/Source/PDF/lep_densities/cepc240ll/gridpdfaux.f	9029e5846502c8406cfec51bcd789d10aacd3381325936b5879ebfdc75232e4f	9029e5846502c8406cfec51bcd789d10aacd3381325936b5879ebfdc75232e4f	PACK_A_SCIENTIFIC_VALIDATION	NONE
external_validation_a/pi_ufo_baseline_v1/build/point_000001/MG5_PROC/Source/PDF/lep_densities/clic3000ll/eepdf.f	releases/pack_a/scientific_validation/external_validation_a/pi_ufo_baseline_v1/build/point_000001/MG5_PROC/Source/PDF/lep_densities/clic3000ll/eepdf.f	fe3f201c16e9342b75fe174e2c3ead88201ad209694c4904788e44530570999a	fe3f201c16e9342b75fe174e2c3ead88201ad209694c4904788e44530570999a	PACK_A_SCIENTIFIC_VALIDATION	NONE
external_validation_a/pi_ufo_baseline_v1/build/point_000001/MG5_PROC/Source/PDF/lep_densities/clic3000ll/gridpdfaux.f	releases/pack_a/scientific_validation/external_validation_a/pi_ufo_baseline_v1/build/point_000001/MG5_PROC/Source/PDF/lep_densities/clic3000ll/gridpdfaux.f	9029e5846502c8406cfec51bcd789d10aacd3381325936b5879ebfdc75232e4f	9029e5846502c8406cfec51bcd789d10aacd3381325936b5879ebfdc75232e4f	PACK_A_SCIENTIFIC_VALIDATION	NONE
external_validation_a/pi_ufo_baseline_v1/build/point_000001/MG5_PROC/Source/PDF/lep_densities/fcce240ll/eepdf.f	releases/pack_a/scientific_validation/external_validation_a/pi_ufo_baseline_v1/build/point_000001/MG5_PROC/Source/PDF/lep_densities/fcce240ll/eepdf.f	731542c85b5fe0c9de265325c693fa0e3a5e2a7f6d42dc08c0cd5469463774ca	731542c85b5fe0c9de265325c693fa0e3a5e2a7f6d42dc08c0cd5469463774ca	PACK_A_SCIENTIFIC_VALIDATION	NONE
external_validation_a/pi_ufo_baseline_v1/build/point_000001/MG5_PROC/Source/PDF/lep_densities/fcce240ll/gridpdfaux.f	releases/pack_a/scientific_validation/external_validation_a/pi_ufo_baseline_v1/build/point_000001/MG5_PROC/Source/PDF/lep_densities/fcce240ll/gridpdfaux.f	9029e5846502c8406cfec51bcd789d10aacd3381325936b5879ebfdc75232e4f	9029e5846502c8406cfec51bcd789d10aacd3381325936b5879ebfdc75232e4f	PACK_A_SCIENTIFIC_VALIDATION	NONE
external_validation_a/pi_ufo_baseline_v1/build/point_000001/MG5_PROC/Source/PDF/lep_densities/fcce365ll/eepdf.f	releases/pack_a/scientific_validation/external_validation_a/pi_ufo_baseline_v1/build/point_000001/MG5_PROC/Source/PDF/lep_densities/fcce365ll/eepdf.f	5b7a90a66931a80954a5a6a9e4010c58ebac6ccb6001a70cf9879ecf7ec307b4	5b7a90a66931a80954a5a6a9e4010c58ebac6ccb6001a70cf9879ecf7ec307b4	PACK_A_SCIENTIFIC_VALIDATION	NONE
external_validation_a/pi_ufo_baseline_v1/build/point_000001/MG5_PROC/Source/PDF/lep_densities/fcce365ll/gridpdfaux.f	releases/pack_a/scientific_validation/external_validation_a/pi_ufo_baseline_v1/build/point_000001/MG5_PROC/Source/PDF/lep_densities/fcce365ll/gridpdfaux.f	9029e5846502c8406cfec51bcd789d10aacd3381325936b5879ebfdc75232e4f	9029e5846502c8406cfec51bcd789d10aacd3381325936b5879ebfdc75232e4f	PACK_A_SCIENTIFIC_VALIDATION	NONE
external_validation_a/pi_ufo_baseline_v1/build/point_000001/MG5_PROC/Source/PDF/lep_densities/ilc500ll/eepdf.f	releases/pack_a/scientific_validation/external_validation_a/pi_ufo_baseline_v1/build/point_000001/MG5_PROC/Source/PDF/lep_densities/ilc500ll/eepdf.f	5bef5c8221736c93469c703ca2c8bec999ebda5a49b4cf1f1934b4ea70cabae6	5bef5c8221736c93469c703ca2c8bec999ebda5a49b4cf1f1934b4ea70cabae6	PACK_A_SCIENTIFIC_VALIDATION	NONE
external_validation_a/pi_ufo_baseline_v1/build/point_000001/MG5_PROC/Source/PDF/lep_densities/ilc500ll/gridpdfaux.f	releases/pack_a/scientific_validation/external_validation_a/pi_ufo_baseline_v1/build/point_000001/MG5_PROC/Source/PDF/lep_densities/ilc500ll/gridpdfaux.f	9029e5846502c8406cfec51bcd789d10aacd3381325936b5879ebfdc75232e4f	9029e5846502c8406cfec51bcd789d10aacd3381325936b5879ebfdc75232e4f	PACK_A_SCIENTIFIC_VALIDATION	NONE
external_validation_a/pi_ufo_baseline_v1/build/point_000001/MG5_PROC/Source/PDF/lep_densities/isronlyll/eepdf.f	releases/pack_a/scientific_validation/external_validation_a/pi_ufo_baseline_v1/build/point_000001/MG5_PROC/Source/PDF/lep_densities/isronlyll/eepdf.f	62f0c9e61e2a93ee0c7cf240b6766a987466417cfe96437c1bb94b716df61f3a	62f0c9e61e2a93ee0c7cf240b6766a987466417cfe96437c1bb94b716df61f3a	PACK_A_SCIENTIFIC_VALIDATION	NONE
external_validation_a/pi_ufo_baseline_v1/build/point_000001/MG5_PROC/Source/PDF/lep_densities/isronlyll/gridpdfaux.f	releases/pack_a/scientific_validation/external_validation_a/pi_ufo_baseline_v1/build/point_000001/MG5_PROC/Source/PDF/lep_densities/isronlyll/gridpdfaux.f	8b8830f1c9fc92c37f9979ff6dac8f3e2fd7c5b7703c33884490554e3984c05a	8b8830f1c9fc92c37f9979ff6dac8f3e2fd7c5b7703c33884490554e3984c05a	PACK_A_SCIENTIFIC_VALIDATION	NONE
external_validation_a/pi_ufo_baseline_v1/build/point_000001/MG5_PROC/Source/PDF/makefile	releases/pack_a/scientific_validation/external_validation_a/pi_ufo_baseline_v1/build/point_000001/MG5_PROC/Source/PDF/makefile	de4eef231102f8fa308769197e53b8c13717ef8810150385700a867300601c51	de4eef231102f8fa308769197e53b8c13717ef8810150385700a867300601c51	PACK_A_SCIENTIFIC_VALIDATION	NONE
external_validation_a/pi_ufo_baseline_v1/build/point_000001/MG5_PROC/Source/PDF/opendata.f	releases/pack_a/scientific_validation/external_validation_a/pi_ufo_baseline_v1/build/point_000001/MG5_PROC/Source/PDF/opendata.f	bfaa0cd1c1d12b64785d833ae35e6dad093d80c45a5d26613e9fb6fc4e90b1c2	bfaa0cd1c1d12b64785d833ae35e6dad093d80c45a5d26613e9fb6fc4e90b1c2	PACK_A_SCIENTIFIC_VALIDATION	NONE
external_validation_a/pi_ufo_baseline_v1/build/point_000001/MG5_PROC/Source/PDF/pdf.f	releases/pack_a/scientific_validation/external_validation_a/pi_ufo_baseline_v1/build/point_000001/MG5_PROC/Source/PDF/pdf.f	955eb4b5cd06d1e5416c2644e2d31ba677e6fe529c96b9b00619f44e147407f6	955eb4b5cd06d1e5416c2644e2d31ba677e6fe529c96b9b00619f44e147407f6	PACK_A_SCIENTIFIC_VALIDATION	NONE
external_validation_a/pi_ufo_baseline_v1/build/point_000001/MG5_PROC/Source/PDF/pdf.inc	releases/pack_a/scientific_validation/external_validation_a/pi_ufo_baseline_v1/build/point_000001/MG5_PROC/Source/PDF/pdf.inc	3d462edd5d8ea17e9ad26b693ef0c101e886b2effc7fd36f43dfbaa5d2ccf1fd	3d462edd5d8ea17e9ad26b693ef0c101e886b2effc7fd36f43dfbaa5d2ccf1fd	PACK_A_SCIENTIFIC_VALIDATION	NONE
external_validation_a/pi_ufo_baseline_v1/build/point_000001/MG5_PROC/Source/PDF/pdf_lhapdf6.cc	releases/pack_a/scientific_validation/external_validation_a/pi_ufo_baseline_v1/build/point_000001/MG5_PROC/Source/PDF/pdf_lhapdf6.cc	ced11dfb36e8ca939029ce2aef0bd0173ed2da6822f9ec9cda341b75ae7c880a	ced11dfb36e8ca939029ce2aef0bd0173ed2da6822f9ec9cda341b75ae7c880a	PACK_A_SCIENTIFIC_VALIDATION	NONE
external_validation_a/pi_ufo_baseline_v1/build/point_000001/MG5_PROC/Source/PDF/pdf_lhapdf62.cc	releases/pack_a/scientific_validation/external_validation_a/pi_ufo_baseline_v1/build/point_000001/MG5_PROC/Source/PDF/pdf_lhapdf62.cc	e6755785adc9958089902500cea13610766425d7279ed5fad3aa6950876f122b	e6755785adc9958089902500cea13610766425d7279ed5fad3aa6950876f122b	PACK_A_SCIENTIFIC_VALIDATION	NONE
external_validation_a/pi_ufo_baseline_v1/build/point_000001/MG5_PROC/Source/PDF/pdf_list.txt	releases/pack_a/scientific_validation/external_validation_a/pi_ufo_baseline_v1/build/point_000001/MG5_PROC/Source/PDF/pdf_list.txt	554cfd7859541a5364716cf7228f75fc52fc3bd72029ebfb72e964baebd066d5	554cfd7859541a5364716cf7228f75fc52fc3bd72029ebfb72e964baebd066d5	PACK_A_SCIENTIFIC_VALIDATION	NONE
external_validation_a/pi_ufo_baseline_v1/build/point_000001/MG5_PROC/Source/PDF/pdfwrap.f	releases/pack_a/scientific_validation/external_validation_a/pi_ufo_baseline_v1/build/point_000001/MG5_PROC/Source/PDF/pdfwrap.f	32164b7098c60d94a3985781aba0ed0b348e3acbf1fe860c153227253c834638	32164b7098c60d94a3985781aba0ed0b348e3acbf1fe860c153227253c834638	PACK_A_SCIENTIFIC_VALIDATION	NONE
external_validation_a/pi_ufo_baseline_v1/build/point_000001/MG5_PROC/Source/PDF/pdfwrap_emela.f	releases/pack_a/scientific_validation/external_validation_a/pi_ufo_baseline_v1/build/point_000001/MG5_PROC/Source/PDF/pdfwrap_emela.f	e1995a9789373d50ca29b73b7b6c2d7426fc6f64ad9d63d60faa71d0ffeca9cd	e1995a9789373d50ca29b73b7b6c2d7426fc6f64ad9d63d60faa71d0ffeca9cd	PACK_A_SCIENTIFIC_VALIDATION	NONE
external_validation_a/pi_ufo_baseline_v1/build/point_000001/MG5_PROC/Source/PDF/pdfwrap_lhapdf.f	releases/pack_a/scientific_validation/external_validation_a/pi_ufo_baseline_v1/build/point_000001/MG5_PROC/Source/PDF/pdfwrap_lhapdf.f	ae9b8f43e2e8bbb3fc8a2f740d49ace85717d9713eb43fc28c7557ff7a628b43	ae9b8f43e2e8bbb3fc8a2f740d49ace85717d9713eb43fc28c7557ff7a628b43	PACK_A_SCIENTIFIC_VALIDATION	NONE
external_validation_a/pi_ufo_baseline_v1/build/point_000001/MG5_PROC/Source/PDF/pdg2pdf.f	releases/pack_a/scientific_validation/external_validation_a/pi_ufo_baseline_v1/build/point_000001/MG5_PROC/Source/PDF/pdg2pdf.f	13427a635e6f2ab64e9492b7b988825d00c3e5e04b6b9801e27fc5782cf100ba	13427a635e6f2ab64e9492b7b988825d00c3e5e04b6b9801e27fc5782cf100ba	PACK_A_SCIENTIFIC_VALIDATION	NONE
external_validation_a/pi_ufo_baseline_v1/build/point_000001/MG5_PROC/Source/PDF/pdg2pdf_lhapdf6.f	releases/pack_a/scientific_validation/external_validation_a/pi_ufo_baseline_v1/build/point_000001/MG5_PROC/Source/PDF/pdg2pdf_lhapdf6.f	55c2e838f18f3657a048a74d3b2cb608e4932dba9914d6085f45eaf1fe7006fa	55c2e838f18f3657a048a74d3b2cb608e4932dba9914d6085f45eaf1fe7006fa	PACK_A_SCIENTIFIC_VALIDATION	NONE
external_validation_a/pi_ufo_baseline_v1/build/point_000001/MG5_PROC/Source/StringCast.f	releases/pack_a/scientific_validation/external_validation_a/pi_ufo_baseline_v1/build/point_000001/MG5_PROC/Source/StringCast.f	f993aa6cf4513b270353574a7ebd6ec4a65226ccffef8446818e69b654c006b4	f993aa6cf4513b270353574a7ebd6ec4a65226ccffef8446818e69b654c006b4	PACK_A_SCIENTIFIC_VALIDATION	NONE
external_validation_a/pi_ufo_baseline_v1/build/point_000001/MG5_PROC/Source/alfas.inc	releases/pack_a/scientific_validation/external_validation_a/pi_ufo_baseline_v1/build/point_000001/MG5_PROC/Source/alfas.inc	d5ae9799ae1067a7a5d8a690654408e4626db1f032091eab30286a3dc06c7a1c	d5ae9799ae1067a7a5d8a690654408e4626db1f032091eab30286a3dc06c7a1c	PACK_A_SCIENTIFIC_VALIDATION	NONE
external_validation_a/pi_ufo_baseline_v1/build/point_000001/MG5_PROC/Source/alfas_functions.f	releases/pack_a/scientific_validation/external_validation_a/pi_ufo_baseline_v1/build/point_000001/MG5_PROC/Source/alfas_functions.f	3e9c1a8eb073de40d531217c349fe6f3f1dfc801fe4c3db527e2e15537f00a0d	3e9c1a8eb073de40d531217c349fe6f3f1dfc801fe4c3db527e2e15537f00a0d	PACK_A_SCIENTIFIC_VALIDATION	NONE
external_validation_a/pi_ufo_baseline_v1/build/point_000001/MG5_PROC/Source/alfas_functions_lhapdf.f	releases/pack_a/scientific_validation/external_validation_a/pi_ufo_baseline_v1/build/point_000001/MG5_PROC/Source/alfas_functions_lhapdf.f	7b9439bb225674fa3126daa993a62b5b32b6201ed2a6875003be2ad820deb7c2	7b9439bb225674fa3126daa993a62b5b32b6201ed2a6875003be2ad820deb7c2	PACK_A_SCIENTIFIC_VALIDATION	NONE
external_validation_a/pi_ufo_baseline_v1/build/point_000001/MG5_PROC/Source/banner_header.txt	releases/pack_a/scientific_validation/external_validation_a/pi_ufo_baseline_v1/build/point_000001/MG5_PROC/Source/banner_header.txt	cd24ed8cb6c0f45494b06abceabd976357ab246a94ad108dc81380ab66e58cb6	cd24ed8cb6c0f45494b06abceabd976357ab246a94ad108dc81380ab66e58cb6	PACK_A_SCIENTIFIC_VALIDATION	NONE
external_validation_a/pi_ufo_baseline_v1/build/point_000001/MG5_PROC/Source/basecode.f	releases/pack_a/scientific_validation/external_validation_a/pi_ufo_baseline_v1/build/point_000001/MG5_PROC/Source/basecode.f	f4e61b4b5e19d3d9a12e775bce73c1a2349e5d30402618b31a8212c62460f478	f4e61b4b5e19d3d9a12e775bce73c1a2349e5d30402618b31a8212c62460f478	PACK_A_SCIENTIFIC_VALIDATION	NONE
external_validation_a/pi_ufo_baseline_v1/build/point_000001/MG5_PROC/Source/combine_events.f	releases/pack_a/scientific_validation/external_validation_a/pi_ufo_baseline_v1/build/point_000001/MG5_PROC/Source/combine_events.f	d51c82d0177a0c60fb92faab32b3eb26fba551cb89562b95dbf12cd58428e700	d51c82d0177a0c60fb92faab32b3eb26fba551cb89562b95dbf12cd58428e700	PACK_A_SCIENTIFIC_VALIDATION	NONE
external_validation_a/pi_ufo_baseline_v1/build/point_000001/MG5_PROC/Source/coupl.inc	releases/pack_a/scientific_validation/external_validation_a/pi_ufo_baseline_v1/build/point_000001/MG5_PROC/Source/coupl.inc			SYMLINK	NONE
external_validation_a/pi_ufo_baseline_v1/build/point_000001/MG5_PROC/Source/cuts.inc	releases/pack_a/scientific_validation/external_validation_a/pi_ufo_baseline_v1/build/point_000001/MG5_PROC/Source/cuts.inc	15749e6559df6c6cb99083be6ed2214f4aaf3cb38dd686d359625ca572652b23	15749e6559df6c6cb99083be6ed2214f4aaf3cb38dd686d359625ca572652b23	PACK_A_SCIENTIFIC_VALIDATION	NONE
external_validation_a/pi_ufo_baseline_v1/build/point_000001/MG5_PROC/Source/dgauss.f	releases/pack_a/scientific_validation/external_validation_a/pi_ufo_baseline_v1/build/point_000001/MG5_PROC/Source/dgauss.f	2d2d11ea43bca5775ba844f6675911ea6f1e12986ebfb87a1379a3ee5593f463	2d2d11ea43bca5775ba844f6675911ea6f1e12986ebfb87a1379a3ee5593f463	PACK_A_SCIENTIFIC_VALIDATION	NONE
external_validation_a/pi_ufo_baseline_v1/build/point_000001/MG5_PROC/Source/dsample.f	releases/pack_a/scientific_validation/external_validation_a/pi_ufo_baseline_v1/build/point_000001/MG5_PROC/Source/dsample.f	c27228ce1bbaa9c8681a1e54ce55045c834f3b546ad691ce8ed1bf5f158d94df	c27228ce1bbaa9c8681a1e54ce55045c834f3b546ad691ce8ed1bf5f158d94df	PACK_A_SCIENTIFIC_VALIDATION	NONE
external_validation_a/pi_ufo_baseline_v1/build/point_000001/MG5_PROC/Source/eepdf.inc	releases/pack_a/scientific_validation/external_validation_a/pi_ufo_baseline_v1/build/point_000001/MG5_PROC/Source/eepdf.inc	8a6bd33755a6e79abba68ec428efe34bac3e915d67caa0eba5ce72fd8704019c	8a6bd33755a6e79abba68ec428efe34bac3e915d67caa0eba5ce72fd8704019c	PACK_A_SCIENTIFIC_VALIDATION	NONE
external_validation_a/pi_ufo_baseline_v1/build/point_000001/MG5_PROC/Source/gen_ximprove.f	releases/pack_a/scientific_validation/external_validation_a/pi_ufo_baseline_v1/build/point_000001/MG5_PROC/Source/gen_ximprove.f	a0c72f5cfdc68b4ad03b6ef9990370c87f644799edb37ed4e1f0766bf52e7215	a0c72f5cfdc68b4ad03b6ef9990370c87f644799edb37ed4e1f0766bf52e7215	PACK_A_SCIENTIFIC_VALIDATION	NONE
external_validation_a/pi_ufo_baseline_v1/build/point_000001/MG5_PROC/Source/genps.inc	releases/pack_a/scientific_validation/external_validation_a/pi_ufo_baseline_v1/build/point_000001/MG5_PROC/Source/genps.inc	625f1a15b4e76821c187387b9d0bcdb2057a0d374899119847c8beac3afa5880	625f1a15b4e76821c187387b9d0bcdb2057a0d374899119847c8beac3afa5880	PACK_A_SCIENTIFIC_VALIDATION	NONE
external_validation_a/pi_ufo_baseline_v1/build/point_000001/MG5_PROC/Source/getissud.f	releases/pack_a/scientific_validation/external_validation_a/pi_ufo_baseline_v1/build/point_000001/MG5_PROC/Source/getissud.f	ab5a08dc9d4190e06fa2dc073750374ab012286a35c1367553dacf4a55a3f2b1	ab5a08dc9d4190e06fa2dc073750374ab012286a35c1367553dacf4a55a3f2b1	PACK_A_SCIENTIFIC_VALIDATION	NONE
external_validation_a/pi_ufo_baseline_v1/build/point_000001/MG5_PROC/Source/hbook.inc	releases/pack_a/scientific_validation/external_validation_a/pi_ufo_baseline_v1/build/point_000001/MG5_PROC/Source/hbook.inc	deba341596162b4605f956288449ee44fba3cf96619ed5af9445e089e163afa9	deba341596162b4605f956288449ee44fba3cf96619ed5af9445e089e163afa9	PACK_A_SCIENTIFIC_VALIDATION	NONE
external_validation_a/pi_ufo_baseline_v1/build/point_000001/MG5_PROC/Source/hbook1.f	releases/pack_a/scientific_validation/external_validation_a/pi_ufo_baseline_v1/build/point_000001/MG5_PROC/Source/hbook1.f	2eb8fc1fa9c73ec9ea8660d0a83a47bcbbd94d00bc75482cec73ef797c5f6fb6	2eb8fc1fa9c73ec9ea8660d0a83a47bcbbd94d00bc75482cec73ef797c5f6fb6	PACK_A_SCIENTIFIC_VALIDATION	NONE
external_validation_a/pi_ufo_baseline_v1/build/point_000001/MG5_PROC/Source/hbook2.f	releases/pack_a/scientific_validation/external_validation_a/pi_ufo_baseline_v1/build/point_000001/MG5_PROC/Source/hbook2.f	15d9647a2f1558f7258cc9f9166713bcc7bd2bb13714ff2d50de96d64f8c08fe	15d9647a2f1558f7258cc9f9166713bcc7bd2bb13714ff2d50de96d64f8c08fe	PACK_A_SCIENTIFIC_VALIDATION	NONE
external_validation_a/pi_ufo_baseline_v1/build/point_000001/MG5_PROC/Source/hcurve.f	releases/pack_a/scientific_validation/external_validation_a/pi_ufo_baseline_v1/build/point_000001/MG5_PROC/Source/hcurve.f	b5aa0931a4daa63b796bd4af75f0ca6b8f39eb990c0cdd99026cad2fb3aaab77	b5aa0931a4daa63b796bd4af75f0ca6b8f39eb990c0cdd99026cad2fb3aaab77	PACK_A_SCIENTIFIC_VALIDATION	NONE
external_validation_a/pi_ufo_baseline_v1/build/point_000001/MG5_PROC/Source/hfill.f	releases/pack_a/scientific_validation/external_validation_a/pi_ufo_baseline_v1/build/point_000001/MG5_PROC/Source/hfill.f	41c6ec9229d573a9c16b86138754b238a79c04870bcbb89e2d65dcdc5b56ff11	41c6ec9229d573a9c16b86138754b238a79c04870bcbb89e2d65dcdc5b56ff11	PACK_A_SCIENTIFIC_VALIDATION	NONE
external_validation_a/pi_ufo_baseline_v1/build/point_000001/MG5_PROC/Source/htuple.f	releases/pack_a/scientific_validation/external_validation_a/pi_ufo_baseline_v1/build/point_000001/MG5_PROC/Source/htuple.f	80102a031df8a3bac795c1ba6e630d7fbc79078a6664f954df0cd8adad9ea796	80102a031df8a3bac795c1ba6e630d7fbc79078a6664f954df0cd8adad9ea796	PACK_A_SCIENTIFIC_VALIDATION	NONE
external_validation_a/pi_ufo_baseline_v1/build/point_000001/MG5_PROC/Source/invarients.f	releases/pack_a/scientific_validation/external_validation_a/pi_ufo_baseline_v1/build/point_000001/MG5_PROC/Source/invarients.f	cbf921ebfa1f200d39ed16c6ca3ead8056fbb530eebc07c081fd2f9dffe25fb5	cbf921ebfa1f200d39ed16c6ca3ead8056fbb530eebc07c081fd2f9dffe25fb5	PACK_A_SCIENTIFIC_VALIDATION	NONE
external_validation_a/pi_ufo_baseline_v1/build/point_000001/MG5_PROC/Source/kin_functions.f	releases/pack_a/scientific_validation/external_validation_a/pi_ufo_baseline_v1/build/point_000001/MG5_PROC/Source/kin_functions.f	258ba73d21343e1e9e64f8f1beec0ae9a9f890d01c3d3a907f1091843de6372d	258ba73d21343e1e9e64f8f1beec0ae9a9f890d01c3d3a907f1091843de6372d	PACK_A_SCIENTIFIC_VALIDATION	NONE
external_validation_a/pi_ufo_baseline_v1/build/point_000001/MG5_PROC/Source/leshouche.inc	releases/pack_a/scientific_validation/external_validation_a/pi_ufo_baseline_v1/build/point_000001/MG5_PROC/Source/leshouche.inc			SYMLINK	NONE
external_validation_a/pi_ufo_baseline_v1/build/point_000001/MG5_PROC/Source/lhe_event_infos.inc	releases/pack_a/scientific_validation/external_validation_a/pi_ufo_baseline_v1/build/point_000001/MG5_PROC/Source/lhe_event_infos.inc	61299a03d23a0cd89d06a12248da67a1696ca1e4c10afe2c9707e4b595b030dd	61299a03d23a0cd89d06a12248da67a1696ca1e4c10afe2c9707e4b595b030dd	PACK_A_SCIENTIFIC_VALIDATION	NONE
external_validation_a/pi_ufo_baseline_v1/build/point_000001/MG5_PROC/Source/make_opts	releases/pack_a/scientific_validation/external_validation_a/pi_ufo_baseline_v1/build/point_000001/MG5_PROC/Source/make_opts	0090bb45c9c3311fa075aa50b8274dbdec44e49c9fc787b59fb871c0b475808f	0090bb45c9c3311fa075aa50b8274dbdec44e49c9fc787b59fb871c0b475808f	PACK_A_SCIENTIFIC_VALIDATION	NONE
external_validation_a/pi_ufo_baseline_v1/build/point_000001/MG5_PROC/Source/makefile	releases/pack_a/scientific_validation/external_validation_a/pi_ufo_baseline_v1/build/point_000001/MG5_PROC/Source/makefile	3de4f2b21247f23077d903ea830d24b235ef13c92a4428b6aa5e8f8ca6088b7d	3de4f2b21247f23077d903ea830d24b235ef13c92a4428b6aa5e8f8ca6088b7d	PACK_A_SCIENTIFIC_VALIDATION	NONE
external_validation_a/pi_ufo_baseline_v1/build/point_000001/MG5_PROC/Source/maxamps.inc	releases/pack_a/scientific_validation/external_validation_a/pi_ufo_baseline_v1/build/point_000001/MG5_PROC/Source/maxamps.inc			SYMLINK	NONE
external_validation_a/pi_ufo_baseline_v1/build/point_000001/MG5_PROC/Source/maxconfigs.inc	releases/pack_a/scientific_validation/external_validation_a/pi_ufo_baseline_v1/build/point_000001/MG5_PROC/Source/maxconfigs.inc	5f0a5d858bea712fdf860cdd478eba6400d3fbc490c1844643f2b6c93fbdd231	5f0a5d858bea712fdf860cdd478eba6400d3fbc490c1844643f2b6c93fbdd231	PACK_A_SCIENTIFIC_VALIDATION	NONE
external_validation_a/pi_ufo_baseline_v1/build/point_000001/MG5_PROC/Source/maxparticles.inc	releases/pack_a/scientific_validation/external_validation_a/pi_ufo_baseline_v1/build/point_000001/MG5_PROC/Source/maxparticles.inc	f74c474319f9374319e754e43a6e57113420206e069dd21c73578a28399fa202	f74c474319f9374319e754e43a6e57113420206e069dd21c73578a28399fa202	PACK_A_SCIENTIFIC_VALIDATION	NONE
external_validation_a/pi_ufo_baseline_v1/build/point_000001/MG5_PROC/Source/nexternal.inc	releases/pack_a/scientific_validation/external_validation_a/pi_ufo_baseline_v1/build/point_000001/MG5_PROC/Source/nexternal.inc			SYMLINK	NONE
external_validation_a/pi_ufo_baseline_v1/build/point_000001/MG5_PROC/Source/open_file.f	releases/pack_a/scientific_validation/external_validation_a/pi_ufo_baseline_v1/build/point_000001/MG5_PROC/Source/open_file.f	5736e50afc043c05c671376f389df6618558b45e33966c1f2fce1621e8ac07a1	5736e50afc043c05c671376f389df6618558b45e33966c1f2fce1621e8ac07a1	PACK_A_SCIENTIFIC_VALIDATION	NONE
external_validation_a/pi_ufo_baseline_v1/build/point_000001/MG5_PROC/Source/pawgraphs.f	releases/pack_a/scientific_validation/external_validation_a/pi_ufo_baseline_v1/build/point_000001/MG5_PROC/Source/pawgraphs.f	b7b2d166c37c772cbe015ba8afee4d673f1d5cd04474ecef88d8a1ccea7aff8b	b7b2d166c37c772cbe015ba8afee4d673f1d5cd04474ecef88d8a1ccea7aff8b	PACK_A_SCIENTIFIC_VALIDATION	NONE
external_validation_a/pi_ufo_baseline_v1/build/point_000001/MG5_PROC/Source/psample.inc	releases/pack_a/scientific_validation/external_validation_a/pi_ufo_baseline_v1/build/point_000001/MG5_PROC/Source/psample.inc	3f00c28a6c54bc1b656e276ce0c9b85c9440e23353bf69b8bc7ee85f258a4743	3f00c28a6c54bc1b656e276ce0c9b85c9440e23353bf69b8bc7ee85f258a4743	PACK_A_SCIENTIFIC_VALIDATION	NONE
external_validation_a/pi_ufo_baseline_v1/build/point_000001/MG5_PROC/Source/ran1.f	releases/pack_a/scientific_validation/external_validation_a/pi_ufo_baseline_v1/build/point_000001/MG5_PROC/Source/ran1.f	6946801bbcfd9a5fcf3184d1d7b73ca6deaf55ca0e0f0660d3db2c42479175af	6946801bbcfd9a5fcf3184d1d7b73ca6deaf55ca0e0f0660d3db2c42479175af	PACK_A_SCIENTIFIC_VALIDATION	NONE
external_validation_a/pi_ufo_baseline_v1/build/point_000001/MG5_PROC/Source/ranmar.f	releases/pack_a/scientific_validation/external_validation_a/pi_ufo_baseline_v1/build/point_000001/MG5_PROC/Source/ranmar.f	9bb6bbc5f1fda1df1a8df5d8518103b55a3f6c2b13874178b501b7272ecf2888	9bb6bbc5f1fda1df1a8df5d8518103b55a3f6c2b13874178b501b7272ecf2888	PACK_A_SCIENTIFIC_VALIDATION	NONE
external_validation_a/pi_ufo_baseline_v1/build/point_000001/MG5_PROC/Source/readgrid.f	releases/pack_a/scientific_validation/external_validation_a/pi_ufo_baseline_v1/build/point_000001/MG5_PROC/Source/readgrid.f	63a2121b9a34bb18b5de3d73102f3c4f542af0f79c2b1c1175c47ed7579b2ff5	63a2121b9a34bb18b5de3d73102f3c4f542af0f79c2b1c1175c47ed7579b2ff5	PACK_A_SCIENTIFIC_VALIDATION	NONE
external_validation_a/pi_ufo_baseline_v1/build/point_000001/MG5_PROC/Source/run.inc	releases/pack_a/scientific_validation/external_validation_a/pi_ufo_baseline_v1/build/point_000001/MG5_PROC/Source/run.inc	51e0098d5cb17d1c666fbb08c317f14e48f1d03cc4ed55d608546e9ef0c76330	51e0098d5cb17d1c666fbb08c317f14e48f1d03cc4ed55d608546e9ef0c76330	PACK_A_SCIENTIFIC_VALIDATION	NONE
external_validation_a/pi_ufo_baseline_v1/build/point_000001/MG5_PROC/Source/run_config.inc	releases/pack_a/scientific_validation/external_validation_a/pi_ufo_baseline_v1/build/point_000001/MG5_PROC/Source/run_config.inc	1026160b03fa7c648e8ae33423107663bce56c31e85bc4dedf6dfe0ec392df53	1026160b03fa7c648e8ae33423107663bce56c31e85bc4dedf6dfe0ec392df53	PACK_A_SCIENTIFIC_VALIDATION	NONE
external_validation_a/pi_ufo_baseline_v1/build/point_000001/MG5_PROC/Source/run_printout.f	releases/pack_a/scientific_validation/external_validation_a/pi_ufo_baseline_v1/build/point_000001/MG5_PROC/Source/run_printout.f	ee37cda1054daa5c9beabb9270734357f823cbf88135f729c537dd21db3e7cc0	ee37cda1054daa5c9beabb9270734357f823cbf88135f729c537dd21db3e7cc0	PACK_A_SCIENTIFIC_VALIDATION	NONE
external_validation_a/pi_ufo_baseline_v1/build/point_000001/MG5_PROC/Source/rw_events.f	releases/pack_a/scientific_validation/external_validation_a/pi_ufo_baseline_v1/build/point_000001/MG5_PROC/Source/rw_events.f	51fac40df2e39e0d20ddbdaed810aabe6e26203ce47f2b11871949085543b67a	51fac40df2e39e0d20ddbdaed810aabe6e26203ce47f2b11871949085543b67a	PACK_A_SCIENTIFIC_VALIDATION	NONE
external_validation_a/pi_ufo_baseline_v1/build/point_000001/MG5_PROC/Source/rw_events.short.f	releases/pack_a/scientific_validation/external_validation_a/pi_ufo_baseline_v1/build/point_000001/MG5_PROC/Source/rw_events.short.f	d5cebf605a60e58111a1dcd207c988aab8d1887aac2bdce922a1ebe8d29b8826	d5cebf605a60e58111a1dcd207c988aab8d1887aac2bdce922a1ebe8d29b8826	PACK_A_SCIENTIFIC_VALIDATION	NONE
external_validation_a/pi_ufo_baseline_v1/build/point_000001/MG5_PROC/Source/rw_routines.f	releases/pack_a/scientific_validation/external_validation_a/pi_ufo_baseline_v1/build/point_000001/MG5_PROC/Source/rw_routines.f	188c2f0a6eea8fcd656b2fbb874dfe89d10753722046dd546355ae1c90f65d97	188c2f0a6eea8fcd656b2fbb874dfe89d10753722046dd546355ae1c90f65d97	PACK_A_SCIENTIFIC_VALIDATION	NONE
external_validation_a/pi_ufo_baseline_v1/build/point_000001/MG5_PROC/Source/setrun.f	releases/pack_a/scientific_validation/external_validation_a/pi_ufo_baseline_v1/build/point_000001/MG5_PROC/Source/setrun.f	e3d7f0bc0104fb3f5bdbc1abdcbfb44e814196b080203ef4e88730672ac3ee36	e3d7f0bc0104fb3f5bdbc1abdcbfb44e814196b080203ef4e88730672ac3ee36	PACK_A_SCIENTIFIC_VALIDATION	NONE
external_validation_a/pi_ufo_baseline_v1/build/point_000001/MG5_PROC/Source/setrun_gen.f	releases/pack_a/scientific_validation/external_validation_a/pi_ufo_baseline_v1/build/point_000001/MG5_PROC/Source/setrun_gen.f	81d9d18da3ea2b1b58b50c849a3f6102ea645efb9e4f3579d99ff8213891e2a3	81d9d18da3ea2b1b58b50c849a3f6102ea645efb9e4f3579d99ff8213891e2a3	PACK_A_SCIENTIFIC_VALIDATION	NONE
external_validation_a/pi_ufo_baseline_v1/build/point_000001/MG5_PROC/Source/sudgrid.inc	releases/pack_a/scientific_validation/external_validation_a/pi_ufo_baseline_v1/build/point_000001/MG5_PROC/Source/sudgrid.inc	443cef573335a0b49daed651eed3641006938be5147b9e14af75680b4dcbf83e	443cef573335a0b49daed651eed3641006938be5147b9e14af75680b4dcbf83e	PACK_A_SCIENTIFIC_VALIDATION	NONE
external_validation_a/pi_ufo_baseline_v1/build/point_000001/MG5_PROC/Source/transpole.f	releases/pack_a/scientific_validation/external_validation_a/pi_ufo_baseline_v1/build/point_000001/MG5_PROC/Source/transpole.f	d801c01034e6b5e310566fdfd0879d2120dd512d71d442b9bd7be86480c98425	d801c01034e6b5e310566fdfd0879d2120dd512d71d442b9bd7be86480c98425	PACK_A_SCIENTIFIC_VALIDATION	NONE
external_validation_a/pi_ufo_baseline_v1/build/point_000001/MG5_PROC/SubProcesses/MGVersion.txt	releases/pack_a/scientific_validation/external_validation_a/pi_ufo_baseline_v1/build/point_000001/MG5_PROC/SubProcesses/MGVersion.txt	878103c645ee9a78bccb0be542dca18fd14c37ff9fa7e269250288da0cfb8217	878103c645ee9a78bccb0be542dca18fd14c37ff9fa7e269250288da0cfb8217	PACK_A_SCIENTIFIC_VALIDATION	NONE
external_validation_a/pi_ufo_baseline_v1/build/point_000001/MG5_PROC/SubProcesses/P1_gg_h2h2/addmothers.f	releases/pack_a/scientific_validation/external_validation_a/pi_ufo_baseline_v1/build/point_000001/MG5_PROC/SubProcesses/P1_gg_h2h2/addmothers.f			SYMLINK	NONE
external_validation_a/pi_ufo_baseline_v1/build/point_000001/MG5_PROC/SubProcesses/P1_gg_h2h2/auto_dsig.f	releases/pack_a/scientific_validation/external_validation_a/pi_ufo_baseline_v1/build/point_000001/MG5_PROC/SubProcesses/P1_gg_h2h2/auto_dsig.f	e414f39e668f6494af742835bf2039bd62cda4ce16a4c74f8c0fd0cc103fc869	e414f39e668f6494af742835bf2039bd62cda4ce16a4c74f8c0fd0cc103fc869	PACK_A_SCIENTIFIC_VALIDATION	NONE
external_validation_a/pi_ufo_baseline_v1/build/point_000001/MG5_PROC/SubProcesses/P1_gg_h2h2/auto_dsig1.f	releases/pack_a/scientific_validation/external_validation_a/pi_ufo_baseline_v1/build/point_000001/MG5_PROC/SubProcesses/P1_gg_h2h2/auto_dsig1.f	62c9db734d215dcbd3161672982d12e3cbfe876b843809360e35168d966df2a3	62c9db734d215dcbd3161672982d12e3cbfe876b843809360e35168d966df2a3	PACK_A_SCIENTIFIC_VALIDATION	NONE
external_validation_a/pi_ufo_baseline_v1/build/point_000001/MG5_PROC/SubProcesses/P1_gg_h2h2/cluster.f	releases/pack_a/scientific_validation/external_validation_a/pi_ufo_baseline_v1/build/point_000001/MG5_PROC/SubProcesses/P1_gg_h2h2/cluster.f			SYMLINK	NONE
external_validation_a/pi_ufo_baseline_v1/build/point_000001/MG5_PROC/SubProcesses/P1_gg_h2h2/cluster.inc	releases/pack_a/scientific_validation/external_validation_a/pi_ufo_baseline_v1/build/point_000001/MG5_PROC/SubProcesses/P1_gg_h2h2/cluster.inc			SYMLINK	NONE
external_validation_a/pi_ufo_baseline_v1/build/point_000001/MG5_PROC/SubProcesses/P1_gg_h2h2/coloramps.inc	releases/pack_a/scientific_validation/external_validation_a/pi_ufo_baseline_v1/build/point_000001/MG5_PROC/SubProcesses/P1_gg_h2h2/coloramps.inc	ec1006156ae22166a26ba3031a5f0a491d1cb00ade9ea92cb56de72253c912d6	ec1006156ae22166a26ba3031a5f0a491d1cb00ade9ea92cb56de72253c912d6	PACK_A_SCIENTIFIC_VALIDATION	NONE
external_validation_a/pi_ufo_baseline_v1/build/point_000001/MG5_PROC/SubProcesses/P1_gg_h2h2/config_nqcd.inc	releases/pack_a/scientific_validation/external_validation_a/pi_ufo_baseline_v1/build/point_000001/MG5_PROC/SubProcesses/P1_gg_h2h2/config_nqcd.inc	4e03443c8378f97d54bb44892e5802ab6911df9de56d83c4220f0bb3ae5a3e55	4e03443c8378f97d54bb44892e5802ab6911df9de56d83c4220f0bb3ae5a3e55	PACK_A_SCIENTIFIC_VALIDATION	NONE
external_validation_a/pi_ufo_baseline_v1/build/point_000001/MG5_PROC/SubProcesses/P1_gg_h2h2/config_subproc_map.inc	releases/pack_a/scientific_validation/external_validation_a/pi_ufo_baseline_v1/build/point_000001/MG5_PROC/SubProcesses/P1_gg_h2h2/config_subproc_map.inc	9e5897df67b51e186bb0938a67a490f3522f4ff37342920f709bbf190c0b08bd	9e5897df67b51e186bb0938a67a490f3522f4ff37342920f709bbf190c0b08bd	PACK_A_SCIENTIFIC_VALIDATION	NONE
external_validation_a/pi_ufo_baseline_v1/build/point_000001/MG5_PROC/SubProcesses/P1_gg_h2h2/configs.inc	releases/pack_a/scientific_validation/external_validation_a/pi_ufo_baseline_v1/build/point_000001/MG5_PROC/SubProcesses/P1_gg_h2h2/configs.inc	3ed151c1c2c37bacff3d3f5d549fdae017a5972d93c6964508b61c78efb764c5	3ed151c1c2c37bacff3d3f5d549fdae017a5972d93c6964508b61c78efb764c5	PACK_A_SCIENTIFIC_VALIDATION	NONE
external_validation_a/pi_ufo_baseline_v1/build/point_000001/MG5_PROC/SubProcesses/P1_gg_h2h2/coupl.inc	releases/pack_a/scientific_validation/external_validation_a/pi_ufo_baseline_v1/build/point_000001/MG5_PROC/SubProcesses/P1_gg_h2h2/coupl.inc			SYMLINK	NONE
external_validation_a/pi_ufo_baseline_v1/build/point_000001/MG5_PROC/SubProcesses/P1_gg_h2h2/cuts.f	releases/pack_a/scientific_validation/external_validation_a/pi_ufo_baseline_v1/build/point_000001/MG5_PROC/SubProcesses/P1_gg_h2h2/cuts.f			SYMLINK	NONE
external_validation_a/pi_ufo_baseline_v1/build/point_000001/MG5_PROC/SubProcesses/P1_gg_h2h2/cuts.inc	releases/pack_a/scientific_validation/external_validation_a/pi_ufo_baseline_v1/build/point_000001/MG5_PROC/SubProcesses/P1_gg_h2h2/cuts.inc			SYMLINK	NONE
external_validation_a/pi_ufo_baseline_v1/build/point_000001/MG5_PROC/SubProcesses/P1_gg_h2h2/decayBW.inc	releases/pack_a/scientific_validation/external_validation_a/pi_ufo_baseline_v1/build/point_000001/MG5_PROC/SubProcesses/P1_gg_h2h2/decayBW.inc	148f48bf08c4108079a92d88832d57c587222624e1f7162c630fa4eda0811e30	148f48bf08c4108079a92d88832d57c587222624e1f7162c630fa4eda0811e30	PACK_A_SCIENTIFIC_VALIDATION	NONE
external_validation_a/pi_ufo_baseline_v1/build/point_000001/MG5_PROC/SubProcesses/P1_gg_h2h2/dname.mg	releases/pack_a/scientific_validation/external_validation_a/pi_ufo_baseline_v1/build/point_000001/MG5_PROC/SubProcesses/P1_gg_h2h2/dname.mg	2a00b40a786dc11d4603044741b4928a9226546248113d765a939c04d5023287	2a00b40a786dc11d4603044741b4928a9226546248113d765a939c04d5023287	PACK_A_SCIENTIFIC_VALIDATION	NONE
external_validation_a/pi_ufo_baseline_v1/build/point_000001/MG5_PROC/SubProcesses/P1_gg_h2h2/driver.f	releases/pack_a/scientific_validation/external_validation_a/pi_ufo_baseline_v1/build/point_000001/MG5_PROC/SubProcesses/P1_gg_h2h2/driver.f	83c6311fbd89267d2ca13d29b26dd6ec0cc142d3fabde8e70905594e6dce5259	83c6311fbd89267d2ca13d29b26dd6ec0cc142d3fabde8e70905594e6dce5259	PACK_A_SCIENTIFIC_VALIDATION	NONE
external_validation_a/pi_ufo_baseline_v1/build/point_000001/MG5_PROC/SubProcesses/P1_gg_h2h2/dummy_fct.f	releases/pack_a/scientific_validation/external_validation_a/pi_ufo_baseline_v1/build/point_000001/MG5_PROC/SubProcesses/P1_gg_h2h2/dummy_fct.f			SYMLINK	NONE
external_validation_a/pi_ufo_baseline_v1/build/point_000001/MG5_PROC/SubProcesses/P1_gg_h2h2/genps.f	releases/pack_a/scientific_validation/external_validation_a/pi_ufo_baseline_v1/build/point_000001/MG5_PROC/SubProcesses/P1_gg_h2h2/genps.f			SYMLINK	NONE
external_validation_a/pi_ufo_baseline_v1/build/point_000001/MG5_PROC/SubProcesses/P1_gg_h2h2/genps.inc	releases/pack_a/scientific_validation/external_validation_a/pi_ufo_baseline_v1/build/point_000001/MG5_PROC/SubProcesses/P1_gg_h2h2/genps.inc			SYMLINK	NONE
external_validation_a/pi_ufo_baseline_v1/build/point_000001/MG5_PROC/SubProcesses/P1_gg_h2h2/get_color.f	releases/pack_a/scientific_validation/external_validation_a/pi_ufo_baseline_v1/build/point_000001/MG5_PROC/SubProcesses/P1_gg_h2h2/get_color.f	7678c371ee22b87c00b8007ed7d6f75e1bd3dd94d016bc1e8ccfcdf704097e37	7678c371ee22b87c00b8007ed7d6f75e1bd3dd94d016bc1e8ccfcdf704097e37	PACK_A_SCIENTIFIC_VALIDATION	NONE
external_validation_a/pi_ufo_baseline_v1/build/point_000001/MG5_PROC/SubProcesses/P1_gg_h2h2/idenparts.f	releases/pack_a/scientific_validation/external_validation_a/pi_ufo_baseline_v1/build/point_000001/MG5_PROC/SubProcesses/P1_gg_h2h2/idenparts.f			SYMLINK	NONE
external_validation_a/pi_ufo_baseline_v1/build/point_000001/MG5_PROC/SubProcesses/P1_gg_h2h2/initcluster.f	releases/pack_a/scientific_validation/external_validation_a/pi_ufo_baseline_v1/build/point_000001/MG5_PROC/SubProcesses/P1_gg_h2h2/initcluster.f			SYMLINK	NONE
external_validation_a/pi_ufo_baseline_v1/build/point_000001/MG5_PROC/SubProcesses/P1_gg_h2h2/iproc.dat	releases/pack_a/scientific_validation/external_validation_a/pi_ufo_baseline_v1/build/point_000001/MG5_PROC/SubProcesses/P1_gg_h2h2/iproc.dat	9f1484819efbd27552b308c7bef1309cb037d836d4a9e6962f6bc56c87399fbe	9f1484819efbd27552b308c7bef1309cb037d836d4a9e6962f6bc56c87399fbe	PACK_A_SCIENTIFIC_VALIDATION	NONE
external_validation_a/pi_ufo_baseline_v1/build/point_000001/MG5_PROC/SubProcesses/P1_gg_h2h2/leshouche.inc	releases/pack_a/scientific_validation/external_validation_a/pi_ufo_baseline_v1/build/point_000001/MG5_PROC/SubProcesses/P1_gg_h2h2/leshouche.inc	6733d8d79e190c01a5c265169f96382df5b8ad4af5d7b918a2ea933a35cb652a	6733d8d79e190c01a5c265169f96382df5b8ad4af5d7b918a2ea933a35cb652a	PACK_A_SCIENTIFIC_VALIDATION	NONE
external_validation_a/pi_ufo_baseline_v1/build/point_000001/MG5_PROC/SubProcesses/P1_gg_h2h2/lhe_event_infos.inc	releases/pack_a/scientific_validation/external_validation_a/pi_ufo_baseline_v1/build/point_000001/MG5_PROC/SubProcesses/P1_gg_h2h2/lhe_event_infos.inc			SYMLINK	NONE
external_validation_a/pi_ufo_baseline_v1/build/point_000001/MG5_PROC/SubProcesses/P1_gg_h2h2/makefile	releases/pack_a/scientific_validation/external_validation_a/pi_ufo_baseline_v1/build/point_000001/MG5_PROC/SubProcesses/P1_gg_h2h2/makefile			SYMLINK	NONE
external_validation_a/pi_ufo_baseline_v1/build/point_000001/MG5_PROC/SubProcesses/P1_gg_h2h2/matrix1.ps	releases/pack_a/scientific_validation/external_validation_a/pi_ufo_baseline_v1/build/point_000001/MG5_PROC/SubProcesses/P1_gg_h2h2/matrix1.ps	6e1945697f0bb5db13011a4c44c0a8fa6c73d773b0ac5e2a82d4444c5d7960da	6e1945697f0bb5db13011a4c44c0a8fa6c73d773b0ac5e2a82d4444c5d7960da	PACK_A_SCIENTIFIC_VALIDATION	NONE
external_validation_a/pi_ufo_baseline_v1/build/point_000001/MG5_PROC/SubProcesses/P1_gg_h2h2/matrix1_orig.f	releases/pack_a/scientific_validation/external_validation_a/pi_ufo_baseline_v1/build/point_000001/MG5_PROC/SubProcesses/P1_gg_h2h2/matrix1_orig.f	5ebdb85e08b66995891e93dde4b9467af38a2185e9a2a9ee6bee0f79670de195	5ebdb85e08b66995891e93dde4b9467af38a2185e9a2a9ee6bee0f79670de195	PACK_A_SCIENTIFIC_VALIDATION	NONE
external_validation_a/pi_ufo_baseline_v1/build/point_000001/MG5_PROC/SubProcesses/P1_gg_h2h2/maxamps.inc	releases/pack_a/scientific_validation/external_validation_a/pi_ufo_baseline_v1/build/point_000001/MG5_PROC/SubProcesses/P1_gg_h2h2/maxamps.inc	25f44ebb2a7b47b434d968a4d91a07af4e7652148710261c854ef0b13d363dcf	25f44ebb2a7b47b434d968a4d91a07af4e7652148710261c854ef0b13d363dcf	PACK_A_SCIENTIFIC_VALIDATION	NONE
external_validation_a/pi_ufo_baseline_v1/build/point_000001/MG5_PROC/SubProcesses/P1_gg_h2h2/maxconfigs.inc	releases/pack_a/scientific_validation/external_validation_a/pi_ufo_baseline_v1/build/point_000001/MG5_PROC/SubProcesses/P1_gg_h2h2/maxconfigs.inc			SYMLINK	NONE
external_validation_a/pi_ufo_baseline_v1/build/point_000001/MG5_PROC/SubProcesses/P1_gg_h2h2/maxparticles.inc	releases/pack_a/scientific_validation/external_validation_a/pi_ufo_baseline_v1/build/point_000001/MG5_PROC/SubProcesses/P1_gg_h2h2/maxparticles.inc			SYMLINK	NONE
external_validation_a/pi_ufo_baseline_v1/build/point_000001/MG5_PROC/SubProcesses/P1_gg_h2h2/message.inc	releases/pack_a/scientific_validation/external_validation_a/pi_ufo_baseline_v1/build/point_000001/MG5_PROC/SubProcesses/P1_gg_h2h2/message.inc			SYMLINK	NONE
external_validation_a/pi_ufo_baseline_v1/build/point_000001/MG5_PROC/SubProcesses/P1_gg_h2h2/mg.sym	releases/pack_a/scientific_validation/external_validation_a/pi_ufo_baseline_v1/build/point_000001/MG5_PROC/SubProcesses/P1_gg_h2h2/mg.sym	ce0beb5d3db56633838f88474455c79deba0d0ba4a099b11351d3db3921ab6e1	ce0beb5d3db56633838f88474455c79deba0d0ba4a099b11351d3db3921ab6e1	PACK_A_SCIENTIFIC_VALIDATION	NONE
external_validation_a/pi_ufo_baseline_v1/build/point_000001/MG5_PROC/SubProcesses/P1_gg_h2h2/mirrorprocs.inc	releases/pack_a/scientific_validation/external_validation_a/pi_ufo_baseline_v1/build/point_000001/MG5_PROC/SubProcesses/P1_gg_h2h2/mirrorprocs.inc	935a25c04c2fb91c02081b241829da3156e4269aeb0e32009dfeb83a04edd2c1	935a25c04c2fb91c02081b241829da3156e4269aeb0e32009dfeb83a04edd2c1	PACK_A_SCIENTIFIC_VALIDATION	NONE
external_validation_a/pi_ufo_baseline_v1/build/point_000001/MG5_PROC/SubProcesses/P1_gg_h2h2/myamp.f	releases/pack_a/scientific_validation/external_validation_a/pi_ufo_baseline_v1/build/point_000001/MG5_PROC/SubProcesses/P1_gg_h2h2/myamp.f			SYMLINK	NONE
external_validation_a/pi_ufo_baseline_v1/build/point_000001/MG5_PROC/SubProcesses/P1_gg_h2h2/ncombs.inc	releases/pack_a/scientific_validation/external_validation_a/pi_ufo_baseline_v1/build/point_000001/MG5_PROC/SubProcesses/P1_gg_h2h2/ncombs.inc	06bf072f92425bdfbe34d5da8c6c7f2bd1265799bdcd750f0d4ff3aaeff196d8	06bf072f92425bdfbe34d5da8c6c7f2bd1265799bdcd750f0d4ff3aaeff196d8	PACK_A_SCIENTIFIC_VALIDATION	NONE
external_validation_a/pi_ufo_baseline_v1/build/point_000001/MG5_PROC/SubProcesses/P1_gg_h2h2/nexternal.inc	releases/pack_a/scientific_validation/external_validation_a/pi_ufo_baseline_v1/build/point_000001/MG5_PROC/SubProcesses/P1_gg_h2h2/nexternal.inc	74fd71600ab057b2329dd63d20970faad5acc6b19819e455d0bbe4cf75680b28	74fd71600ab057b2329dd63d20970faad5acc6b19819e455d0bbe4cf75680b28	PACK_A_SCIENTIFIC_VALIDATION	NONE
external_validation_a/pi_ufo_baseline_v1/build/point_000001/MG5_PROC/SubProcesses/P1_gg_h2h2/ngraphs.inc	releases/pack_a/scientific_validation/external_validation_a/pi_ufo_baseline_v1/build/point_000001/MG5_PROC/SubProcesses/P1_gg_h2h2/ngraphs.inc	f025f52826df5616a1bbec3d33e320238090bd6bad71ee9bc1551cdfb42dfac9	f025f52826df5616a1bbec3d33e320238090bd6bad71ee9bc1551cdfb42dfac9	PACK_A_SCIENTIFIC_VALIDATION	NONE
external_validation_a/pi_ufo_baseline_v1/build/point_000001/MG5_PROC/SubProcesses/P1_gg_h2h2/pmass.inc	releases/pack_a/scientific_validation/external_validation_a/pi_ufo_baseline_v1/build/point_000001/MG5_PROC/SubProcesses/P1_gg_h2h2/pmass.inc	d82449c6077b613993a1d7818fd712f54c84524a103ed6d10c329143cc290ebe	d82449c6077b613993a1d7818fd712f54c84524a103ed6d10c329143cc290ebe	PACK_A_SCIENTIFIC_VALIDATION	NONE
external_validation_a/pi_ufo_baseline_v1/build/point_000001/MG5_PROC/SubProcesses/P1_gg_h2h2/processes.dat	releases/pack_a/scientific_validation/external_validation_a/pi_ufo_baseline_v1/build/point_000001/MG5_PROC/SubProcesses/P1_gg_h2h2/processes.dat	d02cb2e05bd9bc3a660ecf35d59c925045b9407ae2185908fc7ed57b84b991b5	d02cb2e05bd9bc3a660ecf35d59c925045b9407ae2185908fc7ed57b84b991b5	PACK_A_SCIENTIFIC_VALIDATION	NONE
external_validation_a/pi_ufo_baseline_v1/build/point_000001/MG5_PROC/SubProcesses/P1_gg_h2h2/props.inc	releases/pack_a/scientific_validation/external_validation_a/pi_ufo_baseline_v1/build/point_000001/MG5_PROC/SubProcesses/P1_gg_h2h2/props.inc	c8f09d5645099a2196e2ffc6b772a951772c587501a11fd665299f28df9ceb70	c8f09d5645099a2196e2ffc6b772a951772c587501a11fd665299f28df9ceb70	PACK_A_SCIENTIFIC_VALIDATION	NONE
external_validation_a/pi_ufo_baseline_v1/build/point_000001/MG5_PROC/SubProcesses/P1_gg_h2h2/reweight.f	releases/pack_a/scientific_validation/external_validation_a/pi_ufo_baseline_v1/build/point_000001/MG5_PROC/SubProcesses/P1_gg_h2h2/reweight.f			SYMLINK	NONE
external_validation_a/pi_ufo_baseline_v1/build/point_000001/MG5_PROC/SubProcesses/P1_gg_h2h2/run.inc	releases/pack_a/scientific_validation/external_validation_a/pi_ufo_baseline_v1/build/point_000001/MG5_PROC/SubProcesses/P1_gg_h2h2/run.inc			SYMLINK	NONE
external_validation_a/pi_ufo_baseline_v1/build/point_000001/MG5_PROC/SubProcesses/P1_gg_h2h2/run_config.inc	releases/pack_a/scientific_validation/external_validation_a/pi_ufo_baseline_v1/build/point_000001/MG5_PROC/SubProcesses/P1_gg_h2h2/run_config.inc			SYMLINK	NONE
external_validation_a/pi_ufo_baseline_v1/build/point_000001/MG5_PROC/SubProcesses/P1_gg_h2h2/setcuts.f	releases/pack_a/scientific_validation/external_validation_a/pi_ufo_baseline_v1/build/point_000001/MG5_PROC/SubProcesses/P1_gg_h2h2/setcuts.f			SYMLINK	NONE
external_validation_a/pi_ufo_baseline_v1/build/point_000001/MG5_PROC/SubProcesses/P1_gg_h2h2/setscales.f	releases/pack_a/scientific_validation/external_validation_a/pi_ufo_baseline_v1/build/point_000001/MG5_PROC/SubProcesses/P1_gg_h2h2/setscales.f			SYMLINK	NONE
external_validation_a/pi_ufo_baseline_v1/build/point_000001/MG5_PROC/SubProcesses/P1_gg_h2h2/sudakov.inc	releases/pack_a/scientific_validation/external_validation_a/pi_ufo_baseline_v1/build/point_000001/MG5_PROC/SubProcesses/P1_gg_h2h2/sudakov.inc			SYMLINK	NONE
external_validation_a/pi_ufo_baseline_v1/build/point_000001/MG5_PROC/SubProcesses/P1_gg_h2h2/symfact_orig.dat	releases/pack_a/scientific_validation/external_validation_a/pi_ufo_baseline_v1/build/point_000001/MG5_PROC/SubProcesses/P1_gg_h2h2/symfact_orig.dat	0f8d6984b4abd7a95420e165b32ff8258634f06eb5648c390575f726c0b045f6	0f8d6984b4abd7a95420e165b32ff8258634f06eb5648c390575f726c0b045f6	PACK_A_SCIENTIFIC_VALIDATION	NONE
external_validation_a/pi_ufo_baseline_v1/build/point_000001/MG5_PROC/SubProcesses/P1_gg_h2h2/symmetry.f	releases/pack_a/scientific_validation/external_validation_a/pi_ufo_baseline_v1/build/point_000001/MG5_PROC/SubProcesses/P1_gg_h2h2/symmetry.f			SYMLINK	NONE
external_validation_a/pi_ufo_baseline_v1/build/point_000001/MG5_PROC/SubProcesses/P1_gg_h2h2/symperms.inc	releases/pack_a/scientific_validation/external_validation_a/pi_ufo_baseline_v1/build/point_000001/MG5_PROC/SubProcesses/P1_gg_h2h2/symperms.inc	f1f1925d51fcba3df8d683d8c1ea6497c56d6dea4978686d428fccdc549b06fd	f1f1925d51fcba3df8d683d8c1ea6497c56d6dea4978686d428fccdc549b06fd	PACK_A_SCIENTIFIC_VALIDATION	NONE
external_validation_a/pi_ufo_baseline_v1/build/point_000001/MG5_PROC/SubProcesses/P1_gg_h2h2/symswap.inc	releases/pack_a/scientific_validation/external_validation_a/pi_ufo_baseline_v1/build/point_000001/MG5_PROC/SubProcesses/P1_gg_h2h2/symswap.inc	9eee3eaf8365eb19d489c170079bb88598bbb79744432fd88bfbc7c4449414c1	9eee3eaf8365eb19d489c170079bb88598bbb79744432fd88bfbc7c4449414c1	PACK_A_SCIENTIFIC_VALIDATION	NONE
external_validation_a/pi_ufo_baseline_v1/build/point_000001/MG5_PROC/SubProcesses/P1_gg_h2h2/template_matrix1.f	releases/pack_a/scientific_validation/external_validation_a/pi_ufo_baseline_v1/build/point_000001/MG5_PROC/SubProcesses/P1_gg_h2h2/template_matrix1.f	18401b1c27fd74a81ab55475b66469feaf6e28bcc9bc8c1157654b2e2770e2d2	18401b1c27fd74a81ab55475b66469feaf6e28bcc9bc8c1157654b2e2770e2d2	PACK_A_SCIENTIFIC_VALIDATION	NONE
external_validation_a/pi_ufo_baseline_v1/build/point_000001/MG5_PROC/SubProcesses/P1_gg_h2h2/unwgt.f	releases/pack_a/scientific_validation/external_validation_a/pi_ufo_baseline_v1/build/point_000001/MG5_PROC/SubProcesses/P1_gg_h2h2/unwgt.f			SYMLINK	NONE
external_validation_a/pi_ufo_baseline_v1/build/point_000001/MG5_PROC/SubProcesses/addmothers.f	releases/pack_a/scientific_validation/external_validation_a/pi_ufo_baseline_v1/build/point_000001/MG5_PROC/SubProcesses/addmothers.f	0e966f5242bdc70bbb96d606cd1aa73bfe40ea152d76a505600ad77a811a0120	0e966f5242bdc70bbb96d606cd1aa73bfe40ea152d76a505600ad77a811a0120	PACK_A_SCIENTIFIC_VALIDATION	NONE
external_validation_a/pi_ufo_baseline_v1/build/point_000001/MG5_PROC/SubProcesses/cluster.f	releases/pack_a/scientific_validation/external_validation_a/pi_ufo_baseline_v1/build/point_000001/MG5_PROC/SubProcesses/cluster.f	651a462c5d36410dd4092e6543bd9bac1e35d518ae01949ac654a165cf330d4a	651a462c5d36410dd4092e6543bd9bac1e35d518ae01949ac654a165cf330d4a	PACK_A_SCIENTIFIC_VALIDATION	NONE
external_validation_a/pi_ufo_baseline_v1/build/point_000001/MG5_PROC/SubProcesses/cluster.inc	releases/pack_a/scientific_validation/external_validation_a/pi_ufo_baseline_v1/build/point_000001/MG5_PROC/SubProcesses/cluster.inc	19710e29a625143930935b641cbbb38fe3e535224bc910f5982a9f77c7076d0a	19710e29a625143930935b641cbbb38fe3e535224bc910f5982a9f77c7076d0a	PACK_A_SCIENTIFIC_VALIDATION	NONE
external_validation_a/pi_ufo_baseline_v1/build/point_000001/MG5_PROC/SubProcesses/coupl.inc	releases/pack_a/scientific_validation/external_validation_a/pi_ufo_baseline_v1/build/point_000001/MG5_PROC/SubProcesses/coupl.inc			SYMLINK	NONE
external_validation_a/pi_ufo_baseline_v1/build/point_000001/MG5_PROC/SubProcesses/cuts.f	releases/pack_a/scientific_validation/external_validation_a/pi_ufo_baseline_v1/build/point_000001/MG5_PROC/SubProcesses/cuts.f	c077cc390dc052a8526ddb187c98005e08bab7e5d999c8c879b66a1500b65c2c	c077cc390dc052a8526ddb187c98005e08bab7e5d999c8c879b66a1500b65c2c	PACK_A_SCIENTIFIC_VALIDATION	NONE
external_validation_a/pi_ufo_baseline_v1/build/point_000001/MG5_PROC/SubProcesses/cuts.inc	releases/pack_a/scientific_validation/external_validation_a/pi_ufo_baseline_v1/build/point_000001/MG5_PROC/SubProcesses/cuts.inc			SYMLINK	NONE
external_validation_a/pi_ufo_baseline_v1/build/point_000001/MG5_PROC/SubProcesses/done	releases/pack_a/scientific_validation/external_validation_a/pi_ufo_baseline_v1/build/point_000001/MG5_PROC/SubProcesses/done	e3b0c44298fc1c149afbf4c8996fb92427ae41e4649b934ca495991b7852b855	e3b0c44298fc1c149afbf4c8996fb92427ae41e4649b934ca495991b7852b855	PACK_A_SCIENTIFIC_VALIDATION	NONE
external_validation_a/pi_ufo_baseline_v1/build/point_000001/MG5_PROC/SubProcesses/dummy_fct.f	releases/pack_a/scientific_validation/external_validation_a/pi_ufo_baseline_v1/build/point_000001/MG5_PROC/SubProcesses/dummy_fct.f	b3ac74b7ff05185bbe4a2e9647f501c53dc5fcd5502075b37c4a54179b3b1b33	b3ac74b7ff05185bbe4a2e9647f501c53dc5fcd5502075b37c4a54179b3b1b33	PACK_A_SCIENTIFIC_VALIDATION	NONE
external_validation_a/pi_ufo_baseline_v1/build/point_000001/MG5_PROC/SubProcesses/genps.f	releases/pack_a/scientific_validation/external_validation_a/pi_ufo_baseline_v1/build/point_000001/MG5_PROC/SubProcesses/genps.f	fff7a5138e8c171d5fa235c057cee987c31df92c551e890b3f62991a59bdede7	fff7a5138e8c171d5fa235c057cee987c31df92c551e890b3f62991a59bdede7	PACK_A_SCIENTIFIC_VALIDATION	NONE
external_validation_a/pi_ufo_baseline_v1/build/point_000001/MG5_PROC/SubProcesses/genps.inc	releases/pack_a/scientific_validation/external_validation_a/pi_ufo_baseline_v1/build/point_000001/MG5_PROC/SubProcesses/genps.inc			SYMLINK	NONE
external_validation_a/pi_ufo_baseline_v1/build/point_000001/MG5_PROC/SubProcesses/idenparts.f	releases/pack_a/scientific_validation/external_validation_a/pi_ufo_baseline_v1/build/point_000001/MG5_PROC/SubProcesses/idenparts.f	0584c11e0f53fba6a2747d1918150e2841ee6cead3972b3bdc50d1b9be9d5a0f	0584c11e0f53fba6a2747d1918150e2841ee6cead3972b3bdc50d1b9be9d5a0f	PACK_A_SCIENTIFIC_VALIDATION	NONE
external_validation_a/pi_ufo_baseline_v1/build/point_000001/MG5_PROC/SubProcesses/initcluster.f	releases/pack_a/scientific_validation/external_validation_a/pi_ufo_baseline_v1/build/point_000001/MG5_PROC/SubProcesses/initcluster.f	b83e276ade00f20369ad1d2f300ee21940e9650d60084eb7b59fa6e9da575704	b83e276ade00f20369ad1d2f300ee21940e9650d60084eb7b59fa6e9da575704	PACK_A_SCIENTIFIC_VALIDATION	NONE
external_validation_a/pi_ufo_baseline_v1/build/point_000001/MG5_PROC/SubProcesses/lhe_event_infos.inc	releases/pack_a/scientific_validation/external_validation_a/pi_ufo_baseline_v1/build/point_000001/MG5_PROC/SubProcesses/lhe_event_infos.inc			SYMLINK	NONE
external_validation_a/pi_ufo_baseline_v1/build/point_000001/MG5_PROC/SubProcesses/makefile	releases/pack_a/scientific_validation/external_validation_a/pi_ufo_baseline_v1/build/point_000001/MG5_PROC/SubProcesses/makefile	9704832a58bb3eb3ca1e8ac4db29f8735ae863c278f65a3b6537dc886b1ecd48	9704832a58bb3eb3ca1e8ac4db29f8735ae863c278f65a3b6537dc886b1ecd48	PACK_A_SCIENTIFIC_VALIDATION	NONE
external_validation_a/pi_ufo_baseline_v1/build/point_000001/MG5_PROC/SubProcesses/maxconfigs.inc	releases/pack_a/scientific_validation/external_validation_a/pi_ufo_baseline_v1/build/point_000001/MG5_PROC/SubProcesses/maxconfigs.inc			SYMLINK	NONE
external_validation_a/pi_ufo_baseline_v1/build/point_000001/MG5_PROC/SubProcesses/maxparticles.inc	releases/pack_a/scientific_validation/external_validation_a/pi_ufo_baseline_v1/build/point_000001/MG5_PROC/SubProcesses/maxparticles.inc			SYMLINK	NONE
external_validation_a/pi_ufo_baseline_v1/build/point_000001/MG5_PROC/SubProcesses/message.inc	releases/pack_a/scientific_validation/external_validation_a/pi_ufo_baseline_v1/build/point_000001/MG5_PROC/SubProcesses/message.inc	9d5515b45568d67213152a88a0ad8bdef0a8c4dfc9153c682293f8073942d0c5	9d5515b45568d67213152a88a0ad8bdef0a8c4dfc9153c682293f8073942d0c5	PACK_A_SCIENTIFIC_VALIDATION	NONE
external_validation_a/pi_ufo_baseline_v1/build/point_000001/MG5_PROC/SubProcesses/myamp.f	releases/pack_a/scientific_validation/external_validation_a/pi_ufo_baseline_v1/build/point_000001/MG5_PROC/SubProcesses/myamp.f	cb45cac4a4d64d5aa69c84b4c8ebd73c0c4ef3ad82cea55c451532705cdcbaa1	cb45cac4a4d64d5aa69c84b4c8ebd73c0c4ef3ad82cea55c451532705cdcbaa1	PACK_A_SCIENTIFIC_VALIDATION	NONE
external_validation_a/pi_ufo_baseline_v1/build/point_000001/MG5_PROC/SubProcesses/proc_characteristics	releases/pack_a/scientific_validation/external_validation_a/pi_ufo_baseline_v1/build/point_000001/MG5_PROC/SubProcesses/proc_characteristics	3c8206e7a51d6eb81e6274b775fd3ffed592a6fb6f0d7d03f887dee24fb97683	3c8206e7a51d6eb81e6274b775fd3ffed592a6fb6f0d7d03f887dee24fb97683	PACK_A_SCIENTIFIC_VALIDATION	NONE
external_validation_a/pi_ufo_baseline_v1/build/point_000001/MG5_PROC/SubProcesses/procdef_mg5.dat	releases/pack_a/scientific_validation/external_validation_a/pi_ufo_baseline_v1/build/point_000001/MG5_PROC/SubProcesses/procdef_mg5.dat	12cf2782a72af64a5d5232b6b831bb66503769d25803bb5d4efc46b0a81e0791	12cf2782a72af64a5d5232b6b831bb66503769d25803bb5d4efc46b0a81e0791	PACK_A_SCIENTIFIC_VALIDATION	NONE
external_validation_a/pi_ufo_baseline_v1/build/point_000001/MG5_PROC/SubProcesses/randinit	releases/pack_a/scientific_validation/external_validation_a/pi_ufo_baseline_v1/build/point_000001/MG5_PROC/SubProcesses/randinit	c28954e73fec048e91cb59f855bb8bd47f20eccd22e72acb7897570e6b8d5bb4	c28954e73fec048e91cb59f855bb8bd47f20eccd22e72acb7897570e6b8d5bb4	PACK_A_SCIENTIFIC_VALIDATION	NONE
external_validation_a/pi_ufo_baseline_v1/build/point_000001/MG5_PROC/SubProcesses/refine.sh	releases/pack_a/scientific_validation/external_validation_a/pi_ufo_baseline_v1/build/point_000001/MG5_PROC/SubProcesses/refine.sh	86fd2e92d3e8c3a2fff476b4ed8193616178868f98bf63e14cd8e9b6f94b6ff0	86fd2e92d3e8c3a2fff476b4ed8193616178868f98bf63e14cd8e9b6f94b6ff0	PACK_A_SCIENTIFIC_VALIDATION	NONE
external_validation_a/pi_ufo_baseline_v1/build/point_000001/MG5_PROC/SubProcesses/refine_splitted.sh	releases/pack_a/scientific_validation/external_validation_a/pi_ufo_baseline_v1/build/point_000001/MG5_PROC/SubProcesses/refine_splitted.sh	ce244c7d9c40098c9459fccf4153886201f00ab35c232eb69fe9b021448056c4	ce244c7d9c40098c9459fccf4153886201f00ab35c232eb69fe9b021448056c4	PACK_A_SCIENTIFIC_VALIDATION	NONE
external_validation_a/pi_ufo_baseline_v1/build/point_000001/MG5_PROC/SubProcesses/reweight.f	releases/pack_a/scientific_validation/external_validation_a/pi_ufo_baseline_v1/build/point_000001/MG5_PROC/SubProcesses/reweight.f	a505ba2611cee9c335b94d016956fbdd07c981431009c944e1561c02d4fd1014	a505ba2611cee9c335b94d016956fbdd07c981431009c944e1561c02d4fd1014	PACK_A_SCIENTIFIC_VALIDATION	NONE
external_validation_a/pi_ufo_baseline_v1/build/point_000001/MG5_PROC/SubProcesses/run.inc	releases/pack_a/scientific_validation/external_validation_a/pi_ufo_baseline_v1/build/point_000001/MG5_PROC/SubProcesses/run.inc			SYMLINK	NONE
external_validation_a/pi_ufo_baseline_v1/build/point_000001/MG5_PROC/SubProcesses/run_config.inc	releases/pack_a/scientific_validation/external_validation_a/pi_ufo_baseline_v1/build/point_000001/MG5_PROC/SubProcesses/run_config.inc			SYMLINK	NONE
external_validation_a/pi_ufo_baseline_v1/build/point_000001/MG5_PROC/SubProcesses/setcuts.f	releases/pack_a/scientific_validation/external_validation_a/pi_ufo_baseline_v1/build/point_000001/MG5_PROC/SubProcesses/setcuts.f	f0e3e5e3ad3f5599fa56aa7baef614112e383ee51701caa38d16c977185cab18	f0e3e5e3ad3f5599fa56aa7baef614112e383ee51701caa38d16c977185cab18	PACK_A_SCIENTIFIC_VALIDATION	NONE
external_validation_a/pi_ufo_baseline_v1/build/point_000001/MG5_PROC/SubProcesses/setscales.f	releases/pack_a/scientific_validation/external_validation_a/pi_ufo_baseline_v1/build/point_000001/MG5_PROC/SubProcesses/setscales.f	6308378112ef4dfcf12af53bf322f1c564294fc98e63948bd7323fb13a004c28	6308378112ef4dfcf12af53bf322f1c564294fc98e63948bd7323fb13a004c28	PACK_A_SCIENTIFIC_VALIDATION	NONE
external_validation_a/pi_ufo_baseline_v1/build/point_000001/MG5_PROC/SubProcesses/subproc.mg	releases/pack_a/scientific_validation/external_validation_a/pi_ufo_baseline_v1/build/point_000001/MG5_PROC/SubProcesses/subproc.mg	25373adac33ffc2eabb28ca6d596ab3b4d709f0354f6ffc5f1313b0a80dbff86	25373adac33ffc2eabb28ca6d596ab3b4d709f0354f6ffc5f1313b0a80dbff86	PACK_A_SCIENTIFIC_VALIDATION	NONE
external_validation_a/pi_ufo_baseline_v1/build/point_000001/MG5_PROC/SubProcesses/subproc.txt	releases/pack_a/scientific_validation/external_validation_a/pi_ufo_baseline_v1/build/point_000001/MG5_PROC/SubProcesses/subproc.txt	d9cd0ac93ce2f17b682820fae7d43be3065b27acff843c228e939af3a27c94e1	d9cd0ac93ce2f17b682820fae7d43be3065b27acff843c228e939af3a27c94e1	PACK_A_SCIENTIFIC_VALIDATION	NONE
external_validation_a/pi_ufo_baseline_v1/build/point_000001/MG5_PROC/SubProcesses/sudakov.inc	releases/pack_a/scientific_validation/external_validation_a/pi_ufo_baseline_v1/build/point_000001/MG5_PROC/SubProcesses/sudakov.inc	e9271a4ce6644118a2feb3d4da31c6c9f4a928a9877999b45a24fe76a960676c	e9271a4ce6644118a2feb3d4da31c6c9f4a928a9877999b45a24fe76a960676c	PACK_A_SCIENTIFIC_VALIDATION	NONE
external_validation_a/pi_ufo_baseline_v1/build/point_000001/MG5_PROC/SubProcesses/survey.sh	releases/pack_a/scientific_validation/external_validation_a/pi_ufo_baseline_v1/build/point_000001/MG5_PROC/SubProcesses/survey.sh	94975fb5487b8ca1f888a4dd285eb474671616f67347724c002a038ecd364077	94975fb5487b8ca1f888a4dd285eb474671616f67347724c002a038ecd364077	PACK_A_SCIENTIFIC_VALIDATION	NONE
external_validation_a/pi_ufo_baseline_v1/build/point_000001/MG5_PROC/SubProcesses/symmetry.f	releases/pack_a/scientific_validation/external_validation_a/pi_ufo_baseline_v1/build/point_000001/MG5_PROC/SubProcesses/symmetry.f	ac58500c883d11c50631e4fa6443c3445c1b0babf74f792191237fa4639c79c3	ac58500c883d11c50631e4fa6443c3445c1b0babf74f792191237fa4639c79c3	PACK_A_SCIENTIFIC_VALIDATION	NONE
external_validation_a/pi_ufo_baseline_v1/build/point_000001/MG5_PROC/SubProcesses/unwgt.f	releases/pack_a/scientific_validation/external_validation_a/pi_ufo_baseline_v1/build/point_000001/MG5_PROC/SubProcesses/unwgt.f	fafc8b2fc8e652c363a455fcf729dd113338111e799dd96478c351d0746303a3	fafc8b2fc8e652c363a455fcf729dd113338111e799dd96478c351d0746303a3	PACK_A_SCIENTIFIC_VALIDATION	NONE
external_validation_a/pi_ufo_baseline_v1/build/point_000001/MG5_PROC/TemplateVersion.txt	releases/pack_a/scientific_validation/external_validation_a/pi_ufo_baseline_v1/build/point_000001/MG5_PROC/TemplateVersion.txt	732f64d874f90788c0199b0c19bfd9b3b6436e140114e53e462832532d74c61c	732f64d874f90788c0199b0c19bfd9b3b6436e140114e53e462832532d74c61c	PACK_A_SCIENTIFIC_VALIDATION	NONE
external_validation_a/pi_ufo_baseline_v1/build/point_000001/MG5_PROC/bin/cleanall	releases/pack_a/scientific_validation/external_validation_a/pi_ufo_baseline_v1/build/point_000001/MG5_PROC/bin/cleanall	72f285016ba0ab688a54eeca202b4355c219fb7f71df42b543ce107cc6b88e83	72f285016ba0ab688a54eeca202b4355c219fb7f71df42b543ce107cc6b88e83	PACK_A_SCIENTIFIC_VALIDATION	NONE
external_validation_a/pi_ufo_baseline_v1/build/point_000001/MG5_PROC/bin/generate_events	releases/pack_a/scientific_validation/external_validation_a/pi_ufo_baseline_v1/build/point_000001/MG5_PROC/bin/generate_events	3b454a48b9ee004458c0f67333711f05b2bb77ddfb0adb6c2edaddea7142c904	3b454a48b9ee004458c0f67333711f05b2bb77ddfb0adb6c2edaddea7142c904	PACK_A_SCIENTIFIC_VALIDATION	NONE
external_validation_a/pi_ufo_baseline_v1/build/point_000001/MG5_PROC/bin/internal/FO_analyse_card.py	releases/pack_a/scientific_validation/external_validation_a/pi_ufo_baseline_v1/build/point_000001/MG5_PROC/bin/internal/FO_analyse_card.py	a43b37ac9ee097deb85e4f1b5abca970b9ed32188d33f811f618b77ec4ce6ac6	a43b37ac9ee097deb85e4f1b5abca970b9ed32188d33f811f618b77ec4ce6ac6	PACK_A_SCIENTIFIC_VALIDATION	NONE
external_validation_a/pi_ufo_baseline_v1/build/point_000001/MG5_PROC/bin/internal/Gridpack/TheChopper-pl	releases/pack_a/scientific_validation/external_validation_a/pi_ufo_baseline_v1/build/point_000001/MG5_PROC/bin/internal/Gridpack/TheChopper-pl	f29c49ca38de88342aac701816f450e16c43a0ebd7fe7108d33155d25b8307ab	f29c49ca38de88342aac701816f450e16c43a0ebd7fe7108d33155d25b8307ab	PACK_A_SCIENTIFIC_VALIDATION	NONE
external_validation_a/pi_ufo_baseline_v1/build/point_000001/MG5_PROC/bin/internal/Gridpack/clean4grid	releases/pack_a/scientific_validation/external_validation_a/pi_ufo_baseline_v1/build/point_000001/MG5_PROC/bin/internal/Gridpack/clean4grid	f70e6afe62424341b6e1027081e0da581aa40346395813def5e91d04e0b3f333	f70e6afe62424341b6e1027081e0da581aa40346395813def5e91d04e0b3f333	PACK_A_SCIENTIFIC_VALIDATION	NONE
external_validation_a/pi_ufo_baseline_v1/build/point_000001/MG5_PROC/bin/internal/Gridpack/compile	releases/pack_a/scientific_validation/external_validation_a/pi_ufo_baseline_v1/build/point_000001/MG5_PROC/bin/internal/Gridpack/compile	997f461bc3478232ed4fb91e8b78daf153fddddfd31f266c52cab170cde69835	997f461bc3478232ed4fb91e8b78daf153fddddfd31f266c52cab170cde69835	PACK_A_SCIENTIFIC_VALIDATION	NONE
external_validation_a/pi_ufo_baseline_v1/build/point_000001/MG5_PROC/bin/internal/Gridpack/gridrun	releases/pack_a/scientific_validation/external_validation_a/pi_ufo_baseline_v1/build/point_000001/MG5_PROC/bin/internal/Gridpack/gridrun	cac88b757101714b1a5f6f994d98a1a732b3ab3dd42653d77761bb4a01401e49	cac88b757101714b1a5f6f994d98a1a732b3ab3dd42653d77761bb4a01401e49	PACK_A_SCIENTIFIC_VALIDATION	NONE
external_validation_a/pi_ufo_baseline_v1/build/point_000001/MG5_PROC/bin/internal/Gridpack/refine4grid	releases/pack_a/scientific_validation/external_validation_a/pi_ufo_baseline_v1/build/point_000001/MG5_PROC/bin/internal/Gridpack/refine4grid	04309e5de8ebd7fe140463b17dcb127e2d00f6c2155d0008526d8f0bca119f60	04309e5de8ebd7fe140463b17dcb127e2d00f6c2155d0008526d8f0bca119f60	PACK_A_SCIENTIFIC_VALIDATION	NONE
external_validation_a/pi_ufo_baseline_v1/build/point_000001/MG5_PROC/bin/internal/Gridpack/replace.pl	releases/pack_a/scientific_validation/external_validation_a/pi_ufo_baseline_v1/build/point_000001/MG5_PROC/bin/internal/Gridpack/replace.pl	e476e4e0d5c7db8ca88ceb94fefe564a03b43c70af7915e76cd4d735607013f4	e476e4e0d5c7db8ca88ceb94fefe564a03b43c70af7915e76cd4d735607013f4	PACK_A_SCIENTIFIC_VALIDATION	NONE
external_validation_a/pi_ufo_baseline_v1/build/point_000001/MG5_PROC/bin/internal/Gridpack/run.sh	releases/pack_a/scientific_validation/external_validation_a/pi_ufo_baseline_v1/build/point_000001/MG5_PROC/bin/internal/Gridpack/run.sh	3077a291e502ae5f351aa21a58cbe070720f2ba9612eeb8b18e443af96382d4c	3077a291e502ae5f351aa21a58cbe070720f2ba9612eeb8b18e443af96382d4c	PACK_A_SCIENTIFIC_VALIDATION	NONE
external_validation_a/pi_ufo_baseline_v1/build/point_000001/MG5_PROC/bin/internal/__init__.py	releases/pack_a/scientific_validation/external_validation_a/pi_ufo_baseline_v1/build/point_000001/MG5_PROC/bin/internal/__init__.py	6371c71acf6135d279bc3935b7fae4f758ba3e583f15978b9cea8adc52dccf26	6371c71acf6135d279bc3935b7fae4f758ba3e583f15978b9cea8adc52dccf26	PACK_A_SCIENTIFIC_VALIDATION	NONE
external_validation_a/pi_ufo_baseline_v1/build/point_000001/MG5_PROC/bin/internal/addmasses_optional.py	releases/pack_a/scientific_validation/external_validation_a/pi_ufo_baseline_v1/build/point_000001/MG5_PROC/bin/internal/addmasses_optional.py	41ff69c9ebeb9cfb2e8bf23a34cd74723f207471e1f0eadd3f3cb018ba92d042	41ff69c9ebeb9cfb2e8bf23a34cd74723f207471e1f0eadd3f3cb018ba92d042	PACK_A_SCIENTIFIC_VALIDATION	NONE
external_validation_a/pi_ufo_baseline_v1/build/point_000001/MG5_PROC/bin/internal/banner.py	releases/pack_a/scientific_validation/external_validation_a/pi_ufo_baseline_v1/build/point_000001/MG5_PROC/bin/internal/banner.py	04e364bd29ee26cd6d84240de49edd5a0c2a4d15272ddb6edc323ea4ff0eb685	04e364bd29ee26cd6d84240de49edd5a0c2a4d15272ddb6edc323ea4ff0eb685	PACK_A_SCIENTIFIC_VALIDATION	NONE
external_validation_a/pi_ufo_baseline_v1/build/point_000001/MG5_PROC/bin/internal/check_param_card.py	releases/pack_a/scientific_validation/external_validation_a/pi_ufo_baseline_v1/build/point_000001/MG5_PROC/bin/internal/check_param_card.py	48b64f72f246687d3b7ed9dc30ebac5507a81ba5691276af29ef1e17ec37ad2f	48b64f72f246687d3b7ed9dc30ebac5507a81ba5691276af29ef1e17ec37ad2f	PACK_A_SCIENTIFIC_VALIDATION	NONE
external_validation_a/pi_ufo_baseline_v1/build/point_000001/MG5_PROC/bin/internal/clean	releases/pack_a/scientific_validation/external_validation_a/pi_ufo_baseline_v1/build/point_000001/MG5_PROC/bin/internal/clean	dfdc00d3c3e9ac3f966c4ace24cbbab7e4a2f3780f33f07a0463d6ec9eb83eaf	dfdc00d3c3e9ac3f966c4ace24cbbab7e4a2f3780f33f07a0463d6ec9eb83eaf	PACK_A_SCIENTIFIC_VALIDATION	NONE
external_validation_a/pi_ufo_baseline_v1/build/point_000001/MG5_PROC/bin/internal/clean_template	releases/pack_a/scientific_validation/external_validation_a/pi_ufo_baseline_v1/build/point_000001/MG5_PROC/bin/internal/clean_template	f6bcadb43be98c2a98c28765ca6e1bef7debde0e211270759e5dddce0fd5deb2	f6bcadb43be98c2a98c28765ca6e1bef7debde0e211270759e5dddce0fd5deb2	PACK_A_SCIENTIFIC_VALIDATION	NONE
external_validation_a/pi_ufo_baseline_v1/build/point_000001/MG5_PROC/bin/internal/cluster.py	releases/pack_a/scientific_validation/external_validation_a/pi_ufo_baseline_v1/build/point_000001/MG5_PROC/bin/internal/cluster.py	f18d05b07b2f36bdc9e3658507c0f0e759c0be3c7584a3c07bbd5cdba3a6d5fd	f18d05b07b2f36bdc9e3658507c0f0e759c0be3c7584a3c07bbd5cdba3a6d5fd	PACK_A_SCIENTIFIC_VALIDATION	NONE
external_validation_a/pi_ufo_baseline_v1/build/point_000001/MG5_PROC/bin/internal/coloring_logging.py	releases/pack_a/scientific_validation/external_validation_a/pi_ufo_baseline_v1/build/point_000001/MG5_PROC/bin/internal/coloring_logging.py	a8027424a9810a5332523b2f37f2a8acda222a5fca75b78cd225474017f3b486	a8027424a9810a5332523b2f37f2a8acda222a5fca75b78cd225474017f3b486	PACK_A_SCIENTIFIC_VALIDATION	NONE
external_validation_a/pi_ufo_baseline_v1/build/point_000001/MG5_PROC/bin/internal/combine_grid.py	releases/pack_a/scientific_validation/external_validation_a/pi_ufo_baseline_v1/build/point_000001/MG5_PROC/bin/internal/combine_grid.py	4ebc76f6ed1e40752c0faba92b2dc88e854e4978df9610a61558b1c6f65d0a7c	4ebc76f6ed1e40752c0faba92b2dc88e854e4978df9610a61558b1c6f65d0a7c	PACK_A_SCIENTIFIC_VALIDATION	NONE
external_validation_a/pi_ufo_baseline_v1/build/point_000001/MG5_PROC/bin/internal/combine_runs.py	releases/pack_a/scientific_validation/external_validation_a/pi_ufo_baseline_v1/build/point_000001/MG5_PROC/bin/internal/combine_runs.py	1ac132149aebd19b9f20d63617245f70dc947559bc81d8fbdaf103ef43fc9476	1ac132149aebd19b9f20d63617245f70dc947559bc81d8fbdaf103ef43fc9476	PACK_A_SCIENTIFIC_VALIDATION	NONE
external_validation_a/pi_ufo_baseline_v1/build/point_000001/MG5_PROC/bin/internal/common_run_interface.py	releases/pack_a/scientific_validation/external_validation_a/pi_ufo_baseline_v1/build/point_000001/MG5_PROC/bin/internal/common_run_interface.py	df07c70f8dac590345f0e6c195ef6d63ecd5db153bad2946d9285187cee4a733	df07c70f8dac590345f0e6c195ef6d63ecd5db153bad2946d9285187cee4a733	PACK_A_SCIENTIFIC_VALIDATION	NONE
external_validation_a/pi_ufo_baseline_v1/build/point_000001/MG5_PROC/bin/internal/create_matching_plots.C	releases/pack_a/scientific_validation/external_validation_a/pi_ufo_baseline_v1/build/point_000001/MG5_PROC/bin/internal/create_matching_plots.C	fe1bd40e7e21cffe4d033d136f9f59d7df37af32818ca39b76439d90925e08c3	fe1bd40e7e21cffe4d033d136f9f59d7df37af32818ca39b76439d90925e08c3	PACK_A_SCIENTIFIC_VALIDATION	NONE
external_validation_a/pi_ufo_baseline_v1/build/point_000001/MG5_PROC/bin/internal/create_matching_plots.sh	releases/pack_a/scientific_validation/external_validation_a/pi_ufo_baseline_v1/build/point_000001/MG5_PROC/bin/internal/create_matching_plots.sh	b18887efa732028e4145d90add7b619d1abefc62098eb4381851ece166c9bb2d	b18887efa732028e4145d90add7b619d1abefc62098eb4381851ece166c9bb2d	PACK_A_SCIENTIFIC_VALIDATION	NONE
external_validation_a/pi_ufo_baseline_v1/build/point_000001/MG5_PROC/bin/internal/eval.sh	releases/pack_a/scientific_validation/external_validation_a/pi_ufo_baseline_v1/build/point_000001/MG5_PROC/bin/internal/eval.sh	6d167bcde1277a9c85d5413a825e17eda41f47082c6171905850477caeeb326d	6d167bcde1277a9c85d5413a825e17eda41f47082c6171905850477caeeb326d	PACK_A_SCIENTIFIC_VALIDATION	NONE
external_validation_a/pi_ufo_baseline_v1/build/point_000001/MG5_PROC/bin/internal/extended_cmd.py	releases/pack_a/scientific_validation/external_validation_a/pi_ufo_baseline_v1/build/point_000001/MG5_PROC/bin/internal/extended_cmd.py	73b6f30afb200b4e1d169908b72e04ab9c2cfd558ffc743f330db5129b31d22c	73b6f30afb200b4e1d169908b72e04ab9c2cfd558ffc743f330db5129b31d22c	PACK_A_SCIENTIFIC_VALIDATION	NONE
external_validation_a/pi_ufo_baseline_v1/build/point_000001/MG5_PROC/bin/internal/extract_banner-pl	releases/pack_a/scientific_validation/external_validation_a/pi_ufo_baseline_v1/build/point_000001/MG5_PROC/bin/internal/extract_banner-pl	6960620d20ab0e702df2ee0d6d0f5f27296d5ebac374a88520f7b70cdb2b4d32	6960620d20ab0e702df2ee0d6d0f5f27296d5ebac374a88520f7b70cdb2b4d32	PACK_A_SCIENTIFIC_VALIDATION	NONE
external_validation_a/pi_ufo_baseline_v1/build/point_000001/MG5_PROC/bin/internal/file_writers.py	releases/pack_a/scientific_validation/external_validation_a/pi_ufo_baseline_v1/build/point_000001/MG5_PROC/bin/internal/file_writers.py	fff9a790853aa44559bd04bda7371b466c4b4ed6476e77445105a8af876d203b	fff9a790853aa44559bd04bda7371b466c4b4ed6476e77445105a8af876d203b	PACK_A_SCIENTIFIC_VALIDATION	NONE
external_validation_a/pi_ufo_baseline_v1/build/point_000001/MG5_PROC/bin/internal/files.py	releases/pack_a/scientific_validation/external_validation_a/pi_ufo_baseline_v1/build/point_000001/MG5_PROC/bin/internal/files.py	cfec87ab0e4071abbf9989f1b029ee1128e02d7a435e79852294b4f3cab7ccde	cfec87ab0e4071abbf9989f1b029ee1128e02d7a435e79852294b4f3cab7ccde	PACK_A_SCIENTIFIC_VALIDATION	NONE
external_validation_a/pi_ufo_baseline_v1/build/point_000001/MG5_PROC/bin/internal/gen_cardhtml-pl	releases/pack_a/scientific_validation/external_validation_a/pi_ufo_baseline_v1/build/point_000001/MG5_PROC/bin/internal/gen_cardhtml-pl	30b1cbdbd4d88a035824dc90e3ddd1f6f6c2e7f1618e1719511c3c3c28aa2236	30b1cbdbd4d88a035824dc90e3ddd1f6f6c2e7f1618e1719511c3c3c28aa2236	PACK_A_SCIENTIFIC_VALIDATION	NONE
external_validation_a/pi_ufo_baseline_v1/build/point_000001/MG5_PROC/bin/internal/gen_crossxhtml.py	releases/pack_a/scientific_validation/external_validation_a/pi_ufo_baseline_v1/build/point_000001/MG5_PROC/bin/internal/gen_crossxhtml.py	ba2646284802d699fb4ce34b4980749a1284374365e7780cd2e8cb8d1c84482f	ba2646284802d699fb4ce34b4980749a1284374365e7780cd2e8cb8d1c84482f	PACK_A_SCIENTIFIC_VALIDATION	NONE
external_validation_a/pi_ufo_baseline_v1/build/point_000001/MG5_PROC/bin/internal/gen_jpeg-pl	releases/pack_a/scientific_validation/external_validation_a/pi_ufo_baseline_v1/build/point_000001/MG5_PROC/bin/internal/gen_jpeg-pl	3bba9f0f4b861372111bfa4641c4b9600d97b7c7e43823f1313cb61a321bb1e2	3bba9f0f4b861372111bfa4641c4b9600d97b7c7e43823f1313cb61a321bb1e2	PACK_A_SCIENTIFIC_VALIDATION	NONE
external_validation_a/pi_ufo_baseline_v1/build/point_000001/MG5_PROC/bin/internal/gen_ximprove.py	releases/pack_a/scientific_validation/external_validation_a/pi_ufo_baseline_v1/build/point_000001/MG5_PROC/bin/internal/gen_ximprove.py	9c5c32bb4e610234dde339ed88de75174ee280bd3e06b073ca3ff61a5a8ae167	9c5c32bb4e610234dde339ed88de75174ee280bd3e06b073ca3ff61a5a8ae167	PACK_A_SCIENTIFIC_VALIDATION	NONE
external_validation_a/pi_ufo_baseline_v1/build/point_000001/MG5_PROC/bin/internal/hel_recycle.py	releases/pack_a/scientific_validation/external_validation_a/pi_ufo_baseline_v1/build/point_000001/MG5_PROC/bin/internal/hel_recycle.py	8ec199b1746f73fdd26cff06e0bee46e1c482a71e7f3646bb349f88ccaeb978e	8ec199b1746f73fdd26cff06e0bee46e1c482a71e7f3646bb349f88ccaeb978e	PACK_A_SCIENTIFIC_VALIDATION	NONE
external_validation_a/pi_ufo_baseline_v1/build/point_000001/MG5_PROC/bin/internal/histograms.py	releases/pack_a/scientific_validation/external_validation_a/pi_ufo_baseline_v1/build/point_000001/MG5_PROC/bin/internal/histograms.py	8fe6f18a51f4a41389436a32fdf01e8f284f15067efdc40a5d7e0c28ad2c7f2c	8fe6f18a51f4a41389436a32fdf01e8f284f15067efdc40a5d7e0c28ad2c7f2c	PACK_A_SCIENTIFIC_VALIDATION	NONE
external_validation_a/pi_ufo_baseline_v1/build/point_000001/MG5_PROC/bin/internal/lhe_parser.py	releases/pack_a/scientific_validation/external_validation_a/pi_ufo_baseline_v1/build/point_000001/MG5_PROC/bin/internal/lhe_parser.py	21056fcacdc41b56aacf3584e4ee30504a646edce31629e4c119b3a7600273c8	21056fcacdc41b56aacf3584e4ee30504a646edce31629e4c119b3a7600273c8	PACK_A_SCIENTIFIC_VALIDATION	NONE
external_validation_a/pi_ufo_baseline_v1/build/point_000001/MG5_PROC/bin/internal/madevent_interface.py	releases/pack_a/scientific_validation/external_validation_a/pi_ufo_baseline_v1/build/point_000001/MG5_PROC/bin/internal/madevent_interface.py	5073c8c649d0c35bc0cae69a1eb09e42dc3a0e85fba9b15b2b47a242107cecef	5073c8c649d0c35bc0cae69a1eb09e42dc3a0e85fba9b15b2b47a242107cecef	PACK_A_SCIENTIFIC_VALIDATION	NONE
external_validation_a/pi_ufo_baseline_v1/build/point_000001/MG5_PROC/bin/internal/make_gridpack	releases/pack_a/scientific_validation/external_validation_a/pi_ufo_baseline_v1/build/point_000001/MG5_PROC/bin/internal/make_gridpack	b32aacebbeddd45d84d898a457062e4b1b6946349c54f8abe8d774cc17a9a012	b32aacebbeddd45d84d898a457062e4b1b6946349c54f8abe8d774cc17a9a012	PACK_A_SCIENTIFIC_VALIDATION	NONE
external_validation_a/pi_ufo_baseline_v1/build/point_000001/MG5_PROC/bin/internal/make_madevent_tar	releases/pack_a/scientific_validation/external_validation_a/pi_ufo_baseline_v1/build/point_000001/MG5_PROC/bin/internal/make_madevent_tar	1f9bea9265eb1c49a8b2274a0f0284ad3fe6628e1b4489681931f5000028c810	1f9bea9265eb1c49a8b2274a0f0284ad3fe6628e1b4489681931f5000028c810	PACK_A_SCIENTIFIC_VALIDATION	NONE
external_validation_a/pi_ufo_baseline_v1/build/point_000001/MG5_PROC/bin/internal/me5_logging.conf	releases/pack_a/scientific_validation/external_validation_a/pi_ufo_baseline_v1/build/point_000001/MG5_PROC/bin/internal/me5_logging.conf	a593dfa321744db9344d6b722a9208910469af501a38513a030096f0b2f08948	a593dfa321744db9344d6b722a9208910469af501a38513a030096f0b2f08948	PACK_A_SCIENTIFIC_VALIDATION	NONE
external_validation_a/pi_ufo_baseline_v1/build/point_000001/MG5_PROC/bin/internal/merge.pl	releases/pack_a/scientific_validation/external_validation_a/pi_ufo_baseline_v1/build/point_000001/MG5_PROC/bin/internal/merge.pl	be04f05efda2bb515a723276ee947f98b8da7705b72dc41d3ff4cd638cf016df	be04f05efda2bb515a723276ee947f98b8da7705b72dc41d3ff4cd638cf016df	PACK_A_SCIENTIFIC_VALIDATION	NONE
external_validation_a/pi_ufo_baseline_v1/build/point_000001/MG5_PROC/bin/internal/misc.py	releases/pack_a/scientific_validation/external_validation_a/pi_ufo_baseline_v1/build/point_000001/MG5_PROC/bin/internal/misc.py	074368ffb6204bf3c822a622ee074f5197c53bda7b4c5310dcf8c4fb4a057149	074368ffb6204bf3c822a622ee074f5197c53bda7b4c5310dcf8c4fb4a057149	PACK_A_SCIENTIFIC_VALIDATION	NONE
external_validation_a/pi_ufo_baseline_v1/build/point_000001/MG5_PROC/bin/internal/monitor	releases/pack_a/scientific_validation/external_validation_a/pi_ufo_baseline_v1/build/point_000001/MG5_PROC/bin/internal/monitor	91020174912796bbe93d4bc5a04b42e6ef973ddb58d1ba8454661e7b82efd33c	91020174912796bbe93d4bc5a04b42e6ef973ddb58d1ba8454661e7b82efd33c	PACK_A_SCIENTIFIC_VALIDATION	NONE
external_validation_a/pi_ufo_baseline_v1/build/point_000001/MG5_PROC/bin/internal/multicore	releases/pack_a/scientific_validation/external_validation_a/pi_ufo_baseline_v1/build/point_000001/MG5_PROC/bin/internal/multicore	58ee77d2f9cb743d4cd7ff23f4a97512c62725fceb8da0900d14c2cb23341d08	58ee77d2f9cb743d4cd7ff23f4a97512c62725fceb8da0900d14c2cb23341d08	PACK_A_SCIENTIFIC_VALIDATION	NONE
external_validation_a/pi_ufo_baseline_v1/build/point_000001/MG5_PROC/bin/internal/plot	releases/pack_a/scientific_validation/external_validation_a/pi_ufo_baseline_v1/build/point_000001/MG5_PROC/bin/internal/plot	58343673450356ea31858f251ecf9e2c14da1c81c9978fa69d22c244c1c25cc9	58343673450356ea31858f251ecf9e2c14da1c81c9978fa69d22c244c1c25cc9	PACK_A_SCIENTIFIC_VALIDATION	NONE
external_validation_a/pi_ufo_baseline_v1/build/point_000001/MG5_PROC/bin/internal/plot_djrs.py	releases/pack_a/scientific_validation/external_validation_a/pi_ufo_baseline_v1/build/point_000001/MG5_PROC/bin/internal/plot_djrs.py	154178e34982ecad225e7067eb04690d72643732963147be013de62df386203f	154178e34982ecad225e7067eb04690d72643732963147be013de62df386203f	PACK_A_SCIENTIFIC_VALIDATION	NONE
external_validation_a/pi_ufo_baseline_v1/build/point_000001/MG5_PROC/bin/internal/plot_page-pl	releases/pack_a/scientific_validation/external_validation_a/pi_ufo_baseline_v1/build/point_000001/MG5_PROC/bin/internal/plot_page-pl	41f363947856f97ecc26d605671a1a0ccb5cef2ff33f27d149191269ca92db89	41f363947856f97ecc26d605671a1a0ccb5cef2ff33f27d149191269ca92db89	PACK_A_SCIENTIFIC_VALIDATION	NONE
external_validation_a/pi_ufo_baseline_v1/build/point_000001/MG5_PROC/bin/internal/plot_pypage-pl	releases/pack_a/scientific_validation/external_validation_a/pi_ufo_baseline_v1/build/point_000001/MG5_PROC/bin/internal/plot_pypage-pl	063e24ab272f9d7795164b4fdc600484bfe03b4603caa8f866b8f3a26c640c84	063e24ab272f9d7795164b4fdc600484bfe03b4603caa8f866b8f3a26c640c84	PACK_A_SCIENTIFIC_VALIDATION	NONE
external_validation_a/pi_ufo_baseline_v1/build/point_000001/MG5_PROC/bin/internal/plot_tree.C	releases/pack_a/scientific_validation/external_validation_a/pi_ufo_baseline_v1/build/point_000001/MG5_PROC/bin/internal/plot_tree.C	dac4d5d361cf3ab788d086a25144b3af7b8b8d7e7e4706b77c48f85f1cb9f94a	dac4d5d361cf3ab788d086a25144b3af7b8b8d7e7e4706b77c48f85f1cb9f94a	PACK_A_SCIENTIFIC_VALIDATION	NONE
external_validation_a/pi_ufo_baseline_v1/build/point_000001/MG5_PROC/bin/internal/restore_data	releases/pack_a/scientific_validation/external_validation_a/pi_ufo_baseline_v1/build/point_000001/MG5_PROC/bin/internal/restore_data	aa337f19616ee50170f98204805569038d3d1bfe2276e2267275ae78c9f2719e	aa337f19616ee50170f98204805569038d3d1bfe2276e2267275ae78c9f2719e	PACK_A_SCIENTIFIC_VALIDATION	NONE
external_validation_a/pi_ufo_baseline_v1/build/point_000001/MG5_PROC/bin/internal/run_combine	releases/pack_a/scientific_validation/external_validation_a/pi_ufo_baseline_v1/build/point_000001/MG5_PROC/bin/internal/run_combine	22d90ff09e294d63bc7bddd9af9202b026c2763dc9855bb0f852dcba82e6847e	22d90ff09e294d63bc7bddd9af9202b026c2763dc9855bb0f852dcba82e6847e	PACK_A_SCIENTIFIC_VALIDATION	NONE
external_validation_a/pi_ufo_baseline_v1/build/point_000001/MG5_PROC/bin/internal/run_delphes	releases/pack_a/scientific_validation/external_validation_a/pi_ufo_baseline_v1/build/point_000001/MG5_PROC/bin/internal/run_delphes	e37c42ab4ed5be796e5dc45ff6918edfbf92e206c9be9872ae0eaf6f125bb958	e37c42ab4ed5be796e5dc45ff6918edfbf92e206c9be9872ae0eaf6f125bb958	PACK_A_SCIENTIFIC_VALIDATION	NONE
external_validation_a/pi_ufo_baseline_v1/build/point_000001/MG5_PROC/bin/internal/run_delphes3	releases/pack_a/scientific_validation/external_validation_a/pi_ufo_baseline_v1/build/point_000001/MG5_PROC/bin/internal/run_delphes3	210683a1c9f34bf863bff6d2a7106c22c64d40e9fd012ba6d89bbe6852fe47eb	210683a1c9f34bf863bff6d2a7106c22c64d40e9fd012ba6d89bbe6852fe47eb	PACK_A_SCIENTIFIC_VALIDATION	NONE
external_validation_a/pi_ufo_baseline_v1/build/point_000001/MG5_PROC/bin/internal/run_genissud	releases/pack_a/scientific_validation/external_validation_a/pi_ufo_baseline_v1/build/point_000001/MG5_PROC/bin/internal/run_genissud	a1fb4351a215baae8915ad3c6c2ab2ba9f1ee478dcc196da8bfb1cd057bb92d3	a1fb4351a215baae8915ad3c6c2ab2ba9f1ee478dcc196da8bfb1cd057bb92d3	PACK_A_SCIENTIFIC_VALIDATION	NONE
external_validation_a/pi_ufo_baseline_v1/build/point_000001/MG5_PROC/bin/internal/run_hep2lhe	releases/pack_a/scientific_validation/external_validation_a/pi_ufo_baseline_v1/build/point_000001/MG5_PROC/bin/internal/run_hep2lhe	4c280cfad5ff4f0bbafc47233e28980352b5530d73f1286f4f672496bc681046	4c280cfad5ff4f0bbafc47233e28980352b5530d73f1286f4f672496bc681046	PACK_A_SCIENTIFIC_VALIDATION	NONE
external_validation_a/pi_ufo_baseline_v1/build/point_000001/MG5_PROC/bin/internal/run_pgs	releases/pack_a/scientific_validation/external_validation_a/pi_ufo_baseline_v1/build/point_000001/MG5_PROC/bin/internal/run_pgs	cb1c2537913cc9fc10d237ce225f0547ed8ac85d0fa8021ae74cc3b7e863d9ab	cb1c2537913cc9fc10d237ce225f0547ed8ac85d0fa8021ae74cc3b7e863d9ab	PACK_A_SCIENTIFIC_VALIDATION	NONE
external_validation_a/pi_ufo_baseline_v1/build/point_000001/MG5_PROC/bin/internal/run_plot	releases/pack_a/scientific_validation/external_validation_a/pi_ufo_baseline_v1/build/point_000001/MG5_PROC/bin/internal/run_plot	93b3590538f04226fd933a0ba1caa3469c59d31014f3a69d56c35bfbc9c377fd	93b3590538f04226fd933a0ba1caa3469c59d31014f3a69d56c35bfbc9c377fd	PACK_A_SCIENTIFIC_VALIDATION	NONE
external_validation_a/pi_ufo_baseline_v1/build/point_000001/MG5_PROC/bin/internal/run_plot_delphes	releases/pack_a/scientific_validation/external_validation_a/pi_ufo_baseline_v1/build/point_000001/MG5_PROC/bin/internal/run_plot_delphes	a6ce412f11761a9b647b6b5a564852165343c8bcf0f6928cd74d54f675695e77	a6ce412f11761a9b647b6b5a564852165343c8bcf0f6928cd74d54f675695e77	PACK_A_SCIENTIFIC_VALIDATION	NONE
external_validation_a/pi_ufo_baseline_v1/build/point_000001/MG5_PROC/bin/internal/run_plot_pgs	releases/pack_a/scientific_validation/external_validation_a/pi_ufo_baseline_v1/build/point_000001/MG5_PROC/bin/internal/run_plot_pgs	0860957ba69202e5d47a5a535bcfd6ebc07cdadafe52675604fdd3c350ccac40	0860957ba69202e5d47a5a535bcfd6ebc07cdadafe52675604fdd3c350ccac40	PACK_A_SCIENTIFIC_VALIDATION	NONE
external_validation_a/pi_ufo_baseline_v1/build/point_000001/MG5_PROC/bin/internal/run_plot_pythia	releases/pack_a/scientific_validation/external_validation_a/pi_ufo_baseline_v1/build/point_000001/MG5_PROC/bin/internal/run_plot_pythia	e212bf1c2de6dc86bd50e2dc1023654ad470e9b885cc7a744add9371955526e0	e212bf1c2de6dc86bd50e2dc1023654ad470e9b885cc7a744add9371955526e0	PACK_A_SCIENTIFIC_VALIDATION	NONE
external_validation_a/pi_ufo_baseline_v1/build/point_000001/MG5_PROC/bin/internal/save_load_object.py	releases/pack_a/scientific_validation/external_validation_a/pi_ufo_baseline_v1/build/point_000001/MG5_PROC/bin/internal/save_load_object.py	676b216218f99f6995a22d7df6a9b48b78d0f4d9a1c68aec0e3a27160270b4c9	676b216218f99f6995a22d7df6a9b48b78d0f4d9a1c68aec0e3a27160270b4c9	PACK_A_SCIENTIFIC_VALIDATION	NONE
external_validation_a/pi_ufo_baseline_v1/build/point_000001/MG5_PROC/bin/internal/shower_card.py	releases/pack_a/scientific_validation/external_validation_a/pi_ufo_baseline_v1/build/point_000001/MG5_PROC/bin/internal/shower_card.py	dcdd28e900b7a7a60bb27e4bbb0ecca5604bf9ea3b4c4caef985d74be082ed8e	dcdd28e900b7a7a60bb27e4bbb0ecca5604bf9ea3b4c4caef985d74be082ed8e	PACK_A_SCIENTIFIC_VALIDATION	NONE
external_validation_a/pi_ufo_baseline_v1/build/point_000001/MG5_PROC/bin/internal/store4grid	releases/pack_a/scientific_validation/external_validation_a/pi_ufo_baseline_v1/build/point_000001/MG5_PROC/bin/internal/store4grid	df350c66976db88edfba4b79ee82e672236b78023a89308dcdd59f83bdc7d4bb	df350c66976db88edfba4b79ee82e672236b78023a89308dcdd59f83bdc7d4bb	PACK_A_SCIENTIFIC_VALIDATION	NONE
external_validation_a/pi_ufo_baseline_v1/build/point_000001/MG5_PROC/bin/internal/sum_html.py	releases/pack_a/scientific_validation/external_validation_a/pi_ufo_baseline_v1/build/point_000001/MG5_PROC/bin/internal/sum_html.py	b9bbf9f686025d7ab76d9b9b6e1d9990b11f90d2380c3499635e668cd0b6a5f8	b9bbf9f686025d7ab76d9b9b6e1d9990b11f90d2380c3499635e668cd0b6a5f8	PACK_A_SCIENTIFIC_VALIDATION	NONE
external_validation_a/pi_ufo_baseline_v1/build/point_000001/MG5_PROC/bin/internal/syscalc_template.dat	releases/pack_a/scientific_validation/external_validation_a/pi_ufo_baseline_v1/build/point_000001/MG5_PROC/bin/internal/syscalc_template.dat	a2012c82a6521bc4465339c7a707bfecdfea40066be1d7161109b851a54192ed	a2012c82a6521bc4465339c7a707bfecdfea40066be1d7161109b851a54192ed	PACK_A_SCIENTIFIC_VALIDATION	NONE
external_validation_a/pi_ufo_baseline_v1/build/point_000001/MG5_PROC/bin/internal/systematics.py	releases/pack_a/scientific_validation/external_validation_a/pi_ufo_baseline_v1/build/point_000001/MG5_PROC/bin/internal/systematics.py	f9e8581c85e05f36282842ae11791eb29ac301d78f889a0b5c53f889056f59de	f9e8581c85e05f36282842ae11791eb29ac301d78f889a0b5c53f889056f59de	PACK_A_SCIENTIFIC_VALIDATION	NONE
external_validation_a/pi_ufo_baseline_v1/build/point_000001/MG5_PROC/bin/internal/ufomodel/CT_couplings.py	releases/pack_a/scientific_validation/external_validation_a/pi_ufo_baseline_v1/build/point_000001/MG5_PROC/bin/internal/ufomodel/CT_couplings.py	58e07e6b6dea344858f32bccd1948a10768d38a217b88448aa4dc976c0a77b58	58e07e6b6dea344858f32bccd1948a10768d38a217b88448aa4dc976c0a77b58	PACK_A_SCIENTIFIC_VALIDATION	NONE
external_validation_a/pi_ufo_baseline_v1/build/point_000001/MG5_PROC/bin/internal/ufomodel/__init__.py	releases/pack_a/scientific_validation/external_validation_a/pi_ufo_baseline_v1/build/point_000001/MG5_PROC/bin/internal/ufomodel/__init__.py	e2198b46e727a0aa09378d715bd33364095057dd910f3b8cf7d7dd6ec1bc71d7	e2198b46e727a0aa09378d715bd33364095057dd910f3b8cf7d7dd6ec1bc71d7	PACK_A_SCIENTIFIC_VALIDATION	NONE
external_validation_a/pi_ufo_baseline_v1/build/point_000001/MG5_PROC/bin/internal/ufomodel/coupling_orders.py	releases/pack_a/scientific_validation/external_validation_a/pi_ufo_baseline_v1/build/point_000001/MG5_PROC/bin/internal/ufomodel/coupling_orders.py	80d652d3441c1fed3242dc7a4141a12f5a7ccc2f2cc6764dd5d22bb39083d132	80d652d3441c1fed3242dc7a4141a12f5a7ccc2f2cc6764dd5d22bb39083d132	PACK_A_SCIENTIFIC_VALIDATION	NONE
external_validation_a/pi_ufo_baseline_v1/build/point_000001/MG5_PROC/bin/internal/ufomodel/couplings.py	releases/pack_a/scientific_validation/external_validation_a/pi_ufo_baseline_v1/build/point_000001/MG5_PROC/bin/internal/ufomodel/couplings.py	199021f332fa57314f1a9dbd487a08c8310f9d5b4ce408eaa6c5ea99a649c3f4	199021f332fa57314f1a9dbd487a08c8310f9d5b4ce408eaa6c5ea99a649c3f4	PACK_A_SCIENTIFIC_VALIDATION	NONE
external_validation_a/pi_ufo_baseline_v1/build/point_000001/MG5_PROC/bin/internal/ufomodel/decays.py	releases/pack_a/scientific_validation/external_validation_a/pi_ufo_baseline_v1/build/point_000001/MG5_PROC/bin/internal/ufomodel/decays.py	ebb92183abff92cdaf55aeb80399effe2cc0256f1423ce807a390cd420564e23	ebb92183abff92cdaf55aeb80399effe2cc0256f1423ce807a390cd420564e23	PACK_A_SCIENTIFIC_VALIDATION	NONE
external_validation_a/pi_ufo_baseline_v1/build/point_000001/MG5_PROC/bin/internal/ufomodel/form_factors.py	releases/pack_a/scientific_validation/external_validation_a/pi_ufo_baseline_v1/build/point_000001/MG5_PROC/bin/internal/ufomodel/form_factors.py	9fdae69a684ddd1eb5963a1695e0f5449045755826aa62a8829569848b32f478	9fdae69a684ddd1eb5963a1695e0f5449045755826aa62a8829569848b32f478	PACK_A_SCIENTIFIC_VALIDATION	NONE
external_validation_a/pi_ufo_baseline_v1/build/point_000001/MG5_PROC/bin/internal/ufomodel/function_library.py	releases/pack_a/scientific_validation/external_validation_a/pi_ufo_baseline_v1/build/point_000001/MG5_PROC/bin/internal/ufomodel/function_library.py	af85d1d7e83bc0f7a016258b6cc3e179c4d9fd6778ce553ebf7ff4b8be5b968f	af85d1d7e83bc0f7a016258b6cc3e179c4d9fd6778ce553ebf7ff4b8be5b968f	PACK_A_SCIENTIFIC_VALIDATION	NONE
external_validation_a/pi_ufo_baseline_v1/build/point_000001/MG5_PROC/bin/internal/ufomodel/lorentz.py	releases/pack_a/scientific_validation/external_validation_a/pi_ufo_baseline_v1/build/point_000001/MG5_PROC/bin/internal/ufomodel/lorentz.py	4b818a0fd7a9f1ded91a957251380f4116a30454f8e1fc72e1c7ccacdab6bf8f	4b818a0fd7a9f1ded91a957251380f4116a30454f8e1fc72e1c7ccacdab6bf8f	PACK_A_SCIENTIFIC_VALIDATION	NONE
external_validation_a/pi_ufo_baseline_v1/build/point_000001/MG5_PROC/bin/internal/ufomodel/object_library.py	releases/pack_a/scientific_validation/external_validation_a/pi_ufo_baseline_v1/build/point_000001/MG5_PROC/bin/internal/ufomodel/object_library.py	4bef9ba0a44b89048f5ed02f0c97f5937e1a2ce8a949574bdaa6f67ae80f9e11	4bef9ba0a44b89048f5ed02f0c97f5937e1a2ce8a949574bdaa6f67ae80f9e11	PACK_A_SCIENTIFIC_VALIDATION	NONE
external_validation_a/pi_ufo_baseline_v1/build/point_000001/MG5_PROC/bin/internal/ufomodel/parameters.py	releases/pack_a/scientific_validation/external_validation_a/pi_ufo_baseline_v1/build/point_000001/MG5_PROC/bin/internal/ufomodel/parameters.py	7f84d779ff83dd52bbfecbbfe31df147e2df79faab0bcda716d5908d63b3d45b	7f84d779ff83dd52bbfecbbfe31df147e2df79faab0bcda716d5908d63b3d45b	PACK_A_SCIENTIFIC_VALIDATION	NONE
external_validation_a/pi_ufo_baseline_v1/build/point_000001/MG5_PROC/bin/internal/ufomodel/particles.py	releases/pack_a/scientific_validation/external_validation_a/pi_ufo_baseline_v1/build/point_000001/MG5_PROC/bin/internal/ufomodel/particles.py	01c61a7a352a5bebb747fff0c9ac3e228fa7575dfc381a339ecb285332b223c6	01c61a7a352a5bebb747fff0c9ac3e228fa7575dfc381a339ecb285332b223c6	PACK_A_SCIENTIFIC_VALIDATION	NONE
external_validation_a/pi_ufo_baseline_v1/build/point_000001/MG5_PROC/bin/internal/ufomodel/propagators.py	releases/pack_a/scientific_validation/external_validation_a/pi_ufo_baseline_v1/build/point_000001/MG5_PROC/bin/internal/ufomodel/propagators.py	1a4495d00654b6de8044d7a993b798cb12ca7265199f8e25ce42abdfbc98384a	1a4495d00654b6de8044d7a993b798cb12ca7265199f8e25ce42abdfbc98384a	PACK_A_SCIENTIFIC_VALIDATION	NONE
external_validation_a/pi_ufo_baseline_v1/build/point_000001/MG5_PROC/bin/internal/ufomodel/py3_model.pkl	releases/pack_a/scientific_validation/external_validation_a/pi_ufo_baseline_v1/build/point_000001/MG5_PROC/bin/internal/ufomodel/py3_model.pkl	3a21e000a8f87a7249c2ecf6470b3bc0d1cb3f76fbb93eb25c9987bf071b9619	3a21e000a8f87a7249c2ecf6470b3bc0d1cb3f76fbb93eb25c9987bf071b9619	PACK_A_SCIENTIFIC_VALIDATION	NONE
external_validation_a/pi_ufo_baseline_v1/build/point_000001/MG5_PROC/bin/internal/ufomodel/vertices.py	releases/pack_a/scientific_validation/external_validation_a/pi_ufo_baseline_v1/build/point_000001/MG5_PROC/bin/internal/ufomodel/vertices.py	60bb131379499fd85ac21da8e15f960cffcf2d33afc54217481730e82648f6ba	60bb131379499fd85ac21da8e15f960cffcf2d33afc54217481730e82648f6ba	PACK_A_SCIENTIFIC_VALIDATION	NONE
external_validation_a/pi_ufo_baseline_v1/build/point_000001/MG5_PROC/bin/internal/ufomodel/write_param_card.py	releases/pack_a/scientific_validation/external_validation_a/pi_ufo_baseline_v1/build/point_000001/MG5_PROC/bin/internal/ufomodel/write_param_card.py	081e24c63a197a6c58fd60a4253e10960738ac35050fe49364941268381ffbb9	081e24c63a197a6c58fd60a4253e10960738ac35050fe49364941268381ffbb9	PACK_A_SCIENTIFIC_VALIDATION	NONE
external_validation_a/pi_ufo_baseline_v1/build/point_000001/MG5_PROC/bin/madevent	releases/pack_a/scientific_validation/external_validation_a/pi_ufo_baseline_v1/build/point_000001/MG5_PROC/bin/madevent	13d0f53355f7b52e4ec0218f5e8e3a755e3da07c89d57f74f8df6956500bc9e2	13d0f53355f7b52e4ec0218f5e8e3a755e3da07c89d57f74f8df6956500bc9e2	PACK_A_SCIENTIFIC_VALIDATION	NONE
external_validation_a/pi_ufo_baseline_v1/build/point_000001/MG5_PROC/bin/newprocess_mg5	releases/pack_a/scientific_validation/external_validation_a/pi_ufo_baseline_v1/build/point_000001/MG5_PROC/bin/newprocess_mg5	f55d3f285147a8bb844d89b0ff3d81b5c3e86584f383a4e3e7c6780a2b795ff8	f55d3f285147a8bb844d89b0ff3d81b5c3e86584f383a4e3e7c6780a2b795ff8	PACK_A_SCIENTIFIC_VALIDATION	NONE
external_validation_a/pi_ufo_baseline_v1/build/point_000001/MG5_PROC/index.html	releases/pack_a/scientific_validation/external_validation_a/pi_ufo_baseline_v1/build/point_000001/MG5_PROC/index.html	485ab72458167c95d87f7d76b633867f9f2b8e77453f951e1c3f432611b65783	485ab72458167c95d87f7d76b633867f9f2b8e77453f951e1c3f432611b65783	PACK_A_SCIENTIFIC_VALIDATION	NONE
external_validation_a/pi_ufo_baseline_v1/build/point_000001/MG5_PROC/lib/Pdfdata/NNPDF23_lo_as_0119_qed_mem0.grid	releases/pack_a/scientific_validation/external_validation_a/pi_ufo_baseline_v1/build/point_000001/MG5_PROC/lib/Pdfdata/NNPDF23_lo_as_0119_qed_mem0.grid	372e1da9f61b7aca03c25884fd05ab47399809de578ac7ee30df0d09a5c99558	372e1da9f61b7aca03c25884fd05ab47399809de578ac7ee30df0d09a5c99558	PACK_A_SCIENTIFIC_VALIDATION	NONE
external_validation_a/pi_ufo_baseline_v1/build/point_000001/MG5_PROC/lib/Pdfdata/NNPDF23_lo_as_0130_qed_mem0.grid	releases/pack_a/scientific_validation/external_validation_a/pi_ufo_baseline_v1/build/point_000001/MG5_PROC/lib/Pdfdata/NNPDF23_lo_as_0130_qed_mem0.grid	5d7378dd34444682a01acbc7215caccf38dffe31b65786a922bb586aee4369b5	5d7378dd34444682a01acbc7215caccf38dffe31b65786a922bb586aee4369b5	PACK_A_SCIENTIFIC_VALIDATION	NONE
external_validation_a/pi_ufo_baseline_v1/build/point_000001/MG5_PROC/lib/Pdfdata/NNPDF23nlo_as_0119_qed_mem0.grid	releases/pack_a/scientific_validation/external_validation_a/pi_ufo_baseline_v1/build/point_000001/MG5_PROC/lib/Pdfdata/NNPDF23nlo_as_0119_qed_mem0.grid	e1ad3115d9bc36f4cdf43268138ab6c2efb9a4803bff376f493c85260181213e	e1ad3115d9bc36f4cdf43268138ab6c2efb9a4803bff376f493c85260181213e	PACK_A_SCIENTIFIC_VALIDATION	NONE
external_validation_a/pi_ufo_baseline_v1/build/point_000001/MG5_PROC/lib/Pdfdata/cteq5l.tbl	releases/pack_a/scientific_validation/external_validation_a/pi_ufo_baseline_v1/build/point_000001/MG5_PROC/lib/Pdfdata/cteq5l.tbl	8d7d234ec1b3b6c81f76f69e9b8a3114b487344963036bd882246e752a63ef4b	8d7d234ec1b3b6c81f76f69e9b8a3114b487344963036bd882246e752a63ef4b	PACK_A_SCIENTIFIC_VALIDATION	NONE
external_validation_a/pi_ufo_baseline_v1/build/point_000001/MG5_PROC/lib/Pdfdata/cteq5m.tbl	releases/pack_a/scientific_validation/external_validation_a/pi_ufo_baseline_v1/build/point_000001/MG5_PROC/lib/Pdfdata/cteq5m.tbl	0c1585bb7e16eef45fef4b7275d206538a0aca157a93159b82dccdeeb3e6adbe	0c1585bb7e16eef45fef4b7275d206538a0aca157a93159b82dccdeeb3e6adbe	PACK_A_SCIENTIFIC_VALIDATION	NONE
external_validation_a/pi_ufo_baseline_v1/build/point_000001/MG5_PROC/lib/Pdfdata/cteq6d.tbl	releases/pack_a/scientific_validation/external_validation_a/pi_ufo_baseline_v1/build/point_000001/MG5_PROC/lib/Pdfdata/cteq6d.tbl	25912796d9d954a0ee0c7cbc7b7d915c1edb2c378664eb4cc702479ccd39acc1	25912796d9d954a0ee0c7cbc7b7d915c1edb2c378664eb4cc702479ccd39acc1	PACK_A_SCIENTIFIC_VALIDATION	NONE
external_validation_a/pi_ufo_baseline_v1/build/point_000001/MG5_PROC/lib/Pdfdata/cteq6l.tbl	releases/pack_a/scientific_validation/external_validation_a/pi_ufo_baseline_v1/build/point_000001/MG5_PROC/lib/Pdfdata/cteq6l.tbl	8525243c99321fe64d5e8e9f223fd9106069d07bd12bdb14f4b99316e848873e	8525243c99321fe64d5e8e9f223fd9106069d07bd12bdb14f4b99316e848873e	PACK_A_SCIENTIFIC_VALIDATION	NONE
external_validation_a/pi_ufo_baseline_v1/build/point_000001/MG5_PROC/lib/Pdfdata/cteq6l1.tbl	releases/pack_a/scientific_validation/external_validation_a/pi_ufo_baseline_v1/build/point_000001/MG5_PROC/lib/Pdfdata/cteq6l1.tbl	023dce6f7e6f64dfab376ced5d2c487f8ef8d0ccb976d383a2f0a8049370f058	023dce6f7e6f64dfab376ced5d2c487f8ef8d0ccb976d383a2f0a8049370f058	PACK_A_SCIENTIFIC_VALIDATION	NONE
external_validation_a/pi_ufo_baseline_v1/build/point_000001/MG5_PROC/lib/Pdfdata/cteq6m.tbl	releases/pack_a/scientific_validation/external_validation_a/pi_ufo_baseline_v1/build/point_000001/MG5_PROC/lib/Pdfdata/cteq6m.tbl	570c8bda925461c5f15f877a24555d1be9cb17434fe347f8afe6c8724bac4470	570c8bda925461c5f15f877a24555d1be9cb17434fe347f8afe6c8724bac4470	PACK_A_SCIENTIFIC_VALIDATION	NONE
external_validation_a/pi_ufo_baseline_v1/build/point_000001/MG5_PROC/lib/Pdfdata/mrsb.dat	releases/pack_a/scientific_validation/external_validation_a/pi_ufo_baseline_v1/build/point_000001/MG5_PROC/lib/Pdfdata/mrsb.dat	8e957739754db8a1584d25beb7eab00a55501f794dc38a5d20d539c4347de4ff	8e957739754db8a1584d25beb7eab00a55501f794dc38a5d20d539c4347de4ff	PACK_A_SCIENTIFIC_VALIDATION	NONE
external_validation_a/pi_ufo_baseline_v1/build/point_000001/MG5_PROC/lib/Pdfdata/mrse.dat	releases/pack_a/scientific_validation/external_validation_a/pi_ufo_baseline_v1/build/point_000001/MG5_PROC/lib/Pdfdata/mrse.dat	c8b4b7e4f6643563302971d1c9a2acd7bec217515ead22a586839125cab98e8a	c8b4b7e4f6643563302971d1c9a2acd7bec217515ead22a586839125cab98e8a	PACK_A_SCIENTIFIC_VALIDATION	NONE
external_validation_a/pi_ufo_baseline_v1/build/point_000001/MG5_PROC/lib/Pdfdata/mrst2002nlo.dat	releases/pack_a/scientific_validation/external_validation_a/pi_ufo_baseline_v1/build/point_000001/MG5_PROC/lib/Pdfdata/mrst2002nlo.dat	bec81dcb0093a68b44e6b15472bbe67c2b883fb59833529307d80a7f16688d4f	bec81dcb0093a68b44e6b15472bbe67c2b883fb59833529307d80a7f16688d4f	PACK_A_SCIENTIFIC_VALIDATION	NONE
external_validation_a/pi_ufo_baseline_v1/build/point_000001/MG5_PROC/madevent.tar.gz	releases/pack_a/scientific_validation/external_validation_a/pi_ufo_baseline_v1/build/point_000001/MG5_PROC/madevent.tar.gz	37aa04c8e15598e3adfd5bb29bd00275ce67e0d296374707a4e839aec6587d4b	37aa04c8e15598e3adfd5bb29bd00275ce67e0d296374707a4e839aec6587d4b	PACK_A_SCIENTIFIC_VALIDATION	NONE
external_validation_a/pi_ufo_baseline_v1/build/point_000001/decay.slha	releases/pack_a/scientific_validation/external_validation_a/pi_ufo_baseline_v1/build/point_000001/decay.slha	b28ab25311a3e1796c0018c33c14d8709ec31456ef45df9940d1b5bdf1086741	b28ab25311a3e1796c0018c33c14d8709ec31456ef45df9940d1b5bdf1086741	PACK_A_SCIENTIFIC_VALIDATION	NONE
external_validation_a/pi_ufo_baseline_v1/build/point_000001/mg5_generate.log	releases/pack_a/scientific_validation/external_validation_a/pi_ufo_baseline_v1/build/point_000001/mg5_generate.log	066c3f214af321bc4d7d5c3fbb5a4b6c80aa89e0435c6368bdffcac59b38ecec	066c3f214af321bc4d7d5c3fbb5a4b6c80aa89e0435c6368bdffcac59b38ecec	PACK_A_SCIENTIFIC_VALIDATION	NONE
external_validation_a/pi_ufo_baseline_v1/build/point_000001/param_card.dat	releases/pack_a/scientific_validation/external_validation_a/pi_ufo_baseline_v1/build/point_000001/param_card.dat	b5e68dde0222854f72892cc79c0c90becca83a13502fec9bc29c69150a4f4bbf	b5e68dde0222854f72892cc79c0c90becca83a13502fec9bc29c69150a4f4bbf	PACK_A_SCIENTIFIC_VALIDATION	NONE
external_validation_a/pi_ufo_baseline_v1/build/point_000001/point.json	releases/pack_a/scientific_validation/external_validation_a/pi_ufo_baseline_v1/build/point_000001/point.json	a598573864361f674283cabb0ca478c3965ec362bca355a53c46f5cbdd164e90	a598573864361f674283cabb0ca478c3965ec362bca355a53c46f5cbdd164e90	PACK_A_SCIENTIFIC_VALIDATION	NONE
external_validation_a/pi_ufo_baseline_v1/build/point_000001/proc_card.dat	releases/pack_a/scientific_validation/external_validation_a/pi_ufo_baseline_v1/build/point_000001/proc_card.dat	a1232e3019d1348a8a6c0fd5fbb38aa05745547bfc9f6f88e53b9bef7a4e556e	a1232e3019d1348a8a6c0fd5fbb38aa05745547bfc9f6f88e53b9bef7a4e556e	PACK_A_SCIENTIFIC_VALIDATION	NONE
external_validation_a/pi_ufo_baseline_v1/build/point_000001/provenance.json	releases/pack_a/scientific_validation/external_validation_a/pi_ufo_baseline_v1/build/point_000001/provenance.json	23732e33b8064fd7b25cb109d6e715357cb8f056ecb7f4cf202ae5aa32235c32	23732e33b8064fd7b25cb109d6e715357cb8f056ecb7f4cf202ae5aa32235c32	PACK_A_SCIENTIFIC_VALIDATION	NONE
external_validation_a/pi_ufo_baseline_v1/build/point_000001/pythia8.cmnd	releases/pack_a/scientific_validation/external_validation_a/pi_ufo_baseline_v1/build/point_000001/pythia8.cmnd	92e5f0cbf76a3e2009e41b8c8beb85fc3a6c97fb1fa2aaa6c6376460cc925129	92e5f0cbf76a3e2009e41b8c8beb85fc3a6c97fb1fa2aaa6c6376460cc925129	PACK_A_SCIENTIFIC_VALIDATION	NONE
external_validation_a/pi_ufo_baseline_v1/build/point_000001/run_card.dat	releases/pack_a/scientific_validation/external_validation_a/pi_ufo_baseline_v1/build/point_000001/run_card.dat	0f0ea8bd8bda68e30ef4da98d145b6563045b64a13830104806fed244ed2ec1e	0f0ea8bd8bda68e30ef4da98d145b6563045b64a13830104806fed244ed2ec1e	PACK_A_SCIENTIFIC_VALIDATION	NONE
external_validation_a/pi_ufo_baseline_v1/cards/README.md	releases/pack_a/scientific_validation/external_validation_a/pi_ufo_baseline_v1/cards/README.md	4540a601faeb6f1744f8486d7de849b0117627e7c6641efa0e42b14aff27f50c	4540a601faeb6f1744f8486d7de849b0117627e7c6641efa0e42b14aff27f50c	PACK_A_SCIENTIFIC_VALIDATION	NONE
external_validation_a/pi_ufo_baseline_v1/cards/proc_card_zerojet.dat	releases/pack_a/scientific_validation/external_validation_a/pi_ufo_baseline_v1/cards/proc_card_zerojet.dat	d86cf89a9863c08ba5d1232f3f810271b0a4306d1308dbb059f7254d469a105e	d86cf89a9863c08ba5d1232f3f810271b0a4306d1308dbb059f7254d469a105e	PACK_A_SCIENTIFIC_VALIDATION	NONE
external_validation_a/pi_ufo_baseline_v1/cards/pythia8.template.cmnd	releases/pack_a/scientific_validation/external_validation_a/pi_ufo_baseline_v1/cards/pythia8.template.cmnd	41d264542323dff06edbcd30fd90ecfb4eeba2417544050cdc29e9a41f9de477	41d264542323dff06edbcd30fd90ecfb4eeba2417544050cdc29e9a41f9de477	PACK_A_SCIENTIFIC_VALIDATION	NONE
external_validation_a/pi_ufo_baseline_v1/cards/run_card_smoke.dat	releases/pack_a/scientific_validation/external_validation_a/pi_ufo_baseline_v1/cards/run_card_smoke.dat	85abb3e99fc9503e59ecb6bff21a1aa804e248ff64f230afff8f20d8b5d156c3	85abb3e99fc9503e59ecb6bff21a1aa804e248ff64f230afff8f20d8b5d156c3	PACK_A_SCIENTIFIC_VALIDATION	NONE
external_validation_a/pi_ufo_baseline_v1/checksums.sha256	releases/pack_a/scientific_validation/external_validation_a/pi_ufo_baseline_v1/checksums.sha256	dd99659fa2074b5ed2332baab7acd38835b9d4e7df364af8407ff1ac2cf2e57b	dd99659fa2074b5ed2332baab7acd38835b9d4e7df364af8407ff1ac2cf2e57b	PACK_A_SCIENTIFIC_VALIDATION	NONE
external_validation_a/pi_ufo_baseline_v1/expected/smoke_contract.json	releases/pack_a/scientific_validation/external_validation_a/pi_ufo_baseline_v1/expected/smoke_contract.json	db1fb31cea7019a7399c4074d0e674a00653c40fba5618c1f5a9aad5c5d8ad3f	db1fb31cea7019a7399c4074d0e674a00653c40fba5618c1f5a9aad5c5d8ad3f	PACK_A_SCIENTIFIC_VALIDATION	NONE
external_validation_a/pi_ufo_baseline_v1/manifest.json	releases/pack_a/scientific_validation/external_validation_a/pi_ufo_baseline_v1/manifest.json	c9355e29f447b15be7f724fd9225e684b80ee881f63e42d3fdafdf3b12d00c5b	c9355e29f447b15be7f724fd9225e684b80ee881f63e42d3fdafdf3b12d00c5b	PACK_A_SCIENTIFIC_VALIDATION	NONE
external_validation_a/pi_ufo_baseline_v1/model/LLscalar_v3_UFO_runtime/CT_couplings.py	releases/pack_a/scientific_validation/external_validation_a/pi_ufo_baseline_v1/model/LLscalar_v3_UFO_runtime/CT_couplings.py	58e07e6b6dea344858f32bccd1948a10768d38a217b88448aa4dc976c0a77b58	58e07e6b6dea344858f32bccd1948a10768d38a217b88448aa4dc976c0a77b58	PACK_A_SCIENTIFIC_VALIDATION	NONE
external_validation_a/pi_ufo_baseline_v1/model/LLscalar_v3_UFO_runtime/__init__.py	releases/pack_a/scientific_validation/external_validation_a/pi_ufo_baseline_v1/model/LLscalar_v3_UFO_runtime/__init__.py	e2198b46e727a0aa09378d715bd33364095057dd910f3b8cf7d7dd6ec1bc71d7	e2198b46e727a0aa09378d715bd33364095057dd910f3b8cf7d7dd6ec1bc71d7	PACK_A_SCIENTIFIC_VALIDATION	NONE
external_validation_a/pi_ufo_baseline_v1/model/LLscalar_v3_UFO_runtime/__pycache__/__init__.cpython-312.pyc	releases/pack_a/scientific_validation/external_validation_a/pi_ufo_baseline_v1/model/LLscalar_v3_UFO_runtime/__pycache__/__init__.cpython-312.pyc	51a9b7c57c5c13cddf2166303d1a97280119853c42892229fce99d9b869ee07a	51a9b7c57c5c13cddf2166303d1a97280119853c42892229fce99d9b869ee07a	PACK_A_SCIENTIFIC_VALIDATION	NONE
external_validation_a/pi_ufo_baseline_v1/model/LLscalar_v3_UFO_runtime/__pycache__/coupling_orders.cpython-312.pyc	releases/pack_a/scientific_validation/external_validation_a/pi_ufo_baseline_v1/model/LLscalar_v3_UFO_runtime/__pycache__/coupling_orders.cpython-312.pyc	cfab39ceac3eeb0b39b9dc49655eb193a87fecc0f082e2cf501d6dfc3c916d00	cfab39ceac3eeb0b39b9dc49655eb193a87fecc0f082e2cf501d6dfc3c916d00	PACK_A_SCIENTIFIC_VALIDATION	NONE
external_validation_a/pi_ufo_baseline_v1/model/LLscalar_v3_UFO_runtime/__pycache__/couplings.cpython-312.pyc	releases/pack_a/scientific_validation/external_validation_a/pi_ufo_baseline_v1/model/LLscalar_v3_UFO_runtime/__pycache__/couplings.cpython-312.pyc	bcfc5b5fa753b497003698f2f9aa075dbd6385681c2c9b94cc9207ff57fe24e9	bcfc5b5fa753b497003698f2f9aa075dbd6385681c2c9b94cc9207ff57fe24e9	PACK_A_SCIENTIFIC_VALIDATION	NONE
external_validation_a/pi_ufo_baseline_v1/model/LLscalar_v3_UFO_runtime/__pycache__/decays.cpython-312.pyc	releases/pack_a/scientific_validation/external_validation_a/pi_ufo_baseline_v1/model/LLscalar_v3_UFO_runtime/__pycache__/decays.cpython-312.pyc	3bb61c974be111e9fb9cf2613bfa4da4d6bfc5a4ca4e90328fff2114a50c8a96	3bb61c974be111e9fb9cf2613bfa4da4d6bfc5a4ca4e90328fff2114a50c8a96	PACK_A_SCIENTIFIC_VALIDATION	NONE
external_validation_a/pi_ufo_baseline_v1/model/LLscalar_v3_UFO_runtime/__pycache__/form_factors.cpython-312.pyc	releases/pack_a/scientific_validation/external_validation_a/pi_ufo_baseline_v1/model/LLscalar_v3_UFO_runtime/__pycache__/form_factors.cpython-312.pyc	9474970fd90395ff804a17b3d49b974c8bb4661202b82614232d89327be117dd	9474970fd90395ff804a17b3d49b974c8bb4661202b82614232d89327be117dd	PACK_A_SCIENTIFIC_VALIDATION	NONE
external_validation_a/pi_ufo_baseline_v1/model/LLscalar_v3_UFO_runtime/__pycache__/function_library.cpython-312.pyc	releases/pack_a/scientific_validation/external_validation_a/pi_ufo_baseline_v1/model/LLscalar_v3_UFO_runtime/__pycache__/function_library.cpython-312.pyc	482083c5bdf71615a128e141d2098dff2110c67c89791fb2ec7f8a41f996f87e	482083c5bdf71615a128e141d2098dff2110c67c89791fb2ec7f8a41f996f87e	PACK_A_SCIENTIFIC_VALIDATION	NONE
external_validation_a/pi_ufo_baseline_v1/model/LLscalar_v3_UFO_runtime/__pycache__/lorentz.cpython-312.pyc	releases/pack_a/scientific_validation/external_validation_a/pi_ufo_baseline_v1/model/LLscalar_v3_UFO_runtime/__pycache__/lorentz.cpython-312.pyc	82f9f0fb4c7e1e0ab81c414f172252c52c8a373308ddfed78640d0bd45faa45b	82f9f0fb4c7e1e0ab81c414f172252c52c8a373308ddfed78640d0bd45faa45b	PACK_A_SCIENTIFIC_VALIDATION	NONE
external_validation_a/pi_ufo_baseline_v1/model/LLscalar_v3_UFO_runtime/__pycache__/object_library.cpython-312.pyc	releases/pack_a/scientific_validation/external_validation_a/pi_ufo_baseline_v1/model/LLscalar_v3_UFO_runtime/__pycache__/object_library.cpython-312.pyc	26029c459dd4b253d94a02b851f840cc34a47b5c1dd2d52dcc9a99e79a2cc6e3	26029c459dd4b253d94a02b851f840cc34a47b5c1dd2d52dcc9a99e79a2cc6e3	PACK_A_SCIENTIFIC_VALIDATION	NONE
external_validation_a/pi_ufo_baseline_v1/model/LLscalar_v3_UFO_runtime/__pycache__/parameters.cpython-312.pyc	releases/pack_a/scientific_validation/external_validation_a/pi_ufo_baseline_v1/model/LLscalar_v3_UFO_runtime/__pycache__/parameters.cpython-312.pyc	5a0382c49b7213f593325bd085b667a5a2a9f5b4f455941573d5a9b3fc0ac944	5a0382c49b7213f593325bd085b667a5a2a9f5b4f455941573d5a9b3fc0ac944	PACK_A_SCIENTIFIC_VALIDATION	NONE
external_validation_a/pi_ufo_baseline_v1/model/LLscalar_v3_UFO_runtime/__pycache__/particles.cpython-312.pyc	releases/pack_a/scientific_validation/external_validation_a/pi_ufo_baseline_v1/model/LLscalar_v3_UFO_runtime/__pycache__/particles.cpython-312.pyc	14c1fd353cfb4c67e39b65b0923507d647ef89b41b06ae091db057a70c34ffd1	14c1fd353cfb4c67e39b65b0923507d647ef89b41b06ae091db057a70c34ffd1	PACK_A_SCIENTIFIC_VALIDATION	NONE
external_validation_a/pi_ufo_baseline_v1/model/LLscalar_v3_UFO_runtime/__pycache__/propagators.cpython-312.pyc	releases/pack_a/scientific_validation/external_validation_a/pi_ufo_baseline_v1/model/LLscalar_v3_UFO_runtime/__pycache__/propagators.cpython-312.pyc	0c07bad845419b002ae41d0aecd476707c0a924858d41a665a4e32f79be3df53	0c07bad845419b002ae41d0aecd476707c0a924858d41a665a4e32f79be3df53	PACK_A_SCIENTIFIC_VALIDATION	NONE
external_validation_a/pi_ufo_baseline_v1/model/LLscalar_v3_UFO_runtime/__pycache__/vertices.cpython-312.pyc	releases/pack_a/scientific_validation/external_validation_a/pi_ufo_baseline_v1/model/LLscalar_v3_UFO_runtime/__pycache__/vertices.cpython-312.pyc	4a516d4f7154042762a3068d0893b0858c4f3a2c70e3ffb4737639442dc89310	4a516d4f7154042762a3068d0893b0858c4f3a2c70e3ffb4737639442dc89310	PACK_A_SCIENTIFIC_VALIDATION	NONE
external_validation_a/pi_ufo_baseline_v1/model/LLscalar_v3_UFO_runtime/coupling_orders.py	releases/pack_a/scientific_validation/external_validation_a/pi_ufo_baseline_v1/model/LLscalar_v3_UFO_runtime/coupling_orders.py	80d652d3441c1fed3242dc7a4141a12f5a7ccc2f2cc6764dd5d22bb39083d132	80d652d3441c1fed3242dc7a4141a12f5a7ccc2f2cc6764dd5d22bb39083d132	PACK_A_SCIENTIFIC_VALIDATION	NONE
external_validation_a/pi_ufo_baseline_v1/model/LLscalar_v3_UFO_runtime/couplings.py	releases/pack_a/scientific_validation/external_validation_a/pi_ufo_baseline_v1/model/LLscalar_v3_UFO_runtime/couplings.py	199021f332fa57314f1a9dbd487a08c8310f9d5b4ce408eaa6c5ea99a649c3f4	199021f332fa57314f1a9dbd487a08c8310f9d5b4ce408eaa6c5ea99a649c3f4	PACK_A_SCIENTIFIC_VALIDATION	NONE
external_validation_a/pi_ufo_baseline_v1/model/LLscalar_v3_UFO_runtime/decays.py	releases/pack_a/scientific_validation/external_validation_a/pi_ufo_baseline_v1/model/LLscalar_v3_UFO_runtime/decays.py	ebb92183abff92cdaf55aeb80399effe2cc0256f1423ce807a390cd420564e23	ebb92183abff92cdaf55aeb80399effe2cc0256f1423ce807a390cd420564e23	PACK_A_SCIENTIFIC_VALIDATION	NONE
external_validation_a/pi_ufo_baseline_v1/model/LLscalar_v3_UFO_runtime/form_factors.py	releases/pack_a/scientific_validation/external_validation_a/pi_ufo_baseline_v1/model/LLscalar_v3_UFO_runtime/form_factors.py	9fdae69a684ddd1eb5963a1695e0f5449045755826aa62a8829569848b32f478	9fdae69a684ddd1eb5963a1695e0f5449045755826aa62a8829569848b32f478	PACK_A_SCIENTIFIC_VALIDATION	NONE
external_validation_a/pi_ufo_baseline_v1/model/LLscalar_v3_UFO_runtime/function_library.py	releases/pack_a/scientific_validation/external_validation_a/pi_ufo_baseline_v1/model/LLscalar_v3_UFO_runtime/function_library.py	af85d1d7e83bc0f7a016258b6cc3e179c4d9fd6778ce553ebf7ff4b8be5b968f	af85d1d7e83bc0f7a016258b6cc3e179c4d9fd6778ce553ebf7ff4b8be5b968f	PACK_A_SCIENTIFIC_VALIDATION	NONE
external_validation_a/pi_ufo_baseline_v1/model/LLscalar_v3_UFO_runtime/lorentz.py	releases/pack_a/scientific_validation/external_validation_a/pi_ufo_baseline_v1/model/LLscalar_v3_UFO_runtime/lorentz.py	4b818a0fd7a9f1ded91a957251380f4116a30454f8e1fc72e1c7ccacdab6bf8f	4b818a0fd7a9f1ded91a957251380f4116a30454f8e1fc72e1c7ccacdab6bf8f	PACK_A_SCIENTIFIC_VALIDATION	NONE
external_validation_a/pi_ufo_baseline_v1/model/LLscalar_v3_UFO_runtime/object_library.py	releases/pack_a/scientific_validation/external_validation_a/pi_ufo_baseline_v1/model/LLscalar_v3_UFO_runtime/object_library.py	4bef9ba0a44b89048f5ed02f0c97f5937e1a2ce8a949574bdaa6f67ae80f9e11	4bef9ba0a44b89048f5ed02f0c97f5937e1a2ce8a949574bdaa6f67ae80f9e11	PACK_A_SCIENTIFIC_VALIDATION	NONE
external_validation_a/pi_ufo_baseline_v1/model/LLscalar_v3_UFO_runtime/parameters.py	releases/pack_a/scientific_validation/external_validation_a/pi_ufo_baseline_v1/model/LLscalar_v3_UFO_runtime/parameters.py	7f84d779ff83dd52bbfecbbfe31df147e2df79faab0bcda716d5908d63b3d45b	7f84d779ff83dd52bbfecbbfe31df147e2df79faab0bcda716d5908d63b3d45b	PACK_A_SCIENTIFIC_VALIDATION	NONE
external_validation_a/pi_ufo_baseline_v1/model/LLscalar_v3_UFO_runtime/particles.py	releases/pack_a/scientific_validation/external_validation_a/pi_ufo_baseline_v1/model/LLscalar_v3_UFO_runtime/particles.py	01c61a7a352a5bebb747fff0c9ac3e228fa7575dfc381a339ecb285332b223c6	01c61a7a352a5bebb747fff0c9ac3e228fa7575dfc381a339ecb285332b223c6	PACK_A_SCIENTIFIC_VALIDATION	NONE
external_validation_a/pi_ufo_baseline_v1/model/LLscalar_v3_UFO_runtime/propagators.py	releases/pack_a/scientific_validation/external_validation_a/pi_ufo_baseline_v1/model/LLscalar_v3_UFO_runtime/propagators.py	1a4495d00654b6de8044d7a993b798cb12ca7265199f8e25ce42abdfbc98384a	1a4495d00654b6de8044d7a993b798cb12ca7265199f8e25ce42abdfbc98384a	PACK_A_SCIENTIFIC_VALIDATION	NONE
external_validation_a/pi_ufo_baseline_v1/model/LLscalar_v3_UFO_runtime/py3_model.pkl	releases/pack_a/scientific_validation/external_validation_a/pi_ufo_baseline_v1/model/LLscalar_v3_UFO_runtime/py3_model.pkl	3a21e000a8f87a7249c2ecf6470b3bc0d1cb3f76fbb93eb25c9987bf071b9619	3a21e000a8f87a7249c2ecf6470b3bc0d1cb3f76fbb93eb25c9987bf071b9619	PACK_A_SCIENTIFIC_VALIDATION	NONE
external_validation_a/pi_ufo_baseline_v1/model/LLscalar_v3_UFO_runtime/vertices.py	releases/pack_a/scientific_validation/external_validation_a/pi_ufo_baseline_v1/model/LLscalar_v3_UFO_runtime/vertices.py	60bb131379499fd85ac21da8e15f960cffcf2d33afc54217481730e82648f6ba	60bb131379499fd85ac21da8e15f960cffcf2d33afc54217481730e82648f6ba	PACK_A_SCIENTIFIC_VALIDATION	NONE
external_validation_a/pi_ufo_baseline_v1/model/LLscalar_v3_UFO_runtime/write_param_card.py	releases/pack_a/scientific_validation/external_validation_a/pi_ufo_baseline_v1/model/LLscalar_v3_UFO_runtime/write_param_card.py	081e24c63a197a6c58fd60a4253e10960738ac35050fe49364941268381ffbb9	081e24c63a197a6c58fd60a4253e10960738ac35050fe49364941268381ffbb9	PACK_A_SCIENTIFIC_VALIDATION	NONE
external_validation_a/pi_ufo_baseline_v1/patches/python3_param_card_compat.patch	releases/pack_a/scientific_validation/external_validation_a/pi_ufo_baseline_v1/patches/python3_param_card_compat.patch	91b2955b7f8c537fe50c2bd8577d1d4583327b9645be81bf44a53cadaeece49f	91b2955b7f8c537fe50c2bd8577d1d4583327b9645be81bf44a53cadaeece49f	PACK_A_SCIENTIFIC_VALIDATION	NONE
external_validation_a/pi_ufo_baseline_v1/points/point_000001.yaml	releases/pack_a/scientific_validation/external_validation_a/pi_ufo_baseline_v1/points/point_000001.yaml	e039065312c82e5f44367f09035dc4d73d8ea58891faa5ff5e15c6f25b527f05	e039065312c82e5f44367f09035dc4d73d8ea58891faa5ff5e15c6f25b527f05	PACK_A_SCIENTIFIC_VALIDATION	NONE
external_validation_a/pi_ufo_baseline_v1/py.py	releases/pack_a/scientific_validation/external_validation_a/pi_ufo_baseline_v1/py.py	fda73df8dd1d7a07e74969bd148678514dec235a70d5a2d63cb2cd8407778382	fda73df8dd1d7a07e74969bd148678514dec235a70d5a2d63cb2cd8407778382	PACK_A_SCIENTIFIC_VALIDATION	NONE
external_validation_a/pi_ufo_baseline_v1/requirements.txt	releases/pack_a/scientific_validation/external_validation_a/pi_ufo_baseline_v1/requirements.txt	7ba71c714356e35c488aedd73284407e47c8b3c8627a8eca228773d54f1fd938	7ba71c714356e35c488aedd73284407e47c8b3c8627a8eca228773d54f1fd938	PACK_A_SCIENTIFIC_VALIDATION	NONE
external_validation_a/pi_ufo_baseline_v1/schemas/point.schema.json	releases/pack_a/scientific_validation/external_validation_a/pi_ufo_baseline_v1/schemas/point.schema.json	bad44da8ab39fc1327dc224ea3692fcaeaefb7848418c2dbc9e50ce932a06fbf	bad44da8ab39fc1327dc224ea3692fcaeaefb7848418c2dbc9e50ce932a06fbf	PACK_A_SCIENTIFIC_VALIDATION	NONE
external_validation_a/pi_ufo_baseline_v1/scripts/__pycache__/model_utils.cpython-311.pyc	releases/pack_a/scientific_validation/external_validation_a/pi_ufo_baseline_v1/scripts/__pycache__/model_utils.cpython-311.pyc	5aba447e5b480b00040dbd4ae47bfc1459814d21ebf0c0ab8bb5e187ba173416	5aba447e5b480b00040dbd4ae47bfc1459814d21ebf0c0ab8bb5e187ba173416	PACK_A_SCIENTIFIC_VALIDATION	NONE
external_validation_a/pi_ufo_baseline_v1/scripts/__pycache__/model_utils.cpython-312.pyc	releases/pack_a/scientific_validation/external_validation_a/pi_ufo_baseline_v1/scripts/__pycache__/model_utils.cpython-312.pyc	f172b523d44e4af7bd50699b268f5dc3be37ee6176431564acb987ecde42859a	f172b523d44e4af7bd50699b268f5dc3be37ee6176431564acb987ecde42859a	PACK_A_SCIENTIFIC_VALIDATION	NONE
external_validation_a/pi_ufo_baseline_v1/scripts/__pycache__/pack_constants.cpython-311.pyc	releases/pack_a/scientific_validation/external_validation_a/pi_ufo_baseline_v1/scripts/__pycache__/pack_constants.cpython-311.pyc	5766be8ddaecaef9224198c6661faf64a5ac19899be5416ab37d0e943e100465	5766be8ddaecaef9224198c6661faf64a5ac19899be5416ab37d0e943e100465	PACK_A_SCIENTIFIC_VALIDATION	NONE
external_validation_a/pi_ufo_baseline_v1/scripts/__pycache__/pack_constants.cpython-312.pyc	releases/pack_a/scientific_validation/external_validation_a/pi_ufo_baseline_v1/scripts/__pycache__/pack_constants.cpython-312.pyc	87258f618571921fca0cf41f4c8f3f0e440733f333cf1d5e4acea7379c6ac696	87258f618571921fca0cf41f4c8f3f0e440733f333cf1d5e4acea7379c6ac696	PACK_A_SCIENTIFIC_VALIDATION	NONE
external_validation_a/pi_ufo_baseline_v1/scripts/build_point.py	releases/pack_a/scientific_validation/external_validation_a/pi_ufo_baseline_v1/scripts/build_point.py	f9bf8fc7cd141f4d815a40a9b71c63945cba0d26670c797e812a52dd1c595591	f9bf8fc7cd141f4d815a40a9b71c63945cba0d26670c797e812a52dd1c595591	PACK_A_SCIENTIFIC_VALIDATION	NONE
external_validation_a/pi_ufo_baseline_v1/scripts/check_coupling_scaling.py	releases/pack_a/scientific_validation/external_validation_a/pi_ufo_baseline_v1/scripts/check_coupling_scaling.py	e25a8cfdf85c7c4f6ee0cdcecd50b4bc2e2bf38e4d827fa4a8e847622818a2bb	e25a8cfdf85c7c4f6ee0cdcecd50b4bc2e2bf38e4d827fa4a8e847622818a2bb	PACK_A_SCIENTIFIC_VALIDATION	NONE
external_validation_a/pi_ufo_baseline_v1/scripts/extract_mg5_cross_section.py	releases/pack_a/scientific_validation/external_validation_a/pi_ufo_baseline_v1/scripts/extract_mg5_cross_section.py	d69fe9bcef06229ffb501b36950c3e4f7586ed69eb8eb52a6d36f6f4d4baf67d	d69fe9bcef06229ffb501b36950c3e4f7586ed69eb8eb52a6d36f6f4d4baf67d	PACK_A_SCIENTIFIC_VALIDATION	NONE
external_validation_a/pi_ufo_baseline_v1/scripts/inspect_lhe.py	releases/pack_a/scientific_validation/external_validation_a/pi_ufo_baseline_v1/scripts/inspect_lhe.py	73defccdf56547b2242cb517ea22d6e0e5ee2760f1cc12ecfd14984b50989027	73defccdf56547b2242cb517ea22d6e0e5ee2760f1cc12ecfd14984b50989027	PACK_A_SCIENTIFIC_VALIDATION	NONE
external_validation_a/pi_ufo_baseline_v1/scripts/make_decay_slha.py	releases/pack_a/scientific_validation/external_validation_a/pi_ufo_baseline_v1/scripts/make_decay_slha.py	7591ee1973ce5ad265d80fe89255c224aadd911339faae7b10f6a37f75427120	7591ee1973ce5ad265d80fe89255c224aadd911339faae7b10f6a37f75427120	PACK_A_SCIENTIFIC_VALIDATION	NONE
external_validation_a/pi_ufo_baseline_v1/scripts/make_param_card.py	releases/pack_a/scientific_validation/external_validation_a/pi_ufo_baseline_v1/scripts/make_param_card.py	b4b986692637a92539a2ee83480a4c12384d8a40ce2b9c8f7e79a3ec54518f12	b4b986692637a92539a2ee83480a4c12384d8a40ce2b9c8f7e79a3ec54518f12	PACK_A_SCIENTIFIC_VALIDATION	NONE
external_validation_a/pi_ufo_baseline_v1/scripts/model_utils.py	releases/pack_a/scientific_validation/external_validation_a/pi_ufo_baseline_v1/scripts/model_utils.py	caf3a366988f220bd08805f27e33d8eef92aac36e1f832f6b27f85f2eeed0f9a	caf3a366988f220bd08805f27e33d8eef92aac36e1f832f6b27f85f2eeed0f9a	PACK_A_SCIENTIFIC_VALIDATION	NONE
external_validation_a/pi_ufo_baseline_v1/scripts/pack_constants.py	releases/pack_a/scientific_validation/external_validation_a/pi_ufo_baseline_v1/scripts/pack_constants.py	d313f0444e1adf5c2f92a81d97aa92efc3ccee50063ddd8669ceb785ce7b2366	d313f0444e1adf5c2f92a81d97aa92efc3ccee50063ddd8669ceb785ce7b2366	PACK_A_SCIENTIFIC_VALIDATION	NONE
external_validation_a/pi_ufo_baseline_v1/scripts/patch_mg5_run_card.py	releases/pack_a/scientific_validation/external_validation_a/pi_ufo_baseline_v1/scripts/patch_mg5_run_card.py	b5d8bbe8cee689e8d88ac1d8d9625c5e2cb2c3037e425f84a00c635286de988f	b5d8bbe8cee689e8d88ac1d8d9625c5e2cb2c3037e425f84a00c635286de988f	PACK_A_SCIENTIFIC_VALIDATION	NONE
external_validation_a/pi_ufo_baseline_v1/scripts/run_mg5_smoke.sh	releases/pack_a/scientific_validation/external_validation_a/pi_ufo_baseline_v1/scripts/run_mg5_smoke.sh	d2f19c450e03d7a8b86e2a703bdc2c873eb77ae2fdcba78bbd80a8a96c5400ee	d2f19c450e03d7a8b86e2a703bdc2c873eb77ae2fdcba78bbd80a8a96c5400ee	PACK_A_SCIENTIFIC_VALIDATION	NONE
external_validation_a/pi_ufo_baseline_v1/scripts/run_pythia_smoke.sh	releases/pack_a/scientific_validation/external_validation_a/pi_ufo_baseline_v1/scripts/run_pythia_smoke.sh	f90529ab57434adfc4d1d1a27e74ccf951a44933294b144242150eeb397dc81d	f90529ab57434adfc4d1d1a27e74ccf951a44933294b144242150eeb397dc81d	PACK_A_SCIENTIFIC_VALIDATION	NONE
external_validation_a/pi_ufo_baseline_v1/scripts/run_recast_smoke.sh	releases/pack_a/scientific_validation/external_validation_a/pi_ufo_baseline_v1/scripts/run_recast_smoke.sh	4dfafdbc9f40dd70f66a09613f5a2b885f844d30520ed1787774ad3112455d08	4dfafdbc9f40dd70f66a09613f5a2b885f844d30520ed1787774ad3112455d08	PACK_A_SCIENTIFIC_VALIDATION	NONE
external_validation_a/pi_ufo_baseline_v1/scripts/run_static_tests.py	releases/pack_a/scientific_validation/external_validation_a/pi_ufo_baseline_v1/scripts/run_static_tests.py	dd62bced24d1bc951f1d90a8432767948be20affec6ae8e7b81586d2e59339e2	dd62bced24d1bc951f1d90a8432767948be20affec6ae8e7b81586d2e59339e2	PACK_A_SCIENTIFIC_VALIDATION	NONE
external_validation_a/pi_ufo_baseline_v1/scripts/validate_point.py	releases/pack_a/scientific_validation/external_validation_a/pi_ufo_baseline_v1/scripts/validate_point.py	a2098fa13e478414620127d90450e7126dbf52d8ad78347a7c01814955c02fde	a2098fa13e478414620127d90450e7126dbf52d8ad78347a7c01814955c02fde	PACK_A_SCIENTIFIC_VALIDATION	NONE
external_validation_a/pi_ufo_baseline_v1/tests/__pycache__/test_invalid_points.cpython-311-pytest-9.1.1.pyc	releases/pack_a/scientific_validation/external_validation_a/pi_ufo_baseline_v1/tests/__pycache__/test_invalid_points.cpython-311-pytest-9.1.1.pyc	9dc7c976b020fb8749d67524bc9370f1b4b521537f0fc90f6a89b3afdc8fe917	9dc7c976b020fb8749d67524bc9370f1b4b521537f0fc90f6a89b3afdc8fe917	PACK_A_SCIENTIFIC_VALIDATION	NONE
external_validation_a/pi_ufo_baseline_v1/tests/__pycache__/test_model_contract.cpython-311-pytest-9.1.1.pyc	releases/pack_a/scientific_validation/external_validation_a/pi_ufo_baseline_v1/tests/__pycache__/test_model_contract.cpython-311-pytest-9.1.1.pyc	313eb14633780cb36f4774b51fdba5517a2439e1dcf0f295b9e7b3707ad38604	313eb14633780cb36f4774b51fdba5517a2439e1dcf0f295b9e7b3707ad38604	PACK_A_SCIENTIFIC_VALIDATION	NONE
external_validation_a/pi_ufo_baseline_v1/tests/test_invalid_points.py	releases/pack_a/scientific_validation/external_validation_a/pi_ufo_baseline_v1/tests/test_invalid_points.py	14f4013f789860815db3aa0df9465f63d439c21e924e6793252e72173926e3f9	14f4013f789860815db3aa0df9465f63d439c21e924e6793252e72173926e3f9	PACK_A_SCIENTIFIC_VALIDATION	NONE
external_validation_a/pi_ufo_baseline_v1/tests/test_model_contract.py	releases/pack_a/scientific_validation/external_validation_a/pi_ufo_baseline_v1/tests/test_model_contract.py	1b69812e914ccb6ee91f5e08764895a2b810342b9e09b1218803a00f87c68090	1b69812e914ccb6ee91f5e08764895a2b810342b9e09b1218803a00f87c68090	PACK_A_SCIENTIFIC_VALIDATION	NONE
external_validation_a/pi_ufo_baseline_v1/validation/AB_STATIC_REGRESSION.json	releases/pack_a/scientific_validation/external_validation_a/pi_ufo_baseline_v1/validation/AB_STATIC_REGRESSION.json	8820eeede0af161ef5de48bdde24928d4da78bc8ff3e744f6cc609e5bbb81b19	8820eeede0af161ef5de48bdde24928d4da78bc8ff3e744f6cc609e5bbb81b19	PACK_A_SCIENTIFIC_VALIDATION	NONE
external_validation_a/pi_ufo_baseline_v1/validation/EXTERNAL_RUNTIME_STATUS.md	releases/pack_a/scientific_validation/external_validation_a/pi_ufo_baseline_v1/validation/EXTERNAL_RUNTIME_STATUS.md	92a681803f3a97d4b0cf198a627d132934b2ec9278d5f852771bb8dabb603315	92a681803f3a97d4b0cf198a627d132934b2ec9278d5f852771bb8dabb603315	PACK_A_SCIENTIFIC_VALIDATION	NONE
external_validation_a/pi_ufo_baseline_v1/validation/RECAST_ADAPTER.md	releases/pack_a/scientific_validation/external_validation_a/pi_ufo_baseline_v1/validation/RECAST_ADAPTER.md	071f5b79b7836d9e16d0c659f624dfb4738221577cebb768a5e2b3fa18b00b2c	071f5b79b7836d9e16d0c659f624dfb4738221577cebb768a5e2b3fa18b00b2c	PACK_A_SCIENTIFIC_VALIDATION	NONE
external_validation_a/pi_ufo_baseline_v1/validation/STATIC_VALIDATION.json	releases/pack_a/scientific_validation/external_validation_a/pi_ufo_baseline_v1/validation/STATIC_VALIDATION.json	a755e05135e9a65090650f180aa101d9e7a71eace754adde74c291ac3f4305f5	a755e05135e9a65090650f180aa101d9e7a71eace754adde74c291ac3f4305f5	PACK_A_SCIENTIFIC_VALIDATION	NONE
external_validation_a/pi_ufo_baseline_v1/validation/logs/build_point.log	releases/pack_a/scientific_validation/external_validation_a/pi_ufo_baseline_v1/validation/logs/build_point.log	add34281d7b1547db4ab6f92d6d73c321b892e95d2b6f7fd89ce62ea24a6dd26	add34281d7b1547db4ab6f92d6d73c321b892e95d2b6f7fd89ce62ea24a6dd26	PACK_A_SCIENTIFIC_VALIDATION	NONE
external_validation_a/pi_ufo_baseline_v1/validation/logs/compileall.log	releases/pack_a/scientific_validation/external_validation_a/pi_ufo_baseline_v1/validation/logs/compileall.log	e3b0c44298fc1c149afbf4c8996fb92427ae41e4649b934ca495991b7852b855	e3b0c44298fc1c149afbf4c8996fb92427ae41e4649b934ca495991b7852b855	PACK_A_SCIENTIFIC_VALIDATION	NONE
external_validation_a/pi_ufo_baseline_v1/validation/logs/shell_syntax.log	releases/pack_a/scientific_validation/external_validation_a/pi_ufo_baseline_v1/validation/logs/shell_syntax.log	e3b0c44298fc1c149afbf4c8996fb92427ae41e4649b934ca495991b7852b855	e3b0c44298fc1c149afbf4c8996fb92427ae41e4649b934ca495991b7852b855	PACK_A_SCIENTIFIC_VALIDATION	NONE
external_validation_a/pi_ufo_baseline_v1/validation/logs/standalone_param_card.dat	releases/pack_a/scientific_validation/external_validation_a/pi_ufo_baseline_v1/validation/logs/standalone_param_card.dat	520869311058818f46eb103f49c7cee51e1687548685c11e1bf32e73854c1ccf	520869311058818f46eb103f49c7cee51e1687548685c11e1bf32e73854c1ccf	PACK_A_SCIENTIFIC_VALIDATION	NONE
external_validation_a/pi_ufo_baseline_v1/validation/logs/static_tests.log	releases/pack_a/scientific_validation/external_validation_a/pi_ufo_baseline_v1/validation/logs/static_tests.log	f0c6add6887a524e3318195865b0fc39f0c2e4069d859f4d3f45e63103210c62	f0c6add6887a524e3318195865b0fc39f0c2e4069d859f4d3f45e63103210c62	PACK_A_SCIENTIFIC_VALIDATION	NONE
external_validation_a/pi_ufo_baseline_v1/validation/logs/unittest.log	releases/pack_a/scientific_validation/external_validation_a/pi_ufo_baseline_v1/validation/logs/unittest.log	b37bcbe136912834dbdbdad4eac2ef290dd2594f3604b5fa1647af6617fbb85b	b37bcbe136912834dbdbdad4eac2ef290dd2594f3604b5fa1647af6617fbb85b	PACK_A_SCIENTIFIC_VALIDATION	NONE
external_validation_a/pi_ufo_baseline_v1/validation/logs/writer.log	releases/pack_a/scientific_validation/external_validation_a/pi_ufo_baseline_v1/validation/logs/writer.log	48f80afdeead575514dc214c2ba0639f259fca15b9d09a00f0c3e3aef9bce58f	48f80afdeead575514dc214c2ba0639f259fca15b9d09a00f0c3e3aef9bce58f	PACK_A_SCIENTIFIC_VALIDATION	NONE
external_validation_a/pi_ufo_baseline_v1/validation/provenance_inventory.json	releases/pack_a/scientific_validation/external_validation_a/pi_ufo_baseline_v1/validation/provenance_inventory.json	a1fe73c94d34ea7bb1c3408371fa60119cbc76304c6edead412ff3ea0d013921	a1fe73c94d34ea7bb1c3408371fa60119cbc76304c6edead412ff3ea0d013921	PACK_A_SCIENTIFIC_VALIDATION	NONE
external_validation_a/pi_ufo_baseline_v1/validation/pythia_llp_smoke.cc	releases/pack_a/scientific_validation/external_validation_a/pi_ufo_baseline_v1/validation/pythia_llp_smoke.cc	c073542f90272ccacab0d123170dfe1036e97f43ac90754733432bd34fa368ad	c073542f90272ccacab0d123170dfe1036e97f43ac90754733432bd34fa368ad	PACK_A_SCIENTIFIC_VALIDATION	NONE
external_validation_a/pi_ufo_baseline_v1/validation/source_material/2HDMC_COUPLING_TRACE.md	releases/pack_a/scientific_validation/external_validation_a/pi_ufo_baseline_v1/validation/source_material/2HDMC_COUPLING_TRACE.md	2897e54ccf3328eb6659c23ae2791b9bc047fdc71c143894b88cf79ac79e5d24	2897e54ccf3328eb6659c23ae2791b9bc047fdc71c143894b88cf79ac79e5d24	PACK_A_SCIENTIFIC_VALIDATION	NONE
external_validation_a/pi_ufo_baseline_v1/validation/source_material/LLSCALAR_V3_MODEL_CARD.md	releases/pack_a/scientific_validation/external_validation_a/pi_ufo_baseline_v1/validation/source_material/LLSCALAR_V3_MODEL_CARD.md	eb50e8f975c486c622fdd3fa6f9c83f368237323ee6e87f0c472df729ae8fe45	eb50e8f975c486c622fdd3fa6f9c83f368237323ee6e87f0c472df729ae8fe45	PACK_A_SCIENTIFIC_VALIDATION	NONE
external_validation_a/pi_ufo_baseline_v1/validation/source_material/MADGRAPH_SMOKE_REPORT.md	releases/pack_a/scientific_validation/external_validation_a/pi_ufo_baseline_v1/validation/source_material/MADGRAPH_SMOKE_REPORT.md	b3bdc5833322974bc0b630b5cd6bef2cae2f37547e1cf376ac1c8a9887655e0d	b3bdc5833322974bc0b630b5cd6bef2cae2f37547e1cf376ac1c8a9887655e0d	PACK_A_SCIENTIFIC_VALIDATION	NONE
external_validation_a/pi_ufo_baseline_v1/validation/source_material/PhysScanWithFixings.cpp	releases/pack_a/scientific_validation/external_validation_a/pi_ufo_baseline_v1/validation/source_material/PhysScanWithFixings.cpp	786d630bc989350e49259a41aef834a222f6ef924972d18458aa102b75585246	786d630bc989350e49259a41aef834a222f6ef924972d18458aa102b75585246	PACK_A_SCIENTIFIC_VALIDATION	NONE
external_validation_a/pi_ufo_baseline_v1/validation/source_material/UFO_AUDIT_ADDENDUM_20260716.md	releases/pack_a/scientific_validation/external_validation_a/pi_ufo_baseline_v1/validation/source_material/UFO_AUDIT_ADDENDUM_20260716.md	1b64e18d3e7fc3e66d79940d885232c634f079f3f73a557ded022ce06ef418f6	1b64e18d3e7fc3e66d79940d885232c634f079f3f73a557ded022ce06ef418f6	PACK_A_SCIENTIFIC_VALIDATION	NONE
external_validation_a/pi_ufo_baseline_v1/validation/source_material/UFO_HASH_MANIFEST.json	releases/pack_a/scientific_validation/external_validation_a/pi_ufo_baseline_v1/validation/source_material/UFO_HASH_MANIFEST.json	0c69511d0951c8a93b69a579fa15b4457b26a04c46e38f13b695fb7a3ac34606	0c69511d0951c8a93b69a579fa15b4457b26a04c46e38f13b695fb7a3ac34606	PACK_A_SCIENTIFIC_VALIDATION	NONE
external_validation_a/pi_ufo_baseline_v1/validation/source_material/UFO_SCIENTIFIC_DIFF.md	releases/pack_a/scientific_validation/external_validation_a/pi_ufo_baseline_v1/validation/source_material/UFO_SCIENTIFIC_DIFF.md	49be46d31a8207f85477fdbe1ae4a12aab0c0bd8c933c998e9c708fd266003a5	49be46d31a8207f85477fdbe1ae4a12aab0c0bd8c933c998e9c708fd266003a5	PACK_A_SCIENTIFIC_VALIDATION	NONE
external_validation_a/pi_ufo_baseline_v1/validation/source_material/VERSION_DECISION.md	releases/pack_a/scientific_validation/external_validation_a/pi_ufo_baseline_v1/validation/source_material/VERSION_DECISION.md	db14efd68f3b89358221e361fdf5170e4dce593726fa3ed920994c6baab2afe0	db14efd68f3b89358221e361fdf5170e4dce593726fa3ed920994c6baab2afe0	PACK_A_SCIENTIFIC_VALIDATION	NONE
external_validation_a/pi_ufo_baseline_v1/vendor/LLscalar_v3_UFO_original/23-06-21_LLscalar_v2_UFO.log	releases/pack_a/scientific_validation/external_validation_a/pi_ufo_baseline_v1/vendor/LLscalar_v3_UFO_original/23-06-21_LLscalar_v2_UFO.log	8b449afef3dc2227055e9d6e06ff2e9da9c38c01e39d4c3df820dd0742261374	8b449afef3dc2227055e9d6e06ff2e9da9c38c01e39d4c3df820dd0742261374	PACK_A_SCIENTIFIC_VALIDATION	NONE
external_validation_a/pi_ufo_baseline_v1/vendor/LLscalar_v3_UFO_original/CT_couplings.py	releases/pack_a/scientific_validation/external_validation_a/pi_ufo_baseline_v1/vendor/LLscalar_v3_UFO_original/CT_couplings.py	58e07e6b6dea344858f32bccd1948a10768d38a217b88448aa4dc976c0a77b58	58e07e6b6dea344858f32bccd1948a10768d38a217b88448aa4dc976c0a77b58	PACK_A_SCIENTIFIC_VALIDATION	NONE
external_validation_a/pi_ufo_baseline_v1/vendor/LLscalar_v3_UFO_original/__init__.py	releases/pack_a/scientific_validation/external_validation_a/pi_ufo_baseline_v1/vendor/LLscalar_v3_UFO_original/__init__.py	e2198b46e727a0aa09378d715bd33364095057dd910f3b8cf7d7dd6ec1bc71d7	e2198b46e727a0aa09378d715bd33364095057dd910f3b8cf7d7dd6ec1bc71d7	PACK_A_SCIENTIFIC_VALIDATION	NONE
external_validation_a/pi_ufo_baseline_v1/vendor/LLscalar_v3_UFO_original/__init__.pyc	releases/pack_a/scientific_validation/external_validation_a/pi_ufo_baseline_v1/vendor/LLscalar_v3_UFO_original/__init__.pyc	8f856fab86e53bebb1466e0ab415e5f827cc6e0ea0459a05851b7b530c86e0ec	8f856fab86e53bebb1466e0ab415e5f827cc6e0ea0459a05851b7b530c86e0ec	PACK_A_SCIENTIFIC_VALIDATION	NONE
external_validation_a/pi_ufo_baseline_v1/vendor/LLscalar_v3_UFO_original/coupling_orders.py	releases/pack_a/scientific_validation/external_validation_a/pi_ufo_baseline_v1/vendor/LLscalar_v3_UFO_original/coupling_orders.py	80d652d3441c1fed3242dc7a4141a12f5a7ccc2f2cc6764dd5d22bb39083d132	80d652d3441c1fed3242dc7a4141a12f5a7ccc2f2cc6764dd5d22bb39083d132	PACK_A_SCIENTIFIC_VALIDATION	NONE
external_validation_a/pi_ufo_baseline_v1/vendor/LLscalar_v3_UFO_original/coupling_orders.pyc	releases/pack_a/scientific_validation/external_validation_a/pi_ufo_baseline_v1/vendor/LLscalar_v3_UFO_original/coupling_orders.pyc	df291be90bb15f877d68f8a1dfd93fab61fce9014ba9b30c49fa7f00a19446cd	df291be90bb15f877d68f8a1dfd93fab61fce9014ba9b30c49fa7f00a19446cd	PACK_A_SCIENTIFIC_VALIDATION	NONE
external_validation_a/pi_ufo_baseline_v1/vendor/LLscalar_v3_UFO_original/couplings.py	releases/pack_a/scientific_validation/external_validation_a/pi_ufo_baseline_v1/vendor/LLscalar_v3_UFO_original/couplings.py	199021f332fa57314f1a9dbd487a08c8310f9d5b4ce408eaa6c5ea99a649c3f4	199021f332fa57314f1a9dbd487a08c8310f9d5b4ce408eaa6c5ea99a649c3f4	PACK_A_SCIENTIFIC_VALIDATION	NONE
external_validation_a/pi_ufo_baseline_v1/vendor/LLscalar_v3_UFO_original/couplings.pyc	releases/pack_a/scientific_validation/external_validation_a/pi_ufo_baseline_v1/vendor/LLscalar_v3_UFO_original/couplings.pyc	418b3a715649d3cd5870a9e7ada48e6fdfdb7f2a7be937339b3d06dd9b802c5d	418b3a715649d3cd5870a9e7ada48e6fdfdb7f2a7be937339b3d06dd9b802c5d	PACK_A_SCIENTIFIC_VALIDATION	NONE
external_validation_a/pi_ufo_baseline_v1/vendor/LLscalar_v3_UFO_original/decays.py	releases/pack_a/scientific_validation/external_validation_a/pi_ufo_baseline_v1/vendor/LLscalar_v3_UFO_original/decays.py	ebb92183abff92cdaf55aeb80399effe2cc0256f1423ce807a390cd420564e23	ebb92183abff92cdaf55aeb80399effe2cc0256f1423ce807a390cd420564e23	PACK_A_SCIENTIFIC_VALIDATION	NONE
external_validation_a/pi_ufo_baseline_v1/vendor/LLscalar_v3_UFO_original/decays.pyc	releases/pack_a/scientific_validation/external_validation_a/pi_ufo_baseline_v1/vendor/LLscalar_v3_UFO_original/decays.pyc	b8f3235c7479a905f568bf810843e4fd6fbfc066aa1b16ee786b9a7856c704a5	b8f3235c7479a905f568bf810843e4fd6fbfc066aa1b16ee786b9a7856c704a5	PACK_A_SCIENTIFIC_VALIDATION	NONE
external_validation_a/pi_ufo_baseline_v1/vendor/LLscalar_v3_UFO_original/form_factors.py	releases/pack_a/scientific_validation/external_validation_a/pi_ufo_baseline_v1/vendor/LLscalar_v3_UFO_original/form_factors.py	9fdae69a684ddd1eb5963a1695e0f5449045755826aa62a8829569848b32f478	9fdae69a684ddd1eb5963a1695e0f5449045755826aa62a8829569848b32f478	PACK_A_SCIENTIFIC_VALIDATION	NONE
external_validation_a/pi_ufo_baseline_v1/vendor/LLscalar_v3_UFO_original/form_factors.pyc	releases/pack_a/scientific_validation/external_validation_a/pi_ufo_baseline_v1/vendor/LLscalar_v3_UFO_original/form_factors.pyc	e768f2265c4e24748bd3f03b55eb965fcd2167d81eed2e2391e65dcee0aa02f0	e768f2265c4e24748bd3f03b55eb965fcd2167d81eed2e2391e65dcee0aa02f0	PACK_A_SCIENTIFIC_VALIDATION	NONE
external_validation_a/pi_ufo_baseline_v1/vendor/LLscalar_v3_UFO_original/function_library.py	releases/pack_a/scientific_validation/external_validation_a/pi_ufo_baseline_v1/vendor/LLscalar_v3_UFO_original/function_library.py	af85d1d7e83bc0f7a016258b6cc3e179c4d9fd6778ce553ebf7ff4b8be5b968f	af85d1d7e83bc0f7a016258b6cc3e179c4d9fd6778ce553ebf7ff4b8be5b968f	PACK_A_SCIENTIFIC_VALIDATION	NONE
external_validation_a/pi_ufo_baseline_v1/vendor/LLscalar_v3_UFO_original/function_library.pyc	releases/pack_a/scientific_validation/external_validation_a/pi_ufo_baseline_v1/vendor/LLscalar_v3_UFO_original/function_library.pyc	87495ebb51be2f3cf64ed50afaeab4efa7ddfe10696195f72ae6eb05481aa330	87495ebb51be2f3cf64ed50afaeab4efa7ddfe10696195f72ae6eb05481aa330	PACK_A_SCIENTIFIC_VALIDATION	NONE
external_validation_a/pi_ufo_baseline_v1/vendor/LLscalar_v3_UFO_original/function_library.py~	releases/pack_a/scientific_validation/external_validation_a/pi_ufo_baseline_v1/vendor/LLscalar_v3_UFO_original/function_library.py~	596e28fed5966088b6ee1d193e4dfbfd0f59a5837b283bc0dbaacb18bab1510c	596e28fed5966088b6ee1d193e4dfbfd0f59a5837b283bc0dbaacb18bab1510c	PACK_A_SCIENTIFIC_VALIDATION	NONE
external_validation_a/pi_ufo_baseline_v1/vendor/LLscalar_v3_UFO_original/lorentz.py	releases/pack_a/scientific_validation/external_validation_a/pi_ufo_baseline_v1/vendor/LLscalar_v3_UFO_original/lorentz.py	4b818a0fd7a9f1ded91a957251380f4116a30454f8e1fc72e1c7ccacdab6bf8f	4b818a0fd7a9f1ded91a957251380f4116a30454f8e1fc72e1c7ccacdab6bf8f	PACK_A_SCIENTIFIC_VALIDATION	NONE
external_validation_a/pi_ufo_baseline_v1/vendor/LLscalar_v3_UFO_original/lorentz.pyc	releases/pack_a/scientific_validation/external_validation_a/pi_ufo_baseline_v1/vendor/LLscalar_v3_UFO_original/lorentz.pyc	93a4efa791a0ea7b8a4c25c96cc696e54a6b6044a81198bab964edc10a3ae8fa	93a4efa791a0ea7b8a4c25c96cc696e54a6b6044a81198bab964edc10a3ae8fa	PACK_A_SCIENTIFIC_VALIDATION	NONE
external_validation_a/pi_ufo_baseline_v1/vendor/LLscalar_v3_UFO_original/model.pkl	releases/pack_a/scientific_validation/external_validation_a/pi_ufo_baseline_v1/vendor/LLscalar_v3_UFO_original/model.pkl	3e5d932583c67a19ac70bc3baa5e805b20a68eda500bc6458a5ab0ba1a3a00df	3e5d932583c67a19ac70bc3baa5e805b20a68eda500bc6458a5ab0ba1a3a00df	PACK_A_SCIENTIFIC_VALIDATION	NONE
external_validation_a/pi_ufo_baseline_v1/vendor/LLscalar_v3_UFO_original/object_library.py	releases/pack_a/scientific_validation/external_validation_a/pi_ufo_baseline_v1/vendor/LLscalar_v3_UFO_original/object_library.py	4bef9ba0a44b89048f5ed02f0c97f5937e1a2ce8a949574bdaa6f67ae80f9e11	4bef9ba0a44b89048f5ed02f0c97f5937e1a2ce8a949574bdaa6f67ae80f9e11	PACK_A_SCIENTIFIC_VALIDATION	NONE
external_validation_a/pi_ufo_baseline_v1/vendor/LLscalar_v3_UFO_original/object_library.pyc	releases/pack_a/scientific_validation/external_validation_a/pi_ufo_baseline_v1/vendor/LLscalar_v3_UFO_original/object_library.pyc	db074a0d5eda07359f4515bcb4396c5babecf2468c15aa7f4fdc5d7ea4e1ab3f	db074a0d5eda07359f4515bcb4396c5babecf2468c15aa7f4fdc5d7ea4e1ab3f	PACK_A_SCIENTIFIC_VALIDATION	NONE
external_validation_a/pi_ufo_baseline_v1/vendor/LLscalar_v3_UFO_original/param_card.dat	releases/pack_a/scientific_validation/external_validation_a/pi_ufo_baseline_v1/vendor/LLscalar_v3_UFO_original/param_card.dat	1219ff7dce5744492cca90aa0c58d648e427282977501bf4a2ef1d6093f99e6e	1219ff7dce5744492cca90aa0c58d648e427282977501bf4a2ef1d6093f99e6e	PACK_A_SCIENTIFIC_VALIDATION	NONE
external_validation_a/pi_ufo_baseline_v1/vendor/LLscalar_v3_UFO_original/parameters.py	releases/pack_a/scientific_validation/external_validation_a/pi_ufo_baseline_v1/vendor/LLscalar_v3_UFO_original/parameters.py	7f84d779ff83dd52bbfecbbfe31df147e2df79faab0bcda716d5908d63b3d45b	7f84d779ff83dd52bbfecbbfe31df147e2df79faab0bcda716d5908d63b3d45b	PACK_A_SCIENTIFIC_VALIDATION	NONE
external_validation_a/pi_ufo_baseline_v1/vendor/LLscalar_v3_UFO_original/parameters.pyc	releases/pack_a/scientific_validation/external_validation_a/pi_ufo_baseline_v1/vendor/LLscalar_v3_UFO_original/parameters.pyc	5e77c9df6a3660cafeccb135ea03479de7082b8a064a433ae4930d9a0207efc7	5e77c9df6a3660cafeccb135ea03479de7082b8a064a433ae4930d9a0207efc7	PACK_A_SCIENTIFIC_VALIDATION	NONE
external_validation_a/pi_ufo_baseline_v1/vendor/LLscalar_v3_UFO_original/parameters.py~	releases/pack_a/scientific_validation/external_validation_a/pi_ufo_baseline_v1/vendor/LLscalar_v3_UFO_original/parameters.py~	01152962e08c059ba4124d253e185a1790e844f0f1f997d04bd867a1cf0c7593	01152962e08c059ba4124d253e185a1790e844f0f1f997d04bd867a1cf0c7593	PACK_A_SCIENTIFIC_VALIDATION	NONE
external_validation_a/pi_ufo_baseline_v1/vendor/LLscalar_v3_UFO_original/particles.py	releases/pack_a/scientific_validation/external_validation_a/pi_ufo_baseline_v1/vendor/LLscalar_v3_UFO_original/particles.py	01c61a7a352a5bebb747fff0c9ac3e228fa7575dfc381a339ecb285332b223c6	01c61a7a352a5bebb747fff0c9ac3e228fa7575dfc381a339ecb285332b223c6	PACK_A_SCIENTIFIC_VALIDATION	NONE
external_validation_a/pi_ufo_baseline_v1/vendor/LLscalar_v3_UFO_original/particles.pyc	releases/pack_a/scientific_validation/external_validation_a/pi_ufo_baseline_v1/vendor/LLscalar_v3_UFO_original/particles.pyc	26c50296125f237feb4de1eeda8f65acf3d5728f061e63cc367dcc31238fec1c	26c50296125f237feb4de1eeda8f65acf3d5728f061e63cc367dcc31238fec1c	PACK_A_SCIENTIFIC_VALIDATION	NONE
external_validation_a/pi_ufo_baseline_v1/vendor/LLscalar_v3_UFO_original/propagators.py	releases/pack_a/scientific_validation/external_validation_a/pi_ufo_baseline_v1/vendor/LLscalar_v3_UFO_original/propagators.py	1a4495d00654b6de8044d7a993b798cb12ca7265199f8e25ce42abdfbc98384a	1a4495d00654b6de8044d7a993b798cb12ca7265199f8e25ce42abdfbc98384a	PACK_A_SCIENTIFIC_VALIDATION	NONE
external_validation_a/pi_ufo_baseline_v1/vendor/LLscalar_v3_UFO_original/propagators.pyc	releases/pack_a/scientific_validation/external_validation_a/pi_ufo_baseline_v1/vendor/LLscalar_v3_UFO_original/propagators.pyc	58ee2fcbf64c811d11b969d9af58b0ca55b24c2a961a2fd2bf77990035fa68e7	58ee2fcbf64c811d11b969d9af58b0ca55b24c2a961a2fd2bf77990035fa68e7	PACK_A_SCIENTIFIC_VALIDATION	NONE
external_validation_a/pi_ufo_baseline_v1/vendor/LLscalar_v3_UFO_original/py3_model.pkl	releases/pack_a/scientific_validation/external_validation_a/pi_ufo_baseline_v1/vendor/LLscalar_v3_UFO_original/py3_model.pkl	353b9c51a80539a71ee91f859d3119a5196263d51496a390ea1313df39180d77	353b9c51a80539a71ee91f859d3119a5196263d51496a390ea1313df39180d77	PACK_A_SCIENTIFIC_VALIDATION	NONE
external_validation_a/pi_ufo_baseline_v1/vendor/LLscalar_v3_UFO_original/vertices.py	releases/pack_a/scientific_validation/external_validation_a/pi_ufo_baseline_v1/vendor/LLscalar_v3_UFO_original/vertices.py	60bb131379499fd85ac21da8e15f960cffcf2d33afc54217481730e82648f6ba	60bb131379499fd85ac21da8e15f960cffcf2d33afc54217481730e82648f6ba	PACK_A_SCIENTIFIC_VALIDATION	NONE
external_validation_a/pi_ufo_baseline_v1/vendor/LLscalar_v3_UFO_original/vertices.pyc	releases/pack_a/scientific_validation/external_validation_a/pi_ufo_baseline_v1/vendor/LLscalar_v3_UFO_original/vertices.pyc	4b833b9ab50468a97954c2039703aec7fa905299d5e071c234fa64417c0b886d	4b833b9ab50468a97954c2039703aec7fa905299d5e071c234fa64417c0b886d	PACK_A_SCIENTIFIC_VALIDATION	NONE
external_validation_a/pi_ufo_baseline_v1/vendor/LLscalar_v3_UFO_original/write_param_card.py	releases/pack_a/scientific_validation/external_validation_a/pi_ufo_baseline_v1/vendor/LLscalar_v3_UFO_original/write_param_card.py	b1fefa31387db6d35631469c59ffbf87539093c34989f123dc63a98b46742462	b1fefa31387db6d35631469c59ffbf87539093c34989f123dc63a98b46742462	PACK_A_SCIENTIFIC_VALIDATION	NONE
pack_a_clean_reproduction_20260718T045536Z.log	logs/pack_a/pack_a_clean_reproduction_20260718T045536Z.log	3e42f84b7c8c10a392acfd2a2a031ab9bf170ca533b53064dc573a63ecba8070	3e42f84b7c8c10a392acfd2a2a031ab9bf170ca533b53064dc573a63ecba8070	GENERATED_LOG_PACK_A	NONE
pack_a_native_20260718T022101Z.log	logs/pack_a/pack_a_native_20260718T022101Z.log	beadc66e8dfcd646a4eb47a9ec9706cfc5cc5ddf7a99170fb1aed126bd42342a	beadc66e8dfcd646a4eb47a9ec9706cfc5cc5ddf7a99170fb1aed126bd42342a	GENERATED_LOG_PACK_A	NONE
pack_a_native_clean.log	logs/pack_a/pack_a_native_clean.log	a8a7169c6556837799157c678886f0dc59f97d3bba7054964d4da89120ecedd8	a8a7169c6556837799157c678886f0dc59f97d3bba7054964d4da89120ecedd8	GENERATED_LOG_PACK_A	NONE
pack_a_native_runtimefix_full.log	logs/pack_a/pack_a_native_runtimefix_full.log	4a79039193338964a28a0f8887a2e356405a47f1b3394d2547fd16a932877273	4a79039193338964a28a0f8887a2e356405a47f1b3394d2547fd16a932877273	GENERATED_LOG_PACK_A	NONE
pi_ufo_baseline_v1.zip	releases/pack_a/candidates/pi_ufo_baseline_v1.zip	632bf77818c84118fa707ad058cb655b90d018a394290cf565ab9d50f2db08cd	632bf77818c84118fa707ad058cb655b90d018a394290cf565ab9d50f2db08cd	PACK_A_CANDIDATE_OR_PARENT	NONE
pi_ufo_baseline_v1_frozen.zip	archive/invalid_freeze_attempts/pi_ufo_baseline_v1_frozen.zip	9cd3dfc7322cf045d815352563edcc143e46f6f873853880690342138314f96e	9cd3dfc7322cf045d815352563edcc143e46f6f873853880690342138314f96e	PACK_A_INVALID_OR_SUPERSEDED_FREEZE	NONE
pi_ufo_baseline_v1_frozen_hotfix1.zip	releases/pack_a/frozen/pi_ufo_baseline_v1_frozen_hotfix1.zip	58f1e976bc8fd6dcc89f353d68dc85ff70c935164e5d168322b1f8633e2537f6	58f1e976bc8fd6dcc89f353d68dc85ff70c935164e5d168322b1f8633e2537f6	PACK_A_FROZEN_RELEASE	CURRENT_PACK_A
pi_ufo_baseline_v1_release_candidate.zip	releases/pack_a/candidates/pi_ufo_baseline_v1_release_candidate.zip	fec8628b3386379b0dae9f308ff949872ff2b6247bba7fdca0a4b35e6df7b3dd	fec8628b3386379b0dae9f308ff949872ff2b6247bba7fdca0a4b35e6df7b3dd	PACK_A_CANDIDATE_OR_PARENT	NONE
pi_ufo_baseline_v1_release_candidate_hotfix1.zip	releases/pack_a/candidates/pi_ufo_baseline_v1_release_candidate_hotfix1.zip	d0547c1fa571eb95b2db81deb736c5d73a4f6fc95284bacc5f7229c73c67c4a8	d0547c1fa571eb95b2db81deb736c5d73a4f6fc95284bacc5f7229c73c67c4a8	PACK_A_CANDIDATE_OR_PARENT	NONE
pi_ufo_baseline_v1_runtimefix.zip	releases/pack_a/historical/pi_ufo_baseline_v1_runtimefix.zip	2a9cde7af91ea66a6275a86ab073b3677efc8a46d7e8913d8475b948a468b755	2a9cde7af91ea66a6275a86ab073b3677efc8a46d7e8913d8475b948a468b755	PACK_A_HISTORICAL_RUNTIMEFIX	NONE
pi_ufo_baseline_v1_runtimefix_candidate.zip	releases/pack_a/candidates/pi_ufo_baseline_v1_runtimefix_candidate.zip	df36904843dc05710f4e0869bbf7c64ec87f501a6f52840b01df29461b94a06d	df36904843dc05710f4e0869bbf7c64ec87f501a6f52840b01df29461b94a06d	PACK_A_CANDIDATE_OR_PARENT	NONE
run_validation_ab.sh	scripts/shared/run_validation_ab.sh	1fd12eebd4033f8177f7bfce8e9ac6689ee7b9596e09834a3e59011834c0306e	81efc62503259e31da581b014eac3f7b561b93be05ce9054af209e131eb73d09	SUPPORTING_SCRIPT	NONE
run_validation_pack_a.sh	scripts/pack_a/run_validation_pack_a.sh	2c3de954c68633f9b7580d3b08420faca766b081c21e431f9a9bebec2acd813b	2b30cf80781ff781b0f3d2282caf536a4a34e47f9c1d186c605403533d83b5a0	SUPPORTING_SCRIPT	NONE
run_validation_pack_b.sh	scripts/pack_b/run_validation_pack_b.sh	fcd5c566fb62e89837e7aa60b382404e85e9ba41984ac3ef2e9e0795acb118fa	d7260a72933d69688ee72dbaa986ce2dcaf2269120c482d3a0da1baef556205e	SUPPORTING_SCRIPT	NONE
ufo_pack_validation_support_v1.zip	inputs/supporting_packs/ufo_pack_validation_support_v1.zip	f81f3981f817997d56e6173c6bb53f59322c0f7190601835118b6a9891be2992	f81f3981f817997d56e6173c6bb53f59322c0f7190601835118b6a9891be2992	SUPPORTING_INPUT	NONE
validation_pack_a_20260717T061757Z.log	logs/historical/validation_pack_a_20260717T061757Z.log	24645f4db0c95ed0f21318b238effa973a90b05d5dc8a2df8194d781cc1ab50b	24645f4db0c95ed0f21318b238effa973a90b05d5dc8a2df8194d781cc1ab50b	GENERATED_LOG_HISTORICAL	NONE
validation_pack_a_20260717T180129Z.log	logs/historical/validation_pack_a_20260717T180129Z.log	d3c507da05d20843a41619bb8b2abd990cc04122584578cc15dd116a9055ce0f	d3c507da05d20843a41619bb8b2abd990cc04122584578cc15dd116a9055ce0f	GENERATED_LOG_HISTORICAL	NONE
