path	type	size_bytes	sha256
.code-review-graph	dir	4096	
.code-review-graph/graph.db	file	139264	2e6644a73dbd262708a8768ef0589b09202d6ff17bc39a13cea5c3b83e216155
.pack_a_native_clean	dir	4096	
.pack_a_native_clean/pi_ufo_baseline_v1_runtimefix	dir	4096	
.pack_a_native_clean/pi_ufo_baseline_v1_runtimefix/.pytest_cache	dir	4096	
.pack_a_native_clean/pi_ufo_baseline_v1_runtimefix/.pytest_cache/CACHEDIR.TAG	file	191	37dc88ef9a0abeddbe81053a6dd8fdfb13afb613045ea1eb4a5c815a74a3bde4
.pack_a_native_clean/pi_ufo_baseline_v1_runtimefix/.pytest_cache/README.md	file	302	73fd6fccdd802c419a6b2d983d6c3173b7da97558ac4b589edec2dfe443db9ad
.pack_a_native_clean/pi_ufo_baseline_v1_runtimefix/.pytest_cache/v	dir	4096	
.pack_a_native_clean/pi_ufo_baseline_v1_runtimefix/.pytest_cache/v/cache	dir	4096	
.pack_a_native_clean/pi_ufo_baseline_v1_runtimefix/.pytest_cache/v/cache/nodeids	file	2387	c9da74fa25387b9de0d44ed3654b06298de13ff0281972a34a53ee75c8034646
.pack_a_native_clean/pi_ufo_baseline_v1_runtimefix/CHANGELOG.md	file	333	c3d53198fd200b55e50ab8e29a0cb0f934aba20ee4a8d996fd9fee141cf09cba
.pack_a_native_clean/pi_ufo_baseline_v1_runtimefix/KNOWN_LIMITATIONS.md	file	856	45d9ae5e457158e37fc8303a3ee74a3f98bbd028601f9397f010b059714a5159
.pack_a_native_clean/pi_ufo_baseline_v1_runtimefix/MODEL_CARD.md	file	907	0776312fe51bce3b4dd6595f05044408feb0585e08febe29006fd5911684229e
.pack_a_native_clean/pi_ufo_baseline_v1_runtimefix/PROVENANCE.md	file	945	c0e2cca2ecd310972a32818dff00f46382057a9822b597487f7e0af00d6d0474
.pack_a_native_clean/pi_ufo_baseline_v1_runtimefix/README.md	file	1526	f55290a1b7f397c09068336021322fec5a309aab4db27de7571c5b497e8d8bfe
.pack_a_native_clean/pi_ufo_baseline_v1_runtimefix/build	dir	4096	
.pack_a_native_clean/pi_ufo_baseline_v1_runtimefix/build/A_PI_NATIVE_200	dir	4096	
.pack_a_native_clean/pi_ufo_baseline_v1_runtimefix/build/A_PI_NATIVE_200/MG5_PROC	dir	4096	
.pack_a_native_clean/pi_ufo_baseline_v1_runtimefix/build/A_PI_NATIVE_200/MG5_PROC/Cards	dir	4096	
.pack_a_native_clean/pi_ufo_baseline_v1_runtimefix/build/A_PI_NATIVE_200/MG5_PROC/Cards/.delphes_trigger.dat	file	1190	dd9e5ef49193a9140ae577fb452af122b0a45a843043e482dfd43c1afd755475
.pack_a_native_clean/pi_ufo_baseline_v1_runtimefix/build/A_PI_NATIVE_200/MG5_PROC/Cards/.plot_card.dat	file	10430	e0991ee24eb7cab4ca668da332ed637806e6473b32a929b2bd4f86bafab1d4b0
.pack_a_native_clean/pi_ufo_baseline_v1_runtimefix/build/A_PI_NATIVE_200/MG5_PROC/Cards/README	file	133	eb3f39466976b976c213203c4a7d0f92eadd325d4e19903efea6fec1db695d65
.pack_a_native_clean/pi_ufo_baseline_v1_runtimefix/build/A_PI_NATIVE_200/MG5_PROC/Cards/delphes_card_ATLAS.dat	file	21552	b6a97bcd6e2b4f19e218eaa07b3afe1937d66452f0519de0b8c367eff46fe69d
.pack_a_native_clean/pi_ufo_baseline_v1_runtimefix/build/A_PI_NATIVE_200/MG5_PROC/Cards/delphes_card_CMS.dat	file	22570	e363da8be306a024159b52547a80045bc48b770424fb5372ffc2ff8f1f5028c0
.pack_a_native_clean/pi_ufo_baseline_v1_runtimefix/build/A_PI_NATIVE_200/MG5_PROC/Cards/delphes_card_default.dat	file	22570	e363da8be306a024159b52547a80045bc48b770424fb5372ffc2ff8f1f5028c0
.pack_a_native_clean/pi_ufo_baseline_v1_runtimefix/build/A_PI_NATIVE_200/MG5_PROC/Cards/delphes_trigger_ATLAS.dat	file	989	14ceb9ab08ebb8bcab3d750fe8b01ab1e3f44d2eacdc8bc944d6899ccafc3b90
.pack_a_native_clean/pi_ufo_baseline_v1_runtimefix/build/A_PI_NATIVE_200/MG5_PROC/Cards/delphes_trigger_CMS.dat	file	1190	dd9e5ef49193a9140ae577fb452af122b0a45a843043e482dfd43c1afd755475
.pack_a_native_clean/pi_ufo_baseline_v1_runtimefix/build/A_PI_NATIVE_200/MG5_PROC/Cards/delphes_trigger_default.dat	file	1190	dd9e5ef49193a9140ae577fb452af122b0a45a843043e482dfd43c1afd755475
.pack_a_native_clean/pi_ufo_baseline_v1_runtimefix/build/A_PI_NATIVE_200/MG5_PROC/Cards/grid_card.dat	file	2018	99aff9f047a6dfbaa59345cc56cb01cf422bb65eef996b6af6515f625e1c13b7
.pack_a_native_clean/pi_ufo_baseline_v1_runtimefix/build/A_PI_NATIVE_200/MG5_PROC/Cards/grid_card_default.dat	file	2018	99aff9f047a6dfbaa59345cc56cb01cf422bb65eef996b6af6515f625e1c13b7
.pack_a_native_clean/pi_ufo_baseline_v1_runtimefix/build/A_PI_NATIVE_200/MG5_PROC/Cards/ident_card.dat	file	761	1aa76ce9345bebd0114be0f8e79509679e6b1a6170480bf02fe917a42a259c3b
.pack_a_native_clean/pi_ufo_baseline_v1_runtimefix/build/A_PI_NATIVE_200/MG5_PROC/Cards/madanalysis5_hadron_card_default.dat	file	135	46f8749617b7606256363a757f5c69896a2b812ab2b1bb7be8c7ca8b64f6000c
.pack_a_native_clean/pi_ufo_baseline_v1_runtimefix/build/A_PI_NATIVE_200/MG5_PROC/Cards/madanalysis5_parton_card_default.dat	file	135	46f8749617b7606256363a757f5c69896a2b812ab2b1bb7be8c7ca8b64f6000c
.pack_a_native_clean/pi_ufo_baseline_v1_runtimefix/build/A_PI_NATIVE_200/MG5_PROC/Cards/madspin_card_default.dat	file	1377	b49e3d4d382a4b66bae665d9b5af308de1d426e2aacdd45f0237c8be7a4f3524
.pack_a_native_clean/pi_ufo_baseline_v1_runtimefix/build/A_PI_NATIVE_200/MG5_PROC/Cards/me5_configuration.txt	file	8889	046f73495203a9d9aa070aee10b844bd5e426b997618ef92cf6be5c4c94c7dbf
.pack_a_native_clean/pi_ufo_baseline_v1_runtimefix/build/A_PI_NATIVE_200/MG5_PROC/Cards/param_card.dat	file	2374	fa6725a698ac16123291936fe7fc4d3f386bec7219153ead94da5a8001163ce6
.pack_a_native_clean/pi_ufo_baseline_v1_runtimefix/build/A_PI_NATIVE_200/MG5_PROC/Cards/param_card_default.dat	file	4142	8c97ba08846b27b1fb0a139161259653d507aed22b172635f5ea7ee4fa4baf83
.pack_a_native_clean/pi_ufo_baseline_v1_runtimefix/build/A_PI_NATIVE_200/MG5_PROC/Cards/pgs_card_ATLAS.dat	file	1244	4abbda9b8fc97521a6b510d200c3657695caea73054516ccac16fccd89f63f43
.pack_a_native_clean/pi_ufo_baseline_v1_runtimefix/build/A_PI_NATIVE_200/MG5_PROC/Cards/pgs_card_CMS.dat	file	1244	2fa767eeb3d1a767e9b4da6f8f35099b6546943f9c3993291c9ab122554d43ca
.pack_a_native_clean/pi_ufo_baseline_v1_runtimefix/build/A_PI_NATIVE_200/MG5_PROC/Cards/pgs_card_LHC.dat	file	1244	1e166308920fbb153706ec4338c81c2ae52753f8e3b8ae19bea32cc8618f85d4
.pack_a_native_clean/pi_ufo_baseline_v1_runtimefix/build/A_PI_NATIVE_200/MG5_PROC/Cards/pgs_card_TEV.dat	file	1212	523df464434f492b0b915d7d5f22aee198a515696228bf859daba920fb6e2ed1
.pack_a_native_clean/pi_ufo_baseline_v1_runtimefix/build/A_PI_NATIVE_200/MG5_PROC/Cards/pgs_card_default.dat	file	1244	1e166308920fbb153706ec4338c81c2ae52753f8e3b8ae19bea32cc8618f85d4
.pack_a_native_clean/pi_ufo_baseline_v1_runtimefix/build/A_PI_NATIVE_200/MG5_PROC/Cards/plot_card_default.dat	file	10430	e0991ee24eb7cab4ca668da332ed637806e6473b32a929b2bd4f86bafab1d4b0
.pack_a_native_clean/pi_ufo_baseline_v1_runtimefix/build/A_PI_NATIVE_200/MG5_PROC/Cards/proc_card_mg5.dat	file	2407	48966785ce76a71dd272db06425fca7ad05faa23c65a1a848375bf97270f7e2f
.pack_a_native_clean/pi_ufo_baseline_v1_runtimefix/build/A_PI_NATIVE_200/MG5_PROC/Cards/pythia8_card_default.dat	file	4434	eae9ab88aed291ccfa93aad879abb00c479fe5e852b50a14f48ee2c4ee25a255
.pack_a_native_clean/pi_ufo_baseline_v1_runtimefix/build/A_PI_NATIVE_200/MG5_PROC/Cards/pythia_card_default.dat	file	350	392b11bcb52bfabab408edd2ee691e138f9e4f2d5d5c514287a25f4f29d7215b
.pack_a_native_clean/pi_ufo_baseline_v1_runtimefix/build/A_PI_NATIVE_200/MG5_PROC/Cards/replace_card1.dat	file	149	92d5563c5b5f8d68bc0dc3ee8c350eaee7d43d43aca4d9f6c94d3abc0e69a73a
.pack_a_native_clean/pi_ufo_baseline_v1_runtimefix/build/A_PI_NATIVE_200/MG5_PROC/Cards/reweight_card_default.dat	file	3611	281463939a80f0069f80df4108294b7678eeaeba6f2004443e54b9819a8b5cc2
.pack_a_native_clean/pi_ufo_baseline_v1_runtimefix/build/A_PI_NATIVE_200/MG5_PROC/Cards/rivet_card_default.dat	file	3044	e1aa7c84051518a747156689b388d0d2428808c629b15b2770f50550d5a1b357
.pack_a_native_clean/pi_ufo_baseline_v1_runtimefix/build/A_PI_NATIVE_200/MG5_PROC/Cards/run_card.dat	file	8995	eaf89de16945797f354b820f3a2dd5b875f2d79142efd73a0ebad861af1d7a87
.pack_a_native_clean/pi_ufo_baseline_v1_runtimefix/build/A_PI_NATIVE_200/MG5_PROC/Cards/run_card_default.dat	file	9127	00cd76255b00442ba62ac6704680b77f69cff6d630c1e81d4a806f2b69177611
.pack_a_native_clean/pi_ufo_baseline_v1_runtimefix/build/A_PI_NATIVE_200/MG5_PROC/Events	dir	4096	
.pack_a_native_clean/pi_ufo_baseline_v1_runtimefix/build/A_PI_NATIVE_200/MG5_PROC/Events/.keep	file	0	e3b0c44298fc1c149afbf4c8996fb92427ae41e4649b934ca495991b7852b855
.pack_a_native_clean/pi_ufo_baseline_v1_runtimefix/build/A_PI_NATIVE_200/MG5_PROC/Events/smoke	dir	4096	
.pack_a_native_clean/pi_ufo_baseline_v1_runtimefix/build/A_PI_NATIVE_200/MG5_PROC/Events/smoke/smoke_tag_1_banner.txt	file	18257	ccd9e0a2e9e1dd2792fee3fc891dabfcd97d3929e89abdde57d0860e3e99df87
.pack_a_native_clean/pi_ufo_baseline_v1_runtimefix/build/A_PI_NATIVE_200/MG5_PROC/Events/smoke/unweighted_events.lhe.gz	file	18150	e756583bfab44ebc148da94c2dcbf5c189bd3b177b09eebd54fa7e803bcf4a54
.pack_a_native_clean/pi_ufo_baseline_v1_runtimefix/build/A_PI_NATIVE_200/MG5_PROC/HTML	dir	4096	
.pack_a_native_clean/pi_ufo_baseline_v1_runtimefix/build/A_PI_NATIVE_200/MG5_PROC/HTML/crossx.html	file	0	e3b0c44298fc1c149afbf4c8996fb92427ae41e4649b934ca495991b7852b855
.pack_a_native_clean/pi_ufo_baseline_v1_runtimefix/build/A_PI_NATIVE_200/MG5_PROC/HTML/info-default.html	file	685	48cd8ccaa2a07f9a2744e142558ff0e9c8d2bab35636df22c29cc6e828e71cb0
.pack_a_native_clean/pi_ufo_baseline_v1_runtimefix/build/A_PI_NATIVE_200/MG5_PROC/HTML/info.html	file	1372	77bb464f063cac567706b2d30767a8eb628fc3abe54e07f1e31c0206e911c352
.pack_a_native_clean/pi_ufo_baseline_v1_runtimefix/build/A_PI_NATIVE_200/MG5_PROC/HTML/mgstyle.css	file	652	d12e48c9910c15a22b8095d045578863ca2fac20b765692ea248d81911673ba6
.pack_a_native_clean/pi_ufo_baseline_v1_runtimefix/build/A_PI_NATIVE_200/MG5_PROC/HTML/results.pkl	file	2152	ac68a0864174396a446ad3336f68af8b4234c4d77a11b6a2cb6ebd04d5966cf6
.pack_a_native_clean/pi_ufo_baseline_v1_runtimefix/build/A_PI_NATIVE_200/MG5_PROC/HTML/smoke	dir	4096	
.pack_a_native_clean/pi_ufo_baseline_v1_runtimefix/build/A_PI_NATIVE_200/MG5_PROC/HTML/smoke/results.html	file	2268	a0973c4d2da5144cfc1090711ec51457dbef61716dd99517acdf3082d4bdf1da
.pack_a_native_clean/pi_ufo_baseline_v1_runtimefix/build/A_PI_NATIVE_200/MG5_PROC/HTML/sortable.js	file	9967	9a1e49c93b802edad64c0195a0eba240e0efb1a2f47bfcfa8288ad5f8bcceef9
.pack_a_native_clean/pi_ufo_baseline_v1_runtimefix/build/A_PI_NATIVE_200/MG5_PROC/HTML/stop.jpg	file	9241	ba221735467931a9f936c1a62ab9159940eab27ad5adc2369df0edd21121fa90
.pack_a_native_clean/pi_ufo_baseline_v1_runtimefix/build/A_PI_NATIVE_200/MG5_PROC/HTML/thinking.gif	file	54166	e24769c8b69e96e5ab0714fb216bb04722482357d3fbc182c0cf038a324031d4
.pack_a_native_clean/pi_ufo_baseline_v1_runtimefix/build/A_PI_NATIVE_200/MG5_PROC/MGMEVersion.txt	file	5	878103c645ee9a78bccb0be542dca18fd14c37ff9fa7e269250288da0cfb8217
.pack_a_native_clean/pi_ufo_baseline_v1_runtimefix/build/A_PI_NATIVE_200/MG5_PROC/README	file	6747	526514d60b377501fc2ff3f3e89fe398cb60860de756941032c987026a288d3a
.pack_a_native_clean/pi_ufo_baseline_v1_runtimefix/build/A_PI_NATIVE_200/MG5_PROC/README.systematics	file	5371	d11504feb0c9116e3455180e687f782fc6370626ab71d5742299e155bd755af4
.pack_a_native_clean/pi_ufo_baseline_v1_runtimefix/build/A_PI_NATIVE_200/MG5_PROC/Source	dir	4096	
.pack_a_native_clean/pi_ufo_baseline_v1_runtimefix/build/A_PI_NATIVE_200/MG5_PROC/Source/.make_opts	file	2668	cb708c3f07c19a13ac044cb8728a5ecb45ece4f753a106c329f1eb0b6b4b76c9
.pack_a_native_clean/pi_ufo_baseline_v1_runtimefix/build/A_PI_NATIVE_200/MG5_PROC/Source/BIAS	dir	4096	
.pack_a_native_clean/pi_ufo_baseline_v1_runtimefix/build/A_PI_NATIVE_200/MG5_PROC/Source/BIAS/bias.inc	file	0	e3b0c44298fc1c149afbf4c8996fb92427ae41e4649b934ca495991b7852b855
.pack_a_native_clean/pi_ufo_baseline_v1_runtimefix/build/A_PI_NATIVE_200/MG5_PROC/Source/BIAS/dummy	dir	4096	
.pack_a_native_clean/pi_ufo_baseline_v1_runtimefix/build/A_PI_NATIVE_200/MG5_PROC/Source/BIAS/dummy/dummy.f	file	1471	e998de9f5792ba9bb45fed7b2e2dd0a17fd61da80b3dee12dc5bd5b9654734b3
.pack_a_native_clean/pi_ufo_baseline_v1_runtimefix/build/A_PI_NATIVE_200/MG5_PROC/Source/BIAS/dummy/dummy.o	file	1296	a6758134beef28e1e5c91a6fa857e9d2d0f32b28eada3fe6c185696d474ef02c
.pack_a_native_clean/pi_ufo_baseline_v1_runtimefix/build/A_PI_NATIVE_200/MG5_PROC/Source/BIAS/dummy/makefile	file	347	c8ba6ae1254b7df13729e71faf38663c281b7158b78b246f46a96aaa2e4f641e
.pack_a_native_clean/pi_ufo_baseline_v1_runtimefix/build/A_PI_NATIVE_200/MG5_PROC/Source/BIAS/ptj_bias	dir	4096	
.pack_a_native_clean/pi_ufo_baseline_v1_runtimefix/build/A_PI_NATIVE_200/MG5_PROC/Source/BIAS/ptj_bias/makefile	file	449	eab8ade715c4d663e4ae3853620de65f3a3fdbe26f0ef60da1ad5a08ed6fdaf2
.pack_a_native_clean/pi_ufo_baseline_v1_runtimefix/build/A_PI_NATIVE_200/MG5_PROC/Source/BIAS/ptj_bias/ptj_bias.f	file	3090	be98145f3616bfbf075c6d1c168bb914045476e45ed742262fd292c5a4b4a78c
.pack_a_native_clean/pi_ufo_baseline_v1_runtimefix/build/A_PI_NATIVE_200/MG5_PROC/Source/CERNLIB	dir	4096	
.pack_a_native_clean/pi_ufo_baseline_v1_runtimefix/build/A_PI_NATIVE_200/MG5_PROC/Source/CERNLIB/abend.f	file	405	3f82a246769f71f4181fb459a0cdefb1f6f3426cbbbb47ac093a53dad17e87f4
.pack_a_native_clean/pi_ufo_baseline_v1_runtimefix/build/A_PI_NATIVE_200/MG5_PROC/Source/CERNLIB/abend.o	file	1256	269bf269ee431e64c48fc39bf5de345aaf65cd4e1b34aae6a5e706369ab57e60
.pack_a_native_clean/pi_ufo_baseline_v1_runtimefix/build/A_PI_NATIVE_200/MG5_PROC/Source/CERNLIB/dlsqp2.f	file	1373	8d93368a654705e3e72dfa4d5d5c90e7ac36ad107a954f7e56a0ee7a98da63d7
.pack_a_native_clean/pi_ufo_baseline_v1_runtimefix/build/A_PI_NATIVE_200/MG5_PROC/Source/CERNLIB/dlsqp2.o	file	1640	b7e07ca610ae291f78b8fcbd24fe4e5b8f200fb6d8ceb915f3ac4580db21a214
.pack_a_native_clean/pi_ufo_baseline_v1_runtimefix/build/A_PI_NATIVE_200/MG5_PROC/Source/CERNLIB/lenocc.f	file	642	36cf2a11d1ddf0b7e9e4301a5ae855631a13cdc6bedf83a78e69fa2da48c805b
.pack_a_native_clean/pi_ufo_baseline_v1_runtimefix/build/A_PI_NATIVE_200/MG5_PROC/Source/CERNLIB/lenocc.o	file	1328	94222d433b2a5d0421808b755be28fa1d25a92c8da3a09243ec68861887235cb
.pack_a_native_clean/pi_ufo_baseline_v1_runtimefix/build/A_PI_NATIVE_200/MG5_PROC/Source/CERNLIB/makefile	file	262	d69c658d9f991f6bebb5e4f626284a2c955079fc9549384104a85702f979ca3b
.pack_a_native_clean/pi_ufo_baseline_v1_runtimefix/build/A_PI_NATIVE_200/MG5_PROC/Source/CERNLIB/mtlprt.f	file	793	b17fca11624639f279a09f79ca0078c6b79cfa42d3535762ab28edb6631fc68b
.pack_a_native_clean/pi_ufo_baseline_v1_runtimefix/build/A_PI_NATIVE_200/MG5_PROC/Source/CERNLIB/mtlprt.o	file	2816	6450c9b7dfb527b787f5c59f52de53ba09edb6984aa458d947c79951a6d8b817
.pack_a_native_clean/pi_ufo_baseline_v1_runtimefix/build/A_PI_NATIVE_200/MG5_PROC/Source/CERNLIB/mtlset.f	file	9852	d27d530a30e1f2e310504dbac01d36c519289fd1a1ab061d5ecda8f305895c30
.pack_a_native_clean/pi_ufo_baseline_v1_runtimefix/build/A_PI_NATIVE_200/MG5_PROC/Source/CERNLIB/mtlset.o	file	6016	b11ab706a0614157fd048e16ba641d04f17ae822b0501909e8443e3522159f2a
.pack_a_native_clean/pi_ufo_baseline_v1_runtimefix/build/A_PI_NATIVE_200/MG5_PROC/Source/CERNLIB/radmul.f	file	6292	78307e0f7697e8ac8f24293420fd26eed9223a1358556cd91f4fbaec1365e385
.pack_a_native_clean/pi_ufo_baseline_v1_runtimefix/build/A_PI_NATIVE_200/MG5_PROC/Source/CERNLIB/radmul.o	file	6856	fc1f5f49e5787f071fff88693aa57965c11c997e709094341b46bfea44048ce5
.pack_a_native_clean/pi_ufo_baseline_v1_runtimefix/build/A_PI_NATIVE_200/MG5_PROC/Source/DHELAS	dir	4096	
.pack_a_native_clean/pi_ufo_baseline_v1_runtimefix/build/A_PI_NATIVE_200/MG5_PROC/Source/DHELAS/.keepthisdir	file	0	e3b0c44298fc1c149afbf4c8996fb92427ae41e4649b934ca495991b7852b855
.pack_a_native_clean/pi_ufo_baseline_v1_runtimefix/build/A_PI_NATIVE_200/MG5_PROC/Source/DHELAS/SSS1P1N_1.f	file	371	8b87e3845b4b65e902fb2be85246f0bd0a456387d1b0d14f0ff0f5811529af3e
.pack_a_native_clean/pi_ufo_baseline_v1_runtimefix/build/A_PI_NATIVE_200/MG5_PROC/Source/DHELAS/SSS1P1N_1.o	file	1440	9df9ddc0907ef1e87113e604f3c315268e911ae40439d16b389e1abd88fd3fac
.pack_a_native_clean/pi_ufo_baseline_v1_runtimefix/build/A_PI_NATIVE_200/MG5_PROC/Source/DHELAS/SSS1P1N_2.f	file	371	7b49e88de07b83628c5cd647aadec466674a6c9fc4f7be4f125b1465e275656e
.pack_a_native_clean/pi_ufo_baseline_v1_runtimefix/build/A_PI_NATIVE_200/MG5_PROC/Source/DHELAS/SSS1P1N_2.o	file	1440	4eb0f9097b230c2e831b9cae61f46e49ecfc982abe4777dbc53b50f74bcd12d6
.pack_a_native_clean/pi_ufo_baseline_v1_runtimefix/build/A_PI_NATIVE_200/MG5_PROC/Source/DHELAS/SSS1P1N_3.f	file	371	13cd612298574d67ef7770c32c19d5ea07c56cdea785251e0df67a93b03cc705
.pack_a_native_clean/pi_ufo_baseline_v1_runtimefix/build/A_PI_NATIVE_200/MG5_PROC/Source/DHELAS/SSS1P1N_3.o	file	1440	40fd94378e44c031a27ad08fbd47cf0bb0ed69c1ca83a2c8f27d164bea250fe2
.pack_a_native_clean/pi_ufo_baseline_v1_runtimefix/build/A_PI_NATIVE_200/MG5_PROC/Source/DHELAS/SSS1_0.f	file	408	1b8ec5d01205f3dc387b505a29bc122d237455dc364a6fac1150d4b69dc9bd54
.pack_a_native_clean/pi_ufo_baseline_v1_runtimefix/build/A_PI_NATIVE_200/MG5_PROC/Source/DHELAS/SSS1_0.o	file	1496	acd747cd8ffd4dc214119bd20fb1f3f21ec7e9d42e19fe043dfceeee06a6c1e2
.pack_a_native_clean/pi_ufo_baseline_v1_runtimefix/build/A_PI_NATIVE_200/MG5_PROC/Source/DHELAS/VVS2FF1_3.f	file	2681	c2692e0abcdbf15f92fecf7a7f976e5da0b404bc6e25e3cdcda80c07d631ffb6
.pack_a_native_clean/pi_ufo_baseline_v1_runtimefix/build/A_PI_NATIVE_200/MG5_PROC/Source/DHELAS/VVS2FF1_3.o	file	6032	ee4f7b0072018ffe5293af4473027fb0a3ae45f437087eaae00ee6bf94e17b90
.pack_a_native_clean/pi_ufo_baseline_v1_runtimefix/build/A_PI_NATIVE_200/MG5_PROC/Source/DHELAS/aloha_file.inc	file	72	3b3b9e6bcdc7554ef589e60aa17e5f6af9059eec5b17ae22969c29107b451926
.pack_a_native_clean/pi_ufo_baseline_v1_runtimefix/build/A_PI_NATIVE_200/MG5_PROC/Source/DHELAS/aloha_functions.f	file	62675	6100d8127353c13301e639bfdfea33b7a417095ea3b1eec630ed9d9a4bf92fc4
.pack_a_native_clean/pi_ufo_baseline_v1_runtimefix/build/A_PI_NATIVE_200/MG5_PROC/Source/DHELAS/aloha_functions.o	file	33168	f469a3dbcf04ac9f70e4a1953b5a2b249f3356d5c8ac143133c3cfecc8eaaece
.pack_a_native_clean/pi_ufo_baseline_v1_runtimefix/build/A_PI_NATIVE_200/MG5_PROC/Source/DHELAS/makefile	file	761	cd3a6c45094f438b995d1104a1e71521562c28b7f4ade1cd358703a2c855f51a
.pack_a_native_clean/pi_ufo_baseline_v1_runtimefix/build/A_PI_NATIVE_200/MG5_PROC/Source/DiscreteSampler.f	file	115003	676f15e2565db88e57838e3269f529b6b87bab6d13e0a630101d53eb48341552
.pack_a_native_clean/pi_ufo_baseline_v1_runtimefix/build/A_PI_NATIVE_200/MG5_PROC/Source/DiscreteSampler.o	file	123016	5c55ddb86fb79d2975d9dbe0991c3d3e3ec2a7bfefaa8db46b76dfaeec58e39f
.pack_a_native_clean/pi_ufo_baseline_v1_runtimefix/build/A_PI_NATIVE_200/MG5_PROC/Source/MODEL	dir	4096	
.pack_a_native_clean/pi_ufo_baseline_v1_runtimefix/build/A_PI_NATIVE_200/MG5_PROC/Source/MODEL/.keepme	file	0	e3b0c44298fc1c149afbf4c8996fb92427ae41e4649b934ca495991b7852b855
.pack_a_native_clean/pi_ufo_baseline_v1_runtimefix/build/A_PI_NATIVE_200/MG5_PROC/Source/MODEL/actualize_mp_ext_params.inc	file	223	cfe4fa314b53f89d6cf6d6779a6f21d41851bb6e3a004fd3a1968f25e4022e23
.pack_a_native_clean/pi_ufo_baseline_v1_runtimefix/build/A_PI_NATIVE_200/MG5_PROC/Source/MODEL/b0f_caching.mod	file	1279	3070d6b2b1ef80a28f08a1fe57aff6bc9ece42d28079ff2dcb01309a3afa7035
.pack_a_native_clean/pi_ufo_baseline_v1_runtimefix/build/A_PI_NATIVE_200/MG5_PROC/Source/MODEL/coupl.inc	file	923	9b7bf843d4f38d9322a10eeed2ecf7492983018310288d07a6cab181c712a5c7
.pack_a_native_clean/pi_ufo_baseline_v1_runtimefix/build/A_PI_NATIVE_200/MG5_PROC/Source/MODEL/coupl_write.inc	file	398	78bd72ca20817a3d23cf3fcac6be5da78a468b9798c7e5e8ab8a983783f36eb5
.pack_a_native_clean/pi_ufo_baseline_v1_runtimefix/build/A_PI_NATIVE_200/MG5_PROC/Source/MODEL/couplings.f	file	2021	8486e75c66d5ced63baeb26fa8e55bf5b523ca16bb87013b29279464bebf78d7
.pack_a_native_clean/pi_ufo_baseline_v1_runtimefix/build/A_PI_NATIVE_200/MG5_PROC/Source/MODEL/couplings.o	file	10992	5f28c84a63ff74f0262d65db58a4fa28731e99b72d34fe136d03c3a47cce94fd
.pack_a_native_clean/pi_ufo_baseline_v1_runtimefix/build/A_PI_NATIVE_200/MG5_PROC/Source/MODEL/couplings1.f	file	504	0f3b6243a6e5481d97451643b752eca700bbcd745c76c2408f5d9a7a1f0e0b98
.pack_a_native_clean/pi_ufo_baseline_v1_runtimefix/build/A_PI_NATIVE_200/MG5_PROC/Source/MODEL/couplings1.o	file	1864	8cf2ef83506ce9a69a8af74d5f54dc5e8bb815bc0773b4fca16331021178e670
.pack_a_native_clean/pi_ufo_baseline_v1_runtimefix/build/A_PI_NATIVE_200/MG5_PROC/Source/MODEL/couplings2.f	file	477	7b213edfffe872642526644169799bb3f655033a73e8cdfd3140bb53cdba9f3a
.pack_a_native_clean/pi_ufo_baseline_v1_runtimefix/build/A_PI_NATIVE_200/MG5_PROC/Source/MODEL/couplings2.o	file	1800	59070bcfb851c6353ede36272a6645a7e411a782b2eec5aaaf5629f8fc7dedd0
.pack_a_native_clean/pi_ufo_baseline_v1_runtimefix/build/A_PI_NATIVE_200/MG5_PROC/Source/MODEL/formats.inc	file	958	1d0c8b3a81b5c4ed3cc50e16edc2d7fa09fa2c2694b9eef3790bff2abc42c3a3
.pack_a_native_clean/pi_ufo_baseline_v1_runtimefix/build/A_PI_NATIVE_200/MG5_PROC/Source/MODEL/input.inc	file	3385	7177599525827aaa34e4c84084648bab8ee39bf0a740ca823574510ca5e77bb2
.pack_a_native_clean/pi_ufo_baseline_v1_runtimefix/build/A_PI_NATIVE_200/MG5_PROC/Source/MODEL/intparam_definition.inc	file	6418	df527fba82e3a11a0d747cd418d4b8a601fe11e96dd3e391244d2fcc42d96b12
.pack_a_native_clean/pi_ufo_baseline_v1_runtimefix/build/A_PI_NATIVE_200/MG5_PROC/Source/MODEL/lha_read.f	file	12149	fd51c4686981abedbf62153ee537e7dec01a138dd9a560f39303b851f99d6ae0
.pack_a_native_clean/pi_ufo_baseline_v1_runtimefix/build/A_PI_NATIVE_200/MG5_PROC/Source/MODEL/lha_read.o	file	16248	850f46b2dab6f41be5017a075187a76bf769ba557d43c07f668d2f5fcf892269
.pack_a_native_clean/pi_ufo_baseline_v1_runtimefix/build/A_PI_NATIVE_200/MG5_PROC/Source/MODEL/makefile	file	1152	b2e04084aba9bb7ecf6a56015c83265aee0b74e4d9a8b2bdeae8d75521ae55c0
.pack_a_native_clean/pi_ufo_baseline_v1_runtimefix/build/A_PI_NATIVE_200/MG5_PROC/Source/MODEL/makeinc.inc	file	288	1e938018cba6559290ffbf790b7f1fd59e9c21e55d81a3c312b45f99d66bc3a3
.pack_a_native_clean/pi_ufo_baseline_v1_runtimefix/build/A_PI_NATIVE_200/MG5_PROC/Source/MODEL/model_functions.f	file	18359	3f316cd1c810b693ca11450a8b5bb5badb01dd9b7c6bc05e2d1222c808bfa138
.pack_a_native_clean/pi_ufo_baseline_v1_runtimefix/build/A_PI_NATIVE_200/MG5_PROC/Source/MODEL/model_functions.inc	file	718	1eacef8b6184900bf18e6c18614cec17c062226f6ab438410464f5dbfb86515e
.pack_a_native_clean/pi_ufo_baseline_v1_runtimefix/build/A_PI_NATIVE_200/MG5_PROC/Source/MODEL/model_functions.o	file	24624	1563b84dd44c0ed86f49174564c1acf4e43888b566d8edc03ae9fabbbebf501b
.pack_a_native_clean/pi_ufo_baseline_v1_runtimefix/build/A_PI_NATIVE_200/MG5_PROC/Source/MODEL/param_read.inc	file	227	a14a19f2379f69375eea63dfa4c34319f2681e9e037fc4088ec39a7978568cbc
.pack_a_native_clean/pi_ufo_baseline_v1_runtimefix/build/A_PI_NATIVE_200/MG5_PROC/Source/MODEL/param_write.inc	file	6835	ecbf8d7e15441b05566d44736e536bfebef416ef3b3344e910f2fb89a5287a92
.pack_a_native_clean/pi_ufo_baseline_v1_runtimefix/build/A_PI_NATIVE_200/MG5_PROC/Source/MODEL/printout.f	file	1571	c765cbd47475c2c8ca3e229691373124a01f13c775ccd603625e5bf2aadb82c7
.pack_a_native_clean/pi_ufo_baseline_v1_runtimefix/build/A_PI_NATIVE_200/MG5_PROC/Source/MODEL/printout.o	file	43136	dc6e279ca1bf230af528113507ce9eccf03df2d4b263284f842dfb631c07f52a
.pack_a_native_clean/pi_ufo_baseline_v1_runtimefix/build/A_PI_NATIVE_200/MG5_PROC/Source/MODEL/rw_para.f	file	2580	568206e593ca4a7a49c63a1b09eddbed663474f6db62e8bc09960b8282421266
.pack_a_native_clean/pi_ufo_baseline_v1_runtimefix/build/A_PI_NATIVE_200/MG5_PROC/Source/MODEL/rw_para.o	file	5560	eb6a532e2885b815ad66f36691334c561a4ae9af92db67a15e301b1e4dce4b29
.pack_a_native_clean/pi_ufo_baseline_v1_runtimefix/build/A_PI_NATIVE_200/MG5_PROC/Source/MODEL/testprog.f	file	2394	7570c7961bd45365561047df5a3bd0c529204fb03f4e3562680d3b90e0042c89
.pack_a_native_clean/pi_ufo_baseline_v1_runtimefix/build/A_PI_NATIVE_200/MG5_PROC/Source/PDF	dir	4096	
.pack_a_native_clean/pi_ufo_baseline_v1_runtimefix/build/A_PI_NATIVE_200/MG5_PROC/Source/PDF/Ctq6Pdf.f	file	15036	faaae1776c4228066687642b39d350ba745f3076c21007516d82dee88601d646
.pack_a_native_clean/pi_ufo_baseline_v1_runtimefix/build/A_PI_NATIVE_200/MG5_PROC/Source/PDF/Ctq6Pdf.o	file	15072	8f4e49559cf6952e6473109cb463c3aa0367c6f497f4c42cfcd1a9930b84d7fb
.pack_a_native_clean/pi_ufo_baseline_v1_runtimefix/build/A_PI_NATIVE_200/MG5_PROC/Source/PDF/ElectroweakFlux.f	file	9025	a55af74f81cf8c0349db44efeda10e70f405319288311e096c46503be9f1513d
.pack_a_native_clean/pi_ufo_baseline_v1_runtimefix/build/A_PI_NATIVE_200/MG5_PROC/Source/PDF/ElectroweakFlux.inc	file	3536	9ba56c31e65dd877d0f7e2537562e9cc8e7956e1a73c34f019ec19b44ae9ab04
.pack_a_native_clean/pi_ufo_baseline_v1_runtimefix/build/A_PI_NATIVE_200/MG5_PROC/Source/PDF/ElectroweakFluxDriver.f	file	20029	0e7526df88466bc115a9f054ccfb1ed43ff9db0a3263eb4f342a79a7c4cdb7ba
.pack_a_native_clean/pi_ufo_baseline_v1_runtimefix/build/A_PI_NATIVE_200/MG5_PROC/Source/PDF/ElectroweakFlux_dummy.f	file	354	2ce33dcd9212731873efc9bd21711b74bd4d2007c1a65eafa3c1b07b589ac47c
.pack_a_native_clean/pi_ufo_baseline_v1_runtimefix/build/A_PI_NATIVE_200/MG5_PROC/Source/PDF/ElectroweakFlux_dummy.o	file	1808	c015c3284a3fcf69a4251fa89f31ffb7fd4957670bf9dd6cd1cf6e17e8e0d663
.pack_a_native_clean/pi_ufo_baseline_v1_runtimefix/build/A_PI_NATIVE_200/MG5_PROC/Source/PDF/NNPDFDriver.f	file	9319	569c080439879972784ada0d6e0b040e8a7a93a0cf363cf99fa3bead12abae14
.pack_a_native_clean/pi_ufo_baseline_v1_runtimefix/build/A_PI_NATIVE_200/MG5_PROC/Source/PDF/NNPDFDriver.o	file	13008	41d88cbf175658c76854a628c713b6073c77a3795a0ce7241e4586faea7e39cf
.pack_a_native_clean/pi_ufo_baseline_v1_runtimefix/build/A_PI_NATIVE_200/MG5_PROC/Source/PDF/PhotonFlux.f	file	4452	5c943e6bad08314ac7b6002b87e756d85a41057b874ebea8573bf2ece950b1eb
.pack_a_native_clean/pi_ufo_baseline_v1_runtimefix/build/A_PI_NATIVE_200/MG5_PROC/Source/PDF/PhotonFlux.o	file	4704	df203bfa134a3add1673d1cd0e4c2b66fecd9fe99f193b19ee10dc61084bca2e
.pack_a_native_clean/pi_ufo_baseline_v1_runtimefix/build/A_PI_NATIVE_200/MG5_PROC/Source/PDF/dfint.f	file	2593	61eff004b8fb8390324eba77f2b2644a723f09d7412af63e4b74145c6b2b1ef3
.pack_a_native_clean/pi_ufo_baseline_v1_runtimefix/build/A_PI_NATIVE_200/MG5_PROC/Source/PDF/dfint.o	file	3200	b6f6dbbb21058ce8b7c54a0e74a455434c55cc8db2f47c8bacfd5dd0a06e6a5a
.pack_a_native_clean/pi_ufo_baseline_v1_runtimefix/build/A_PI_NATIVE_200/MG5_PROC/Source/PDF/eepdf.f	file	339113	2e449b3d91d3af09681e5fad9209084e2e8c3dbb5ac00a7b5d7744d3e596235a
.pack_a_native_clean/pi_ufo_baseline_v1_runtimefix/build/A_PI_NATIVE_200/MG5_PROC/Source/PDF/eepdf.inc	file	302	8a6bd33755a6e79abba68ec428efe34bac3e915d67caa0eba5ce72fd8704019c
.pack_a_native_clean/pi_ufo_baseline_v1_runtimefix/build/A_PI_NATIVE_200/MG5_PROC/Source/PDF/eepdf.o	file	106800	42eaf7a5cc9ee949c8e48c7d3b5a1003dc5749a60a8027dcda5d052d34ed0ce4
.pack_a_native_clean/pi_ufo_baseline_v1_runtimefix/build/A_PI_NATIVE_200/MG5_PROC/Source/PDF/gammaUPC	dir	4096	
.pack_a_native_clean/pi_ufo_baseline_v1_runtimefix/build/A_PI_NATIVE_200/MG5_PROC/Source/PDF/gammaUPC/ElasticPhotonPhotonFlux.f90	file	113002	a5e77a30f09df6ac03b0181f6698a8549916fa08e2c60da8929252bf17cea363
.pack_a_native_clean/pi_ufo_baseline_v1_runtimefix/build/A_PI_NATIVE_200/MG5_PROC/Source/PDF/gammaUPC/OpticalGlauber_Geometry.f90	file	80827	ba7bf8d47191ae9bc03b8d313fd55e6b372d44df1db2e4a2d98247267e34ea4f
.pack_a_native_clean/pi_ufo_baseline_v1_runtimefix/build/A_PI_NATIVE_200/MG5_PROC/Source/PDF/gammaUPC/gammaUPC_dummy.f	file	218	2f7f52de7aae9dc481e5238d1184e8db2ba3adf9ff7e7836001b1d4244e166d7
.pack_a_native_clean/pi_ufo_baseline_v1_runtimefix/build/A_PI_NATIVE_200/MG5_PROC/Source/PDF/gammaUPC/gammaUPC_dummy.o	file	1800	5e5ac9f46c039fa9c9afbfdb1bf18d1d1b7bf119ebe442aa116f27ebf8887635
.pack_a_native_clean/pi_ufo_baseline_v1_runtimefix/build/A_PI_NATIVE_200/MG5_PROC/Source/PDF/gammaUPC/interpolation.f90	file	41826	c89df9b3e391d454f0f6543ad38b012c35b03af1b775c4b66506dc0c1ab4147d
.pack_a_native_clean/pi_ufo_baseline_v1_runtimefix/build/A_PI_NATIVE_200/MG5_PROC/Source/PDF/gammaUPC/makefile	file	1433	1028933ece2c569cd94a88ffda57a5b81d9d140a5528bbb4bbac0f6e9d7e83df
.pack_a_native_clean/pi_ufo_baseline_v1_runtimefix/build/A_PI_NATIVE_200/MG5_PROC/Source/PDF/gammaUPC/makefile_dummy	file	374	45c9b8ad079ca99a759cc24f68d30f6ef91878d47ce51b81e573c83167fba8e2
.pack_a_native_clean/pi_ufo_baseline_v1_runtimefix/build/A_PI_NATIVE_200/MG5_PROC/Source/PDF/gammaUPC/nielsen_generalized_polylog.f90	file	13510	8cee9ad199b2625e2f759ea3e3fe14662318351a368a125b93f5c52a6f6d7808
.pack_a_native_clean/pi_ufo_baseline_v1_runtimefix/build/A_PI_NATIVE_200/MG5_PROC/Source/PDF/gammaUPC/nintlib.f90	file	37952	92657ae581afabdc4591c1725167ab0c88fc15e49ba854023eac3cb14bb21607
.pack_a_native_clean/pi_ufo_baseline_v1_runtimefix/build/A_PI_NATIVE_200/MG5_PROC/Source/PDF/gammaUPC/photonpdfsquare.f	file	5626	606c0bd20df16116377b2a4e44a30c032a5afd52d45d2666c21e987b76302ffe
.pack_a_native_clean/pi_ufo_baseline_v1_runtimefix/build/A_PI_NATIVE_200/MG5_PROC/Source/PDF/gammaUPC/run90.inc	file	470	a07e6a3a0a10e6a77c503ef0f208b7231084a915a3a887fe42ca958da2f78ba5
.pack_a_native_clean/pi_ufo_baseline_v1_runtimefix/build/A_PI_NATIVE_200/MG5_PROC/Source/PDF/gammaUPC/tbessj.f90	file	10321	2d27cb8eecff63e434a79ff57b530786b253289e5a9d52c14941b8e88308d899
.pack_a_native_clean/pi_ufo_baseline_v1_runtimefix/build/A_PI_NATIVE_200/MG5_PROC/Source/PDF/gammaUPC/tbessk.f90	file	7288	6364e36ebf441b92a4c49dcc63335679b7b95c0abbf7a9be239dd26e7ec37cf1
.pack_a_native_clean/pi_ufo_baseline_v1_runtimefix/build/A_PI_NATIVE_200/MG5_PROC/Source/PDF/gammaUPC/test.f90	file	2259	d6eff055ac688c0c992faaaf18c55244fc1df1ce41a99ac3483ce1052bd83ee2
.pack_a_native_clean/pi_ufo_baseline_v1_runtimefix/build/A_PI_NATIVE_200/MG5_PROC/Source/PDF/gridpdfaux.f	file	3210	8b787c1f5e446765b1c3f90acff4201a41f2a1f1c94d859bf154af8698647d32
.pack_a_native_clean/pi_ufo_baseline_v1_runtimefix/build/A_PI_NATIVE_200/MG5_PROC/Source/PDF/gridpdfaux.o	file	3760	b25dc5011fd17f981d9e6ec93ea7cec09d7bdf3810be8abf3e1e242d765b1b79
.pack_a_native_clean/pi_ufo_baseline_v1_runtimefix/build/A_PI_NATIVE_200/MG5_PROC/Source/PDF/kerset.f	file	3952	34c45d8a70bd4d66aa561537651e0456972435a9b0756a495fa0a17734dfd226
.pack_a_native_clean/pi_ufo_baseline_v1_runtimefix/build/A_PI_NATIVE_200/MG5_PROC/Source/PDF/kerset.o	file	5256	621e9a147f636799ee23805259622a70f2fc43794eb9f0864f9533dc463c4862
.pack_a_native_clean/pi_ufo_baseline_v1_runtimefix/build/A_PI_NATIVE_200/MG5_PROC/Source/PDF/lep_densities	dir	4096	
.pack_a_native_clean/pi_ufo_baseline_v1_runtimefix/build/A_PI_NATIVE_200/MG5_PROC/Source/PDF/lep_densities/cepc240ll	dir	4096	
.pack_a_native_clean/pi_ufo_baseline_v1_runtimefix/build/A_PI_NATIVE_200/MG5_PROC/Source/PDF/lep_densities/cepc240ll/eepdf.f	file	631636	6b4db0b925dfb4009c10d5d99e7df4ecbc31feb09e386406ac684884cf8bb3e0
.pack_a_native_clean/pi_ufo_baseline_v1_runtimefix/build/A_PI_NATIVE_200/MG5_PROC/Source/PDF/lep_densities/cepc240ll/gridpdfaux.f	file	4111	9029e5846502c8406cfec51bcd789d10aacd3381325936b5879ebfdc75232e4f
.pack_a_native_clean/pi_ufo_baseline_v1_runtimefix/build/A_PI_NATIVE_200/MG5_PROC/Source/PDF/lep_densities/clic3000ll	dir	4096	
.pack_a_native_clean/pi_ufo_baseline_v1_runtimefix/build/A_PI_NATIVE_200/MG5_PROC/Source/PDF/lep_densities/clic3000ll/eepdf.f	file	631636	fe3f201c16e9342b75fe174e2c3ead88201ad209694c4904788e44530570999a
.pack_a_native_clean/pi_ufo_baseline_v1_runtimefix/build/A_PI_NATIVE_200/MG5_PROC/Source/PDF/lep_densities/clic3000ll/gridpdfaux.f	file	4111	9029e5846502c8406cfec51bcd789d10aacd3381325936b5879ebfdc75232e4f
.pack_a_native_clean/pi_ufo_baseline_v1_runtimefix/build/A_PI_NATIVE_200/MG5_PROC/Source/PDF/lep_densities/fcce240ll	dir	4096	
.pack_a_native_clean/pi_ufo_baseline_v1_runtimefix/build/A_PI_NATIVE_200/MG5_PROC/Source/PDF/lep_densities/fcce240ll/eepdf.f	file	631636	731542c85b5fe0c9de265325c693fa0e3a5e2a7f6d42dc08c0cd5469463774ca
.pack_a_native_clean/pi_ufo_baseline_v1_runtimefix/build/A_PI_NATIVE_200/MG5_PROC/Source/PDF/lep_densities/fcce240ll/gridpdfaux.f	file	4111	9029e5846502c8406cfec51bcd789d10aacd3381325936b5879ebfdc75232e4f
.pack_a_native_clean/pi_ufo_baseline_v1_runtimefix/build/A_PI_NATIVE_200/MG5_PROC/Source/PDF/lep_densities/fcce365ll	dir	4096	
.pack_a_native_clean/pi_ufo_baseline_v1_runtimefix/build/A_PI_NATIVE_200/MG5_PROC/Source/PDF/lep_densities/fcce365ll/eepdf.f	file	631636	5b7a90a66931a80954a5a6a9e4010c58ebac6ccb6001a70cf9879ecf7ec307b4
.pack_a_native_clean/pi_ufo_baseline_v1_runtimefix/build/A_PI_NATIVE_200/MG5_PROC/Source/PDF/lep_densities/fcce365ll/gridpdfaux.f	file	4111	9029e5846502c8406cfec51bcd789d10aacd3381325936b5879ebfdc75232e4f
.pack_a_native_clean/pi_ufo_baseline_v1_runtimefix/build/A_PI_NATIVE_200/MG5_PROC/Source/PDF/lep_densities/ilc500ll	dir	4096	
.pack_a_native_clean/pi_ufo_baseline_v1_runtimefix/build/A_PI_NATIVE_200/MG5_PROC/Source/PDF/lep_densities/ilc500ll/eepdf.f	file	631636	5bef5c8221736c93469c703ca2c8bec999ebda5a49b4cf1f1934b4ea70cabae6
.pack_a_native_clean/pi_ufo_baseline_v1_runtimefix/build/A_PI_NATIVE_200/MG5_PROC/Source/PDF/lep_densities/ilc500ll/gridpdfaux.f	file	4111	9029e5846502c8406cfec51bcd789d10aacd3381325936b5879ebfdc75232e4f
.pack_a_native_clean/pi_ufo_baseline_v1_runtimefix/build/A_PI_NATIVE_200/MG5_PROC/Source/PDF/lep_densities/isronlyll	dir	4096	
.pack_a_native_clean/pi_ufo_baseline_v1_runtimefix/build/A_PI_NATIVE_200/MG5_PROC/Source/PDF/lep_densities/isronlyll/eepdf.f	file	338612	62f0c9e61e2a93ee0c7cf240b6766a987466417cfe96437c1bb94b716df61f3a
.pack_a_native_clean/pi_ufo_baseline_v1_runtimefix/build/A_PI_NATIVE_200/MG5_PROC/Source/PDF/lep_densities/isronlyll/gridpdfaux.f	file	3124	8b8830f1c9fc92c37f9979ff6dac8f3e2fd7c5b7703c33884490554e3984c05a
.pack_a_native_clean/pi_ufo_baseline_v1_runtimefix/build/A_PI_NATIVE_200/MG5_PROC/Source/PDF/makefile	file	2448	de4eef231102f8fa308769197e53b8c13717ef8810150385700a867300601c51
.pack_a_native_clean/pi_ufo_baseline_v1_runtimefix/build/A_PI_NATIVE_200/MG5_PROC/Source/PDF/opendata.f	file	2589	bfaa0cd1c1d12b64785d833ae35e6dad093d80c45a5d26613e9fb6fc4e90b1c2
.pack_a_native_clean/pi_ufo_baseline_v1_runtimefix/build/A_PI_NATIVE_200/MG5_PROC/Source/PDF/opendata.o	file	8328	e61c5ea4793e18301fe2a315457ca6fd514bbc1f10d64606a200fdf3f6604c86
.pack_a_native_clean/pi_ufo_baseline_v1_runtimefix/build/A_PI_NATIVE_200/MG5_PROC/Source/PDF/pdf.f	file	11507	955eb4b5cd06d1e5416c2644e2d31ba677e6fe529c96b9b00619f44e147407f6
.pack_a_native_clean/pi_ufo_baseline_v1_runtimefix/build/A_PI_NATIVE_200/MG5_PROC/Source/PDF/pdf.inc	file	450	3d462edd5d8ea17e9ad26b693ef0c101e886b2effc7fd36f43dfbaa5d2ccf1fd
.pack_a_native_clean/pi_ufo_baseline_v1_runtimefix/build/A_PI_NATIVE_200/MG5_PROC/Source/PDF/pdf.o	file	4008	d2ca836646bd873964351f1263fe949eb1676e516aac22296fc32968a9fe66dc
.pack_a_native_clean/pi_ufo_baseline_v1_runtimefix/build/A_PI_NATIVE_200/MG5_PROC/Source/PDF/pdf_lhapdf6.cc	file	41276	ced11dfb36e8ca939029ce2aef0bd0173ed2da6822f9ec9cda341b75ae7c880a
.pack_a_native_clean/pi_ufo_baseline_v1_runtimefix/build/A_PI_NATIVE_200/MG5_PROC/Source/PDF/pdf_lhapdf62.cc	file	58334	e6755785adc9958089902500cea13610766425d7279ed5fad3aa6950876f122b
.pack_a_native_clean/pi_ufo_baseline_v1_runtimefix/build/A_PI_NATIVE_200/MG5_PROC/Source/PDF/pdf_list.txt	file	4297	554cfd7859541a5364716cf7228f75fc52fc3bd72029ebfb72e964baebd066d5
.pack_a_native_clean/pi_ufo_baseline_v1_runtimefix/build/A_PI_NATIVE_200/MG5_PROC/Source/PDF/pdfwrap.f	file	10277	32164b7098c60d94a3985781aba0ed0b348e3acbf1fe860c153227253c834638
.pack_a_native_clean/pi_ufo_baseline_v1_runtimefix/build/A_PI_NATIVE_200/MG5_PROC/Source/PDF/pdfwrap.o	file	4808	3110313f3510a5fd0fb81f30159b15dd17c1dc807129e3d20cfa48ea4cb36f9d
.pack_a_native_clean/pi_ufo_baseline_v1_runtimefix/build/A_PI_NATIVE_200/MG5_PROC/Source/PDF/pdfwrap_emela.f	file	2624	e1995a9789373d50ca29b73b7b6c2d7426fc6f64ad9d63d60faa71d0ffeca9cd
.pack_a_native_clean/pi_ufo_baseline_v1_runtimefix/build/A_PI_NATIVE_200/MG5_PROC/Source/PDF/pdfwrap_lhapdf.f	file	2408	ae9b8f43e2e8bbb3fc8a2f740d49ace85717d9713eb43fc28c7557ff7a628b43
.pack_a_native_clean/pi_ufo_baseline_v1_runtimefix/build/A_PI_NATIVE_200/MG5_PROC/Source/PDF/pdg2pdf.f	file	12850	13427a635e6f2ab64e9492b7b988825d00c3e5e04b6b9801e27fc5782cf100ba
.pack_a_native_clean/pi_ufo_baseline_v1_runtimefix/build/A_PI_NATIVE_200/MG5_PROC/Source/PDF/pdg2pdf.o	file	13184	a787d8ad3ae86351e707cd663372d148bee16ef4a7caa3102de0fb2e64b94de1
.pack_a_native_clean/pi_ufo_baseline_v1_runtimefix/build/A_PI_NATIVE_200/MG5_PROC/Source/PDF/pdg2pdf_lhapdf6.f	file	9350	55c2e838f18f3657a048a74d3b2cb608e4932dba9914d6085f45eaf1fe7006fa
.pack_a_native_clean/pi_ufo_baseline_v1_runtimefix/build/A_PI_NATIVE_200/MG5_PROC/Source/StringCast.f	file	4294	f993aa6cf4513b270353574a7ebd6ec4a65226ccffef8446818e69b654c006b4
.pack_a_native_clean/pi_ufo_baseline_v1_runtimefix/build/A_PI_NATIVE_200/MG5_PROC/Source/StringCast.o	file	7512	689254a28ca47fb08af2f5c9e775c1fba07638fdee91ad8ee6fe3dd9fc20e395
.pack_a_native_clean/pi_ufo_baseline_v1_runtimefix/build/A_PI_NATIVE_200/MG5_PROC/Source/alfas.inc	file	453	d5ae9799ae1067a7a5d8a690654408e4626db1f032091eab30286a3dc06c7a1c
.pack_a_native_clean/pi_ufo_baseline_v1_runtimefix/build/A_PI_NATIVE_200/MG5_PROC/Source/alfas_functions.f	file	7877	3e9c1a8eb073de40d531217c349fe6f3f1dfc801fe4c3db527e2e15537f00a0d
.pack_a_native_clean/pi_ufo_baseline_v1_runtimefix/build/A_PI_NATIVE_200/MG5_PROC/Source/alfas_functions.o	file	9768	77b6b206df4fab9d045e2ce3657f6262d49b6225f30a50fbfcbc3c6a3d2dc9a0
.pack_a_native_clean/pi_ufo_baseline_v1_runtimefix/build/A_PI_NATIVE_200/MG5_PROC/Source/alfas_functions_lhapdf.f	file	3944	7b9439bb225674fa3126daa993a62b5b32b6201ed2a6875003be2ad820deb7c2
.pack_a_native_clean/pi_ufo_baseline_v1_runtimefix/build/A_PI_NATIVE_200/MG5_PROC/Source/banner_header.txt	file	1978	cd24ed8cb6c0f45494b06abceabd976357ab246a94ad108dc81380ab66e58cb6
.pack_a_native_clean/pi_ufo_baseline_v1_runtimefix/build/A_PI_NATIVE_200/MG5_PROC/Source/basecode.f	file	3601	f4e61b4b5e19d3d9a12e775bce73c1a2349e5d30402618b31a8212c62460f478
.pack_a_native_clean/pi_ufo_baseline_v1_runtimefix/build/A_PI_NATIVE_200/MG5_PROC/Source/basecode.o	file	3696	3f39777a74208b8fa7bd7adc3b88bbcb54b387c93a36bf032c09593a6b72afb5
.pack_a_native_clean/pi_ufo_baseline_v1_runtimefix/build/A_PI_NATIVE_200/MG5_PROC/Source/combine_events.f	file	28617	d51c82d0177a0c60fb92faab32b3eb26fba551cb89562b95dbf12cd58428e700
.pack_a_native_clean/pi_ufo_baseline_v1_runtimefix/build/A_PI_NATIVE_200/MG5_PROC/Source/cuts.inc	file	3195	15749e6559df6c6cb99083be6ed2214f4aaf3cb38dd686d359625ca572652b23
.pack_a_native_clean/pi_ufo_baseline_v1_runtimefix/build/A_PI_NATIVE_200/MG5_PROC/Source/dgauss.f	file	2357	2d2d11ea43bca5775ba844f6675911ea6f1e12986ebfb87a1379a3ee5593f463
.pack_a_native_clean/pi_ufo_baseline_v1_runtimefix/build/A_PI_NATIVE_200/MG5_PROC/Source/dgauss.o	file	3648	40c18037068d37eb0924743e372e03a25a5d1dbc2fc765c9c3891151856160cc
.pack_a_native_clean/pi_ufo_baseline_v1_runtimefix/build/A_PI_NATIVE_200/MG5_PROC/Source/discretesampler.mod	file	5974	86a27dda9d23244d28d91607dc95fdd9819b8eba6cc57534ece22de95b32776a
.pack_a_native_clean/pi_ufo_baseline_v1_runtimefix/build/A_PI_NATIVE_200/MG5_PROC/Source/dsample.f	file	84337	c27228ce1bbaa9c8681a1e54ce55045c834f3b546ad691ce8ed1bf5f158d94df
.pack_a_native_clean/pi_ufo_baseline_v1_runtimefix/build/A_PI_NATIVE_200/MG5_PROC/Source/dsample.o	file	1714608	6b15d7887f7ce8409c03b6f6c128ff1412da9cecd03e2fed585bf254621ffb3c
.pack_a_native_clean/pi_ufo_baseline_v1_runtimefix/build/A_PI_NATIVE_200/MG5_PROC/Source/eepdf.inc	file	302	8a6bd33755a6e79abba68ec428efe34bac3e915d67caa0eba5ce72fd8704019c
.pack_a_native_clean/pi_ufo_baseline_v1_runtimefix/build/A_PI_NATIVE_200/MG5_PROC/Source/gen_ximprove.f	file	33831	a0c72f5cfdc68b4ad03b6ef9990370c87f644799edb37ed4e1f0766bf52e7215
.pack_a_native_clean/pi_ufo_baseline_v1_runtimefix/build/A_PI_NATIVE_200/MG5_PROC/Source/genps.inc	file	2295	625f1a15b4e76821c187387b9d0bcdb2057a0d374899119847c8beac3afa5880
.pack_a_native_clean/pi_ufo_baseline_v1_runtimefix/build/A_PI_NATIVE_200/MG5_PROC/Source/getissud.f	file	5222	ab5a08dc9d4190e06fa2dc073750374ab012286a35c1367553dacf4a55a3f2b1
.pack_a_native_clean/pi_ufo_baseline_v1_runtimefix/build/A_PI_NATIVE_200/MG5_PROC/Source/getissud.o	file	7200	23b84f45ec1a0b0b99c522dc5e23173392f94e6d4e64c6a7d95d3d4498bcacaf
.pack_a_native_clean/pi_ufo_baseline_v1_runtimefix/build/A_PI_NATIVE_200/MG5_PROC/Source/hbook.inc	file	663	deba341596162b4605f956288449ee44fba3cf96619ed5af9445e089e163afa9
.pack_a_native_clean/pi_ufo_baseline_v1_runtimefix/build/A_PI_NATIVE_200/MG5_PROC/Source/hbook1.f	file	892	2eb8fc1fa9c73ec9ea8660d0a83a47bcbbd94d00bc75482cec73ef797c5f6fb6
.pack_a_native_clean/pi_ufo_baseline_v1_runtimefix/build/A_PI_NATIVE_200/MG5_PROC/Source/hbook2.f	file	1275	15d9647a2f1558f7258cc9f9166713bcc7bd2bb13714ff2d50de96d64f8c08fe
.pack_a_native_clean/pi_ufo_baseline_v1_runtimefix/build/A_PI_NATIVE_200/MG5_PROC/Source/hcurve.f	file	1652	b5aa0931a4daa63b796bd4af75f0ca6b8f39eb990c0cdd99026cad2fb3aaab77
.pack_a_native_clean/pi_ufo_baseline_v1_runtimefix/build/A_PI_NATIVE_200/MG5_PROC/Source/hfill.f	file	1065	41c6ec9229d573a9c16b86138754b238a79c04870bcbb89e2d65dcdc5b56ff11
.pack_a_native_clean/pi_ufo_baseline_v1_runtimefix/build/A_PI_NATIVE_200/MG5_PROC/Source/hfill.o	file	123240	482810e780f41997dfb53030efdaf450967832b4c002fbf34302023aeb536097
.pack_a_native_clean/pi_ufo_baseline_v1_runtimefix/build/A_PI_NATIVE_200/MG5_PROC/Source/htuple.f	file	11038	80102a031df8a3bac795c1ba6e630d7fbc79078a6664f954df0cd8adad9ea796
.pack_a_native_clean/pi_ufo_baseline_v1_runtimefix/build/A_PI_NATIVE_200/MG5_PROC/Source/invarients.f	file	8895	cbf921ebfa1f200d39ed16c6ca3ead8056fbb530eebc07c081fd2f9dffe25fb5
.pack_a_native_clean/pi_ufo_baseline_v1_runtimefix/build/A_PI_NATIVE_200/MG5_PROC/Source/invarients.o	file	12872	59d372343bedc3e98706f4e979322d45a5ded9673a4f69157c0345d455276066
.pack_a_native_clean/pi_ufo_baseline_v1_runtimefix/build/A_PI_NATIVE_200/MG5_PROC/Source/kin_functions.f	file	20781	258ba73d21343e1e9e64f8f1beec0ae9a9f890d01c3d3a907f1091843de6372d
.pack_a_native_clean/pi_ufo_baseline_v1_runtimefix/build/A_PI_NATIVE_200/MG5_PROC/Source/kin_functions.o	file	15304	22441b507c7abeaec9990c3dc0b5f252c1b96a624f1c8995340ee569072eac4c
.pack_a_native_clean/pi_ufo_baseline_v1_runtimefix/build/A_PI_NATIVE_200/MG5_PROC/Source/lhe_event_infos.inc	file	606	61299a03d23a0cd89d06a12248da67a1696ca1e4c10afe2c9707e4b595b030dd
.pack_a_native_clean/pi_ufo_baseline_v1_runtimefix/build/A_PI_NATIVE_200/MG5_PROC/Source/make_opts	file	2599	a5bbd5a9841bd5cce5ee40f263794702aa4024b28f1fc715bb0da1b9aa6857cc
.pack_a_native_clean/pi_ufo_baseline_v1_runtimefix/build/A_PI_NATIVE_200/MG5_PROC/Source/makefile	file	4681	3de4f2b21247f23077d903ea830d24b235ef13c92a4428b6aa5e8f8ca6088b7d
.pack_a_native_clean/pi_ufo_baseline_v1_runtimefix/build/A_PI_NATIVE_200/MG5_PROC/Source/maxconfigs.inc	file	57	5f0a5d858bea712fdf860cdd478eba6400d3fbc490c1844643f2b6c93fbdd231
.pack_a_native_clean/pi_ufo_baseline_v1_runtimefix/build/A_PI_NATIVE_200/MG5_PROC/Source/maxparticles.inc	file	61	f74c474319f9374319e754e43a6e57113420206e069dd21c73578a28399fa202
.pack_a_native_clean/pi_ufo_baseline_v1_runtimefix/build/A_PI_NATIVE_200/MG5_PROC/Source/open_file.f	file	1696	5736e50afc043c05c671376f389df6618558b45e33966c1f2fce1621e8ac07a1
.pack_a_native_clean/pi_ufo_baseline_v1_runtimefix/build/A_PI_NATIVE_200/MG5_PROC/Source/open_file.o	file	4584	b41d96ddd91c49ad532cab89b8af6e75753420b4bf10de6d356ce3364433b90a
.pack_a_native_clean/pi_ufo_baseline_v1_runtimefix/build/A_PI_NATIVE_200/MG5_PROC/Source/param_card.inc	file	914	5629f739af406618702c684c90827ae7f88f82752d5d631c4ab8580b39ef4ae0
.pack_a_native_clean/pi_ufo_baseline_v1_runtimefix/build/A_PI_NATIVE_200/MG5_PROC/Source/pawgraphs.f	file	1645	b7b2d166c37c772cbe015ba8afee4d673f1d5cd04474ecef88d8a1ccea7aff8b
.pack_a_native_clean/pi_ufo_baseline_v1_runtimefix/build/A_PI_NATIVE_200/MG5_PROC/Source/pawgraphs.o	file	1992	64986a56f33d58392afd3c04e19bee919907f167e088e712d0a50fc0a0ea6ccf
.pack_a_native_clean/pi_ufo_baseline_v1_runtimefix/build/A_PI_NATIVE_200/MG5_PROC/Source/psample.inc	file	330	3f00c28a6c54bc1b656e276ce0c9b85c9440e23353bf69b8bc7ee85f258a4743
.pack_a_native_clean/pi_ufo_baseline_v1_runtimefix/build/A_PI_NATIVE_200/MG5_PROC/Source/ran1.f	file	951	6946801bbcfd9a5fcf3184d1d7b73ca6deaf55ca0e0f0660d3db2c42479175af
.pack_a_native_clean/pi_ufo_baseline_v1_runtimefix/build/A_PI_NATIVE_200/MG5_PROC/Source/ran1.o	file	3712	95223609642fed47691a3954b5de98a5aab988d14a25af4e4c8761c3cb88fe06
.pack_a_native_clean/pi_ufo_baseline_v1_runtimefix/build/A_PI_NATIVE_200/MG5_PROC/Source/ranmar.f	file	7330	9bb6bbc5f1fda1df1a8df5d8518103b55a3f6c2b13874178b501b7272ecf2888
.pack_a_native_clean/pi_ufo_baseline_v1_runtimefix/build/A_PI_NATIVE_200/MG5_PROC/Source/ranmar.o	file	12208	9e67345aa03630f1c1a20fb76f15ae34318dec2a5e0fdea1535a321339b8b871
.pack_a_native_clean/pi_ufo_baseline_v1_runtimefix/build/A_PI_NATIVE_200/MG5_PROC/Source/readgrid.f	file	3983	63a2121b9a34bb18b5de3d73102f3c4f542af0f79c2b1c1175c47ed7579b2ff5
.pack_a_native_clean/pi_ufo_baseline_v1_runtimefix/build/A_PI_NATIVE_200/MG5_PROC/Source/readgrid.o	file	14560	f83ee879dcc94f7aa5914a3a169043023e63e8cf250095724b97e07e2cccfae8
.pack_a_native_clean/pi_ufo_baseline_v1_runtimefix/build/A_PI_NATIVE_200/MG5_PROC/Source/run.inc	file	3622	51e0098d5cb17d1c666fbb08c317f14e48f1d03cc4ed55d608546e9ef0c76330
.pack_a_native_clean/pi_ufo_baseline_v1_runtimefix/build/A_PI_NATIVE_200/MG5_PROC/Source/run_card.inc	file	6531	dba6315be87461b67fc0f73df2a6eb7728b4e8477586e4884103fcef0651186b
.pack_a_native_clean/pi_ufo_baseline_v1_runtimefix/build/A_PI_NATIVE_200/MG5_PROC/Source/run_config.inc	file	2209	1026160b03fa7c648e8ae33423107663bce56c31e85bc4dedf6dfe0ec392df53
.pack_a_native_clean/pi_ufo_baseline_v1_runtimefix/build/A_PI_NATIVE_200/MG5_PROC/Source/run_printout.f	file	2358	ee37cda1054daa5c9beabb9270734357f823cbf88135f729c537dd21db3e7cc0
.pack_a_native_clean/pi_ufo_baseline_v1_runtimefix/build/A_PI_NATIVE_200/MG5_PROC/Source/run_printout.o	file	8408	5743dddbf2c11f95e9d14243f51573a8e655862683165d745c6965234d60347c
.pack_a_native_clean/pi_ufo_baseline_v1_runtimefix/build/A_PI_NATIVE_200/MG5_PROC/Source/rw_events.f	file	10060	51fac40df2e39e0d20ddbdaed810aabe6e26203ce47f2b11871949085543b67a
.pack_a_native_clean/pi_ufo_baseline_v1_runtimefix/build/A_PI_NATIVE_200/MG5_PROC/Source/rw_events.o	file	25536	0b531926d4a22535f21748bfaa90b16932be35c4f9249461502de88c5ea2ddb2
.pack_a_native_clean/pi_ufo_baseline_v1_runtimefix/build/A_PI_NATIVE_200/MG5_PROC/Source/rw_events.short.f	file	4031	d5cebf605a60e58111a1dcd207c988aab8d1887aac2bdce922a1ebe8d29b8826
.pack_a_native_clean/pi_ufo_baseline_v1_runtimefix/build/A_PI_NATIVE_200/MG5_PROC/Source/rw_routines.f	file	13834	188c2f0a6eea8fcd656b2fbb874dfe89d10753722046dd546355ae1c90f65d97
.pack_a_native_clean/pi_ufo_baseline_v1_runtimefix/build/A_PI_NATIVE_200/MG5_PROC/Source/rw_routines.o	file	22720	44daa17e53827ef5957ebd3e782a387d1d2826f99f234bfb9b0f9b90614299e9
.pack_a_native_clean/pi_ufo_baseline_v1_runtimefix/build/A_PI_NATIVE_200/MG5_PROC/Source/setrun.f	file	7400	e3d7f0bc0104fb3f5bdbc1abdcbfb44e814196b080203ef4e88730672ac3ee36
.pack_a_native_clean/pi_ufo_baseline_v1_runtimefix/build/A_PI_NATIVE_200/MG5_PROC/Source/setrun.o	file	12472	8c27aee518e8e2d914cf6d8a953a3ad8be5b3bd0a35d8699b4518ef32f6296c0
.pack_a_native_clean/pi_ufo_baseline_v1_runtimefix/build/A_PI_NATIVE_200/MG5_PROC/Source/setrun_gen.f	file	2433	81d9d18da3ea2b1b58b50c849a3f6102ea645efb9e4f3579d99ff8213891e2a3
.pack_a_native_clean/pi_ufo_baseline_v1_runtimefix/build/A_PI_NATIVE_200/MG5_PROC/Source/stringcast.mod	file	743	7cb587355608e64fb1841530e8a1504f83eae38eb1f4518354929eded48c465d
.pack_a_native_clean/pi_ufo_baseline_v1_runtimefix/build/A_PI_NATIVE_200/MG5_PROC/Source/sudgrid.inc	file	175	443cef573335a0b49daed651eed3641006938be5147b9e14af75680b4dcbf83e
.pack_a_native_clean/pi_ufo_baseline_v1_runtimefix/build/A_PI_NATIVE_200/MG5_PROC/Source/transpole.f	file	11181	d801c01034e6b5e310566fdfd0879d2120dd512d71d442b9bd7be86480c98425
.pack_a_native_clean/pi_ufo_baseline_v1_runtimefix/build/A_PI_NATIVE_200/MG5_PROC/Source/transpole.o	file	9728	2229433690e76c088a7b9ea67d7f33fe7e0b605045dc5ad2204c90856ee24985
.pack_a_native_clean/pi_ufo_baseline_v1_runtimefix/build/A_PI_NATIVE_200/MG5_PROC/SubProcesses	dir	4096	
.pack_a_native_clean/pi_ufo_baseline_v1_runtimefix/build/A_PI_NATIVE_200/MG5_PROC/SubProcesses/MGVersion.txt	file	5	878103c645ee9a78bccb0be542dca18fd14c37ff9fa7e269250288da0cfb8217
.pack_a_native_clean/pi_ufo_baseline_v1_runtimefix/build/A_PI_NATIVE_200/MG5_PROC/SubProcesses/P1_gg_h2h2	dir	4096	
.pack_a_native_clean/pi_ufo_baseline_v1_runtimefix/build/A_PI_NATIVE_200/MG5_PROC/SubProcesses/P1_gg_h2h2/G1.2	dir	4096	
.pack_a_native_clean/pi_ufo_baseline_v1_runtimefix/build/A_PI_NATIVE_200/MG5_PROC/SubProcesses/P1_gg_h2h2/G1.2/ftn26	file	8755	4c7c9a6e975a8e75c1bb0c44045f1ad74daa32d6baa16a20c116c90d63a1859e
.pack_a_native_clean/pi_ufo_baseline_v1_runtimefix/build/A_PI_NATIVE_200/MG5_PROC/SubProcesses/P1_gg_h2h2/G1.2/input_app.txt	file	236	002f4212aebe88787395420602b9c84ee067b08a4e49dbe378eacba3e8df8d6c
.pack_a_native_clean/pi_ufo_baseline_v1_runtimefix/build/A_PI_NATIVE_200/MG5_PROC/SubProcesses/P1_gg_h2h2/G1.2/results.dat	file	468	282278377b245918d1d250f80999ec8f9d6eae155980152ca05a5a717e222209
.pack_a_native_clean/pi_ufo_baseline_v1_runtimefix/build/A_PI_NATIVE_200/MG5_PROC/SubProcesses/P1_gg_h2h2/G1.2/run1_app.log	file	13265	b84b1e67dc91eb291e2107fb522441759ace2e92c83b352af178c2a9adc1299a
.pack_a_native_clean/pi_ufo_baseline_v1_runtimefix/build/A_PI_NATIVE_200/MG5_PROC/SubProcesses/P1_gg_h2h2/G1.2/smoke_log.txt	file	13265	b84b1e67dc91eb291e2107fb522441759ace2e92c83b352af178c2a9adc1299a
.pack_a_native_clean/pi_ufo_baseline_v1_runtimefix/build/A_PI_NATIVE_200/MG5_PROC/SubProcesses/P1_gg_h2h2/Hel	dir	4096	
.pack_a_native_clean/pi_ufo_baseline_v1_runtimefix/build/A_PI_NATIVE_200/MG5_PROC/SubProcesses/P1_gg_h2h2/Hel/events.lhe	file	1	01ba4719c80b6fe911b091a7c05124b64eeece964e09c058ef8f9805daca546b
.pack_a_native_clean/pi_ufo_baseline_v1_runtimefix/build/A_PI_NATIVE_200/MG5_PROC/SubProcesses/P1_gg_h2h2/Hel/grid_information	file	2	e16f1596201850fd4a63680b27f603cb64e67176159be3d8ed78a4403fdb1700
.pack_a_native_clean/pi_ufo_baseline_v1_runtimefix/build/A_PI_NATIVE_200/MG5_PROC/SubProcesses/P1_gg_h2h2/Hel/input_app.txt	file	30	cde3ed6f372492dac968d0daf0b1eb8ac71603065437a4482dabb2db6862bfe4
.pack_a_native_clean/pi_ufo_baseline_v1_runtimefix/build/A_PI_NATIVE_200/MG5_PROC/SubProcesses/P1_gg_h2h2/Hel/results.dat	file	297	840f6a268d886884d7c3ad7f4f137eb4b67d48dcf0988dda566b96218fe06847
.pack_a_native_clean/pi_ufo_baseline_v1_runtimefix/build/A_PI_NATIVE_200/MG5_PROC/SubProcesses/P1_gg_h2h2/Hel/selection	file	66	c286bcfc2082a589d24bbe3e95448960d35b7a79f87982c33d4e7e90f50d7d4c
.pack_a_native_clean/pi_ufo_baseline_v1_runtimefix/build/A_PI_NATIVE_200/MG5_PROC/SubProcesses/P1_gg_h2h2/addmothers.o	file	27936	c5e68ec48fd20e86a7f942eca7888d746d79608933aac2283c490e9900c346aa
.pack_a_native_clean/pi_ufo_baseline_v1_runtimefix/build/A_PI_NATIVE_200/MG5_PROC/SubProcesses/P1_gg_h2h2/auto_dsig.f	file	19608	e414f39e668f6494af742835bf2039bd62cda4ce16a4c74f8c0fd0cc103fc869
.pack_a_native_clean/pi_ufo_baseline_v1_runtimefix/build/A_PI_NATIVE_200/MG5_PROC/SubProcesses/P1_gg_h2h2/auto_dsig.o	file	20280	60d889f9047e49e3a66ad4902bdd8915f5d959e6da7bc1cc3d8c2c713d4fa03d
.pack_a_native_clean/pi_ufo_baseline_v1_runtimefix/build/A_PI_NATIVE_200/MG5_PROC/SubProcesses/P1_gg_h2h2/auto_dsig1.f	file	5880	62c9db734d215dcbd3161672982d12e3cbfe876b843809360e35168d966df2a3
.pack_a_native_clean/pi_ufo_baseline_v1_runtimefix/build/A_PI_NATIVE_200/MG5_PROC/SubProcesses/P1_gg_h2h2/auto_dsig1.o	file	7600	eec030377b324f0b376b25dda482ed6bb172e535a1b0fedfd0a97c20fac28d10
.pack_a_native_clean/pi_ufo_baseline_v1_runtimefix/build/A_PI_NATIVE_200/MG5_PROC/SubProcesses/P1_gg_h2h2/cluster.o	file	13992	2b5a62dd230f57d6185a4d74f967a7655983faf231843fd0dcb59bd76742c8b4
.pack_a_native_clean/pi_ufo_baseline_v1_runtimefix/build/A_PI_NATIVE_200/MG5_PROC/SubProcesses/P1_gg_h2h2/coloramps.inc	file	70	ec1006156ae22166a26ba3031a5f0a491d1cb00ade9ea92cb56de72253c912d6
.pack_a_native_clean/pi_ufo_baseline_v1_runtimefix/build/A_PI_NATIVE_200/MG5_PROC/SubProcesses/P1_gg_h2h2/config_nqcd.inc	file	22	4e03443c8378f97d54bb44892e5802ab6911df9de56d83c4220f0bb3ae5a3e55
.pack_a_native_clean/pi_ufo_baseline_v1_runtimefix/build/A_PI_NATIVE_200/MG5_PROC/SubProcesses/P1_gg_h2h2/config_subproc_map.inc	file	35	9e5897df67b51e186bb0938a67a490f3522f4ff37342920f709bbf190c0b08bd
.pack_a_native_clean/pi_ufo_baseline_v1_runtimefix/build/A_PI_NATIVE_200/MG5_PROC/SubProcesses/P1_gg_h2h2/configs.inc	file	224	3ed151c1c2c37bacff3d3f5d549fdae017a5972d93c6964508b61c78efb764c5
.pack_a_native_clean/pi_ufo_baseline_v1_runtimefix/build/A_PI_NATIVE_200/MG5_PROC/SubProcesses/P1_gg_h2h2/cuts.o	file	34904	694eae2b2ca461007887d3bf29f6bcf708de03d40c6ccfcca783a874bd1d220c
.pack_a_native_clean/pi_ufo_baseline_v1_runtimefix/build/A_PI_NATIVE_200/MG5_PROC/SubProcesses/P1_gg_h2h2/decayBW.inc	file	29	148f48bf08c4108079a92d88832d57c587222624e1f7162c630fa4eda0811e30
.pack_a_native_clean/pi_ufo_baseline_v1_runtimefix/build/A_PI_NATIVE_200/MG5_PROC/SubProcesses/P1_gg_h2h2/dname.mg	file	19	2a00b40a786dc11d4603044741b4928a9226546248113d765a939c04d5023287
.pack_a_native_clean/pi_ufo_baseline_v1_runtimefix/build/A_PI_NATIVE_200/MG5_PROC/SubProcesses/P1_gg_h2h2/driver.f	file	12785	83c6311fbd89267d2ca13d29b26dd6ec0cc142d3fabde8e70905594e6dce5259
.pack_a_native_clean/pi_ufo_baseline_v1_runtimefix/build/A_PI_NATIVE_200/MG5_PROC/SubProcesses/P1_gg_h2h2/driver.o	file	26184	8183f080421e6f29d38d5f6e8196cd3a6b6a2f3c84d29ce1c9f0bbf833c68eff
.pack_a_native_clean/pi_ufo_baseline_v1_runtimefix/build/A_PI_NATIVE_200/MG5_PROC/SubProcesses/P1_gg_h2h2/dummy_fct.o	file	3752	5b91de14ba4f3eb85f9c0f79a085719a3aeabe56f1902aeeab168b2189fbcc95
.pack_a_native_clean/pi_ufo_baseline_v1_runtimefix/build/A_PI_NATIVE_200/MG5_PROC/SubProcesses/P1_gg_h2h2/genps.o	file	37560	178fc27a7d5d88cdfe78d5542a81535e1d7046c913eb4e0c1ca0508e5ebccbe3
.pack_a_native_clean/pi_ufo_baseline_v1_runtimefix/build/A_PI_NATIVE_200/MG5_PROC/SubProcesses/P1_gg_h2h2/gensym	file	80032	7361a998a8378da1051bc20300fa8a7afaf01cb3043647607071ccacae4d5ee1
.pack_a_native_clean/pi_ufo_baseline_v1_runtimefix/build/A_PI_NATIVE_200/MG5_PROC/SubProcesses/P1_gg_h2h2/get_color.f	file	528	7678c371ee22b87c00b8007ed7d6f75e1bd3dd94d016bc1e8ccfcdf704097e37
.pack_a_native_clean/pi_ufo_baseline_v1_runtimefix/build/A_PI_NATIVE_200/MG5_PROC/SubProcesses/P1_gg_h2h2/get_color.o	file	1904	ce93b13295db5e0cdf885ecf79a58e30eefcd6f9b2eafa76e4eeb1cc2973b56b
.pack_a_native_clean/pi_ufo_baseline_v1_runtimefix/build/A_PI_NATIVE_200/MG5_PROC/SubProcesses/P1_gg_h2h2/idenparts.o	file	1640	f8586ae21a69e28e327cf5abd6824e53d03411adfd2fd81a863531ab0cf95beb
.pack_a_native_clean/pi_ufo_baseline_v1_runtimefix/build/A_PI_NATIVE_200/MG5_PROC/SubProcesses/P1_gg_h2h2/initcluster.o	file	3104	270aad248455b108d23c67fddfcc7537a765585a8668e1e3c3356963c992394b
.pack_a_native_clean/pi_ufo_baseline_v1_runtimefix/build/A_PI_NATIVE_200/MG5_PROC/SubProcesses/P1_gg_h2h2/input_app.txt	file	232	7c4cd2c702cdcb1ecf2f9f39708fccaa80c2a2b30492d40ae2b6c5cdf7bf3bbb
.pack_a_native_clean/pi_ufo_baseline_v1_runtimefix/build/A_PI_NATIVE_200/MG5_PROC/SubProcesses/P1_gg_h2h2/iproc.dat	file	8	9f1484819efbd27552b308c7bef1309cb037d836d4a9e6962f6bc56c87399fbe
.pack_a_native_clean/pi_ufo_baseline_v1_runtimefix/build/A_PI_NATIVE_200/MG5_PROC/SubProcesses/P1_gg_h2h2/leshouche.inc	file	258	6733d8d79e190c01a5c265169f96382df5b8ad4af5d7b918a2ea933a35cb652a
.pack_a_native_clean/pi_ufo_baseline_v1_runtimefix/build/A_PI_NATIVE_200/MG5_PROC/SubProcesses/P1_gg_h2h2/madevent	file	2173920	1c783d566a69db3932de6bd63f27803d66ac3e17649814316b939a2ee38295c4
.pack_a_native_clean/pi_ufo_baseline_v1_runtimefix/build/A_PI_NATIVE_200/MG5_PROC/SubProcesses/P1_gg_h2h2/madevent_forhel	file	2178160	f375f6f1922d9cad716dc47bc5ed4eafe5791d4720d4440447c1b3a6e8c56b6e
.pack_a_native_clean/pi_ufo_baseline_v1_runtimefix/build/A_PI_NATIVE_200/MG5_PROC/SubProcesses/P1_gg_h2h2/matrix1.ps	file	12790	6e1945697f0bb5db13011a4c44c0a8fa6c73d773b0ac5e2a82d4444c5d7960da
.pack_a_native_clean/pi_ufo_baseline_v1_runtimefix/build/A_PI_NATIVE_200/MG5_PROC/SubProcesses/P1_gg_h2h2/matrix1_optim.f	file	14556	9a9710bf3fcd43c9349f2a21df83ce874b4385ff7ec4115d31ae445c537c3652
.pack_a_native_clean/pi_ufo_baseline_v1_runtimefix/build/A_PI_NATIVE_200/MG5_PROC/SubProcesses/P1_gg_h2h2/matrix1_optim.o	file	12248	df2778f15eacc11e220aafead4cfb883fcf043af976ad2604d295d40458ec816
.pack_a_native_clean/pi_ufo_baseline_v1_runtimefix/build/A_PI_NATIVE_200/MG5_PROC/SubProcesses/P1_gg_h2h2/matrix1_orig.f	file	19681	5ebdb85e08b66995891e93dde4b9467af38a2185e9a2a9ee6bee0f79670de195
.pack_a_native_clean/pi_ufo_baseline_v1_runtimefix/build/A_PI_NATIVE_200/MG5_PROC/SubProcesses/P1_gg_h2h2/matrix1_orig.o	file	17568	76e689d953c67931b40e2dcac39babe94645b7913f745e22de1829d3c6d72baf
.pack_a_native_clean/pi_ufo_baseline_v1_runtimefix/build/A_PI_NATIVE_200/MG5_PROC/SubProcesses/P1_gg_h2h2/maxamps.inc	file	132	25f44ebb2a7b47b434d968a4d91a07af4e7652148710261c854ef0b13d363dcf
.pack_a_native_clean/pi_ufo_baseline_v1_runtimefix/build/A_PI_NATIVE_200/MG5_PROC/SubProcesses/P1_gg_h2h2/mg.sym	file	8	ce0beb5d3db56633838f88474455c79deba0d0ba4a099b11351d3db3921ab6e1
.pack_a_native_clean/pi_ufo_baseline_v1_runtimefix/build/A_PI_NATIVE_200/MG5_PROC/SubProcesses/P1_gg_h2h2/mirrorprocs.inc	file	43	935a25c04c2fb91c02081b241829da3156e4269aeb0e32009dfeb83a04edd2c1
.pack_a_native_clean/pi_ufo_baseline_v1_runtimefix/build/A_PI_NATIVE_200/MG5_PROC/SubProcesses/P1_gg_h2h2/myamp.o	file	17688	16dcee59ed339bdd826e30521b9aa5b898cbeaafb59a93b9b83c1a8e580b5f21
.pack_a_native_clean/pi_ufo_baseline_v1_runtimefix/build/A_PI_NATIVE_200/MG5_PROC/SubProcesses/P1_gg_h2h2/ncombs.inc	file	56	06bf072f92425bdfbe34d5da8c6c7f2bd1265799bdcd750f0d4ff3aaeff196d8
.pack_a_native_clean/pi_ufo_baseline_v1_runtimefix/build/A_PI_NATIVE_200/MG5_PROC/SubProcesses/P1_gg_h2h2/nexternal.inc	file	114	74fd71600ab057b2329dd63d20970faad5acc6b19819e455d0bbe4cf75680b28
.pack_a_native_clean/pi_ufo_baseline_v1_runtimefix/build/A_PI_NATIVE_200/MG5_PROC/SubProcesses/P1_gg_h2h2/ngraphs.inc	file	55	f025f52826df5616a1bbec3d33e320238090bd6bad71ee9bc1551cdfb42dfac9
.pack_a_native_clean/pi_ufo_baseline_v1_runtimefix/build/A_PI_NATIVE_200/MG5_PROC/SubProcesses/P1_gg_h2h2/pmass.inc	file	96	d82449c6077b613993a1d7818fd712f54c84524a103ed6d10c329143cc290ebe
.pack_a_native_clean/pi_ufo_baseline_v1_runtimefix/build/A_PI_NATIVE_200/MG5_PROC/SubProcesses/P1_gg_h2h2/processes.dat	file	32	d02cb2e05bd9bc3a660ecf35d59c925045b9407ae2185908fc7ed57b84b991b5
.pack_a_native_clean/pi_ufo_baseline_v1_runtimefix/build/A_PI_NATIVE_200/MG5_PROC/SubProcesses/P1_gg_h2h2/props.inc	file	88	c8f09d5645099a2196e2ffc6b772a951772c587501a11fd665299f28df9ceb70
.pack_a_native_clean/pi_ufo_baseline_v1_runtimefix/build/A_PI_NATIVE_200/MG5_PROC/SubProcesses/P1_gg_h2h2/reweight.o	file	45888	6c8724fd1aeae4fbf4f9f3c76538347cb1797afca4e8aa9f52d8798958ddc186
.pack_a_native_clean/pi_ufo_baseline_v1_runtimefix/build/A_PI_NATIVE_200/MG5_PROC/SubProcesses/P1_gg_h2h2/setcuts.o	file	27384	8d6b6cc9455bf671809f09333cf7655359be0c11d1302502157739d550975886
.pack_a_native_clean/pi_ufo_baseline_v1_runtimefix/build/A_PI_NATIVE_200/MG5_PROC/SubProcesses/P1_gg_h2h2/setscales.o	file	4840	57be7ada425b994d430a888b3ffc10cc45bb1483978d24099ef0eecf9cc64c8f
.pack_a_native_clean/pi_ufo_baseline_v1_runtimefix/build/A_PI_NATIVE_200/MG5_PROC/SubProcesses/P1_gg_h2h2/symfact.dat	file	17	d41353f57e2a4260b59af832af1de7db5f6c90b3c64ffc3b13ce59ba4fe4a774
.pack_a_native_clean/pi_ufo_baseline_v1_runtimefix/build/A_PI_NATIVE_200/MG5_PROC/SubProcesses/P1_gg_h2h2/symfact_orig.dat	file	7	0f8d6984b4abd7a95420e165b32ff8258634f06eb5648c390575f726c0b045f6
.pack_a_native_clean/pi_ufo_baseline_v1_runtimefix/build/A_PI_NATIVE_200/MG5_PROC/SubProcesses/P1_gg_h2h2/symmetry.o	file	19344	dfca6341955a8c7a0d4b7740e9f03a15898ff52f0205edb49201ca38860ebea0
.pack_a_native_clean/pi_ufo_baseline_v1_runtimefix/build/A_PI_NATIVE_200/MG5_PROC/SubProcesses/P1_gg_h2h2/symperms.inc	file	47	f1f1925d51fcba3df8d683d8c1ea6497c56d6dea4978686d428fccdc549b06fd
.pack_a_native_clean/pi_ufo_baseline_v1_runtimefix/build/A_PI_NATIVE_200/MG5_PROC/SubProcesses/P1_gg_h2h2/symswap.inc	file	65	9eee3eaf8365eb19d489c170079bb88598bbb79744432fd88bfbc7c4449414c1
.pack_a_native_clean/pi_ufo_baseline_v1_runtimefix/build/A_PI_NATIVE_200/MG5_PROC/SubProcesses/P1_gg_h2h2/template_matrix1.f	file	13652	18401b1c27fd74a81ab55475b66469feaf6e28bcc9bc8c1157654b2e2770e2d2
.pack_a_native_clean/pi_ufo_baseline_v1_runtimefix/build/A_PI_NATIVE_200/MG5_PROC/SubProcesses/P1_gg_h2h2/unwgt.o	file	38664	2f0586eb342f98a2b6e79fae3d5f296b920380f340230bd24f1f710e07aad1f2
.pack_a_native_clean/pi_ufo_baseline_v1_runtimefix/build/A_PI_NATIVE_200/MG5_PROC/SubProcesses/addmothers.f	file	46762	0e966f5242bdc70bbb96d606cd1aa73bfe40ea152d76a505600ad77a811a0120
.pack_a_native_clean/pi_ufo_baseline_v1_runtimefix/build/A_PI_NATIVE_200/MG5_PROC/SubProcesses/cluster.f	file	32017	651a462c5d36410dd4092e6543bd9bac1e35d518ae01949ac654a165cf330d4a
.pack_a_native_clean/pi_ufo_baseline_v1_runtimefix/build/A_PI_NATIVE_200/MG5_PROC/SubProcesses/cluster.inc	file	1723	19710e29a625143930935b641cbbb38fe3e535224bc910f5982a9f77c7076d0a
.pack_a_native_clean/pi_ufo_baseline_v1_runtimefix/build/A_PI_NATIVE_200/MG5_PROC/SubProcesses/cuts.f	file	55278	c077cc390dc052a8526ddb187c98005e08bab7e5d999c8c879b66a1500b65c2c
.pack_a_native_clean/pi_ufo_baseline_v1_runtimefix/build/A_PI_NATIVE_200/MG5_PROC/SubProcesses/done	file	0	e3b0c44298fc1c149afbf4c8996fb92427ae41e4649b934ca495991b7852b855
.pack_a_native_clean/pi_ufo_baseline_v1_runtimefix/build/A_PI_NATIVE_200/MG5_PROC/SubProcesses/dummy_fct.f	file	5288	b3ac74b7ff05185bbe4a2e9647f501c53dc5fcd5502075b37c4a54179b3b1b33
.pack_a_native_clean/pi_ufo_baseline_v1_runtimefix/build/A_PI_NATIVE_200/MG5_PROC/SubProcesses/genps.f	file	65885	fff7a5138e8c171d5fa235c057cee987c31df92c551e890b3f62991a59bdede7
.pack_a_native_clean/pi_ufo_baseline_v1_runtimefix/build/A_PI_NATIVE_200/MG5_PROC/SubProcesses/idenparts.f	file	2119	0584c11e0f53fba6a2747d1918150e2841ee6cead3972b3bdc50d1b9be9d5a0f
.pack_a_native_clean/pi_ufo_baseline_v1_runtimefix/build/A_PI_NATIVE_200/MG5_PROC/SubProcesses/initcluster.f	file	1721	b83e276ade00f20369ad1d2f300ee21940e9650d60084eb7b59fa6e9da575704
.pack_a_native_clean/pi_ufo_baseline_v1_runtimefix/build/A_PI_NATIVE_200/MG5_PROC/SubProcesses/makefile	file	3212	9704832a58bb3eb3ca1e8ac4db29f8735ae863c278f65a3b6537dc886b1ecd48
.pack_a_native_clean/pi_ufo_baseline_v1_runtimefix/build/A_PI_NATIVE_200/MG5_PROC/SubProcesses/message.inc	file	48	9d5515b45568d67213152a88a0ad8bdef0a8c4dfc9153c682293f8073942d0c5
.pack_a_native_clean/pi_ufo_baseline_v1_runtimefix/build/A_PI_NATIVE_200/MG5_PROC/SubProcesses/myamp.f	file	21004	cb45cac4a4d64d5aa69c84b4c8ebd73c0c4ef3ad82cea55c451532705cdcbaa1
.pack_a_native_clean/pi_ufo_baseline_v1_runtimefix/build/A_PI_NATIVE_200/MG5_PROC/SubProcesses/proc_characteristics	file	538	3eb390c2ed247d28d7e98a32c56a534342e277b1ce36a2d02111df9bb343e5a6
.pack_a_native_clean/pi_ufo_baseline_v1_runtimefix/build/A_PI_NATIVE_200/MG5_PROC/SubProcesses/procdef_mg5.dat	file	2203	12cf2782a72af64a5d5232b6b831bb66503769d25803bb5d4efc46b0a81e0791
.pack_a_native_clean/pi_ufo_baseline_v1_runtimefix/build/A_PI_NATIVE_200/MG5_PROC/SubProcesses/randinit	file	8	50c1ecf438c14af9edb07969a2e71bb2419b535b9283804f59f87d691f537245
.pack_a_native_clean/pi_ufo_baseline_v1_runtimefix/build/A_PI_NATIVE_200/MG5_PROC/SubProcesses/refine.sh	file	2484	86fd2e92d3e8c3a2fff476b4ed8193616178868f98bf63e14cd8e9b6f94b6ff0
.pack_a_native_clean/pi_ufo_baseline_v1_runtimefix/build/A_PI_NATIVE_200/MG5_PROC/SubProcesses/refine_splitted.sh	file	2032	ce244c7d9c40098c9459fccf4153886201f00ab35c232eb69fe9b021448056c4
.pack_a_native_clean/pi_ufo_baseline_v1_runtimefix/build/A_PI_NATIVE_200/MG5_PROC/SubProcesses/results.dat	file	189	a93ff072db22f38a1412cbdf304d8a37a35e566fb4520636c96777948fdecffe
.pack_a_native_clean/pi_ufo_baseline_v1_runtimefix/build/A_PI_NATIVE_200/MG5_PROC/SubProcesses/reweight.f	file	68991	a505ba2611cee9c335b94d016956fbdd07c981431009c944e1561c02d4fd1014
.pack_a_native_clean/pi_ufo_baseline_v1_runtimefix/build/A_PI_NATIVE_200/MG5_PROC/SubProcesses/setcuts.f	file	35393	f0e3e5e3ad3f5599fa56aa7baef614112e383ee51701caa38d16c977185cab18
.pack_a_native_clean/pi_ufo_baseline_v1_runtimefix/build/A_PI_NATIVE_200/MG5_PROC/SubProcesses/setscales.f	file	6849	6308378112ef4dfcf12af53bf322f1c564294fc98e63948bd7323fb13a004c28
.pack_a_native_clean/pi_ufo_baseline_v1_runtimefix/build/A_PI_NATIVE_200/MG5_PROC/SubProcesses/subproc.mg	file	11	25373adac33ffc2eabb28ca6d596ab3b4d709f0354f6ffc5f1313b0a80dbff86
.pack_a_native_clean/pi_ufo_baseline_v1_runtimefix/build/A_PI_NATIVE_200/MG5_PROC/SubProcesses/subproc.txt	file	10	d9cd0ac93ce2f17b682820fae7d43be3065b27acff843c228e939af3a27c94e1
.pack_a_native_clean/pi_ufo_baseline_v1_runtimefix/build/A_PI_NATIVE_200/MG5_PROC/SubProcesses/sudakov.inc	file	960	e9271a4ce6644118a2feb3d4da31c6c9f4a928a9877999b45a24fe76a960676c
.pack_a_native_clean/pi_ufo_baseline_v1_runtimefix/build/A_PI_NATIVE_200/MG5_PROC/SubProcesses/survey.sh	file	1823	94975fb5487b8ca1f888a4dd285eb474671616f67347724c002a038ecd364077
.pack_a_native_clean/pi_ufo_baseline_v1_runtimefix/build/A_PI_NATIVE_200/MG5_PROC/SubProcesses/symmetry.f	file	20076	ac58500c883d11c50631e4fa6443c3445c1b0babf74f792191237fa4639c79c3
.pack_a_native_clean/pi_ufo_baseline_v1_runtimefix/build/A_PI_NATIVE_200/MG5_PROC/SubProcesses/unwgt.f	file	25753	fafc8b2fc8e652c363a455fcf729dd113338111e799dd96478c351d0746303a3
.pack_a_native_clean/pi_ufo_baseline_v1_runtimefix/build/A_PI_NATIVE_200/MG5_PROC/TemplateVersion.txt	file	6	732f64d874f90788c0199b0c19bfd9b3b6436e140114e53e462832532d74c61c
.pack_a_native_clean/pi_ufo_baseline_v1_runtimefix/build/A_PI_NATIVE_200/MG5_PROC/bin	dir	4096	
.pack_a_native_clean/pi_ufo_baseline_v1_runtimefix/build/A_PI_NATIVE_200/MG5_PROC/bin/cleanall	file	915	72f285016ba0ab688a54eeca202b4355c219fb7f71df42b543ce107cc6b88e83
.pack_a_native_clean/pi_ufo_baseline_v1_runtimefix/build/A_PI_NATIVE_200/MG5_PROC/bin/generate_events	file	5885	3b454a48b9ee004458c0f67333711f05b2bb77ddfb0adb6c2edaddea7142c904
.pack_a_native_clean/pi_ufo_baseline_v1_runtimefix/build/A_PI_NATIVE_200/MG5_PROC/bin/internal	dir	4096	
.pack_a_native_clean/pi_ufo_baseline_v1_runtimefix/build/A_PI_NATIVE_200/MG5_PROC/bin/internal/FO_analyse_card.py	file	5863	a43b37ac9ee097deb85e4f1b5abca970b9ed32188d33f811f618b77ec4ce6ac6
.pack_a_native_clean/pi_ufo_baseline_v1_runtimefix/build/A_PI_NATIVE_200/MG5_PROC/bin/internal/Gridpack	dir	4096	
.pack_a_native_clean/pi_ufo_baseline_v1_runtimefix/build/A_PI_NATIVE_200/MG5_PROC/bin/internal/Gridpack/TheChopper-pl	file	3411	f29c49ca38de88342aac701816f450e16c43a0ebd7fe7108d33155d25b8307ab
.pack_a_native_clean/pi_ufo_baseline_v1_runtimefix/build/A_PI_NATIVE_200/MG5_PROC/bin/internal/Gridpack/clean4grid	file	2812	f70e6afe62424341b6e1027081e0da581aa40346395813def5e91d04e0b3f333
.pack_a_native_clean/pi_ufo_baseline_v1_runtimefix/build/A_PI_NATIVE_200/MG5_PROC/bin/internal/Gridpack/compile	file	2904	997f461bc3478232ed4fb91e8b78daf153fddddfd31f266c52cab170cde69835
.pack_a_native_clean/pi_ufo_baseline_v1_runtimefix/build/A_PI_NATIVE_200/MG5_PROC/bin/internal/Gridpack/gridrun	file	3552	cac88b757101714b1a5f6f994d98a1a732b3ab3dd42653d77761bb4a01401e49
.pack_a_native_clean/pi_ufo_baseline_v1_runtimefix/build/A_PI_NATIVE_200/MG5_PROC/bin/internal/Gridpack/refine4grid	file	2513	04309e5de8ebd7fe140463b17dcb127e2d00f6c2155d0008526d8f0bca119f60
.pack_a_native_clean/pi_ufo_baseline_v1_runtimefix/build/A_PI_NATIVE_200/MG5_PROC/bin/internal/Gridpack/replace.pl	file	6418	e476e4e0d5c7db8ca88ceb94fefe564a03b43c70af7915e76cd4d735607013f4
.pack_a_native_clean/pi_ufo_baseline_v1_runtimefix/build/A_PI_NATIVE_200/MG5_PROC/bin/internal/Gridpack/run.sh	file	2761	3077a291e502ae5f351aa21a58cbe070720f2ba9612eeb8b18e443af96382d4c
.pack_a_native_clean/pi_ufo_baseline_v1_runtimefix/build/A_PI_NATIVE_200/MG5_PROC/bin/internal/__init__.py	file	2270	6371c71acf6135d279bc3935b7fae4f758ba3e583f15978b9cea8adc52dccf26
.pack_a_native_clean/pi_ufo_baseline_v1_runtimefix/build/A_PI_NATIVE_200/MG5_PROC/bin/internal/__pycache__	dir	4096	
.pack_a_native_clean/pi_ufo_baseline_v1_runtimefix/build/A_PI_NATIVE_200/MG5_PROC/bin/internal/__pycache__/FO_analyse_card.cpython-312.opt-1.pyc	file	6777	6aca05f9f1dc3ee3a583bffb36dd372ab366d29a678eb43dadd2035a76c6c31c
.pack_a_native_clean/pi_ufo_baseline_v1_runtimefix/build/A_PI_NATIVE_200/MG5_PROC/bin/internal/__pycache__/__init__.cpython-312.opt-1.pyc	file	2781	4d8fd2fe65e2f43ce84f2c39bb7ab1533866e186484e8111ecb0a1a940448306
.pack_a_native_clean/pi_ufo_baseline_v1_runtimefix/build/A_PI_NATIVE_200/MG5_PROC/bin/internal/__pycache__/banner.cpython-312.opt-1.pyc	file	276735	1f5933cfbc0e9c5b4d8d5be54866bbb6d7085c428f49e19797fc802ecc218385
.pack_a_native_clean/pi_ufo_baseline_v1_runtimefix/build/A_PI_NATIVE_200/MG5_PROC/bin/internal/__pycache__/check_param_card.cpython-312.opt-1.pyc	file	93151	1a0fb3a3d13c41bd5b45122d09f29542ab430ed9ffae9cd01e0f1adfbe6d70fc
.pack_a_native_clean/pi_ufo_baseline_v1_runtimefix/build/A_PI_NATIVE_200/MG5_PROC/bin/internal/__pycache__/cluster.cpython-312.opt-1.pyc	file	96526	ef13fb41b43b9a393ab84583b4c0102f3591b73f2162d2d91470995c2d5c4b69
.pack_a_native_clean/pi_ufo_baseline_v1_runtimefix/build/A_PI_NATIVE_200/MG5_PROC/bin/internal/__pycache__/coloring_logging.cpython-312.opt-1.pyc	file	3722	6c3ba6c4ea8e4f635fdd2e5530c2c6482b914ecdb9e23a1e295bb77485a1ac1f
.pack_a_native_clean/pi_ufo_baseline_v1_runtimefix/build/A_PI_NATIVE_200/MG5_PROC/bin/internal/__pycache__/combine_grid.cpython-312.opt-1.pyc	file	33173	df65a2fe778dbf7909afd4a263fabd0dc4dbeff366436a701685f7417add385c
.pack_a_native_clean/pi_ufo_baseline_v1_runtimefix/build/A_PI_NATIVE_200/MG5_PROC/bin/internal/__pycache__/combine_runs.cpython-312.opt-1.pyc	file	8753	cb2f73558c89ed4b426a47a5861ad4d3f702321435eaa10abb61dd15284b810e
.pack_a_native_clean/pi_ufo_baseline_v1_runtimefix/build/A_PI_NATIVE_200/MG5_PROC/bin/internal/__pycache__/common_run_interface.cpython-312.opt-1.pyc	file	415374	fae81f8f2fed4d95ca1566acaf68bb17e310cad97186590c910c0b06fae21694
.pack_a_native_clean/pi_ufo_baseline_v1_runtimefix/build/A_PI_NATIVE_200/MG5_PROC/bin/internal/__pycache__/extended_cmd.cpython-312.opt-1.pyc	file	146722	85647e1e920dd99e317a0f10bc88d307671396ff7289506064c22b9afcf28e41
.pack_a_native_clean/pi_ufo_baseline_v1_runtimefix/build/A_PI_NATIVE_200/MG5_PROC/bin/internal/__pycache__/file_writers.cpython-312.opt-1.pyc	file	39595	658a608882a1f10c7ce9d969662f9696083c06778185056c6ee18aecd8d5bcf5
.pack_a_native_clean/pi_ufo_baseline_v1_runtimefix/build/A_PI_NATIVE_200/MG5_PROC/bin/internal/__pycache__/files.cpython-312.opt-1.pyc	file	11098	da1641a8ac8260095ae34521c27b86b09c5d6a135e29c31a93a1a6723da8ad5f
.pack_a_native_clean/pi_ufo_baseline_v1_runtimefix/build/A_PI_NATIVE_200/MG5_PROC/bin/internal/__pycache__/gen_crossxhtml.cpython-312.opt-1.pyc	file	66867	aee1613bf63172bb9c3f095ac14102ac2d0229b3676c9d3fa78831628536147f
.pack_a_native_clean/pi_ufo_baseline_v1_runtimefix/build/A_PI_NATIVE_200/MG5_PROC/bin/internal/__pycache__/gen_ximprove.cpython-312.opt-1.pyc	file	92710	3cd05e09572a98bb8b67b80f6670243153d9dd50751b9cc019a6480a1bd41e73
.pack_a_native_clean/pi_ufo_baseline_v1_runtimefix/build/A_PI_NATIVE_200/MG5_PROC/bin/internal/__pycache__/hel_recycle.cpython-312.opt-1.pyc	file	45157	9b12a70ff0784e87fa1628503797657f156124a362ae950bf166757cafe04297
.pack_a_native_clean/pi_ufo_baseline_v1_runtimefix/build/A_PI_NATIVE_200/MG5_PROC/bin/internal/__pycache__/lhe_parser.cpython-312.opt-1.pyc	file	146439	c736b65ee19dd0bcf5868c004f9412402652e4302e08c64add7d4f691ee0f5c8
.pack_a_native_clean/pi_ufo_baseline_v1_runtimefix/build/A_PI_NATIVE_200/MG5_PROC/bin/internal/__pycache__/madevent_interface.cpython-312.opt-1.pyc	file	368958	ba0929fa4289cc1633aea8dd6cebf927009aafeb8511d75ffdfd374b3252614e
.pack_a_native_clean/pi_ufo_baseline_v1_runtimefix/build/A_PI_NATIVE_200/MG5_PROC/bin/internal/__pycache__/misc.cpython-312.opt-1.pyc	file	112678	7871234f946996d09660af505f591b64a59e8a83f6b9eea89b0b550d59e01707
.pack_a_native_clean/pi_ufo_baseline_v1_runtimefix/build/A_PI_NATIVE_200/MG5_PROC/bin/internal/__pycache__/save_load_object.cpython-312.opt-1.pyc	file	4525	48dd25247f39a0aab9bf8aad664ab31587a293f259dcaf2f7a54cc17d102ea33
.pack_a_native_clean/pi_ufo_baseline_v1_runtimefix/build/A_PI_NATIVE_200/MG5_PROC/bin/internal/__pycache__/shower_card.cpython-312.opt-1.pyc	file	16733	26c29b5869e300a447dec849237f2c8ff0235dc253d735dfc5a1d70e6228026e
.pack_a_native_clean/pi_ufo_baseline_v1_runtimefix/build/A_PI_NATIVE_200/MG5_PROC/bin/internal/__pycache__/sum_html.cpython-312.opt-1.pyc	file	39840	a89f73da562d644a9c062fb9b5af86b507cb0a47cb3a8dc2fe98e6bc54ef1f47
.pack_a_native_clean/pi_ufo_baseline_v1_runtimefix/build/A_PI_NATIVE_200/MG5_PROC/bin/internal/addmasses_optional.py	file	10027	41ff69c9ebeb9cfb2e8bf23a34cd74723f207471e1f0eadd3f3cb018ba92d042
.pack_a_native_clean/pi_ufo_baseline_v1_runtimefix/build/A_PI_NATIVE_200/MG5_PROC/bin/internal/banner.py	file	276635	04e364bd29ee26cd6d84240de49edd5a0c2a4d15272ddb6edc323ea4ff0eb685
.pack_a_native_clean/pi_ufo_baseline_v1_runtimefix/build/A_PI_NATIVE_200/MG5_PROC/bin/internal/check_param_card.py	file	73864	48b64f72f246687d3b7ed9dc30ebac5507a81ba5691276af29ef1e17ec37ad2f
.pack_a_native_clean/pi_ufo_baseline_v1_runtimefix/build/A_PI_NATIVE_200/MG5_PROC/bin/internal/clean	file	718	dfdc00d3c3e9ac3f966c4ace24cbbab7e4a2f3780f33f07a0463d6ec9eb83eaf
.pack_a_native_clean/pi_ufo_baseline_v1_runtimefix/build/A_PI_NATIVE_200/MG5_PROC/bin/internal/clean_template	file	2842	f6bcadb43be98c2a98c28765ca6e1bef7debde0e211270759e5dddce0fd5deb2
.pack_a_native_clean/pi_ufo_baseline_v1_runtimefix/build/A_PI_NATIVE_200/MG5_PROC/bin/internal/cluster.py	file	84691	f18d05b07b2f36bdc9e3658507c0f0e759c0be3c7584a3c07bbd5cdba3a6d5fd
.pack_a_native_clean/pi_ufo_baseline_v1_runtimefix/build/A_PI_NATIVE_200/MG5_PROC/bin/internal/coloring_logging.py	file	3301	a8027424a9810a5332523b2f37f2a8acda222a5fca75b78cd225474017f3b486
.pack_a_native_clean/pi_ufo_baseline_v1_runtimefix/build/A_PI_NATIVE_200/MG5_PROC/bin/internal/combine_grid.py	file	29721	4ebc76f6ed1e40752c0faba92b2dc88e854e4978df9610a61558b1c6f65d0a7c
.pack_a_native_clean/pi_ufo_baseline_v1_runtimefix/build/A_PI_NATIVE_200/MG5_PROC/bin/internal/combine_runs.py	file	6910	1ac132149aebd19b9f20d63617245f70dc947559bc81d8fbdaf103ef43fc9476
.pack_a_native_clean/pi_ufo_baseline_v1_runtimefix/build/A_PI_NATIVE_200/MG5_PROC/bin/internal/common_run_interface.py	file	367601	df07c70f8dac590345f0e6c195ef6d63ecd5db153bad2946d9285187cee4a733
.pack_a_native_clean/pi_ufo_baseline_v1_runtimefix/build/A_PI_NATIVE_200/MG5_PROC/bin/internal/create_matching_plots.C	file	723	fe1bd40e7e21cffe4d033d136f9f59d7df37af32818ca39b76439d90925e08c3
.pack_a_native_clean/pi_ufo_baseline_v1_runtimefix/build/A_PI_NATIVE_200/MG5_PROC/bin/internal/create_matching_plots.sh	file	943	b18887efa732028e4145d90add7b619d1abefc62098eb4381851ece166c9bb2d
.pack_a_native_clean/pi_ufo_baseline_v1_runtimefix/build/A_PI_NATIVE_200/MG5_PROC/bin/internal/eval.sh	file	20	6d167bcde1277a9c85d5413a825e17eda41f47082c6171905850477caeeb326d
.pack_a_native_clean/pi_ufo_baseline_v1_runtimefix/build/A_PI_NATIVE_200/MG5_PROC/bin/internal/extended_cmd.py	file	129251	73b6f30afb200b4e1d169908b72e04ab9c2cfd558ffc743f330db5129b31d22c
.pack_a_native_clean/pi_ufo_baseline_v1_runtimefix/build/A_PI_NATIVE_200/MG5_PROC/bin/internal/extract_banner-pl	file	508	6960620d20ab0e702df2ee0d6d0f5f27296d5ebac374a88520f7b70cdb2b4d32
.pack_a_native_clean/pi_ufo_baseline_v1_runtimefix/build/A_PI_NATIVE_200/MG5_PROC/bin/internal/file_writers.py	file	41579	fff9a790853aa44559bd04bda7371b466c4b4ed6476e77445105a8af876d203b
.pack_a_native_clean/pi_ufo_baseline_v1_runtimefix/build/A_PI_NATIVE_200/MG5_PROC/bin/internal/files.py	file	8707	cfec87ab0e4071abbf9989f1b029ee1128e02d7a435e79852294b4f3cab7ccde
.pack_a_native_clean/pi_ufo_baseline_v1_runtimefix/build/A_PI_NATIVE_200/MG5_PROC/bin/internal/gen_cardhtml-pl	file	10534	30b1cbdbd4d88a035824dc90e3ddd1f6f6c2e7f1618e1719511c3c3c28aa2236
.pack_a_native_clean/pi_ufo_baseline_v1_runtimefix/build/A_PI_NATIVE_200/MG5_PROC/bin/internal/gen_crossxhtml.py	file	71047	ba2646284802d699fb4ce34b4980749a1284374365e7780cd2e8cb8d1c84482f
.pack_a_native_clean/pi_ufo_baseline_v1_runtimefix/build/A_PI_NATIVE_200/MG5_PROC/bin/internal/gen_jpeg-pl	file	2941	3bba9f0f4b861372111bfa4641c4b9600d97b7c7e43823f1313cb61a321bb1e2
.pack_a_native_clean/pi_ufo_baseline_v1_runtimefix/build/A_PI_NATIVE_200/MG5_PROC/bin/internal/gen_ximprove.py	file	85872	9c5c32bb4e610234dde339ed88de75174ee280bd3e06b073ca3ff61a5a8ae167
.pack_a_native_clean/pi_ufo_baseline_v1_runtimefix/build/A_PI_NATIVE_200/MG5_PROC/bin/internal/hel_recycle.py	file	31149	8ec199b1746f73fdd26cff06e0bee46e1c482a71e7f3646bb349f88ccaeb978e
.pack_a_native_clean/pi_ufo_baseline_v1_runtimefix/build/A_PI_NATIVE_200/MG5_PROC/bin/internal/histograms.py	file	176703	8fe6f18a51f4a41389436a32fdf01e8f284f15067efdc40a5d7e0c28ad2c7f2c
.pack_a_native_clean/pi_ufo_baseline_v1_runtimefix/build/A_PI_NATIVE_200/MG5_PROC/bin/internal/lhe_parser.py	file	136178	21056fcacdc41b56aacf3584e4ee30504a646edce31629e4c119b3a7600273c8
.pack_a_native_clean/pi_ufo_baseline_v1_runtimefix/build/A_PI_NATIVE_200/MG5_PROC/bin/internal/madevent_interface.py	file	350048	5073c8c649d0c35bc0cae69a1eb09e42dc3a0e85fba9b15b2b47a242107cecef
.pack_a_native_clean/pi_ufo_baseline_v1_runtimefix/build/A_PI_NATIVE_200/MG5_PROC/bin/internal/make_gridpack	file	438	b32aacebbeddd45d84d898a457062e4b1b6946349c54f8abe8d774cc17a9a012
.pack_a_native_clean/pi_ufo_baseline_v1_runtimefix/build/A_PI_NATIVE_200/MG5_PROC/bin/internal/make_madevent_tar	file	215	1f9bea9265eb1c49a8b2274a0f0284ad3fe6628e1b4489681931f5000028c810
.pack_a_native_clean/pi_ufo_baseline_v1_runtimefix/build/A_PI_NATIVE_200/MG5_PROC/bin/internal/me5_logging.conf	file	2611	a593dfa321744db9344d6b722a9208910469af501a38513a030096f0b2f08948
.pack_a_native_clean/pi_ufo_baseline_v1_runtimefix/build/A_PI_NATIVE_200/MG5_PROC/bin/internal/merge.pl	file	10475	be04f05efda2bb515a723276ee947f98b8da7705b72dc41d3ff4cd638cf016df
.pack_a_native_clean/pi_ufo_baseline_v1_runtimefix/build/A_PI_NATIVE_200/MG5_PROC/bin/internal/misc.py	file	94456	074368ffb6204bf3c822a622ee074f5197c53bda7b4c5310dcf8c4fb4a057149
.pack_a_native_clean/pi_ufo_baseline_v1_runtimefix/build/A_PI_NATIVE_200/MG5_PROC/bin/internal/monitor	file	1137	91020174912796bbe93d4bc5a04b42e6ef973ddb58d1ba8454661e7b82efd33c
.pack_a_native_clean/pi_ufo_baseline_v1_runtimefix/build/A_PI_NATIVE_200/MG5_PROC/bin/internal/multicore	file	478	58ee77d2f9cb743d4cd7ff23f4a97512c62725fceb8da0900d14c2cb23341d08
.pack_a_native_clean/pi_ufo_baseline_v1_runtimefix/build/A_PI_NATIVE_200/MG5_PROC/bin/internal/plot	file	1467	58343673450356ea31858f251ecf9e2c14da1c81c9978fa69d22c244c1c25cc9
.pack_a_native_clean/pi_ufo_baseline_v1_runtimefix/build/A_PI_NATIVE_200/MG5_PROC/bin/internal/plot_djrs.py	file	7143	154178e34982ecad225e7067eb04690d72643732963147be013de62df386203f
.pack_a_native_clean/pi_ufo_baseline_v1_runtimefix/build/A_PI_NATIVE_200/MG5_PROC/bin/internal/plot_page-pl	file	3521	41f363947856f97ecc26d605671a1a0ccb5cef2ff33f27d149191269ca92db89
.pack_a_native_clean/pi_ufo_baseline_v1_runtimefix/build/A_PI_NATIVE_200/MG5_PROC/bin/internal/plot_pypage-pl	file	2426	063e24ab272f9d7795164b4fdc600484bfe03b4603caa8f866b8f3a26c640c84
.pack_a_native_clean/pi_ufo_baseline_v1_runtimefix/build/A_PI_NATIVE_200/MG5_PROC/bin/internal/plot_tree.C	file	2436	dac4d5d361cf3ab788d086a25144b3af7b8b8d7e7e4706b77c48f85f1cb9f94a
.pack_a_native_clean/pi_ufo_baseline_v1_runtimefix/build/A_PI_NATIVE_200/MG5_PROC/bin/internal/restore_data	file	1518	aa337f19616ee50170f98204805569038d3d1bfe2276e2267275ae78c9f2719e
.pack_a_native_clean/pi_ufo_baseline_v1_runtimefix/build/A_PI_NATIVE_200/MG5_PROC/bin/internal/run_combine	file	323	22d90ff09e294d63bc7bddd9af9202b026c2763dc9855bb0f852dcba82e6847e
.pack_a_native_clean/pi_ufo_baseline_v1_runtimefix/build/A_PI_NATIVE_200/MG5_PROC/bin/internal/run_delphes	file	1171	e37c42ab4ed5be796e5dc45ff6918edfbf92e206c9be9872ae0eaf6f125bb958
.pack_a_native_clean/pi_ufo_baseline_v1_runtimefix/build/A_PI_NATIVE_200/MG5_PROC/bin/internal/run_delphes3	file	1675	210683a1c9f34bf863bff6d2a7106c22c64d40e9fd012ba6d89bbe6852fe47eb
.pack_a_native_clean/pi_ufo_baseline_v1_runtimefix/build/A_PI_NATIVE_200/MG5_PROC/bin/internal/run_genissud	file	2418	a1fb4351a215baae8915ad3c6c2ab2ba9f1ee478dcc196da8bfb1cd057bb92d3
.pack_a_native_clean/pi_ufo_baseline_v1_runtimefix/build/A_PI_NATIVE_200/MG5_PROC/bin/internal/run_hep2lhe	file	824	4c280cfad5ff4f0bbafc47233e28980352b5530d73f1286f4f672496bc681046
.pack_a_native_clean/pi_ufo_baseline_v1_runtimefix/build/A_PI_NATIVE_200/MG5_PROC/bin/internal/run_pgs	file	634	cb1c2537913cc9fc10d237ce225f0547ed8ac85d0fa8021ae74cc3b7e863d9ab
.pack_a_native_clean/pi_ufo_baseline_v1_runtimefix/build/A_PI_NATIVE_200/MG5_PROC/bin/internal/run_plot	file	913	93b3590538f04226fd933a0ba1caa3469c59d31014f3a69d56c35bfbc9c377fd
.pack_a_native_clean/pi_ufo_baseline_v1_runtimefix/build/A_PI_NATIVE_200/MG5_PROC/bin/internal/run_plot_delphes	file	939	a6ce412f11761a9b647b6b5a564852165343c8bcf0f6928cd74d54f675695e77
.pack_a_native_clean/pi_ufo_baseline_v1_runtimefix/build/A_PI_NATIVE_200/MG5_PROC/bin/internal/run_plot_pgs	file	902	0860957ba69202e5d47a5a535bcfd6ebc07cdadafe52675604fdd3c350ccac40
.pack_a_native_clean/pi_ufo_baseline_v1_runtimefix/build/A_PI_NATIVE_200/MG5_PROC/bin/internal/run_plot_pythia	file	1005	e212bf1c2de6dc86bd50e2dc1023654ad470e9b885cc7a744add9371955526e0
.pack_a_native_clean/pi_ufo_baseline_v1_runtimefix/build/A_PI_NATIVE_200/MG5_PROC/bin/internal/save_load_object.py	file	3723	676b216218f99f6995a22d7df6a9b48b78d0f4d9a1c68aec0e3a27160270b4c9
.pack_a_native_clean/pi_ufo_baseline_v1_runtimefix/build/A_PI_NATIVE_200/MG5_PROC/bin/internal/shower_card.py	file	16856	dcdd28e900b7a7a60bb27e4bbb0ecca5604bf9ea3b4c4caef985d74be082ed8e
.pack_a_native_clean/pi_ufo_baseline_v1_runtimefix/build/A_PI_NATIVE_200/MG5_PROC/bin/internal/store4grid	file	1538	df350c66976db88edfba4b79ee82e672236b78023a89308dcdd59f83bdc7d4bb
.pack_a_native_clean/pi_ufo_baseline_v1_runtimefix/build/A_PI_NATIVE_200/MG5_PROC/bin/internal/sum_html.py	file	32551	b9bbf9f686025d7ab76d9b9b6e1d9990b11f90d2380c3499635e668cd0b6a5f8
.pack_a_native_clean/pi_ufo_baseline_v1_runtimefix/build/A_PI_NATIVE_200/MG5_PROC/bin/internal/syscalc_template.dat	file	362	a2012c82a6521bc4465339c7a707bfecdfea40066be1d7161109b851a54192ed
.pack_a_native_clean/pi_ufo_baseline_v1_runtimefix/build/A_PI_NATIVE_200/MG5_PROC/bin/internal/systematics.py	file	53093	f9e8581c85e05f36282842ae11791eb29ac301d78f889a0b5c53f889056f59de
.pack_a_native_clean/pi_ufo_baseline_v1_runtimefix/build/A_PI_NATIVE_200/MG5_PROC/bin/internal/ufomodel	dir	4096	
.pack_a_native_clean/pi_ufo_baseline_v1_runtimefix/build/A_PI_NATIVE_200/MG5_PROC/bin/internal/ufomodel/CT_couplings.py	file	298	58e07e6b6dea344858f32bccd1948a10768d38a217b88448aa4dc976c0a77b58
.pack_a_native_clean/pi_ufo_baseline_v1_runtimefix/build/A_PI_NATIVE_200/MG5_PROC/bin/internal/ufomodel/__init__.py	file	955	e2198b46e727a0aa09378d715bd33364095057dd910f3b8cf7d7dd6ec1bc71d7
.pack_a_native_clean/pi_ufo_baseline_v1_runtimefix/build/A_PI_NATIVE_200/MG5_PROC/bin/internal/ufomodel/__pycache__	dir	4096	
.pack_a_native_clean/pi_ufo_baseline_v1_runtimefix/build/A_PI_NATIVE_200/MG5_PROC/bin/internal/ufomodel/__pycache__/__init__.cpython-312.opt-1.pyc	file	1447	c6f27205631c8990f30c63c22d396631b62a7f1f8dc48a8a81348f1f4f45d6ec
.pack_a_native_clean/pi_ufo_baseline_v1_runtimefix/build/A_PI_NATIVE_200/MG5_PROC/bin/internal/ufomodel/__pycache__/coupling_orders.cpython-312.opt-1.pyc	file	586	d54a0d62f9beddea5c81578a6e0eef619b17829cd1e1967cfe153962eebaa8da
.pack_a_native_clean/pi_ufo_baseline_v1_runtimefix/build/A_PI_NATIVE_200/MG5_PROC/bin/internal/ufomodel/__pycache__/couplings.cpython-312.opt-1.pyc	file	13661	37ae7a561d40a842f1bd6befde0396649e84f2ab4cd2dd6a6fb6fe8a527a697b
.pack_a_native_clean/pi_ufo_baseline_v1_runtimefix/build/A_PI_NATIVE_200/MG5_PROC/bin/internal/ufomodel/__pycache__/decays.cpython-312.opt-1.pyc	file	24540	d59589253165c8d7f07606390c8105fc9c71e5b4c7e135c38b71b2e6668db228
.pack_a_native_clean/pi_ufo_baseline_v1_runtimefix/build/A_PI_NATIVE_200/MG5_PROC/bin/internal/ufomodel/__pycache__/form_factors.cpython-312.opt-1.pyc	file	939	df7dc882ccfd2bcfa73c69bba5b9b4ec58fda0fdfddd64fa2983d56b5962a5d6
.pack_a_native_clean/pi_ufo_baseline_v1_runtimefix/build/A_PI_NATIVE_200/MG5_PROC/bin/internal/ufomodel/__pycache__/function_library.cpython-312.opt-1.pyc	file	2618	9d7729af1744c2473e2b30ae3bc5b923ab7ca041cbc9f769b5bb5052500544db
.pack_a_native_clean/pi_ufo_baseline_v1_runtimefix/build/A_PI_NATIVE_200/MG5_PROC/bin/internal/ufomodel/__pycache__/function_library.cpython-312.pyc	file	2618	9d7729af1744c2473e2b30ae3bc5b923ab7ca041cbc9f769b5bb5052500544db
.pack_a_native_clean/pi_ufo_baseline_v1_runtimefix/build/A_PI_NATIVE_200/MG5_PROC/bin/internal/ufomodel/__pycache__/lorentz.cpython-312.opt-1.pyc	file	3199	6d3c79b126ec188b51d886fdbfa1d15b28995fb4a69750804285c215cce610f5
.pack_a_native_clean/pi_ufo_baseline_v1_runtimefix/build/A_PI_NATIVE_200/MG5_PROC/bin/internal/ufomodel/__pycache__/object_library.cpython-312.opt-1.pyc	file	14831	010026d9e337c76dae0f3288c23b6376829e43521d7d5edd021fe4d30df81920
.pack_a_native_clean/pi_ufo_baseline_v1_runtimefix/build/A_PI_NATIVE_200/MG5_PROC/bin/internal/ufomodel/__pycache__/object_library.cpython-312.pyc	file	14933	891caa6a026893c752800fbe810410e1dc749aa04fa03e7a6abab3c72c45f637
.pack_a_native_clean/pi_ufo_baseline_v1_runtimefix/build/A_PI_NATIVE_200/MG5_PROC/bin/internal/ufomodel/__pycache__/parameters.cpython-312.opt-1.pyc	file	11105	5ccbce50dc0e76bd5427e2bb75790cf9193eb4f9682632563aa92600432caf70
.pack_a_native_clean/pi_ufo_baseline_v1_runtimefix/build/A_PI_NATIVE_200/MG5_PROC/bin/internal/ufomodel/__pycache__/parameters.cpython-312.pyc	file	11105	5ccbce50dc0e76bd5427e2bb75790cf9193eb4f9682632563aa92600432caf70
.pack_a_native_clean/pi_ufo_baseline_v1_runtimefix/build/A_PI_NATIVE_200/MG5_PROC/bin/internal/ufomodel/__pycache__/particles.cpython-312.opt-1.pyc	file	5948	7a8ad14edd87a95a0a3d99a4c0d4b5f3c64b898f45b68f9f11a739f6ed5cc541
.pack_a_native_clean/pi_ufo_baseline_v1_runtimefix/build/A_PI_NATIVE_200/MG5_PROC/bin/internal/ufomodel/__pycache__/propagators.cpython-312.opt-1.pyc	file	903	150d998b37216c856f47eefa589ceaab33aaa9f9d53829beabd076cf28ba3e74
.pack_a_native_clean/pi_ufo_baseline_v1_runtimefix/build/A_PI_NATIVE_200/MG5_PROC/bin/internal/ufomodel/__pycache__/vertices.cpython-312.opt-1.pyc	file	42268	df4b1dc0d12935726416b77f7e92d11235d9098c4bc952b1138e4aee52b6968f
.pack_a_native_clean/pi_ufo_baseline_v1_runtimefix/build/A_PI_NATIVE_200/MG5_PROC/bin/internal/ufomodel/coupling_orders.py	file	665	80d652d3441c1fed3242dc7a4141a12f5a7ccc2f2cc6764dd5d22bb39083d132
.pack_a_native_clean/pi_ufo_baseline_v1_runtimefix/build/A_PI_NATIVE_200/MG5_PROC/bin/internal/ufomodel/couplings.py	file	18621	199021f332fa57314f1a9dbd487a08c8310f9d5b4ce408eaa6c5ea99a649c3f4
.pack_a_native_clean/pi_ufo_baseline_v1_runtimefix/build/A_PI_NATIVE_200/MG5_PROC/bin/internal/ufomodel/decays.py	file	23449	ebb92183abff92cdaf55aeb80399effe2cc0256f1423ce807a390cd420564e23
.pack_a_native_clean/pi_ufo_baseline_v1_runtimefix/build/A_PI_NATIVE_200/MG5_PROC/bin/internal/ufomodel/form_factors.py	file	598	9fdae69a684ddd1eb5963a1695e0f5449045755826aa62a8829569848b32f478
.pack_a_native_clean/pi_ufo_baseline_v1_runtimefix/build/A_PI_NATIVE_200/MG5_PROC/bin/internal/ufomodel/function_library.py	file	3502	af85d1d7e83bc0f7a016258b6cc3e179c4d9fd6778ce553ebf7ff4b8be5b968f
.pack_a_native_clean/pi_ufo_baseline_v1_runtimefix/build/A_PI_NATIVE_200/MG5_PROC/bin/internal/ufomodel/lorentz.py	file	4392	4b818a0fd7a9f1ded91a957251380f4116a30454f8e1fc72e1c7ccacdab6bf8f
.pack_a_native_clean/pi_ufo_baseline_v1_runtimefix/build/A_PI_NATIVE_200/MG5_PROC/bin/internal/ufomodel/object_library.py	file	10877	4bef9ba0a44b89048f5ed02f0c97f5937e1a2ce8a949574bdaa6f67ae80f9e11
.pack_a_native_clean/pi_ufo_baseline_v1_runtimefix/build/A_PI_NATIVE_200/MG5_PROC/bin/internal/ufomodel/param_card.dat	file	1681	520869311058818f46eb103f49c7cee51e1687548685c11e1bf32e73854c1ccf
.pack_a_native_clean/pi_ufo_baseline_v1_runtimefix/build/A_PI_NATIVE_200/MG5_PROC/bin/internal/ufomodel/parameters.py	file	23054	7f84d779ff83dd52bbfecbbfe31df147e2df79faab0bcda716d5908d63b3d45b
.pack_a_native_clean/pi_ufo_baseline_v1_runtimefix/build/A_PI_NATIVE_200/MG5_PROC/bin/internal/ufomodel/particles.py	file	11211	01c61a7a352a5bebb747fff0c9ac3e228fa7575dfc381a339ecb285332b223c6
.pack_a_native_clean/pi_ufo_baseline_v1_runtimefix/build/A_PI_NATIVE_200/MG5_PROC/bin/internal/ufomodel/propagators.py	file	1351	1a4495d00654b6de8044d7a993b798cb12ca7265199f8e25ce42abdfbc98384a
.pack_a_native_clean/pi_ufo_baseline_v1_runtimefix/build/A_PI_NATIVE_200/MG5_PROC/bin/internal/ufomodel/py3_model.pkl	file	57580	547fc1931ede9789cee5b542eb5b9aa04ce335fbd1c94a88e238f7f8e48ba933
.pack_a_native_clean/pi_ufo_baseline_v1_runtimefix/build/A_PI_NATIVE_200/MG5_PROC/bin/internal/ufomodel/vertices.py	file	36546	60bb131379499fd85ac21da8e15f960cffcf2d33afc54217481730e82648f6ba
.pack_a_native_clean/pi_ufo_baseline_v1_runtimefix/build/A_PI_NATIVE_200/MG5_PROC/bin/internal/ufomodel/write_param_card.py	file	3221	081e24c63a197a6c58fd60a4253e10960738ac35050fe49364941268381ffbb9
.pack_a_native_clean/pi_ufo_baseline_v1_runtimefix/build/A_PI_NATIVE_200/MG5_PROC/bin/madevent	file	8030	13d0f53355f7b52e4ec0218f5e8e3a755e3da07c89d57f74f8df6956500bc9e2
.pack_a_native_clean/pi_ufo_baseline_v1_runtimefix/build/A_PI_NATIVE_200/MG5_PROC/bin/newprocess_mg5	file	3529	f55d3f285147a8bb844d89b0ff3d81b5c3e86584f383a4e3e7c6780a2b795ff8
.pack_a_native_clean/pi_ufo_baseline_v1_runtimefix/build/A_PI_NATIVE_200/MG5_PROC/crossx.html	file	2084	217a8cc34ceab4b557f6e490bb6c7993d3072d4500455b692b2275cd3b88aac1
.pack_a_native_clean/pi_ufo_baseline_v1_runtimefix/build/A_PI_NATIVE_200/MG5_PROC/index.html	file	1997	1effeab9bd041e055d369522b82b2e88049132223075de442c637fe1a2d53a1f
.pack_a_native_clean/pi_ufo_baseline_v1_runtimefix/build/A_PI_NATIVE_200/MG5_PROC/lib	dir	4096	
.pack_a_native_clean/pi_ufo_baseline_v1_runtimefix/build/A_PI_NATIVE_200/MG5_PROC/lib/Pdfdata	dir	4096	
.pack_a_native_clean/pi_ufo_baseline_v1_runtimefix/build/A_PI_NATIVE_200/MG5_PROC/lib/Pdfdata/NNPDF23_lo_as_0119_qed_mem0.grid	file	2195378	372e1da9f61b7aca03c25884fd05ab47399809de578ac7ee30df0d09a5c99558
.pack_a_native_clean/pi_ufo_baseline_v1_runtimefix/build/A_PI_NATIVE_200/MG5_PROC/lib/Pdfdata/NNPDF23_lo_as_0130_qed_mem0.grid	file	2195382	5d7378dd34444682a01acbc7215caccf38dffe31b65786a922bb586aee4369b5
.pack_a_native_clean/pi_ufo_baseline_v1_runtimefix/build/A_PI_NATIVE_200/MG5_PROC/lib/Pdfdata/NNPDF23nlo_as_0119_qed_mem0.grid	file	2195169	e1ad3115d9bc36f4cdf43268138ab6c2efb9a4803bff376f493c85260181213e
.pack_a_native_clean/pi_ufo_baseline_v1_runtimefix/build/A_PI_NATIVE_200/MG5_PROC/lib/Pdfdata/cteq5l.tbl	file	134476	8d7d234ec1b3b6c81f76f69e9b8a3114b487344963036bd882246e752a63ef4b
.pack_a_native_clean/pi_ufo_baseline_v1_runtimefix/build/A_PI_NATIVE_200/MG5_PROC/lib/Pdfdata/cteq5m.tbl	file	125607	0c1585bb7e16eef45fef4b7275d206538a0aca157a93159b82dccdeeb3e6adbe
.pack_a_native_clean/pi_ufo_baseline_v1_runtimefix/build/A_PI_NATIVE_200/MG5_PROC/lib/Pdfdata/cteq6d.tbl	file	219892	25912796d9d954a0ee0c7cbc7b7d915c1edb2c378664eb4cc702479ccd39acc1
.pack_a_native_clean/pi_ufo_baseline_v1_runtimefix/build/A_PI_NATIVE_200/MG5_PROC/lib/Pdfdata/cteq6l.tbl	file	219892	8525243c99321fe64d5e8e9f223fd9106069d07bd12bdb14f4b99316e848873e
.pack_a_native_clean/pi_ufo_baseline_v1_runtimefix/build/A_PI_NATIVE_200/MG5_PROC/lib/Pdfdata/cteq6l1.tbl	file	219850	023dce6f7e6f64dfab376ced5d2c487f8ef8d0ccb976d383a2f0a8049370f058
.pack_a_native_clean/pi_ufo_baseline_v1_runtimefix/build/A_PI_NATIVE_200/MG5_PROC/lib/Pdfdata/cteq6m.tbl	file	219888	570c8bda925461c5f15f877a24555d1be9cb17434fe347f8afe6c8724bac4470
.pack_a_native_clean/pi_ufo_baseline_v1_runtimefix/build/A_PI_NATIVE_200/MG5_PROC/lib/Pdfdata/mrsb.dat	file	62054	8e957739754db8a1584d25beb7eab00a55501f794dc38a5d20d539c4347de4ff
.pack_a_native_clean/pi_ufo_baseline_v1_runtimefix/build/A_PI_NATIVE_200/MG5_PROC/lib/Pdfdata/mrse.dat	file	62054	c8b4b7e4f6643563302971d1c9a2acd7bec217515ead22a586839125cab98e8a
.pack_a_native_clean/pi_ufo_baseline_v1_runtimefix/build/A_PI_NATIVE_200/MG5_PROC/lib/Pdfdata/mrst2002nlo.dat	file	145632	bec81dcb0093a68b44e6b15472bbe67c2b883fb59833529307d80a7f16688d4f
.pack_a_native_clean/pi_ufo_baseline_v1_runtimefix/build/A_PI_NATIVE_200/MG5_PROC/lib/libbias.a	file	1452	30678af2aeb0de041816c84b31df68827f1c6d525f1b3b847268eb9a64922179
.pack_a_native_clean/pi_ufo_baseline_v1_runtimefix/build/A_PI_NATIVE_200/MG5_PROC/lib/libcernlib.a	file	20440	dec4fa6ecb5068cb14d125e698071fd0ceea2611d37a51c857f3253ad43d92c4
.pack_a_native_clean/pi_ufo_baseline_v1_runtimefix/build/A_PI_NATIVE_200/MG5_PROC/lib/libdhelas.a	file	45934	91a5994d074bba58224a30e07b59e13c0efb814925cbbf3a0c1b6fdf69577a4d
.pack_a_native_clean/pi_ufo_baseline_v1_runtimefix/build/A_PI_NATIVE_200/MG5_PROC/lib/libdsample.a	file	1863200	e71256189b5a0d4805146c0a91aa29538c929392dc4f3583a55aab63b330c1db
.pack_a_native_clean/pi_ufo_baseline_v1_runtimefix/build/A_PI_NATIVE_200/MG5_PROC/lib/libgammaUPC.a	file	2032	9ea8f61806779aec59782550bb0e9ef39a96dcbab8abff299c911fc62e19bf81
.pack_a_native_clean/pi_ufo_baseline_v1_runtimefix/build/A_PI_NATIVE_200/MG5_PROC/lib/libgeneric.a	file	284108	f7a01aabfb78f7c62868a027c55faec472b1a038fea2fc4d2fcf5339c5eb2323
.pack_a_native_clean/pi_ufo_baseline_v1_runtimefix/build/A_PI_NATIVE_200/MG5_PROC/lib/libmodel.a	file	106754	d5f0cefc2e35659c23835f1e48a2feeff7f5904d7405c043f865c980c93c3f20
.pack_a_native_clean/pi_ufo_baseline_v1_runtimefix/build/A_PI_NATIVE_200/MG5_PROC/lib/libpdf.a	file	185908	e9751b0ca0ffcb6fcb932ff179cced233e714cfe07574bcc922d670721b037bc
.pack_a_native_clean/pi_ufo_baseline_v1_runtimefix/build/A_PI_NATIVE_200/MG5_PROC/madevent.tar.gz	file	3399589	9d85a033dde15a4e623bc1bb00383f783b20f47662af7aa8f54b6bec807e6ef3
.pack_a_native_clean/pi_ufo_baseline_v1_runtimefix/build/A_PI_NATIVE_200/cross_section.json	file	271	a85113feb370814455d71dfc6eaeab4e996d5d5de149d54f613657b7c402c110
.pack_a_native_clean/pi_ufo_baseline_v1_runtimefix/build/A_PI_NATIVE_200/decay.slha	file	474	f12c11eac372629c0275963341370ac94e3f7dd2868554a3af8f1b452968c524
.pack_a_native_clean/pi_ufo_baseline_v1_runtimefix/build/A_PI_NATIVE_200/events.lhe.gz	file	18150	e756583bfab44ebc148da94c2dcbf5c189bd3b177b09eebd54fa7e803bcf4a54
.pack_a_native_clean/pi_ufo_baseline_v1_runtimefix/build/A_PI_NATIVE_200/lhe_report.json	file	12185	07e2a4b9d9a5d1f63ca369ea1728a9a4196e2c2dc87063991e519bf1526e7901
.pack_a_native_clean/pi_ufo_baseline_v1_runtimefix/build/A_PI_NATIVE_200/mg5_events.log	file	8184	c72c055a331d8f36d57ef7fe41f9d1c86d4b633234df96e7619c92f506429c45
.pack_a_native_clean/pi_ufo_baseline_v1_runtimefix/build/A_PI_NATIVE_200/mg5_generate.log	file	5855	26d01dfda62a9a1c374517dc2fdbefd76abca30d28d5ab329be194d4bdd0ca53
.pack_a_native_clean/pi_ufo_baseline_v1_runtimefix/build/A_PI_NATIVE_200/param_card.dat	file	1643	442e79ea6440fff031aed96d9aa8616f987a425a4f68f4dc16375d55b975e4f4
.pack_a_native_clean/pi_ufo_baseline_v1_runtimefix/build/A_PI_NATIVE_200/point.json	file	1362	83501147178e5ac94aff8d53a7ce26b8afcd1bc379bfece979f1f1f8cdd66d08
.pack_a_native_clean/pi_ufo_baseline_v1_runtimefix/build/A_PI_NATIVE_200/proc_card.dat	file	162	fec16391dad47a6fb527bc1d71ae29aefa5111448bce74b031769b85e640cf70
.pack_a_native_clean/pi_ufo_baseline_v1_runtimefix/build/A_PI_NATIVE_200/provenance.json	file	1974	7e0ebca79cc3b507744b9f5eae62792466cdce1508b9c6fc6e534c89f87ce86f
.pack_a_native_clean/pi_ufo_baseline_v1_runtimefix/build/A_PI_NATIVE_200/pythia8.cmnd	file	385	65d7721a242f171d260096ac22f78a08923cc035e68d6cb42d0e8192e5ce6458
.pack_a_native_clean/pi_ufo_baseline_v1_runtimefix/build/A_PI_NATIVE_200/run_card.dat	file	384	0f0ea8bd8bda68e30ef4da98d145b6563045b64a13830104806fed244ed2ec1e
.pack_a_native_clean/pi_ufo_baseline_v1_runtimefix/build/point_000001	dir	4096	
.pack_a_native_clean/pi_ufo_baseline_v1_runtimefix/build/point_000001/decay.slha	file	634	b28ab25311a3e1796c0018c33c14d8709ec31456ef45df9940d1b5bdf1086741
.pack_a_native_clean/pi_ufo_baseline_v1_runtimefix/build/point_000001/param_card.dat	file	1643	b5e68dde0222854f72892cc79c0c90becca83a13502fec9bc29c69150a4f4bbf
.pack_a_native_clean/pi_ufo_baseline_v1_runtimefix/build/point_000001/point.json	file	1503	a598573864361f674283cabb0ca478c3965ec362bca355a53c46f5cbdd164e90
.pack_a_native_clean/pi_ufo_baseline_v1_runtimefix/build/point_000001/proc_card.dat	file	159	a1232e3019d1348a8a6c0fd5fbb38aa05745547bfc9f6f88e53b9bef7a4e556e
.pack_a_native_clean/pi_ufo_baseline_v1_runtimefix/build/point_000001/provenance.json	file	1905	e06f571851fa0b1b83c8e94bfc98f6a3399ecff21c1e7d0ceac995742d67fa05
.pack_a_native_clean/pi_ufo_baseline_v1_runtimefix/build/point_000001/pythia8.cmnd	file	385	92e5f0cbf76a3e2009e41b8c8beb85fc3a6c97fb1fa2aaa6c6376460cc925129
.pack_a_native_clean/pi_ufo_baseline_v1_runtimefix/build/point_000001/run_card.dat	file	384	0f0ea8bd8bda68e30ef4da98d145b6563045b64a13830104806fed244ed2ec1e
.pack_a_native_clean/pi_ufo_baseline_v1_runtimefix/cards	dir	4096	
.pack_a_native_clean/pi_ufo_baseline_v1_runtimefix/cards/README.md	file	294	4540a601faeb6f1744f8486d7de849b0117627e7c6641efa0e42b14aff27f50c
.pack_a_native_clean/pi_ufo_baseline_v1_runtimefix/cards/proc_card_zerojet.dat	file	124	d86cf89a9863c08ba5d1232f3f810271b0a4306d1308dbb059f7254d469a105e
.pack_a_native_clean/pi_ufo_baseline_v1_runtimefix/cards/pythia8.template.cmnd	file	209	41d264542323dff06edbcd30fd90ecfb4eeba2417544050cdc29e9a41f9de477
.pack_a_native_clean/pi_ufo_baseline_v1_runtimefix/cards/run_card_smoke.dat	file	160	85abb3e99fc9503e59ecb6bff21a1aa804e248ff64f230afff8f20d8b5d156c3
.pack_a_native_clean/pi_ufo_baseline_v1_runtimefix/checksums.sha256	file	10915	dd99659fa2074b5ed2332baab7acd38835b9d4e7df364af8407ff1ac2cf2e57b
.pack_a_native_clean/pi_ufo_baseline_v1_runtimefix/expected	dir	4096	
.pack_a_native_clean/pi_ufo_baseline_v1_runtimefix/expected/smoke_contract.json	file	365	db1fb31cea7019a7399c4074d0e674a00653c40fba5618c1f5a9aad5c5d8ad3f
.pack_a_native_clean/pi_ufo_baseline_v1_runtimefix/manifest.json	file	18900	c9355e29f447b15be7f724fd9225e684b80ee881f63e42d3fdafdf3b12d00c5b
.pack_a_native_clean/pi_ufo_baseline_v1_runtimefix/model	dir	4096	
.pack_a_native_clean/pi_ufo_baseline_v1_runtimefix/model/LLscalar_v3_UFO_runtime	dir	4096	
.pack_a_native_clean/pi_ufo_baseline_v1_runtimefix/model/LLscalar_v3_UFO_runtime/CT_couplings.py	file	298	58e07e6b6dea344858f32bccd1948a10768d38a217b88448aa4dc976c0a77b58
.pack_a_native_clean/pi_ufo_baseline_v1_runtimefix/model/LLscalar_v3_UFO_runtime/__init__.py	file	955	e2198b46e727a0aa09378d715bd33364095057dd910f3b8cf7d7dd6ec1bc71d7
.pack_a_native_clean/pi_ufo_baseline_v1_runtimefix/model/LLscalar_v3_UFO_runtime/__pycache__	dir	4096	
.pack_a_native_clean/pi_ufo_baseline_v1_runtimefix/model/LLscalar_v3_UFO_runtime/__pycache__/__init__.cpython-312.pyc	file	1424	e3b1551538da5d88492e051ad44a255e5824952d093633d70bf62c3103c7dbc7
.pack_a_native_clean/pi_ufo_baseline_v1_runtimefix/model/LLscalar_v3_UFO_runtime/__pycache__/coupling_orders.cpython-312.pyc	file	563	0ecc04f5b83378cf8716872850753cf4391ec04c927d255dca897e630fd82937
.pack_a_native_clean/pi_ufo_baseline_v1_runtimefix/model/LLscalar_v3_UFO_runtime/__pycache__/couplings.cpython-312.pyc	file	13638	9ff2d8ac3b77f8a957b5b9cedcd9e71bfbaa5a90026a71f08866274a87f2c0bd
.pack_a_native_clean/pi_ufo_baseline_v1_runtimefix/model/LLscalar_v3_UFO_runtime/__pycache__/decays.cpython-312.pyc	file	24517	a10b7a255128de2ef59cfae5fcc65490be9c5215f00f6d90c7fc1adee5e73a05
.pack_a_native_clean/pi_ufo_baseline_v1_runtimefix/model/LLscalar_v3_UFO_runtime/__pycache__/form_factors.cpython-312.pyc	file	916	3f1bd114a98765b1c6fcc7ca58836a08265381716bd0510dc8473ab3ac08cfc3
.pack_a_native_clean/pi_ufo_baseline_v1_runtimefix/model/LLscalar_v3_UFO_runtime/__pycache__/function_library.cpython-312.pyc	file	2595	cb11c5a7837fe66938566a6647e389e3fa2d61bad566a713eb395417d386ddab
.pack_a_native_clean/pi_ufo_baseline_v1_runtimefix/model/LLscalar_v3_UFO_runtime/__pycache__/lorentz.cpython-312.pyc	file	3176	251c49f72179152dd5119eae609e6d76c74195fbbdb953dc2ab739475a2a5373
.pack_a_native_clean/pi_ufo_baseline_v1_runtimefix/model/LLscalar_v3_UFO_runtime/__pycache__/object_library.cpython-312.pyc	file	14910	cb515532a3b05ffc5bb399cd64e452be746650ebae81f33928eeaabf66b8d41f
.pack_a_native_clean/pi_ufo_baseline_v1_runtimefix/model/LLscalar_v3_UFO_runtime/__pycache__/parameters.cpython-312.pyc	file	11082	ec1dd26fa59ed55aadc2e8c4b6e3bf86ac76f3487e2cd4d297bcff21c1710821
.pack_a_native_clean/pi_ufo_baseline_v1_runtimefix/model/LLscalar_v3_UFO_runtime/__pycache__/particles.cpython-312.pyc	file	5925	5cec9a5d5b8ccadcfaa3ca607efde5c27705ae8046b8b9277a911428ac7276ab
.pack_a_native_clean/pi_ufo_baseline_v1_runtimefix/model/LLscalar_v3_UFO_runtime/__pycache__/propagators.cpython-312.pyc	file	880	24f15ff90780c4a1cad68a675a534c73fc08c37ccb1301ebd5afe8b60fd22b69
.pack_a_native_clean/pi_ufo_baseline_v1_runtimefix/model/LLscalar_v3_UFO_runtime/__pycache__/vertices.cpython-312.pyc	file	42245	7dc35ac8ec9afc94a221ededc7fcb50ecc8a0ee4863f352d64109dc53694c979
.pack_a_native_clean/pi_ufo_baseline_v1_runtimefix/model/LLscalar_v3_UFO_runtime/coupling_orders.py	file	665	80d652d3441c1fed3242dc7a4141a12f5a7ccc2f2cc6764dd5d22bb39083d132
.pack_a_native_clean/pi_ufo_baseline_v1_runtimefix/model/LLscalar_v3_UFO_runtime/couplings.py	file	18621	199021f332fa57314f1a9dbd487a08c8310f9d5b4ce408eaa6c5ea99a649c3f4
.pack_a_native_clean/pi_ufo_baseline_v1_runtimefix/model/LLscalar_v3_UFO_runtime/decays.py	file	23449	ebb92183abff92cdaf55aeb80399effe2cc0256f1423ce807a390cd420564e23
.pack_a_native_clean/pi_ufo_baseline_v1_runtimefix/model/LLscalar_v3_UFO_runtime/form_factors.py	file	598	9fdae69a684ddd1eb5963a1695e0f5449045755826aa62a8829569848b32f478
.pack_a_native_clean/pi_ufo_baseline_v1_runtimefix/model/LLscalar_v3_UFO_runtime/function_library.py	file	3502	af85d1d7e83bc0f7a016258b6cc3e179c4d9fd6778ce553ebf7ff4b8be5b968f
.pack_a_native_clean/pi_ufo_baseline_v1_runtimefix/model/LLscalar_v3_UFO_runtime/lorentz.py	file	4392	4b818a0fd7a9f1ded91a957251380f4116a30454f8e1fc72e1c7ccacdab6bf8f
.pack_a_native_clean/pi_ufo_baseline_v1_runtimefix/model/LLscalar_v3_UFO_runtime/object_library.py	file	10877	4bef9ba0a44b89048f5ed02f0c97f5937e1a2ce8a949574bdaa6f67ae80f9e11
.pack_a_native_clean/pi_ufo_baseline_v1_runtimefix/model/LLscalar_v3_UFO_runtime/parameters.py	file	23054	7f84d779ff83dd52bbfecbbfe31df147e2df79faab0bcda716d5908d63b3d45b
.pack_a_native_clean/pi_ufo_baseline_v1_runtimefix/model/LLscalar_v3_UFO_runtime/particles.py	file	11211	01c61a7a352a5bebb747fff0c9ac3e228fa7575dfc381a339ecb285332b223c6
.pack_a_native_clean/pi_ufo_baseline_v1_runtimefix/model/LLscalar_v3_UFO_runtime/propagators.py	file	1351	1a4495d00654b6de8044d7a993b798cb12ca7265199f8e25ce42abdfbc98384a
.pack_a_native_clean/pi_ufo_baseline_v1_runtimefix/model/LLscalar_v3_UFO_runtime/py3_model.pkl	file	57580	547fc1931ede9789cee5b542eb5b9aa04ce335fbd1c94a88e238f7f8e48ba933
.pack_a_native_clean/pi_ufo_baseline_v1_runtimefix/model/LLscalar_v3_UFO_runtime/vertices.py	file	36546	60bb131379499fd85ac21da8e15f960cffcf2d33afc54217481730e82648f6ba
.pack_a_native_clean/pi_ufo_baseline_v1_runtimefix/model/LLscalar_v3_UFO_runtime/write_param_card.py	file	3221	081e24c63a197a6c58fd60a4253e10960738ac35050fe49364941268381ffbb9
.pack_a_native_clean/pi_ufo_baseline_v1_runtimefix/patches	dir	4096	
.pack_a_native_clean/pi_ufo_baseline_v1_runtimefix/patches/python3_param_card_compat.patch	file	10463	91b2955b7f8c537fe50c2bd8577d1d4583327b9645be81bf44a53cadaeece49f
.pack_a_native_clean/pi_ufo_baseline_v1_runtimefix/points	dir	4096	
.pack_a_native_clean/pi_ufo_baseline_v1_runtimefix/points/A_PI_NATIVE_200.yaml	file	224	6f5b2ff857e0400a345c26a69e8c3efd4749d19b2adf14bfb0451429f9d838c8
.pack_a_native_clean/pi_ufo_baseline_v1_runtimefix/points/point_000001.yaml	file	219	e039065312c82e5f44367f09035dc4d73d8ea58891faa5ff5e15c6f25b527f05
.pack_a_native_clean/pi_ufo_baseline_v1_runtimefix/py.py	file	17566	fda73df8dd1d7a07e74969bd148678514dec235a70d5a2d63cb2cd8407778382
.pack_a_native_clean/pi_ufo_baseline_v1_runtimefix/requirements.txt	file	24	7ba71c714356e35c488aedd73284407e47c8b3c8627a8eca228773d54f1fd938
.pack_a_native_clean/pi_ufo_baseline_v1_runtimefix/schemas	dir	4096	
.pack_a_native_clean/pi_ufo_baseline_v1_runtimefix/schemas/point.schema.json	file	1870	bad44da8ab39fc1327dc224ea3692fcaeaefb7848418c2dbc9e50ce932a06fbf
.pack_a_native_clean/pi_ufo_baseline_v1_runtimefix/scripts	dir	4096	
.pack_a_native_clean/pi_ufo_baseline_v1_runtimefix/scripts/__pycache__	dir	4096	
.pack_a_native_clean/pi_ufo_baseline_v1_runtimefix/scripts/__pycache__/materialize_internal_masses.cpython-312.pyc	file	16097	a893ca312560e82c34226f4779704750b4eefd6c2b75ee978f5c3e300299ad99
.pack_a_native_clean/pi_ufo_baseline_v1_runtimefix/scripts/__pycache__/model_utils.cpython-312.pyc	file	22425	0a774503de50ebabb45808d265604d12d8bf56b55ecd802cc2ae20ec22b295ce
.pack_a_native_clean/pi_ufo_baseline_v1_runtimefix/scripts/__pycache__/pack_constants.cpython-312.pyc	file	546	678ebb137a2af8778d95a917b4bddbcb73061b6c1800c3a922a94f0d53615591
.pack_a_native_clean/pi_ufo_baseline_v1_runtimefix/scripts/__pycache__/patch_mg5_run_card.cpython-312.pyc	file	3719	0135d1e2532dcff9bdc659a98ebb8b7ceccbad94ea2c9f4bd4ffd473104ade2d
.pack_a_native_clean/pi_ufo_baseline_v1_runtimefix/scripts/build_point.py	file	2726	f9bf8fc7cd141f4d815a40a9b71c63945cba0d26670c797e812a52dd1c595591
.pack_a_native_clean/pi_ufo_baseline_v1_runtimefix/scripts/check_coupling_scaling.py	file	2366	e25a8cfdf85c7c4f6ee0cdcecd50b4bc2e2bf38e4d827fa4a8e847622818a2bb
.pack_a_native_clean/pi_ufo_baseline_v1_runtimefix/scripts/extract_mg5_cross_section.py	file	2650	d69fe9bcef06229ffb501b36950c3e4f7586ed69eb8eb52a6d36f6f4d4baf67d
.pack_a_native_clean/pi_ufo_baseline_v1_runtimefix/scripts/inspect_lhe.py	file	2964	73defccdf56547b2242cb517ea22d6e0e5ee2760f1cc12ecfd14984b50989027
.pack_a_native_clean/pi_ufo_baseline_v1_runtimefix/scripts/make_decay_slha.py	file	373	7591ee1973ce5ad265d80fe89255c224aadd911339faae7b10f6a37f75427120
.pack_a_native_clean/pi_ufo_baseline_v1_runtimefix/scripts/make_param_card.py	file	594	b4b986692637a92539a2ee83480a4c12384d8a40ce2b9c8f7e79a3ec54518f12
.pack_a_native_clean/pi_ufo_baseline_v1_runtimefix/scripts/materialize_internal_masses.py	file	10339	c82e014dbdaa4ad526bceff6e74f2a900d05f514ba62b31c2d83358a281e92a5
.pack_a_native_clean/pi_ufo_baseline_v1_runtimefix/scripts/model_utils.py	file	13969	caf3a366988f220bd08805f27e33d8eef92aac36e1f832f6b27f85f2eeed0f9a
.pack_a_native_clean/pi_ufo_baseline_v1_runtimefix/scripts/pack_constants.py	file	305	d313f0444e1adf5c2f92a81d97aa92efc3ccee50063ddd8669ceb785ce7b2366
.pack_a_native_clean/pi_ufo_baseline_v1_runtimefix/scripts/patch_mg5_run_card.py	file	2485	80fafee866999908411847cb43ee9e8aceba89ee01a5ba91d19b81b1d191a3f7
.pack_a_native_clean/pi_ufo_baseline_v1_runtimefix/scripts/run_mg5_smoke.sh	file	2234	3faa73006bfef9fffd625da23ee869bc55f776d9dcbf4998ddd5e82132db3060
.pack_a_native_clean/pi_ufo_baseline_v1_runtimefix/scripts/run_pythia_smoke.sh	file	940	f90529ab57434adfc4d1d1a27e74ccf951a44933294b144242150eeb397dc81d
.pack_a_native_clean/pi_ufo_baseline_v1_runtimefix/scripts/run_recast_smoke.sh	file	822	4dfafdbc9f40dd70f66a09613f5a2b885f844d30520ed1787774ad3112455d08
.pack_a_native_clean/pi_ufo_baseline_v1_runtimefix/scripts/run_static_tests.py	file	2885	dd62bced24d1bc951f1d90a8432767948be20affec6ae8e7b81586d2e59339e2
.pack_a_native_clean/pi_ufo_baseline_v1_runtimefix/scripts/run_validation_pack_a_native.sh	file	1370	6d58e1a4eb0acdcd853246afbfca73a39d4b7123c1c30b3b105f3e6db6623f5f
.pack_a_native_clean/pi_ufo_baseline_v1_runtimefix/scripts/validate_point.py	file	581	a2098fa13e478414620127d90450e7126dbf52d8ad78347a7c01814955c02fde
.pack_a_native_clean/pi_ufo_baseline_v1_runtimefix/tests	dir	4096	
.pack_a_native_clean/pi_ufo_baseline_v1_runtimefix/tests/__pycache__	dir	4096	
.pack_a_native_clean/pi_ufo_baseline_v1_runtimefix/tests/__pycache__/test_invalid_points.cpython-312-pytest-9.1.1.pyc	file	3285	31a9eaf32d414095fc8242b4320344ae1384e020d17d8146bbd6f46a04bdcffd
.pack_a_native_clean/pi_ufo_baseline_v1_runtimefix/tests/__pycache__/test_materialize_internal_masses.cpython-312-pytest-9.1.1.pyc	file	11945	f38d74741dc2cab73a0a74aafa93575fb75aed6c8b8aed05ef48d369850d1d30
.pack_a_native_clean/pi_ufo_baseline_v1_runtimefix/tests/__pycache__/test_model_contract.cpython-312-pytest-9.1.1.pyc	file	4936	33a5be0da687b6b8b90001cb2bd96f6c14a647b16d879b3823c67e07cf57d6ac
.pack_a_native_clean/pi_ufo_baseline_v1_runtimefix/tests/__pycache__/test_patch_mg5_run_card.cpython-312-pytest-9.1.1.pyc	file	9414	2d762b7d5e6e5413c77980b485642630608bacc8cfdc11a4c533d4cb8d1fde34
.pack_a_native_clean/pi_ufo_baseline_v1_runtimefix/tests/fixtures	dir	4096	
.pack_a_native_clean/pi_ufo_baseline_v1_runtimefix/tests/fixtures/mini_model	dir	4096	
.pack_a_native_clean/pi_ufo_baseline_v1_runtimefix/tests/fixtures/mini_model/__pycache__	dir	4096	
.pack_a_native_clean/pi_ufo_baseline_v1_runtimefix/tests/fixtures/mini_model/__pycache__/function_library.cpython-312.pyc	file	2591	1c6dae167655a037591c73c6c06f11e368af253030a9936fd08b7bab122317de
.pack_a_native_clean/pi_ufo_baseline_v1_runtimefix/tests/fixtures/mini_model/__pycache__/object_library.cpython-312.pyc	file	14906	fdd58b846de2382dc0f0b077ba2445524a7c90700c596a565ef7637d19f651cd
.pack_a_native_clean/pi_ufo_baseline_v1_runtimefix/tests/fixtures/mini_model/__pycache__/parameters.cpython-312.pyc	file	1014	c34089fd477853b24e781b2b9dbfa59d18b18e3af0db879ad151f006b1713acb
.pack_a_native_clean/pi_ufo_baseline_v1_runtimefix/tests/fixtures/mini_model/__pycache__/particles.cpython-312.pyc	file	816	0864ce411b9781e2261dbf45ebac691fc942041ba1f69fe42b9fc8a9cad7a310
.pack_a_native_clean/pi_ufo_baseline_v1_runtimefix/tests/fixtures/mini_model/function_library.py	file	3502	af85d1d7e83bc0f7a016258b6cc3e179c4d9fd6778ce553ebf7ff4b8be5b968f
.pack_a_native_clean/pi_ufo_baseline_v1_runtimefix/tests/fixtures/mini_model/object_library.py	file	10877	4bef9ba0a44b89048f5ed02f0c97f5937e1a2ce8a949574bdaa6f67ae80f9e11
.pack_a_native_clean/pi_ufo_baseline_v1_runtimefix/tests/fixtures/mini_model/parameters.py	file	1469	af9c63eda5e33188dcf551ed1a91696f46614d949e4327f76f2a9c7725ec0716
.pack_a_native_clean/pi_ufo_baseline_v1_runtimefix/tests/fixtures/mini_model/particles.py	file	505	670f476169e9031cb52bbcf99b3022b045dcdb4db2531d7db0df1e76831b5f5b
.pack_a_native_clean/pi_ufo_baseline_v1_runtimefix/tests/fixtures/param_card_missing_pdg24.dat	file	1643	b5e68dde0222854f72892cc79c0c90becca83a13502fec9bc29c69150a4f4bbf
.pack_a_native_clean/pi_ufo_baseline_v1_runtimefix/tests/fixtures/run_card_mg5_generated.dat	file	8995	eaf89de16945797f354b820f3a2dd5b875f2d79142efd73a0ebad861af1d7a87
.pack_a_native_clean/pi_ufo_baseline_v1_runtimefix/tests/test_invalid_points.py	file	1107	14f4013f789860815db3aa0df9465f63d439c21e924e6793252e72173926e3f9
.pack_a_native_clean/pi_ufo_baseline_v1_runtimefix/tests/test_materialize_internal_masses.py	file	2433	ae37a0620247d1986983249d87336699c6db0025efa2ddfce35c7c776a1d0cfb
.pack_a_native_clean/pi_ufo_baseline_v1_runtimefix/tests/test_model_contract.py	file	2432	1b69812e914ccb6ee91f5e08764895a2b810342b9e09b1218803a00f87c68090
.pack_a_native_clean/pi_ufo_baseline_v1_runtimefix/tests/test_patch_mg5_run_card.py	file	2372	3ed62ff673860b3547c6288a8bfce486e25bee155ae71daf32f070b3aa482547
.pack_a_native_clean/pi_ufo_baseline_v1_runtimefix/validation	dir	4096	
.pack_a_native_clean/pi_ufo_baseline_v1_runtimefix/validation/AB_STATIC_REGRESSION.json	file	638	8820eeede0af161ef5de48bdde24928d4da78bc8ff3e744f6cc609e5bbb81b19
.pack_a_native_clean/pi_ufo_baseline_v1_runtimefix/validation/EXTERNAL_RUNTIME_STATUS.md	file	426	92a681803f3a97d4b0cf198a627d132934b2ec9278d5f852771bb8dabb603315
.pack_a_native_clean/pi_ufo_baseline_v1_runtimefix/validation/RECAST_ADAPTER.md	file	556	071f5b79b7836d9e16d0c659f624dfb4738221577cebb768a5e2b3fa18b00b2c
.pack_a_native_clean/pi_ufo_baseline_v1_runtimefix/validation/STATIC_VALIDATION.json	file	2585	a755e05135e9a65090650f180aa101d9e7a71eace754adde74c291ac3f4305f5
.pack_a_native_clean/pi_ufo_baseline_v1_runtimefix/validation/logs	dir	4096	
.pack_a_native_clean/pi_ufo_baseline_v1_runtimefix/validation/logs/build_point.log	file	67	add34281d7b1547db4ab6f92d6d73c321b892e95d2b6f7fd89ce62ea24a6dd26
.pack_a_native_clean/pi_ufo_baseline_v1_runtimefix/validation/logs/compileall.log	file	0	e3b0c44298fc1c149afbf4c8996fb92427ae41e4649b934ca495991b7852b855
.pack_a_native_clean/pi_ufo_baseline_v1_runtimefix/validation/logs/shell_syntax.log	file	0	e3b0c44298fc1c149afbf4c8996fb92427ae41e4649b934ca495991b7852b855
.pack_a_native_clean/pi_ufo_baseline_v1_runtimefix/validation/logs/standalone_param_card.dat	file	1681	520869311058818f46eb103f49c7cee51e1687548685c11e1bf32e73854c1ccf
.pack_a_native_clean/pi_ufo_baseline_v1_runtimefix/validation/logs/static_tests.log	file	73	f0c6add6887a524e3318195865b0fc39f0c2e4069d859f4d3f45e63103210c62
.pack_a_native_clean/pi_ufo_baseline_v1_runtimefix/validation/logs/unittest.log	file	1053	b37bcbe136912834dbdbdad4eac2ef290dd2594f3604b5fa1647af6617fbb85b
.pack_a_native_clean/pi_ufo_baseline_v1_runtimefix/validation/logs/writer.log	file	90	48f80afdeead575514dc214c2ba0639f259fca15b9d09a00f0c3e3aef9bce58f
.pack_a_native_clean/pi_ufo_baseline_v1_runtimefix/validation/provenance_inventory.json	file	22789	a1fe73c94d34ea7bb1c3408371fa60119cbc76304c6edead412ff3ea0d013921
.pack_a_native_clean/pi_ufo_baseline_v1_runtimefix/validation/pythia_llp_smoke.cc	file	3381	c073542f90272ccacab0d123170dfe1036e97f43ac90754733432bd34fa368ad
.pack_a_native_clean/pi_ufo_baseline_v1_runtimefix/validation/source_material	dir	4096	
.pack_a_native_clean/pi_ufo_baseline_v1_runtimefix/validation/source_material/2HDMC_COUPLING_TRACE.md	file	972	2897e54ccf3328eb6659c23ae2791b9bc047fdc71c143894b88cf79ac79e5d24
.pack_a_native_clean/pi_ufo_baseline_v1_runtimefix/validation/source_material/LLSCALAR_V3_MODEL_CARD.md	file	4365	eb50e8f975c486c622fdd3fa6f9c83f368237323ee6e87f0c472df729ae8fe45
.pack_a_native_clean/pi_ufo_baseline_v1_runtimefix/validation/source_material/MADGRAPH_SMOKE_REPORT.md	file	1976	b3bdc5833322974bc0b630b5cd6bef2cae2f37547e1cf376ac1c8a9887655e0d
.pack_a_native_clean/pi_ufo_baseline_v1_runtimefix/validation/source_material/PhysScanWithFixings.cpp	file	13308	786d630bc989350e49259a41aef834a222f6ef924972d18458aa102b75585246
.pack_a_native_clean/pi_ufo_baseline_v1_runtimefix/validation/source_material/UFO_AUDIT_ADDENDUM_20260716.md	file	5362	1b64e18d3e7fc3e66d79940d885232c634f079f3f73a557ded022ce06ef418f6
.pack_a_native_clean/pi_ufo_baseline_v1_runtimefix/validation/source_material/UFO_HASH_MANIFEST.json	file	2842	0c69511d0951c8a93b69a579fa15b4457b26a04c46e38f13b695fb7a3ac34606
.pack_a_native_clean/pi_ufo_baseline_v1_runtimefix/validation/source_material/UFO_SCIENTIFIC_DIFF.md	file	7430	49be46d31a8207f85477fdbe1ae4a12aab0c0bd8c933c998e9c708fd266003a5
.pack_a_native_clean/pi_ufo_baseline_v1_runtimefix/validation/source_material/VERSION_DECISION.md	file	3983	db14efd68f3b89358221e361fdf5170e4dce593726fa3ed920994c6baab2afe0
.pack_a_native_clean/pi_ufo_baseline_v1_runtimefix/vendor	dir	4096	
.pack_a_native_clean/pi_ufo_baseline_v1_runtimefix/vendor/LLscalar_v3_UFO_original	dir	4096	
.pack_a_native_clean/pi_ufo_baseline_v1_runtimefix/vendor/LLscalar_v3_UFO_original/23-06-21_LLscalar_v2_UFO.log	file	2143	8b449afef3dc2227055e9d6e06ff2e9da9c38c01e39d4c3df820dd0742261374
.pack_a_native_clean/pi_ufo_baseline_v1_runtimefix/vendor/LLscalar_v3_UFO_original/CT_couplings.py	file	298	58e07e6b6dea344858f32bccd1948a10768d38a217b88448aa4dc976c0a77b58
.pack_a_native_clean/pi_ufo_baseline_v1_runtimefix/vendor/LLscalar_v3_UFO_original/__init__.py	file	955	e2198b46e727a0aa09378d715bd33364095057dd910f3b8cf7d7dd6ec1bc71d7
.pack_a_native_clean/pi_ufo_baseline_v1_runtimefix/vendor/LLscalar_v3_UFO_original/__init__.pyc	file	1170	8f856fab86e53bebb1466e0ab415e5f827cc6e0ea0459a05851b7b530c86e0ec
.pack_a_native_clean/pi_ufo_baseline_v1_runtimefix/vendor/LLscalar_v3_UFO_original/coupling_orders.py	file	665	80d652d3441c1fed3242dc7a4141a12f5a7ccc2f2cc6764dd5d22bb39083d132
.pack_a_native_clean/pi_ufo_baseline_v1_runtimefix/vendor/LLscalar_v3_UFO_original/coupling_orders.pyc	file	565	df291be90bb15f877d68f8a1dfd93fab61fce9014ba9b30c49fa7f00a19446cd
.pack_a_native_clean/pi_ufo_baseline_v1_runtimefix/vendor/LLscalar_v3_UFO_original/couplings.py	file	18621	199021f332fa57314f1a9dbd487a08c8310f9d5b4ce408eaa6c5ea99a649c3f4
.pack_a_native_clean/pi_ufo_baseline_v1_runtimefix/vendor/LLscalar_v3_UFO_original/couplings.pyc	file	13022	418b3a715649d3cd5870a9e7ada48e6fdfdb7f2a7be937339b3d06dd9b802c5d
.pack_a_native_clean/pi_ufo_baseline_v1_runtimefix/vendor/LLscalar_v3_UFO_original/decays.py	file	23449	ebb92183abff92cdaf55aeb80399effe2cc0256f1423ce807a390cd420564e23
.pack_a_native_clean/pi_ufo_baseline_v1_runtimefix/vendor/LLscalar_v3_UFO_original/decays.pyc	file	21326	b8f3235c7479a905f568bf810843e4fd6fbfc066aa1b16ee786b9a7856c704a5
.pack_a_native_clean/pi_ufo_baseline_v1_runtimefix/vendor/LLscalar_v3_UFO_original/form_factors.py	file	598	9fdae69a684ddd1eb5963a1695e0f5449045755826aa62a8829569848b32f478
.pack_a_native_clean/pi_ufo_baseline_v1_runtimefix/vendor/LLscalar_v3_UFO_original/form_factors.pyc	file	978	e768f2265c4e24748bd3f03b55eb965fcd2167d81eed2e2391e65dcee0aa02f0
.pack_a_native_clean/pi_ufo_baseline_v1_runtimefix/vendor/LLscalar_v3_UFO_original/function_library.py	file	3502	af85d1d7e83bc0f7a016258b6cc3e179c4d9fd6778ce553ebf7ff4b8be5b968f
.pack_a_native_clean/pi_ufo_baseline_v1_runtimefix/vendor/LLscalar_v3_UFO_original/function_library.pyc	file	2739	87495ebb51be2f3cf64ed50afaeab4efa7ddfe10696195f72ae6eb05481aa330
.pack_a_native_clean/pi_ufo_baseline_v1_runtimefix/vendor/LLscalar_v3_UFO_original/function_library.py~	file	1949	596e28fed5966088b6ee1d193e4dfbfd0f59a5837b283bc0dbaacb18bab1510c
.pack_a_native_clean/pi_ufo_baseline_v1_runtimefix/vendor/LLscalar_v3_UFO_original/lorentz.py	file	4392	4b818a0fd7a9f1ded91a957251380f4116a30454f8e1fc72e1c7ccacdab6bf8f
.pack_a_native_clean/pi_ufo_baseline_v1_runtimefix/vendor/LLscalar_v3_UFO_original/lorentz.pyc	file	3009	93a4efa791a0ea7b8a4c25c96cc696e54a6b6044a81198bab964edc10a3ae8fa
.pack_a_native_clean/pi_ufo_baseline_v1_runtimefix/vendor/LLscalar_v3_UFO_original/model.pkl	file	53394	3e5d932583c67a19ac70bc3baa5e805b20a68eda500bc6458a5ab0ba1a3a00df
.pack_a_native_clean/pi_ufo_baseline_v1_runtimefix/vendor/LLscalar_v3_UFO_original/object_library.py	file	10877	4bef9ba0a44b89048f5ed02f0c97f5937e1a2ce8a949574bdaa6f67ae80f9e11
.pack_a_native_clean/pi_ufo_baseline_v1_runtimefix/vendor/LLscalar_v3_UFO_original/object_library.pyc	file	16968	db074a0d5eda07359f4515bcb4396c5babecf2468c15aa7f4fdc5d7ea4e1ab3f
.pack_a_native_clean/pi_ufo_baseline_v1_runtimefix/vendor/LLscalar_v3_UFO_original/param_card.dat	file	853	1219ff7dce5744492cca90aa0c58d648e427282977501bf4a2ef1d6093f99e6e
.pack_a_native_clean/pi_ufo_baseline_v1_runtimefix/vendor/LLscalar_v3_UFO_original/parameters.py	file	23054	7f84d779ff83dd52bbfecbbfe31df147e2df79faab0bcda716d5908d63b3d45b
.pack_a_native_clean/pi_ufo_baseline_v1_runtimefix/vendor/LLscalar_v3_UFO_original/parameters.pyc	file	11678	5e77c9df6a3660cafeccb135ea03479de7082b8a064a433ae4930d9a0207efc7
.pack_a_native_clean/pi_ufo_baseline_v1_runtimefix/vendor/LLscalar_v3_UFO_original/parameters.py~	file	23052	01152962e08c059ba4124d253e185a1790e844f0f1f997d04bd867a1cf0c7593
.pack_a_native_clean/pi_ufo_baseline_v1_runtimefix/vendor/LLscalar_v3_UFO_original/particles.py	file	11211	01c61a7a352a5bebb747fff0c9ac3e228fa7575dfc381a339ecb285332b223c6
.pack_a_native_clean/pi_ufo_baseline_v1_runtimefix/vendor/LLscalar_v3_UFO_original/particles.pyc	file	5166	26c50296125f237feb4de1eeda8f65acf3d5728f061e63cc367dcc31238fec1c
.pack_a_native_clean/pi_ufo_baseline_v1_runtimefix/vendor/LLscalar_v3_UFO_original/propagators.py	file	1351	1a4495d00654b6de8044d7a993b798cb12ca7265199f8e25ce42abdfbc98384a
.pack_a_native_clean/pi_ufo_baseline_v1_runtimefix/vendor/LLscalar_v3_UFO_original/propagators.pyc	file	896	58ee2fcbf64c811d11b969d9af58b0ca55b24c2a961a2fd2bf77990035fa68e7
.pack_a_native_clean/pi_ufo_baseline_v1_runtimefix/vendor/LLscalar_v3_UFO_original/py3_model.pkl	file	56893	353b9c51a80539a71ee91f859d3119a5196263d51496a390ea1313df39180d77
.pack_a_native_clean/pi_ufo_baseline_v1_runtimefix/vendor/LLscalar_v3_UFO_original/vertices.py	file	36546	60bb131379499fd85ac21da8e15f960cffcf2d33afc54217481730e82648f6ba
.pack_a_native_clean/pi_ufo_baseline_v1_runtimefix/vendor/LLscalar_v3_UFO_original/vertices.pyc	file	23821	4b833b9ab50468a97954c2039703aec7fa905299d5e071c234fa64417c0b886d
.pack_a_native_clean/pi_ufo_baseline_v1_runtimefix/vendor/LLscalar_v3_UFO_original/write_param_card.py	file	6854	b1fefa31387db6d35631469c59ffbf87539093c34989f123dc63a98b46742462
PACK_AA_CONFIG_SCHEMA.yaml	file	5805	0c02ac68efc3256ee121082a136acedab59c012798ba72e04c6e14ee150a6bb3
PACK_AA_DECAY_OWNERSHIP.md	file	2478	594c9a73fab17778647abf27af2b7f88669b5ccabc320a5fa425516f89bb90c1
PACK_AA_DESIGN_CONTRACT.md	file	13809	1a30ebbbae3807794fa38f5d6186b6adc7882c3a7320c764c9fb499b89377b29
PACK_AA_IMPLEMENTATION_MISSION.md	file	2837	644760c88574da8c232d0d621eae03287ff482ceb9e1e3a72ec931b137784875
PACK_AA_OPEN_DECISIONS.md	file	3112	e795f70c777aeae865263440959b7d6f58848a1823b1df6fd758c4801a56f50b
PACK_AA_RESEARCHER_DEMO_PLAN.md	file	3187	64d8e51a7d12a55878f37b723315f49056117b02b404eaad22a172846b672324
PACK_AA_VALIDATION_MATRIX.json	file	8740	d71ad1224331888dd3c672e1273502162b641257ce64dfa0f9b52fd8238e7859
PACK_A_FINAL_CLOSURE_CONFIRMATION.md	file	6454	78149b7c14674a4e8b951c15442f695a40ae36c0a15b1f4763b72c33961361b6
PACK_A_FINAL_CLOSURE_STATUS.json	file	3092	c7709cb59d1f792298a953d70a7786c347b3fd0fddf294ccbf9a24dafb8ada7d
PACK_A_FREEZE_VALIDATION.md	file	6883	d30debb616c495984cada2faec8e2266f770f30c0c0c528d510eb86e5811e37d
PACK_A_FROZEN_CHECKSUMS.sha256	file	281	70b94fd2b5900b3db8e8ee449f87bcd4e1d5046ec7e44a2953184e82dc1857f7
PACK_A_FROZEN_MANIFEST.json	file	3877	fd47f134bf8ce8b6daf4596e53d07dc0b71e7bfb639fe0ac44bd6971ec65fe6e
PACK_A_HOTFIX1_CHECKSUMS.sha256	file	499	875fc2eac1558c1bc23fc950c17ddc2c70c434eeedefa1f58b0169474e4d58a1
PACK_A_HOTFIX1_FREEZE_VALIDATION.md	file	7516	2d25e859c4e682e629f6f4ce5d1bc0fc9d39b0ca9699614fee21eb881cf80758
PACK_A_HOTFIX1_FROZEN_CHECKSUMS.sha256	file	407	3a0361516c498d34413f5cfea5d0ec188ac696744d9c94ba2d42634949466b6b
PACK_A_HOTFIX1_FROZEN_MANIFEST.json	file	6271	da9e2945fc4af78b106960f229a57e9f8391296679cd2d67bb064225671dc890
PACK_A_HOTFIX1_MANIFEST.json	file	10708	6516cb61d7efa0c7eaeee9e6eaa56f32ce7c06af2b11b4a58eee23ea4325b02b
PACK_A_HOTFIX1_OPERATOR_COMMANDS.md	file	3695	aa5ce0da530d2d0a59680bc5c1e9fd9dfd4079fbc5c79b90db62972d3833019a
PACK_A_HOTFIX1_VALIDATION.md	file	15608	0ba02074ab824b3af1fe62497d6357c05c192f708a47dcdbcbd925484f68ae8c
PACK_A_LUNA_VALIDATION.md	file	6515	44af5d1025d6eba6adb41f94ea43b5d5f15158c8999f56924ef88d806cfea5f6
PACK_A_MADEVENT_INTERACTION_TRACE.md	file	3952	413cf20371a51f25b962c0355d9b78199064028fc1c2b403c41b886f1d1325c8
PACK_A_NATIVE_REPRODUCE.md	file	3425	71a4e6fc2c66ad3af8cc5e804b9d503893ae2134c28bdbbea31e762755532005
PACK_A_NATIVE_ROOT_CAUSE.md	file	3190	d57a9c27dff9c60f65541d4e5d4cce888cbddbd01670fb8e8928de13710951d9
PACK_A_NATIVE_RUNTIME_REPORT.md	file	13381	e82c5d4f25ab7e4ad260bc92f8e6a594937c26b4924590028a9c42d9a9a9dc21
PACK_A_NATIVE_RUNTIME_STATUS.json	file	4631	b4e88736c9052155c68d6b365b24f50922db07dfbb3736ce8237fdb49201fe6f
PACK_A_OPERATOR_COMMANDS.md	file	2822	15563b8ce4b28ffe71245a89875e38568e017156d4ddda537efc3ee54573078c
PACK_A_RELEASE_CANDIDATE_MANIFEST.json	file	12147	cdfc792bdb9a4a1bbaf2a9b8414da7ecb830d0403084bf979fb4f342c0c1f5a8
PACK_A_REPRODUCIBILITY_MATRIX.json	file	6542	ff36323b57103bea7282957bca33267cfd6634d0542830ab0f283467252fab23
PACK_A_RESEARCHER_BRIEF.md	file	2945	f1bc2beddfe7414e52737f3ac0539be53913605b03ca459fb25b5c4ab8747bd9
PACK_A_SCIENTIFIC_STATUS.json	file	4686	7b4e3a48dcbf201afe3e350554b3d585c0dd524b1784d2114af603c1dc8ca6f7
PACK_A_SOL_SCIENTIFIC_VALIDATION.md	file	10787	4eee7b0141814893298f143aecd3619003440b8cadb846550db599847f42bfe0
PATCH_PACK_A_FREEZE.diff	file	7527	774c0f019461c3617708260cf3d3668b1514e03996aef1d063e9ab7bfc1530db
PATCH_PACK_A_HOTFIX1.diff	file	24844	7a8828c524367aeef7e24f16168255e942965555f8a8f16a15b4fe12b9688a76
PATCH_PACK_A_HOTFIX1_FREEZE.diff	file	20718	153e1360854e9e8f923b2eebe079373999f888e598fc7c3d34b98f534d12a260
PATCH_PACK_A_LUNA_ERGONOMICS.diff	file	75185	592e58d22f100bb056e262e9593a2db49ebc22b8cc47ab5766088c027d1c8e82
PATCH_PACK_A_RUNTIMEFIX.diff	file	6838	78945a56b2fd3736370236f70c930dae6ffe772456b95e0e7637cb77ce46eabd
PATCH_PACK_A_SOL_VALIDATION.diff	file	10909	d5c8bdb16eb9e79bf10ac33f552cb0d99a2f92d28e56ffce1711ba18ec550640
coupling_basis_ufo_v1.zip	file	210258	e60f087ff6a1edef848b6f0fc67a2809807c84737305867e668e4d38de096496
evidence	dir	4096	
evidence/pack_a_native_failed_20260718T023622Z	dir	4096	
evidence/pack_a_native_failed_20260718T023622Z/EVIDENCE_SUMMARY.txt	file	4702	6806e36b3a368ee733cfe8424aba9095bc5a067f3e346e596473ae2efc6efedb
evidence/pack_a_native_failed_20260718T023622Z/mg5_events.log	file	2547	e1b2752562517e31377d29d6b51521fec99dfa5f0437443bb512af97280107d6
evidence/pack_a_native_failed_20260718T023622Z/pack_a_mg5.log	file	40947	fddef63d169d8278080ed933534a73e2f432029730e082932f32a0e83a49a15c
evidence/pack_a_native_failed_20260718T023622Z/parameters.py	file	23054	7f84d779ff83dd52bbfecbbfe31df147e2df79faab0bcda716d5908d63b3d45b
evidence/pack_a_native_failed_20260718T023622Z/particles.py	file	11211	01c61a7a352a5bebb747fff0c9ac3e228fa7575dfc381a339ecb285332b223c6
evidence/pack_a_native_failed_20260718T023622Z/point_param_card.dat	file	1643	442e79ea6440fff031aed96d9aa8616f987a425a4f68f4dc16375d55b975e4f4
evidence/pack_a_native_failed_20260718T023622Z/process_param_card.dat	file	1643	442e79ea6440fff031aed96d9aa8616f987a425a4f68f4dc16375d55b975e4f4
evidence/pack_a_native_failed_20260718T023622Z/smoke_tag_1_debug.log	file	19520	1a811e0d32cc5b6d70f661616bd6ad251379f3450131782da5638a674af3660a
external_validation_a	dir	4096	
external_validation_a/pi_ufo_baseline_v1	dir	4096	
external_validation_a/pi_ufo_baseline_v1/CHANGELOG.md	file	333	c3d53198fd200b55e50ab8e29a0cb0f934aba20ee4a8d996fd9fee141cf09cba
external_validation_a/pi_ufo_baseline_v1/KNOWN_LIMITATIONS.md	file	856	45d9ae5e457158e37fc8303a3ee74a3f98bbd028601f9397f010b059714a5159
external_validation_a/pi_ufo_baseline_v1/MODEL_CARD.md	file	907	0776312fe51bce3b4dd6595f05044408feb0585e08febe29006fd5911684229e
external_validation_a/pi_ufo_baseline_v1/PROVENANCE.md	file	945	c0e2cca2ecd310972a32818dff00f46382057a9822b597487f7e0af00d6d0474
external_validation_a/pi_ufo_baseline_v1/README.md	file	1526	f55290a1b7f397c09068336021322fec5a309aab4db27de7571c5b497e8d8bfe
external_validation_a/pi_ufo_baseline_v1/build	dir	4096	
external_validation_a/pi_ufo_baseline_v1/build/point_000001	dir	4096	
external_validation_a/pi_ufo_baseline_v1/build/point_000001/MG5_PROC	dir	4096	
external_validation_a/pi_ufo_baseline_v1/build/point_000001/MG5_PROC/Cards	dir	4096	
external_validation_a/pi_ufo_baseline_v1/build/point_000001/MG5_PROC/Cards/README	file	133	eb3f39466976b976c213203c4a7d0f92eadd325d4e19903efea6fec1db695d65
external_validation_a/pi_ufo_baseline_v1/build/point_000001/MG5_PROC/Cards/delphes_card_ATLAS.dat	file	21552	b6a97bcd6e2b4f19e218eaa07b3afe1937d66452f0519de0b8c367eff46fe69d
external_validation_a/pi_ufo_baseline_v1/build/point_000001/MG5_PROC/Cards/delphes_card_CMS.dat	file	22570	e363da8be306a024159b52547a80045bc48b770424fb5372ffc2ff8f1f5028c0
external_validation_a/pi_ufo_baseline_v1/build/point_000001/MG5_PROC/Cards/delphes_card_default.dat	file	22570	e363da8be306a024159b52547a80045bc48b770424fb5372ffc2ff8f1f5028c0
external_validation_a/pi_ufo_baseline_v1/build/point_000001/MG5_PROC/Cards/delphes_trigger.dat	file	1190	dd9e5ef49193a9140ae577fb452af122b0a45a843043e482dfd43c1afd755475
external_validation_a/pi_ufo_baseline_v1/build/point_000001/MG5_PROC/Cards/delphes_trigger_ATLAS.dat	file	989	14ceb9ab08ebb8bcab3d750fe8b01ab1e3f44d2eacdc8bc944d6899ccafc3b90
external_validation_a/pi_ufo_baseline_v1/build/point_000001/MG5_PROC/Cards/delphes_trigger_CMS.dat	file	1190	dd9e5ef49193a9140ae577fb452af122b0a45a843043e482dfd43c1afd755475
external_validation_a/pi_ufo_baseline_v1/build/point_000001/MG5_PROC/Cards/delphes_trigger_default.dat	file	1190	dd9e5ef49193a9140ae577fb452af122b0a45a843043e482dfd43c1afd755475
external_validation_a/pi_ufo_baseline_v1/build/point_000001/MG5_PROC/Cards/grid_card.dat	file	2018	99aff9f047a6dfbaa59345cc56cb01cf422bb65eef996b6af6515f625e1c13b7
external_validation_a/pi_ufo_baseline_v1/build/point_000001/MG5_PROC/Cards/grid_card_default.dat	file	2018	99aff9f047a6dfbaa59345cc56cb01cf422bb65eef996b6af6515f625e1c13b7
external_validation_a/pi_ufo_baseline_v1/build/point_000001/MG5_PROC/Cards/ident_card.dat	file	761	1aa76ce9345bebd0114be0f8e79509679e6b1a6170480bf02fe917a42a259c3b
external_validation_a/pi_ufo_baseline_v1/build/point_000001/MG5_PROC/Cards/madanalysis5_hadron_card_default.dat	file	135	46f8749617b7606256363a757f5c69896a2b812ab2b1bb7be8c7ca8b64f6000c
external_validation_a/pi_ufo_baseline_v1/build/point_000001/MG5_PROC/Cards/madanalysis5_parton_card_default.dat	file	135	46f8749617b7606256363a757f5c69896a2b812ab2b1bb7be8c7ca8b64f6000c
external_validation_a/pi_ufo_baseline_v1/build/point_000001/MG5_PROC/Cards/madspin_card_default.dat	file	1377	b49e3d4d382a4b66bae665d9b5af308de1d426e2aacdd45f0237c8be7a4f3524
external_validation_a/pi_ufo_baseline_v1/build/point_000001/MG5_PROC/Cards/me5_configuration.txt	file	8889	046f73495203a9d9aa070aee10b844bd5e426b997618ef92cf6be5c4c94c7dbf
external_validation_a/pi_ufo_baseline_v1/build/point_000001/MG5_PROC/Cards/param_card.dat	file	1643	b5e68dde0222854f72892cc79c0c90becca83a13502fec9bc29c69150a4f4bbf
external_validation_a/pi_ufo_baseline_v1/build/point_000001/MG5_PROC/Cards/param_card_default.dat	file	4142	8c97ba08846b27b1fb0a139161259653d507aed22b172635f5ea7ee4fa4baf83
external_validation_a/pi_ufo_baseline_v1/build/point_000001/MG5_PROC/Cards/pgs_card_ATLAS.dat	file	1244	4abbda9b8fc97521a6b510d200c3657695caea73054516ccac16fccd89f63f43
external_validation_a/pi_ufo_baseline_v1/build/point_000001/MG5_PROC/Cards/pgs_card_CMS.dat	file	1244	2fa767eeb3d1a767e9b4da6f8f35099b6546943f9c3993291c9ab122554d43ca
external_validation_a/pi_ufo_baseline_v1/build/point_000001/MG5_PROC/Cards/pgs_card_LHC.dat	file	1244	1e166308920fbb153706ec4338c81c2ae52753f8e3b8ae19bea32cc8618f85d4
external_validation_a/pi_ufo_baseline_v1/build/point_000001/MG5_PROC/Cards/pgs_card_TEV.dat	file	1212	523df464434f492b0b915d7d5f22aee198a515696228bf859daba920fb6e2ed1
external_validation_a/pi_ufo_baseline_v1/build/point_000001/MG5_PROC/Cards/pgs_card_default.dat	file	1244	1e166308920fbb153706ec4338c81c2ae52753f8e3b8ae19bea32cc8618f85d4
external_validation_a/pi_ufo_baseline_v1/build/point_000001/MG5_PROC/Cards/plot_card.dat	file	10430	e0991ee24eb7cab4ca668da332ed637806e6473b32a929b2bd4f86bafab1d4b0
external_validation_a/pi_ufo_baseline_v1/build/point_000001/MG5_PROC/Cards/plot_card_default.dat	file	10430	e0991ee24eb7cab4ca668da332ed637806e6473b32a929b2bd4f86bafab1d4b0
external_validation_a/pi_ufo_baseline_v1/build/point_000001/MG5_PROC/Cards/proc_card_mg5.dat	file	2394	85df329b20d81414bb321649c50b57241b100614ba17eb7fb54d0f0ccf4b90e4
external_validation_a/pi_ufo_baseline_v1/build/point_000001/MG5_PROC/Cards/pythia8_card_default.dat	file	4434	eae9ab88aed291ccfa93aad879abb00c479fe5e852b50a14f48ee2c4ee25a255
external_validation_a/pi_ufo_baseline_v1/build/point_000001/MG5_PROC/Cards/pythia_card_default.dat	file	350	392b11bcb52bfabab408edd2ee691e138f9e4f2d5d5c514287a25f4f29d7215b
external_validation_a/pi_ufo_baseline_v1/build/point_000001/MG5_PROC/Cards/replace_card1.dat	file	149	92d5563c5b5f8d68bc0dc3ee8c350eaee7d43d43aca4d9f6c94d3abc0e69a73a
external_validation_a/pi_ufo_baseline_v1/build/point_000001/MG5_PROC/Cards/reweight_card_default.dat	file	3611	281463939a80f0069f80df4108294b7678eeaeba6f2004443e54b9819a8b5cc2
external_validation_a/pi_ufo_baseline_v1/build/point_000001/MG5_PROC/Cards/rivet_card_default.dat	file	3044	e1aa7c84051518a747156689b388d0d2428808c629b15b2770f50550d5a1b357
external_validation_a/pi_ufo_baseline_v1/build/point_000001/MG5_PROC/Cards/run_card.dat	file	9127	00cd76255b00442ba62ac6704680b77f69cff6d630c1e81d4a806f2b69177611
external_validation_a/pi_ufo_baseline_v1/build/point_000001/MG5_PROC/Cards/run_card_default.dat	file	9127	00cd76255b00442ba62ac6704680b77f69cff6d630c1e81d4a806f2b69177611
external_validation_a/pi_ufo_baseline_v1/build/point_000001/MG5_PROC/Events	dir	4096	
external_validation_a/pi_ufo_baseline_v1/build/point_000001/MG5_PROC/Events/.keep	file	0	e3b0c44298fc1c149afbf4c8996fb92427ae41e4649b934ca495991b7852b855
external_validation_a/pi_ufo_baseline_v1/build/point_000001/MG5_PROC/HTML	dir	4096	
external_validation_a/pi_ufo_baseline_v1/build/point_000001/MG5_PROC/HTML/crossx.html	file	0	e3b0c44298fc1c149afbf4c8996fb92427ae41e4649b934ca495991b7852b855
external_validation_a/pi_ufo_baseline_v1/build/point_000001/MG5_PROC/HTML/info-default.html	file	685	48cd8ccaa2a07f9a2744e142558ff0e9c8d2bab35636df22c29cc6e828e71cb0
external_validation_a/pi_ufo_baseline_v1/build/point_000001/MG5_PROC/HTML/info.html	file	1372	77bb464f063cac567706b2d30767a8eb628fc3abe54e07f1e31c0206e911c352
external_validation_a/pi_ufo_baseline_v1/build/point_000001/MG5_PROC/HTML/mgstyle.css	file	652	d12e48c9910c15a22b8095d045578863ca2fac20b765692ea248d81911673ba6
external_validation_a/pi_ufo_baseline_v1/build/point_000001/MG5_PROC/HTML/sortable.js	file	9967	9a1e49c93b802edad64c0195a0eba240e0efb1a2f47bfcfa8288ad5f8bcceef9
external_validation_a/pi_ufo_baseline_v1/build/point_000001/MG5_PROC/HTML/stop.jpg	file	9241	ba221735467931a9f936c1a62ab9159940eab27ad5adc2369df0edd21121fa90
external_validation_a/pi_ufo_baseline_v1/build/point_000001/MG5_PROC/HTML/thinking.gif	file	54166	e24769c8b69e96e5ab0714fb216bb04722482357d3fbc182c0cf038a324031d4
external_validation_a/pi_ufo_baseline_v1/build/point_000001/MG5_PROC/MGMEVersion.txt	file	5	878103c645ee9a78bccb0be542dca18fd14c37ff9fa7e269250288da0cfb8217
external_validation_a/pi_ufo_baseline_v1/build/point_000001/MG5_PROC/README	file	6747	526514d60b377501fc2ff3f3e89fe398cb60860de756941032c987026a288d3a
external_validation_a/pi_ufo_baseline_v1/build/point_000001/MG5_PROC/README.systematics	file	5371	d11504feb0c9116e3455180e687f782fc6370626ab71d5742299e155bd755af4
external_validation_a/pi_ufo_baseline_v1/build/point_000001/MG5_PROC/Source	dir	4096	
external_validation_a/pi_ufo_baseline_v1/build/point_000001/MG5_PROC/Source/.make_opts	file	2668	cb708c3f07c19a13ac044cb8728a5ecb45ece4f753a106c329f1eb0b6b4b76c9
external_validation_a/pi_ufo_baseline_v1/build/point_000001/MG5_PROC/Source/BIAS	dir	4096	
external_validation_a/pi_ufo_baseline_v1/build/point_000001/MG5_PROC/Source/BIAS/dummy	dir	4096	
external_validation_a/pi_ufo_baseline_v1/build/point_000001/MG5_PROC/Source/BIAS/dummy/dummy.f	file	1471	e998de9f5792ba9bb45fed7b2e2dd0a17fd61da80b3dee12dc5bd5b9654734b3
external_validation_a/pi_ufo_baseline_v1/build/point_000001/MG5_PROC/Source/BIAS/dummy/makefile	file	347	c8ba6ae1254b7df13729e71faf38663c281b7158b78b246f46a96aaa2e4f641e
external_validation_a/pi_ufo_baseline_v1/build/point_000001/MG5_PROC/Source/BIAS/ptj_bias	dir	4096	
external_validation_a/pi_ufo_baseline_v1/build/point_000001/MG5_PROC/Source/BIAS/ptj_bias/makefile	file	449	eab8ade715c4d663e4ae3853620de65f3a3fdbe26f0ef60da1ad5a08ed6fdaf2
external_validation_a/pi_ufo_baseline_v1/build/point_000001/MG5_PROC/Source/BIAS/ptj_bias/ptj_bias.f	file	3090	be98145f3616bfbf075c6d1c168bb914045476e45ed742262fd292c5a4b4a78c
external_validation_a/pi_ufo_baseline_v1/build/point_000001/MG5_PROC/Source/CERNLIB	dir	4096	
external_validation_a/pi_ufo_baseline_v1/build/point_000001/MG5_PROC/Source/CERNLIB/abend.f	file	405	3f82a246769f71f4181fb459a0cdefb1f6f3426cbbbb47ac093a53dad17e87f4
external_validation_a/pi_ufo_baseline_v1/build/point_000001/MG5_PROC/Source/CERNLIB/dlsqp2.f	file	1373	8d93368a654705e3e72dfa4d5d5c90e7ac36ad107a954f7e56a0ee7a98da63d7
external_validation_a/pi_ufo_baseline_v1/build/point_000001/MG5_PROC/Source/CERNLIB/lenocc.f	file	642	36cf2a11d1ddf0b7e9e4301a5ae855631a13cdc6bedf83a78e69fa2da48c805b
external_validation_a/pi_ufo_baseline_v1/build/point_000001/MG5_PROC/Source/CERNLIB/makefile	file	262	d69c658d9f991f6bebb5e4f626284a2c955079fc9549384104a85702f979ca3b
external_validation_a/pi_ufo_baseline_v1/build/point_000001/MG5_PROC/Source/CERNLIB/mtlprt.f	file	793	b17fca11624639f279a09f79ca0078c6b79cfa42d3535762ab28edb6631fc68b
external_validation_a/pi_ufo_baseline_v1/build/point_000001/MG5_PROC/Source/CERNLIB/mtlset.f	file	9852	d27d530a30e1f2e310504dbac01d36c519289fd1a1ab061d5ecda8f305895c30
external_validation_a/pi_ufo_baseline_v1/build/point_000001/MG5_PROC/Source/CERNLIB/radmul.f	file	6292	78307e0f7697e8ac8f24293420fd26eed9223a1358556cd91f4fbaec1365e385
external_validation_a/pi_ufo_baseline_v1/build/point_000001/MG5_PROC/Source/DHELAS	dir	4096	
external_validation_a/pi_ufo_baseline_v1/build/point_000001/MG5_PROC/Source/DHELAS/.keepthisdir	file	0	e3b0c44298fc1c149afbf4c8996fb92427ae41e4649b934ca495991b7852b855
external_validation_a/pi_ufo_baseline_v1/build/point_000001/MG5_PROC/Source/DHELAS/SSS1P1N_1.f	file	371	8b87e3845b4b65e902fb2be85246f0bd0a456387d1b0d14f0ff0f5811529af3e
external_validation_a/pi_ufo_baseline_v1/build/point_000001/MG5_PROC/Source/DHELAS/SSS1P1N_2.f	file	371	7b49e88de07b83628c5cd647aadec466674a6c9fc4f7be4f125b1465e275656e
external_validation_a/pi_ufo_baseline_v1/build/point_000001/MG5_PROC/Source/DHELAS/SSS1P1N_3.f	file	371	13cd612298574d67ef7770c32c19d5ea07c56cdea785251e0df67a93b03cc705
external_validation_a/pi_ufo_baseline_v1/build/point_000001/MG5_PROC/Source/DHELAS/SSS1_0.f	file	408	1b8ec5d01205f3dc387b505a29bc122d237455dc364a6fac1150d4b69dc9bd54
external_validation_a/pi_ufo_baseline_v1/build/point_000001/MG5_PROC/Source/DHELAS/VVS2FF1_3.f	file	2681	c2692e0abcdbf15f92fecf7a7f976e5da0b404bc6e25e3cdcda80c07d631ffb6
external_validation_a/pi_ufo_baseline_v1/build/point_000001/MG5_PROC/Source/DHELAS/aloha_file.inc	file	72	3b3b9e6bcdc7554ef589e60aa17e5f6af9059eec5b17ae22969c29107b451926
external_validation_a/pi_ufo_baseline_v1/build/point_000001/MG5_PROC/Source/DHELAS/aloha_functions.f	file	62675	6100d8127353c13301e639bfdfea33b7a417095ea3b1eec630ed9d9a4bf92fc4
external_validation_a/pi_ufo_baseline_v1/build/point_000001/MG5_PROC/Source/DHELAS/makefile	file	761	cd3a6c45094f438b995d1104a1e71521562c28b7f4ade1cd358703a2c855f51a
external_validation_a/pi_ufo_baseline_v1/build/point_000001/MG5_PROC/Source/DiscreteSampler.f	file	115003	676f15e2565db88e57838e3269f529b6b87bab6d13e0a630101d53eb48341552
external_validation_a/pi_ufo_baseline_v1/build/point_000001/MG5_PROC/Source/MODEL	dir	4096	
external_validation_a/pi_ufo_baseline_v1/build/point_000001/MG5_PROC/Source/MODEL/.keepme	file	0	e3b0c44298fc1c149afbf4c8996fb92427ae41e4649b934ca495991b7852b855
external_validation_a/pi_ufo_baseline_v1/build/point_000001/MG5_PROC/Source/MODEL/actualize_mp_ext_params.inc	file	223	cfe4fa314b53f89d6cf6d6779a6f21d41851bb6e3a004fd3a1968f25e4022e23
external_validation_a/pi_ufo_baseline_v1/build/point_000001/MG5_PROC/Source/MODEL/coupl.inc	file	923	9b7bf843d4f38d9322a10eeed2ecf7492983018310288d07a6cab181c712a5c7
external_validation_a/pi_ufo_baseline_v1/build/point_000001/MG5_PROC/Source/MODEL/coupl_write.inc	file	398	78bd72ca20817a3d23cf3fcac6be5da78a468b9798c7e5e8ab8a983783f36eb5
external_validation_a/pi_ufo_baseline_v1/build/point_000001/MG5_PROC/Source/MODEL/couplings.f	file	2021	8486e75c66d5ced63baeb26fa8e55bf5b523ca16bb87013b29279464bebf78d7
external_validation_a/pi_ufo_baseline_v1/build/point_000001/MG5_PROC/Source/MODEL/couplings1.f	file	504	0f3b6243a6e5481d97451643b752eca700bbcd745c76c2408f5d9a7a1f0e0b98
external_validation_a/pi_ufo_baseline_v1/build/point_000001/MG5_PROC/Source/MODEL/couplings2.f	file	477	7b213edfffe872642526644169799bb3f655033a73e8cdfd3140bb53cdba9f3a
external_validation_a/pi_ufo_baseline_v1/build/point_000001/MG5_PROC/Source/MODEL/formats.inc	file	958	1d0c8b3a81b5c4ed3cc50e16edc2d7fa09fa2c2694b9eef3790bff2abc42c3a3
external_validation_a/pi_ufo_baseline_v1/build/point_000001/MG5_PROC/Source/MODEL/input.inc	file	3385	7177599525827aaa34e4c84084648bab8ee39bf0a740ca823574510ca5e77bb2
external_validation_a/pi_ufo_baseline_v1/build/point_000001/MG5_PROC/Source/MODEL/intparam_definition.inc	file	6418	df527fba82e3a11a0d747cd418d4b8a601fe11e96dd3e391244d2fcc42d96b12
external_validation_a/pi_ufo_baseline_v1/build/point_000001/MG5_PROC/Source/MODEL/lha_read.f	file	12149	fd51c4686981abedbf62153ee537e7dec01a138dd9a560f39303b851f99d6ae0
external_validation_a/pi_ufo_baseline_v1/build/point_000001/MG5_PROC/Source/MODEL/makefile	file	1152	b2e04084aba9bb7ecf6a56015c83265aee0b74e4d9a8b2bdeae8d75521ae55c0
external_validation_a/pi_ufo_baseline_v1/build/point_000001/MG5_PROC/Source/MODEL/makeinc.inc	file	288	1e938018cba6559290ffbf790b7f1fd59e9c21e55d81a3c312b45f99d66bc3a3
external_validation_a/pi_ufo_baseline_v1/build/point_000001/MG5_PROC/Source/MODEL/model_functions.f	file	18359	3f316cd1c810b693ca11450a8b5bb5badb01dd9b7c6bc05e2d1222c808bfa138
external_validation_a/pi_ufo_baseline_v1/build/point_000001/MG5_PROC/Source/MODEL/model_functions.inc	file	718	1eacef8b6184900bf18e6c18614cec17c062226f6ab438410464f5dbfb86515e
external_validation_a/pi_ufo_baseline_v1/build/point_000001/MG5_PROC/Source/MODEL/param_read.inc	file	227	a14a19f2379f69375eea63dfa4c34319f2681e9e037fc4088ec39a7978568cbc
external_validation_a/pi_ufo_baseline_v1/build/point_000001/MG5_PROC/Source/MODEL/param_write.inc	file	6835	ecbf8d7e15441b05566d44736e536bfebef416ef3b3344e910f2fb89a5287a92
external_validation_a/pi_ufo_baseline_v1/build/point_000001/MG5_PROC/Source/MODEL/printout.f	file	1571	c765cbd47475c2c8ca3e229691373124a01f13c775ccd603625e5bf2aadb82c7
external_validation_a/pi_ufo_baseline_v1/build/point_000001/MG5_PROC/Source/MODEL/rw_para.f	file	2580	568206e593ca4a7a49c63a1b09eddbed663474f6db62e8bc09960b8282421266
external_validation_a/pi_ufo_baseline_v1/build/point_000001/MG5_PROC/Source/MODEL/testprog.f	file	2394	7570c7961bd45365561047df5a3bd0c529204fb03f4e3562680d3b90e0042c89
external_validation_a/pi_ufo_baseline_v1/build/point_000001/MG5_PROC/Source/PDF	dir	4096	
external_validation_a/pi_ufo_baseline_v1/build/point_000001/MG5_PROC/Source/PDF/Ctq6Pdf.f	file	15036	faaae1776c4228066687642b39d350ba745f3076c21007516d82dee88601d646
external_validation_a/pi_ufo_baseline_v1/build/point_000001/MG5_PROC/Source/PDF/ElectroweakFlux.f	file	9025	a55af74f81cf8c0349db44efeda10e70f405319288311e096c46503be9f1513d
external_validation_a/pi_ufo_baseline_v1/build/point_000001/MG5_PROC/Source/PDF/ElectroweakFlux.inc	file	3536	9ba56c31e65dd877d0f7e2537562e9cc8e7956e1a73c34f019ec19b44ae9ab04
external_validation_a/pi_ufo_baseline_v1/build/point_000001/MG5_PROC/Source/PDF/ElectroweakFluxDriver.f	file	20029	0e7526df88466bc115a9f054ccfb1ed43ff9db0a3263eb4f342a79a7c4cdb7ba
external_validation_a/pi_ufo_baseline_v1/build/point_000001/MG5_PROC/Source/PDF/ElectroweakFlux_dummy.f	file	354	2ce33dcd9212731873efc9bd21711b74bd4d2007c1a65eafa3c1b07b589ac47c
external_validation_a/pi_ufo_baseline_v1/build/point_000001/MG5_PROC/Source/PDF/NNPDFDriver.f	file	9319	569c080439879972784ada0d6e0b040e8a7a93a0cf363cf99fa3bead12abae14
external_validation_a/pi_ufo_baseline_v1/build/point_000001/MG5_PROC/Source/PDF/PhotonFlux.f	file	4452	5c943e6bad08314ac7b6002b87e756d85a41057b874ebea8573bf2ece950b1eb
external_validation_a/pi_ufo_baseline_v1/build/point_000001/MG5_PROC/Source/PDF/dfint.f	file	2593	61eff004b8fb8390324eba77f2b2644a723f09d7412af63e4b74145c6b2b1ef3
external_validation_a/pi_ufo_baseline_v1/build/point_000001/MG5_PROC/Source/PDF/eepdf.f	file	339113	2e449b3d91d3af09681e5fad9209084e2e8c3dbb5ac00a7b5d7744d3e596235a
external_validation_a/pi_ufo_baseline_v1/build/point_000001/MG5_PROC/Source/PDF/eepdf.inc	file	302	8a6bd33755a6e79abba68ec428efe34bac3e915d67caa0eba5ce72fd8704019c
external_validation_a/pi_ufo_baseline_v1/build/point_000001/MG5_PROC/Source/PDF/gammaUPC	dir	4096	
external_validation_a/pi_ufo_baseline_v1/build/point_000001/MG5_PROC/Source/PDF/gammaUPC/ElasticPhotonPhotonFlux.f90	file	113002	a5e77a30f09df6ac03b0181f6698a8549916fa08e2c60da8929252bf17cea363
external_validation_a/pi_ufo_baseline_v1/build/point_000001/MG5_PROC/Source/PDF/gammaUPC/OpticalGlauber_Geometry.f90	file	80827	ba7bf8d47191ae9bc03b8d313fd55e6b372d44df1db2e4a2d98247267e34ea4f
external_validation_a/pi_ufo_baseline_v1/build/point_000001/MG5_PROC/Source/PDF/gammaUPC/gammaUPC_dummy.f	file	218	2f7f52de7aae9dc481e5238d1184e8db2ba3adf9ff7e7836001b1d4244e166d7
external_validation_a/pi_ufo_baseline_v1/build/point_000001/MG5_PROC/Source/PDF/gammaUPC/interpolation.f90	file	41826	c89df9b3e391d454f0f6543ad38b012c35b03af1b775c4b66506dc0c1ab4147d
external_validation_a/pi_ufo_baseline_v1/build/point_000001/MG5_PROC/Source/PDF/gammaUPC/makefile	file	1433	1028933ece2c569cd94a88ffda57a5b81d9d140a5528bbb4bbac0f6e9d7e83df
external_validation_a/pi_ufo_baseline_v1/build/point_000001/MG5_PROC/Source/PDF/gammaUPC/makefile_dummy	file	374	45c9b8ad079ca99a759cc24f68d30f6ef91878d47ce51b81e573c83167fba8e2
external_validation_a/pi_ufo_baseline_v1/build/point_000001/MG5_PROC/Source/PDF/gammaUPC/nielsen_generalized_polylog.f90	file	13510	8cee9ad199b2625e2f759ea3e3fe14662318351a368a125b93f5c52a6f6d7808
external_validation_a/pi_ufo_baseline_v1/build/point_000001/MG5_PROC/Source/PDF/gammaUPC/nintlib.f90	file	37952	92657ae581afabdc4591c1725167ab0c88fc15e49ba854023eac3cb14bb21607
external_validation_a/pi_ufo_baseline_v1/build/point_000001/MG5_PROC/Source/PDF/gammaUPC/photonpdfsquare.f	file	5626	606c0bd20df16116377b2a4e44a30c032a5afd52d45d2666c21e987b76302ffe
external_validation_a/pi_ufo_baseline_v1/build/point_000001/MG5_PROC/Source/PDF/gammaUPC/run90.inc	file	470	a07e6a3a0a10e6a77c503ef0f208b7231084a915a3a887fe42ca958da2f78ba5
external_validation_a/pi_ufo_baseline_v1/build/point_000001/MG5_PROC/Source/PDF/gammaUPC/tbessj.f90	file	10321	2d27cb8eecff63e434a79ff57b530786b253289e5a9d52c14941b8e88308d899
external_validation_a/pi_ufo_baseline_v1/build/point_000001/MG5_PROC/Source/PDF/gammaUPC/tbessk.f90	file	7288	6364e36ebf441b92a4c49dcc63335679b7b95c0abbf7a9be239dd26e7ec37cf1
external_validation_a/pi_ufo_baseline_v1/build/point_000001/MG5_PROC/Source/PDF/gammaUPC/test.f90	file	2259	d6eff055ac688c0c992faaaf18c55244fc1df1ce41a99ac3483ce1052bd83ee2
external_validation_a/pi_ufo_baseline_v1/build/point_000001/MG5_PROC/Source/PDF/gridpdfaux.f	file	3210	8b787c1f5e446765b1c3f90acff4201a41f2a1f1c94d859bf154af8698647d32
external_validation_a/pi_ufo_baseline_v1/build/point_000001/MG5_PROC/Source/PDF/kerset.f	file	3952	34c45d8a70bd4d66aa561537651e0456972435a9b0756a495fa0a17734dfd226
external_validation_a/pi_ufo_baseline_v1/build/point_000001/MG5_PROC/Source/PDF/lep_densities	dir	4096	
external_validation_a/pi_ufo_baseline_v1/build/point_000001/MG5_PROC/Source/PDF/lep_densities/cepc240ll	dir	4096	
external_validation_a/pi_ufo_baseline_v1/build/point_000001/MG5_PROC/Source/PDF/lep_densities/cepc240ll/eepdf.f	file	631636	6b4db0b925dfb4009c10d5d99e7df4ecbc31feb09e386406ac684884cf8bb3e0
external_validation_a/pi_ufo_baseline_v1/build/point_000001/MG5_PROC/Source/PDF/lep_densities/cepc240ll/gridpdfaux.f	file	4111	9029e5846502c8406cfec51bcd789d10aacd3381325936b5879ebfdc75232e4f
external_validation_a/pi_ufo_baseline_v1/build/point_000001/MG5_PROC/Source/PDF/lep_densities/clic3000ll	dir	4096	
external_validation_a/pi_ufo_baseline_v1/build/point_000001/MG5_PROC/Source/PDF/lep_densities/clic3000ll/eepdf.f	file	631636	fe3f201c16e9342b75fe174e2c3ead88201ad209694c4904788e44530570999a
external_validation_a/pi_ufo_baseline_v1/build/point_000001/MG5_PROC/Source/PDF/lep_densities/clic3000ll/gridpdfaux.f	file	4111	9029e5846502c8406cfec51bcd789d10aacd3381325936b5879ebfdc75232e4f
external_validation_a/pi_ufo_baseline_v1/build/point_000001/MG5_PROC/Source/PDF/lep_densities/fcce240ll	dir	4096	
external_validation_a/pi_ufo_baseline_v1/build/point_000001/MG5_PROC/Source/PDF/lep_densities/fcce240ll/eepdf.f	file	631636	731542c85b5fe0c9de265325c693fa0e3a5e2a7f6d42dc08c0cd5469463774ca
external_validation_a/pi_ufo_baseline_v1/build/point_000001/MG5_PROC/Source/PDF/lep_densities/fcce240ll/gridpdfaux.f	file	4111	9029e5846502c8406cfec51bcd789d10aacd3381325936b5879ebfdc75232e4f
external_validation_a/pi_ufo_baseline_v1/build/point_000001/MG5_PROC/Source/PDF/lep_densities/fcce365ll	dir	4096	
external_validation_a/pi_ufo_baseline_v1/build/point_000001/MG5_PROC/Source/PDF/lep_densities/fcce365ll/eepdf.f	file	631636	5b7a90a66931a80954a5a6a9e4010c58ebac6ccb6001a70cf9879ecf7ec307b4
external_validation_a/pi_ufo_baseline_v1/build/point_000001/MG5_PROC/Source/PDF/lep_densities/fcce365ll/gridpdfaux.f	file	4111	9029e5846502c8406cfec51bcd789d10aacd3381325936b5879ebfdc75232e4f
external_validation_a/pi_ufo_baseline_v1/build/point_000001/MG5_PROC/Source/PDF/lep_densities/ilc500ll	dir	4096	
external_validation_a/pi_ufo_baseline_v1/build/point_000001/MG5_PROC/Source/PDF/lep_densities/ilc500ll/eepdf.f	file	631636	5bef5c8221736c93469c703ca2c8bec999ebda5a49b4cf1f1934b4ea70cabae6
external_validation_a/pi_ufo_baseline_v1/build/point_000001/MG5_PROC/Source/PDF/lep_densities/ilc500ll/gridpdfaux.f	file	4111	9029e5846502c8406cfec51bcd789d10aacd3381325936b5879ebfdc75232e4f
external_validation_a/pi_ufo_baseline_v1/build/point_000001/MG5_PROC/Source/PDF/lep_densities/isronlyll	dir	4096	
external_validation_a/pi_ufo_baseline_v1/build/point_000001/MG5_PROC/Source/PDF/lep_densities/isronlyll/eepdf.f	file	338612	62f0c9e61e2a93ee0c7cf240b6766a987466417cfe96437c1bb94b716df61f3a
external_validation_a/pi_ufo_baseline_v1/build/point_000001/MG5_PROC/Source/PDF/lep_densities/isronlyll/gridpdfaux.f	file	3124	8b8830f1c9fc92c37f9979ff6dac8f3e2fd7c5b7703c33884490554e3984c05a
external_validation_a/pi_ufo_baseline_v1/build/point_000001/MG5_PROC/Source/PDF/makefile	file	2448	de4eef231102f8fa308769197e53b8c13717ef8810150385700a867300601c51
external_validation_a/pi_ufo_baseline_v1/build/point_000001/MG5_PROC/Source/PDF/opendata.f	file	2589	bfaa0cd1c1d12b64785d833ae35e6dad093d80c45a5d26613e9fb6fc4e90b1c2
external_validation_a/pi_ufo_baseline_v1/build/point_000001/MG5_PROC/Source/PDF/pdf.f	file	11507	955eb4b5cd06d1e5416c2644e2d31ba677e6fe529c96b9b00619f44e147407f6
external_validation_a/pi_ufo_baseline_v1/build/point_000001/MG5_PROC/Source/PDF/pdf.inc	file	450	3d462edd5d8ea17e9ad26b693ef0c101e886b2effc7fd36f43dfbaa5d2ccf1fd
external_validation_a/pi_ufo_baseline_v1/build/point_000001/MG5_PROC/Source/PDF/pdf_lhapdf6.cc	file	41276	ced11dfb36e8ca939029ce2aef0bd0173ed2da6822f9ec9cda341b75ae7c880a
external_validation_a/pi_ufo_baseline_v1/build/point_000001/MG5_PROC/Source/PDF/pdf_lhapdf62.cc	file	58334	e6755785adc9958089902500cea13610766425d7279ed5fad3aa6950876f122b
external_validation_a/pi_ufo_baseline_v1/build/point_000001/MG5_PROC/Source/PDF/pdf_list.txt	file	4297	554cfd7859541a5364716cf7228f75fc52fc3bd72029ebfb72e964baebd066d5
external_validation_a/pi_ufo_baseline_v1/build/point_000001/MG5_PROC/Source/PDF/pdfwrap.f	file	10277	32164b7098c60d94a3985781aba0ed0b348e3acbf1fe860c153227253c834638
external_validation_a/pi_ufo_baseline_v1/build/point_000001/MG5_PROC/Source/PDF/pdfwrap_emela.f	file	2624	e1995a9789373d50ca29b73b7b6c2d7426fc6f64ad9d63d60faa71d0ffeca9cd
external_validation_a/pi_ufo_baseline_v1/build/point_000001/MG5_PROC/Source/PDF/pdfwrap_lhapdf.f	file	2408	ae9b8f43e2e8bbb3fc8a2f740d49ace85717d9713eb43fc28c7557ff7a628b43
external_validation_a/pi_ufo_baseline_v1/build/point_000001/MG5_PROC/Source/PDF/pdg2pdf.f	file	12850	13427a635e6f2ab64e9492b7b988825d00c3e5e04b6b9801e27fc5782cf100ba
external_validation_a/pi_ufo_baseline_v1/build/point_000001/MG5_PROC/Source/PDF/pdg2pdf_lhapdf6.f	file	9350	55c2e838f18f3657a048a74d3b2cb608e4932dba9914d6085f45eaf1fe7006fa
external_validation_a/pi_ufo_baseline_v1/build/point_000001/MG5_PROC/Source/StringCast.f	file	4294	f993aa6cf4513b270353574a7ebd6ec4a65226ccffef8446818e69b654c006b4
external_validation_a/pi_ufo_baseline_v1/build/point_000001/MG5_PROC/Source/alfas.inc	file	453	d5ae9799ae1067a7a5d8a690654408e4626db1f032091eab30286a3dc06c7a1c
external_validation_a/pi_ufo_baseline_v1/build/point_000001/MG5_PROC/Source/alfas_functions.f	file	7877	3e9c1a8eb073de40d531217c349fe6f3f1dfc801fe4c3db527e2e15537f00a0d
external_validation_a/pi_ufo_baseline_v1/build/point_000001/MG5_PROC/Source/alfas_functions_lhapdf.f	file	3944	7b9439bb225674fa3126daa993a62b5b32b6201ed2a6875003be2ad820deb7c2
external_validation_a/pi_ufo_baseline_v1/build/point_000001/MG5_PROC/Source/banner_header.txt	file	1978	cd24ed8cb6c0f45494b06abceabd976357ab246a94ad108dc81380ab66e58cb6
external_validation_a/pi_ufo_baseline_v1/build/point_000001/MG5_PROC/Source/basecode.f	file	3601	f4e61b4b5e19d3d9a12e775bce73c1a2349e5d30402618b31a8212c62460f478
external_validation_a/pi_ufo_baseline_v1/build/point_000001/MG5_PROC/Source/combine_events.f	file	28617	d51c82d0177a0c60fb92faab32b3eb26fba551cb89562b95dbf12cd58428e700
external_validation_a/pi_ufo_baseline_v1/build/point_000001/MG5_PROC/Source/cuts.inc	file	3195	15749e6559df6c6cb99083be6ed2214f4aaf3cb38dd686d359625ca572652b23
external_validation_a/pi_ufo_baseline_v1/build/point_000001/MG5_PROC/Source/dgauss.f	file	2357	2d2d11ea43bca5775ba844f6675911ea6f1e12986ebfb87a1379a3ee5593f463
external_validation_a/pi_ufo_baseline_v1/build/point_000001/MG5_PROC/Source/dsample.f	file	84337	c27228ce1bbaa9c8681a1e54ce55045c834f3b546ad691ce8ed1bf5f158d94df
external_validation_a/pi_ufo_baseline_v1/build/point_000001/MG5_PROC/Source/eepdf.inc	file	302	8a6bd33755a6e79abba68ec428efe34bac3e915d67caa0eba5ce72fd8704019c
external_validation_a/pi_ufo_baseline_v1/build/point_000001/MG5_PROC/Source/gen_ximprove.f	file	33831	a0c72f5cfdc68b4ad03b6ef9990370c87f644799edb37ed4e1f0766bf52e7215
external_validation_a/pi_ufo_baseline_v1/build/point_000001/MG5_PROC/Source/genps.inc	file	2295	625f1a15b4e76821c187387b9d0bcdb2057a0d374899119847c8beac3afa5880
external_validation_a/pi_ufo_baseline_v1/build/point_000001/MG5_PROC/Source/getissud.f	file	5222	ab5a08dc9d4190e06fa2dc073750374ab012286a35c1367553dacf4a55a3f2b1
external_validation_a/pi_ufo_baseline_v1/build/point_000001/MG5_PROC/Source/hbook.inc	file	663	deba341596162b4605f956288449ee44fba3cf96619ed5af9445e089e163afa9
external_validation_a/pi_ufo_baseline_v1/build/point_000001/MG5_PROC/Source/hbook1.f	file	892	2eb8fc1fa9c73ec9ea8660d0a83a47bcbbd94d00bc75482cec73ef797c5f6fb6
external_validation_a/pi_ufo_baseline_v1/build/point_000001/MG5_PROC/Source/hbook2.f	file	1275	15d9647a2f1558f7258cc9f9166713bcc7bd2bb13714ff2d50de96d64f8c08fe
external_validation_a/pi_ufo_baseline_v1/build/point_000001/MG5_PROC/Source/hcurve.f	file	1652	b5aa0931a4daa63b796bd4af75f0ca6b8f39eb990c0cdd99026cad2fb3aaab77
external_validation_a/pi_ufo_baseline_v1/build/point_000001/MG5_PROC/Source/hfill.f	file	1065	41c6ec9229d573a9c16b86138754b238a79c04870bcbb89e2d65dcdc5b56ff11
external_validation_a/pi_ufo_baseline_v1/build/point_000001/MG5_PROC/Source/htuple.f	file	11038	80102a031df8a3bac795c1ba6e630d7fbc79078a6664f954df0cd8adad9ea796
external_validation_a/pi_ufo_baseline_v1/build/point_000001/MG5_PROC/Source/invarients.f	file	8895	cbf921ebfa1f200d39ed16c6ca3ead8056fbb530eebc07c081fd2f9dffe25fb5
external_validation_a/pi_ufo_baseline_v1/build/point_000001/MG5_PROC/Source/kin_functions.f	file	20781	258ba73d21343e1e9e64f8f1beec0ae9a9f890d01c3d3a907f1091843de6372d
external_validation_a/pi_ufo_baseline_v1/build/point_000001/MG5_PROC/Source/lhe_event_infos.inc	file	606	61299a03d23a0cd89d06a12248da67a1696ca1e4c10afe2c9707e4b595b030dd
external_validation_a/pi_ufo_baseline_v1/build/point_000001/MG5_PROC/Source/make_opts	file	2552	0090bb45c9c3311fa075aa50b8274dbdec44e49c9fc787b59fb871c0b475808f
external_validation_a/pi_ufo_baseline_v1/build/point_000001/MG5_PROC/Source/makefile	file	4681	3de4f2b21247f23077d903ea830d24b235ef13c92a4428b6aa5e8f8ca6088b7d
external_validation_a/pi_ufo_baseline_v1/build/point_000001/MG5_PROC/Source/maxconfigs.inc	file	57	5f0a5d858bea712fdf860cdd478eba6400d3fbc490c1844643f2b6c93fbdd231
external_validation_a/pi_ufo_baseline_v1/build/point_000001/MG5_PROC/Source/maxparticles.inc	file	61	f74c474319f9374319e754e43a6e57113420206e069dd21c73578a28399fa202
external_validation_a/pi_ufo_baseline_v1/build/point_000001/MG5_PROC/Source/open_file.f	file	1696	5736e50afc043c05c671376f389df6618558b45e33966c1f2fce1621e8ac07a1
external_validation_a/pi_ufo_baseline_v1/build/point_000001/MG5_PROC/Source/pawgraphs.f	file	1645	b7b2d166c37c772cbe015ba8afee4d673f1d5cd04474ecef88d8a1ccea7aff8b
external_validation_a/pi_ufo_baseline_v1/build/point_000001/MG5_PROC/Source/psample.inc	file	330	3f00c28a6c54bc1b656e276ce0c9b85c9440e23353bf69b8bc7ee85f258a4743
external_validation_a/pi_ufo_baseline_v1/build/point_000001/MG5_PROC/Source/ran1.f	file	951	6946801bbcfd9a5fcf3184d1d7b73ca6deaf55ca0e0f0660d3db2c42479175af
external_validation_a/pi_ufo_baseline_v1/build/point_000001/MG5_PROC/Source/ranmar.f	file	7330	9bb6bbc5f1fda1df1a8df5d8518103b55a3f6c2b13874178b501b7272ecf2888
external_validation_a/pi_ufo_baseline_v1/build/point_000001/MG5_PROC/Source/readgrid.f	file	3983	63a2121b9a34bb18b5de3d73102f3c4f542af0f79c2b1c1175c47ed7579b2ff5
external_validation_a/pi_ufo_baseline_v1/build/point_000001/MG5_PROC/Source/run.inc	file	3622	51e0098d5cb17d1c666fbb08c317f14e48f1d03cc4ed55d608546e9ef0c76330
external_validation_a/pi_ufo_baseline_v1/build/point_000001/MG5_PROC/Source/run_config.inc	file	2209	1026160b03fa7c648e8ae33423107663bce56c31e85bc4dedf6dfe0ec392df53
external_validation_a/pi_ufo_baseline_v1/build/point_000001/MG5_PROC/Source/run_printout.f	file	2358	ee37cda1054daa5c9beabb9270734357f823cbf88135f729c537dd21db3e7cc0
external_validation_a/pi_ufo_baseline_v1/build/point_000001/MG5_PROC/Source/rw_events.f	file	10060	51fac40df2e39e0d20ddbdaed810aabe6e26203ce47f2b11871949085543b67a
external_validation_a/pi_ufo_baseline_v1/build/point_000001/MG5_PROC/Source/rw_events.short.f	file	4031	d5cebf605a60e58111a1dcd207c988aab8d1887aac2bdce922a1ebe8d29b8826
external_validation_a/pi_ufo_baseline_v1/build/point_000001/MG5_PROC/Source/rw_routines.f	file	13834	188c2f0a6eea8fcd656b2fbb874dfe89d10753722046dd546355ae1c90f65d97
external_validation_a/pi_ufo_baseline_v1/build/point_000001/MG5_PROC/Source/setrun.f	file	7400	e3d7f0bc0104fb3f5bdbc1abdcbfb44e814196b080203ef4e88730672ac3ee36
external_validation_a/pi_ufo_baseline_v1/build/point_000001/MG5_PROC/Source/setrun_gen.f	file	2433	81d9d18da3ea2b1b58b50c849a3f6102ea645efb9e4f3579d99ff8213891e2a3
external_validation_a/pi_ufo_baseline_v1/build/point_000001/MG5_PROC/Source/sudgrid.inc	file	175	443cef573335a0b49daed651eed3641006938be5147b9e14af75680b4dcbf83e
external_validation_a/pi_ufo_baseline_v1/build/point_000001/MG5_PROC/Source/transpole.f	file	11181	d801c01034e6b5e310566fdfd0879d2120dd512d71d442b9bd7be86480c98425
external_validation_a/pi_ufo_baseline_v1/build/point_000001/MG5_PROC/SubProcesses	dir	4096	
external_validation_a/pi_ufo_baseline_v1/build/point_000001/MG5_PROC/SubProcesses/MGVersion.txt	file	5	878103c645ee9a78bccb0be542dca18fd14c37ff9fa7e269250288da0cfb8217
external_validation_a/pi_ufo_baseline_v1/build/point_000001/MG5_PROC/SubProcesses/P1_gg_h2h2	dir	4096	
external_validation_a/pi_ufo_baseline_v1/build/point_000001/MG5_PROC/SubProcesses/P1_gg_h2h2/auto_dsig.f	file	19608	e414f39e668f6494af742835bf2039bd62cda4ce16a4c74f8c0fd0cc103fc869
external_validation_a/pi_ufo_baseline_v1/build/point_000001/MG5_PROC/SubProcesses/P1_gg_h2h2/auto_dsig1.f	file	5880	62c9db734d215dcbd3161672982d12e3cbfe876b843809360e35168d966df2a3
external_validation_a/pi_ufo_baseline_v1/build/point_000001/MG5_PROC/SubProcesses/P1_gg_h2h2/coloramps.inc	file	70	ec1006156ae22166a26ba3031a5f0a491d1cb00ade9ea92cb56de72253c912d6
external_validation_a/pi_ufo_baseline_v1/build/point_000001/MG5_PROC/SubProcesses/P1_gg_h2h2/config_nqcd.inc	file	22	4e03443c8378f97d54bb44892e5802ab6911df9de56d83c4220f0bb3ae5a3e55
external_validation_a/pi_ufo_baseline_v1/build/point_000001/MG5_PROC/SubProcesses/P1_gg_h2h2/config_subproc_map.inc	file	35	9e5897df67b51e186bb0938a67a490f3522f4ff37342920f709bbf190c0b08bd
external_validation_a/pi_ufo_baseline_v1/build/point_000001/MG5_PROC/SubProcesses/P1_gg_h2h2/configs.inc	file	224	3ed151c1c2c37bacff3d3f5d549fdae017a5972d93c6964508b61c78efb764c5
external_validation_a/pi_ufo_baseline_v1/build/point_000001/MG5_PROC/SubProcesses/P1_gg_h2h2/decayBW.inc	file	29	148f48bf08c4108079a92d88832d57c587222624e1f7162c630fa4eda0811e30
external_validation_a/pi_ufo_baseline_v1/build/point_000001/MG5_PROC/SubProcesses/P1_gg_h2h2/dname.mg	file	19	2a00b40a786dc11d4603044741b4928a9226546248113d765a939c04d5023287
external_validation_a/pi_ufo_baseline_v1/build/point_000001/MG5_PROC/SubProcesses/P1_gg_h2h2/driver.f	file	12785	83c6311fbd89267d2ca13d29b26dd6ec0cc142d3fabde8e70905594e6dce5259
external_validation_a/pi_ufo_baseline_v1/build/point_000001/MG5_PROC/SubProcesses/P1_gg_h2h2/get_color.f	file	528	7678c371ee22b87c00b8007ed7d6f75e1bd3dd94d016bc1e8ccfcdf704097e37
external_validation_a/pi_ufo_baseline_v1/build/point_000001/MG5_PROC/SubProcesses/P1_gg_h2h2/iproc.dat	file	8	9f1484819efbd27552b308c7bef1309cb037d836d4a9e6962f6bc56c87399fbe
external_validation_a/pi_ufo_baseline_v1/build/point_000001/MG5_PROC/SubProcesses/P1_gg_h2h2/leshouche.inc	file	258	6733d8d79e190c01a5c265169f96382df5b8ad4af5d7b918a2ea933a35cb652a
external_validation_a/pi_ufo_baseline_v1/build/point_000001/MG5_PROC/SubProcesses/P1_gg_h2h2/matrix1.ps	file	12790	6e1945697f0bb5db13011a4c44c0a8fa6c73d773b0ac5e2a82d4444c5d7960da
external_validation_a/pi_ufo_baseline_v1/build/point_000001/MG5_PROC/SubProcesses/P1_gg_h2h2/matrix1_orig.f	file	19681	5ebdb85e08b66995891e93dde4b9467af38a2185e9a2a9ee6bee0f79670de195
external_validation_a/pi_ufo_baseline_v1/build/point_000001/MG5_PROC/SubProcesses/P1_gg_h2h2/maxamps.inc	file	132	25f44ebb2a7b47b434d968a4d91a07af4e7652148710261c854ef0b13d363dcf
external_validation_a/pi_ufo_baseline_v1/build/point_000001/MG5_PROC/SubProcesses/P1_gg_h2h2/mg.sym	file	8	ce0beb5d3db56633838f88474455c79deba0d0ba4a099b11351d3db3921ab6e1
external_validation_a/pi_ufo_baseline_v1/build/point_000001/MG5_PROC/SubProcesses/P1_gg_h2h2/mirrorprocs.inc	file	43	935a25c04c2fb91c02081b241829da3156e4269aeb0e32009dfeb83a04edd2c1
external_validation_a/pi_ufo_baseline_v1/build/point_000001/MG5_PROC/SubProcesses/P1_gg_h2h2/ncombs.inc	file	56	06bf072f92425bdfbe34d5da8c6c7f2bd1265799bdcd750f0d4ff3aaeff196d8
external_validation_a/pi_ufo_baseline_v1/build/point_000001/MG5_PROC/SubProcesses/P1_gg_h2h2/nexternal.inc	file	114	74fd71600ab057b2329dd63d20970faad5acc6b19819e455d0bbe4cf75680b28
external_validation_a/pi_ufo_baseline_v1/build/point_000001/MG5_PROC/SubProcesses/P1_gg_h2h2/ngraphs.inc	file	55	f025f52826df5616a1bbec3d33e320238090bd6bad71ee9bc1551cdfb42dfac9
external_validation_a/pi_ufo_baseline_v1/build/point_000001/MG5_PROC/SubProcesses/P1_gg_h2h2/pmass.inc	file	96	d82449c6077b613993a1d7818fd712f54c84524a103ed6d10c329143cc290ebe
external_validation_a/pi_ufo_baseline_v1/build/point_000001/MG5_PROC/SubProcesses/P1_gg_h2h2/processes.dat	file	32	d02cb2e05bd9bc3a660ecf35d59c925045b9407ae2185908fc7ed57b84b991b5
external_validation_a/pi_ufo_baseline_v1/build/point_000001/MG5_PROC/SubProcesses/P1_gg_h2h2/props.inc	file	88	c8f09d5645099a2196e2ffc6b772a951772c587501a11fd665299f28df9ceb70
external_validation_a/pi_ufo_baseline_v1/build/point_000001/MG5_PROC/SubProcesses/P1_gg_h2h2/symfact_orig.dat	file	7	0f8d6984b4abd7a95420e165b32ff8258634f06eb5648c390575f726c0b045f6
external_validation_a/pi_ufo_baseline_v1/build/point_000001/MG5_PROC/SubProcesses/P1_gg_h2h2/symperms.inc	file	47	f1f1925d51fcba3df8d683d8c1ea6497c56d6dea4978686d428fccdc549b06fd
external_validation_a/pi_ufo_baseline_v1/build/point_000001/MG5_PROC/SubProcesses/P1_gg_h2h2/symswap.inc	file	65	9eee3eaf8365eb19d489c170079bb88598bbb79744432fd88bfbc7c4449414c1
external_validation_a/pi_ufo_baseline_v1/build/point_000001/MG5_PROC/SubProcesses/P1_gg_h2h2/template_matrix1.f	file	13652	18401b1c27fd74a81ab55475b66469feaf6e28bcc9bc8c1157654b2e2770e2d2
external_validation_a/pi_ufo_baseline_v1/build/point_000001/MG5_PROC/SubProcesses/addmothers.f	file	46762	0e966f5242bdc70bbb96d606cd1aa73bfe40ea152d76a505600ad77a811a0120
external_validation_a/pi_ufo_baseline_v1/build/point_000001/MG5_PROC/SubProcesses/cluster.f	file	32017	651a462c5d36410dd4092e6543bd9bac1e35d518ae01949ac654a165cf330d4a
external_validation_a/pi_ufo_baseline_v1/build/point_000001/MG5_PROC/SubProcesses/cluster.inc	file	1723	19710e29a625143930935b641cbbb38fe3e535224bc910f5982a9f77c7076d0a
external_validation_a/pi_ufo_baseline_v1/build/point_000001/MG5_PROC/SubProcesses/cuts.f	file	55278	c077cc390dc052a8526ddb187c98005e08bab7e5d999c8c879b66a1500b65c2c
external_validation_a/pi_ufo_baseline_v1/build/point_000001/MG5_PROC/SubProcesses/done	file	0	e3b0c44298fc1c149afbf4c8996fb92427ae41e4649b934ca495991b7852b855
external_validation_a/pi_ufo_baseline_v1/build/point_000001/MG5_PROC/SubProcesses/dummy_fct.f	file	5288	b3ac74b7ff05185bbe4a2e9647f501c53dc5fcd5502075b37c4a54179b3b1b33
external_validation_a/pi_ufo_baseline_v1/build/point_000001/MG5_PROC/SubProcesses/genps.f	file	65885	fff7a5138e8c171d5fa235c057cee987c31df92c551e890b3f62991a59bdede7
external_validation_a/pi_ufo_baseline_v1/build/point_000001/MG5_PROC/SubProcesses/idenparts.f	file	2119	0584c11e0f53fba6a2747d1918150e2841ee6cead3972b3bdc50d1b9be9d5a0f
external_validation_a/pi_ufo_baseline_v1/build/point_000001/MG5_PROC/SubProcesses/initcluster.f	file	1721	b83e276ade00f20369ad1d2f300ee21940e9650d60084eb7b59fa6e9da575704
external_validation_a/pi_ufo_baseline_v1/build/point_000001/MG5_PROC/SubProcesses/makefile	file	3212	9704832a58bb3eb3ca1e8ac4db29f8735ae863c278f65a3b6537dc886b1ecd48
external_validation_a/pi_ufo_baseline_v1/build/point_000001/MG5_PROC/SubProcesses/message.inc	file	48	9d5515b45568d67213152a88a0ad8bdef0a8c4dfc9153c682293f8073942d0c5
external_validation_a/pi_ufo_baseline_v1/build/point_000001/MG5_PROC/SubProcesses/myamp.f	file	21004	cb45cac4a4d64d5aa69c84b4c8ebd73c0c4ef3ad82cea55c451532705cdcbaa1
external_validation_a/pi_ufo_baseline_v1/build/point_000001/MG5_PROC/SubProcesses/proc_characteristics	file	537	3c8206e7a51d6eb81e6274b775fd3ffed592a6fb6f0d7d03f887dee24fb97683
external_validation_a/pi_ufo_baseline_v1/build/point_000001/MG5_PROC/SubProcesses/procdef_mg5.dat	file	2203	12cf2782a72af64a5d5232b6b831bb66503769d25803bb5d4efc46b0a81e0791
external_validation_a/pi_ufo_baseline_v1/build/point_000001/MG5_PROC/SubProcesses/randinit	file	5	c28954e73fec048e91cb59f855bb8bd47f20eccd22e72acb7897570e6b8d5bb4
external_validation_a/pi_ufo_baseline_v1/build/point_000001/MG5_PROC/SubProcesses/refine.sh	file	2484	86fd2e92d3e8c3a2fff476b4ed8193616178868f98bf63e14cd8e9b6f94b6ff0
external_validation_a/pi_ufo_baseline_v1/build/point_000001/MG5_PROC/SubProcesses/refine_splitted.sh	file	2032	ce244c7d9c40098c9459fccf4153886201f00ab35c232eb69fe9b021448056c4
external_validation_a/pi_ufo_baseline_v1/build/point_000001/MG5_PROC/SubProcesses/reweight.f	file	68991	a505ba2611cee9c335b94d016956fbdd07c981431009c944e1561c02d4fd1014
external_validation_a/pi_ufo_baseline_v1/build/point_000001/MG5_PROC/SubProcesses/setcuts.f	file	35393	f0e3e5e3ad3f5599fa56aa7baef614112e383ee51701caa38d16c977185cab18
external_validation_a/pi_ufo_baseline_v1/build/point_000001/MG5_PROC/SubProcesses/setscales.f	file	6849	6308378112ef4dfcf12af53bf322f1c564294fc98e63948bd7323fb13a004c28
external_validation_a/pi_ufo_baseline_v1/build/point_000001/MG5_PROC/SubProcesses/subproc.mg	file	11	25373adac33ffc2eabb28ca6d596ab3b4d709f0354f6ffc5f1313b0a80dbff86
external_validation_a/pi_ufo_baseline_v1/build/point_000001/MG5_PROC/SubProcesses/subproc.txt	file	10	d9cd0ac93ce2f17b682820fae7d43be3065b27acff843c228e939af3a27c94e1
external_validation_a/pi_ufo_baseline_v1/build/point_000001/MG5_PROC/SubProcesses/sudakov.inc	file	960	e9271a4ce6644118a2feb3d4da31c6c9f4a928a9877999b45a24fe76a960676c
external_validation_a/pi_ufo_baseline_v1/build/point_000001/MG5_PROC/SubProcesses/survey.sh	file	1823	94975fb5487b8ca1f888a4dd285eb474671616f67347724c002a038ecd364077
external_validation_a/pi_ufo_baseline_v1/build/point_000001/MG5_PROC/SubProcesses/symmetry.f	file	20076	ac58500c883d11c50631e4fa6443c3445c1b0babf74f792191237fa4639c79c3
external_validation_a/pi_ufo_baseline_v1/build/point_000001/MG5_PROC/SubProcesses/unwgt.f	file	25753	fafc8b2fc8e652c363a455fcf729dd113338111e799dd96478c351d0746303a3
external_validation_a/pi_ufo_baseline_v1/build/point_000001/MG5_PROC/TemplateVersion.txt	file	6	732f64d874f90788c0199b0c19bfd9b3b6436e140114e53e462832532d74c61c
external_validation_a/pi_ufo_baseline_v1/build/point_000001/MG5_PROC/bin	dir	4096	
external_validation_a/pi_ufo_baseline_v1/build/point_000001/MG5_PROC/bin/cleanall	file	915	72f285016ba0ab688a54eeca202b4355c219fb7f71df42b543ce107cc6b88e83
external_validation_a/pi_ufo_baseline_v1/build/point_000001/MG5_PROC/bin/generate_events	file	5885	3b454a48b9ee004458c0f67333711f05b2bb77ddfb0adb6c2edaddea7142c904
external_validation_a/pi_ufo_baseline_v1/build/point_000001/MG5_PROC/bin/internal	dir	4096	
external_validation_a/pi_ufo_baseline_v1/build/point_000001/MG5_PROC/bin/internal/FO_analyse_card.py	file	5863	a43b37ac9ee097deb85e4f1b5abca970b9ed32188d33f811f618b77ec4ce6ac6
external_validation_a/pi_ufo_baseline_v1/build/point_000001/MG5_PROC/bin/internal/Gridpack	dir	4096	
external_validation_a/pi_ufo_baseline_v1/build/point_000001/MG5_PROC/bin/internal/Gridpack/TheChopper-pl	file	3411	f29c49ca38de88342aac701816f450e16c43a0ebd7fe7108d33155d25b8307ab
external_validation_a/pi_ufo_baseline_v1/build/point_000001/MG5_PROC/bin/internal/Gridpack/clean4grid	file	2812	f70e6afe62424341b6e1027081e0da581aa40346395813def5e91d04e0b3f333
external_validation_a/pi_ufo_baseline_v1/build/point_000001/MG5_PROC/bin/internal/Gridpack/compile	file	2904	997f461bc3478232ed4fb91e8b78daf153fddddfd31f266c52cab170cde69835
external_validation_a/pi_ufo_baseline_v1/build/point_000001/MG5_PROC/bin/internal/Gridpack/gridrun	file	3552	cac88b757101714b1a5f6f994d98a1a732b3ab3dd42653d77761bb4a01401e49
external_validation_a/pi_ufo_baseline_v1/build/point_000001/MG5_PROC/bin/internal/Gridpack/refine4grid	file	2513	04309e5de8ebd7fe140463b17dcb127e2d00f6c2155d0008526d8f0bca119f60
external_validation_a/pi_ufo_baseline_v1/build/point_000001/MG5_PROC/bin/internal/Gridpack/replace.pl	file	6418	e476e4e0d5c7db8ca88ceb94fefe564a03b43c70af7915e76cd4d735607013f4
external_validation_a/pi_ufo_baseline_v1/build/point_000001/MG5_PROC/bin/internal/Gridpack/run.sh	file	2761	3077a291e502ae5f351aa21a58cbe070720f2ba9612eeb8b18e443af96382d4c
external_validation_a/pi_ufo_baseline_v1/build/point_000001/MG5_PROC/bin/internal/__init__.py	file	2270	6371c71acf6135d279bc3935b7fae4f758ba3e583f15978b9cea8adc52dccf26
external_validation_a/pi_ufo_baseline_v1/build/point_000001/MG5_PROC/bin/internal/addmasses_optional.py	file	10027	41ff69c9ebeb9cfb2e8bf23a34cd74723f207471e1f0eadd3f3cb018ba92d042
external_validation_a/pi_ufo_baseline_v1/build/point_000001/MG5_PROC/bin/internal/banner.py	file	276635	04e364bd29ee26cd6d84240de49edd5a0c2a4d15272ddb6edc323ea4ff0eb685
external_validation_a/pi_ufo_baseline_v1/build/point_000001/MG5_PROC/bin/internal/check_param_card.py	file	73864	48b64f72f246687d3b7ed9dc30ebac5507a81ba5691276af29ef1e17ec37ad2f
external_validation_a/pi_ufo_baseline_v1/build/point_000001/MG5_PROC/bin/internal/clean	file	718	dfdc00d3c3e9ac3f966c4ace24cbbab7e4a2f3780f33f07a0463d6ec9eb83eaf
external_validation_a/pi_ufo_baseline_v1/build/point_000001/MG5_PROC/bin/internal/clean_template	file	2842	f6bcadb43be98c2a98c28765ca6e1bef7debde0e211270759e5dddce0fd5deb2
external_validation_a/pi_ufo_baseline_v1/build/point_000001/MG5_PROC/bin/internal/cluster.py	file	84691	f18d05b07b2f36bdc9e3658507c0f0e759c0be3c7584a3c07bbd5cdba3a6d5fd
external_validation_a/pi_ufo_baseline_v1/build/point_000001/MG5_PROC/bin/internal/coloring_logging.py	file	3301	a8027424a9810a5332523b2f37f2a8acda222a5fca75b78cd225474017f3b486
external_validation_a/pi_ufo_baseline_v1/build/point_000001/MG5_PROC/bin/internal/combine_grid.py	file	29721	4ebc76f6ed1e40752c0faba92b2dc88e854e4978df9610a61558b1c6f65d0a7c
external_validation_a/pi_ufo_baseline_v1/build/point_000001/MG5_PROC/bin/internal/combine_runs.py	file	6910	1ac132149aebd19b9f20d63617245f70dc947559bc81d8fbdaf103ef43fc9476
external_validation_a/pi_ufo_baseline_v1/build/point_000001/MG5_PROC/bin/internal/common_run_interface.py	file	367601	df07c70f8dac590345f0e6c195ef6d63ecd5db153bad2946d9285187cee4a733
external_validation_a/pi_ufo_baseline_v1/build/point_000001/MG5_PROC/bin/internal/create_matching_plots.C	file	723	fe1bd40e7e21cffe4d033d136f9f59d7df37af32818ca39b76439d90925e08c3
external_validation_a/pi_ufo_baseline_v1/build/point_000001/MG5_PROC/bin/internal/create_matching_plots.sh	file	943	b18887efa732028e4145d90add7b619d1abefc62098eb4381851ece166c9bb2d
external_validation_a/pi_ufo_baseline_v1/build/point_000001/MG5_PROC/bin/internal/eval.sh	file	20	6d167bcde1277a9c85d5413a825e17eda41f47082c6171905850477caeeb326d
external_validation_a/pi_ufo_baseline_v1/build/point_000001/MG5_PROC/bin/internal/extended_cmd.py	file	129251	73b6f30afb200b4e1d169908b72e04ab9c2cfd558ffc743f330db5129b31d22c
external_validation_a/pi_ufo_baseline_v1/build/point_000001/MG5_PROC/bin/internal/extract_banner-pl	file	508	6960620d20ab0e702df2ee0d6d0f5f27296d5ebac374a88520f7b70cdb2b4d32
external_validation_a/pi_ufo_baseline_v1/build/point_000001/MG5_PROC/bin/internal/file_writers.py	file	41579	fff9a790853aa44559bd04bda7371b466c4b4ed6476e77445105a8af876d203b
external_validation_a/pi_ufo_baseline_v1/build/point_000001/MG5_PROC/bin/internal/files.py	file	8707	cfec87ab0e4071abbf9989f1b029ee1128e02d7a435e79852294b4f3cab7ccde
external_validation_a/pi_ufo_baseline_v1/build/point_000001/MG5_PROC/bin/internal/gen_cardhtml-pl	file	10534	30b1cbdbd4d88a035824dc90e3ddd1f6f6c2e7f1618e1719511c3c3c28aa2236
external_validation_a/pi_ufo_baseline_v1/build/point_000001/MG5_PROC/bin/internal/gen_crossxhtml.py	file	71047	ba2646284802d699fb4ce34b4980749a1284374365e7780cd2e8cb8d1c84482f
external_validation_a/pi_ufo_baseline_v1/build/point_000001/MG5_PROC/bin/internal/gen_jpeg-pl	file	2941	3bba9f0f4b861372111bfa4641c4b9600d97b7c7e43823f1313cb61a321bb1e2
external_validation_a/pi_ufo_baseline_v1/build/point_000001/MG5_PROC/bin/internal/gen_ximprove.py	file	85872	9c5c32bb4e610234dde339ed88de75174ee280bd3e06b073ca3ff61a5a8ae167
external_validation_a/pi_ufo_baseline_v1/build/point_000001/MG5_PROC/bin/internal/hel_recycle.py	file	31149	8ec199b1746f73fdd26cff06e0bee46e1c482a71e7f3646bb349f88ccaeb978e
external_validation_a/pi_ufo_baseline_v1/build/point_000001/MG5_PROC/bin/internal/histograms.py	file	176703	8fe6f18a51f4a41389436a32fdf01e8f284f15067efdc40a5d7e0c28ad2c7f2c
external_validation_a/pi_ufo_baseline_v1/build/point_000001/MG5_PROC/bin/internal/lhe_parser.py	file	136178	21056fcacdc41b56aacf3584e4ee30504a646edce31629e4c119b3a7600273c8
external_validation_a/pi_ufo_baseline_v1/build/point_000001/MG5_PROC/bin/internal/madevent_interface.py	file	350048	5073c8c649d0c35bc0cae69a1eb09e42dc3a0e85fba9b15b2b47a242107cecef
external_validation_a/pi_ufo_baseline_v1/build/point_000001/MG5_PROC/bin/internal/make_gridpack	file	438	b32aacebbeddd45d84d898a457062e4b1b6946349c54f8abe8d774cc17a9a012
external_validation_a/pi_ufo_baseline_v1/build/point_000001/MG5_PROC/bin/internal/make_madevent_tar	file	215	1f9bea9265eb1c49a8b2274a0f0284ad3fe6628e1b4489681931f5000028c810
external_validation_a/pi_ufo_baseline_v1/build/point_000001/MG5_PROC/bin/internal/me5_logging.conf	file	2611	a593dfa321744db9344d6b722a9208910469af501a38513a030096f0b2f08948
external_validation_a/pi_ufo_baseline_v1/build/point_000001/MG5_PROC/bin/internal/merge.pl	file	10475	be04f05efda2bb515a723276ee947f98b8da7705b72dc41d3ff4cd638cf016df
external_validation_a/pi_ufo_baseline_v1/build/point_000001/MG5_PROC/bin/internal/misc.py	file	94456	074368ffb6204bf3c822a622ee074f5197c53bda7b4c5310dcf8c4fb4a057149
external_validation_a/pi_ufo_baseline_v1/build/point_000001/MG5_PROC/bin/internal/monitor	file	1137	91020174912796bbe93d4bc5a04b42e6ef973ddb58d1ba8454661e7b82efd33c
external_validation_a/pi_ufo_baseline_v1/build/point_000001/MG5_PROC/bin/internal/multicore	file	478	58ee77d2f9cb743d4cd7ff23f4a97512c62725fceb8da0900d14c2cb23341d08
external_validation_a/pi_ufo_baseline_v1/build/point_000001/MG5_PROC/bin/internal/plot	file	1467	58343673450356ea31858f251ecf9e2c14da1c81c9978fa69d22c244c1c25cc9
external_validation_a/pi_ufo_baseline_v1/build/point_000001/MG5_PROC/bin/internal/plot_djrs.py	file	7143	154178e34982ecad225e7067eb04690d72643732963147be013de62df386203f
external_validation_a/pi_ufo_baseline_v1/build/point_000001/MG5_PROC/bin/internal/plot_page-pl	file	3521	41f363947856f97ecc26d605671a1a0ccb5cef2ff33f27d149191269ca92db89
external_validation_a/pi_ufo_baseline_v1/build/point_000001/MG5_PROC/bin/internal/plot_pypage-pl	file	2426	063e24ab272f9d7795164b4fdc600484bfe03b4603caa8f866b8f3a26c640c84
external_validation_a/pi_ufo_baseline_v1/build/point_000001/MG5_PROC/bin/internal/plot_tree.C	file	2436	dac4d5d361cf3ab788d086a25144b3af7b8b8d7e7e4706b77c48f85f1cb9f94a
external_validation_a/pi_ufo_baseline_v1/build/point_000001/MG5_PROC/bin/internal/restore_data	file	1518	aa337f19616ee50170f98204805569038d3d1bfe2276e2267275ae78c9f2719e
external_validation_a/pi_ufo_baseline_v1/build/point_000001/MG5_PROC/bin/internal/run_combine	file	323	22d90ff09e294d63bc7bddd9af9202b026c2763dc9855bb0f852dcba82e6847e
external_validation_a/pi_ufo_baseline_v1/build/point_000001/MG5_PROC/bin/internal/run_delphes	file	1171	e37c42ab4ed5be796e5dc45ff6918edfbf92e206c9be9872ae0eaf6f125bb958
external_validation_a/pi_ufo_baseline_v1/build/point_000001/MG5_PROC/bin/internal/run_delphes3	file	1675	210683a1c9f34bf863bff6d2a7106c22c64d40e9fd012ba6d89bbe6852fe47eb
external_validation_a/pi_ufo_baseline_v1/build/point_000001/MG5_PROC/bin/internal/run_genissud	file	2418	a1fb4351a215baae8915ad3c6c2ab2ba9f1ee478dcc196da8bfb1cd057bb92d3
external_validation_a/pi_ufo_baseline_v1/build/point_000001/MG5_PROC/bin/internal/run_hep2lhe	file	824	4c280cfad5ff4f0bbafc47233e28980352b5530d73f1286f4f672496bc681046
external_validation_a/pi_ufo_baseline_v1/build/point_000001/MG5_PROC/bin/internal/run_pgs	file	634	cb1c2537913cc9fc10d237ce225f0547ed8ac85d0fa8021ae74cc3b7e863d9ab
external_validation_a/pi_ufo_baseline_v1/build/point_000001/MG5_PROC/bin/internal/run_plot	file	913	93b3590538f04226fd933a0ba1caa3469c59d31014f3a69d56c35bfbc9c377fd
external_validation_a/pi_ufo_baseline_v1/build/point_000001/MG5_PROC/bin/internal/run_plot_delphes	file	939	a6ce412f11761a9b647b6b5a564852165343c8bcf0f6928cd74d54f675695e77
external_validation_a/pi_ufo_baseline_v1/build/point_000001/MG5_PROC/bin/internal/run_plot_pgs	file	902	0860957ba69202e5d47a5a535bcfd6ebc07cdadafe52675604fdd3c350ccac40
external_validation_a/pi_ufo_baseline_v1/build/point_000001/MG5_PROC/bin/internal/run_plot_pythia	file	1005	e212bf1c2de6dc86bd50e2dc1023654ad470e9b885cc7a744add9371955526e0
external_validation_a/pi_ufo_baseline_v1/build/point_000001/MG5_PROC/bin/internal/save_load_object.py	file	3723	676b216218f99f6995a22d7df6a9b48b78d0f4d9a1c68aec0e3a27160270b4c9
external_validation_a/pi_ufo_baseline_v1/build/point_000001/MG5_PROC/bin/internal/shower_card.py	file	16856	dcdd28e900b7a7a60bb27e4bbb0ecca5604bf9ea3b4c4caef985d74be082ed8e
external_validation_a/pi_ufo_baseline_v1/build/point_000001/MG5_PROC/bin/internal/store4grid	file	1538	df350c66976db88edfba4b79ee82e672236b78023a89308dcdd59f83bdc7d4bb
external_validation_a/pi_ufo_baseline_v1/build/point_000001/MG5_PROC/bin/internal/sum_html.py	file	32551	b9bbf9f686025d7ab76d9b9b6e1d9990b11f90d2380c3499635e668cd0b6a5f8
external_validation_a/pi_ufo_baseline_v1/build/point_000001/MG5_PROC/bin/internal/syscalc_template.dat	file	362	a2012c82a6521bc4465339c7a707bfecdfea40066be1d7161109b851a54192ed
external_validation_a/pi_ufo_baseline_v1/build/point_000001/MG5_PROC/bin/internal/systematics.py	file	53093	f9e8581c85e05f36282842ae11791eb29ac301d78f889a0b5c53f889056f59de
external_validation_a/pi_ufo_baseline_v1/build/point_000001/MG5_PROC/bin/internal/ufomodel	dir	4096	
external_validation_a/pi_ufo_baseline_v1/build/point_000001/MG5_PROC/bin/internal/ufomodel/CT_couplings.py	file	298	58e07e6b6dea344858f32bccd1948a10768d38a217b88448aa4dc976c0a77b58
external_validation_a/pi_ufo_baseline_v1/build/point_000001/MG5_PROC/bin/internal/ufomodel/__init__.py	file	955	e2198b46e727a0aa09378d715bd33364095057dd910f3b8cf7d7dd6ec1bc71d7
external_validation_a/pi_ufo_baseline_v1/build/point_000001/MG5_PROC/bin/internal/ufomodel/__pycache__	dir	4096	
external_validation_a/pi_ufo_baseline_v1/build/point_000001/MG5_PROC/bin/internal/ufomodel/coupling_orders.py	file	665	80d652d3441c1fed3242dc7a4141a12f5a7ccc2f2cc6764dd5d22bb39083d132
external_validation_a/pi_ufo_baseline_v1/build/point_000001/MG5_PROC/bin/internal/ufomodel/couplings.py	file	18621	199021f332fa57314f1a9dbd487a08c8310f9d5b4ce408eaa6c5ea99a649c3f4
external_validation_a/pi_ufo_baseline_v1/build/point_000001/MG5_PROC/bin/internal/ufomodel/decays.py	file	23449	ebb92183abff92cdaf55aeb80399effe2cc0256f1423ce807a390cd420564e23
external_validation_a/pi_ufo_baseline_v1/build/point_000001/MG5_PROC/bin/internal/ufomodel/form_factors.py	file	598	9fdae69a684ddd1eb5963a1695e0f5449045755826aa62a8829569848b32f478
external_validation_a/pi_ufo_baseline_v1/build/point_000001/MG5_PROC/bin/internal/ufomodel/function_library.py	file	3502	af85d1d7e83bc0f7a016258b6cc3e179c4d9fd6778ce553ebf7ff4b8be5b968f
external_validation_a/pi_ufo_baseline_v1/build/point_000001/MG5_PROC/bin/internal/ufomodel/lorentz.py	file	4392	4b818a0fd7a9f1ded91a957251380f4116a30454f8e1fc72e1c7ccacdab6bf8f
external_validation_a/pi_ufo_baseline_v1/build/point_000001/MG5_PROC/bin/internal/ufomodel/object_library.py	file	10877	4bef9ba0a44b89048f5ed02f0c97f5937e1a2ce8a949574bdaa6f67ae80f9e11
external_validation_a/pi_ufo_baseline_v1/build/point_000001/MG5_PROC/bin/internal/ufomodel/parameters.py	file	23054	7f84d779ff83dd52bbfecbbfe31df147e2df79faab0bcda716d5908d63b3d45b
external_validation_a/pi_ufo_baseline_v1/build/point_000001/MG5_PROC/bin/internal/ufomodel/particles.py	file	11211	01c61a7a352a5bebb747fff0c9ac3e228fa7575dfc381a339ecb285332b223c6
external_validation_a/pi_ufo_baseline_v1/build/point_000001/MG5_PROC/bin/internal/ufomodel/propagators.py	file	1351	1a4495d00654b6de8044d7a993b798cb12ca7265199f8e25ce42abdfbc98384a
external_validation_a/pi_ufo_baseline_v1/build/point_000001/MG5_PROC/bin/internal/ufomodel/py3_model.pkl	file	57574	3a21e000a8f87a7249c2ecf6470b3bc0d1cb3f76fbb93eb25c9987bf071b9619
external_validation_a/pi_ufo_baseline_v1/build/point_000001/MG5_PROC/bin/internal/ufomodel/vertices.py	file	36546	60bb131379499fd85ac21da8e15f960cffcf2d33afc54217481730e82648f6ba
external_validation_a/pi_ufo_baseline_v1/build/point_000001/MG5_PROC/bin/internal/ufomodel/write_param_card.py	file	3221	081e24c63a197a6c58fd60a4253e10960738ac35050fe49364941268381ffbb9
external_validation_a/pi_ufo_baseline_v1/build/point_000001/MG5_PROC/bin/madevent	file	8030	13d0f53355f7b52e4ec0218f5e8e3a755e3da07c89d57f74f8df6956500bc9e2
external_validation_a/pi_ufo_baseline_v1/build/point_000001/MG5_PROC/bin/newprocess_mg5	file	3529	f55d3f285147a8bb844d89b0ff3d81b5c3e86584f383a4e3e7c6780a2b795ff8
external_validation_a/pi_ufo_baseline_v1/build/point_000001/MG5_PROC/index.html	file	1954	485ab72458167c95d87f7d76b633867f9f2b8e77453f951e1c3f432611b65783
external_validation_a/pi_ufo_baseline_v1/build/point_000001/MG5_PROC/lib	dir	4096	
external_validation_a/pi_ufo_baseline_v1/build/point_000001/MG5_PROC/lib/Pdfdata	dir	4096	
external_validation_a/pi_ufo_baseline_v1/build/point_000001/MG5_PROC/lib/Pdfdata/NNPDF23_lo_as_0119_qed_mem0.grid	file	2195378	372e1da9f61b7aca03c25884fd05ab47399809de578ac7ee30df0d09a5c99558
external_validation_a/pi_ufo_baseline_v1/build/point_000001/MG5_PROC/lib/Pdfdata/NNPDF23_lo_as_0130_qed_mem0.grid	file	2195382	5d7378dd34444682a01acbc7215caccf38dffe31b65786a922bb586aee4369b5
external_validation_a/pi_ufo_baseline_v1/build/point_000001/MG5_PROC/lib/Pdfdata/NNPDF23nlo_as_0119_qed_mem0.grid	file	2195169	e1ad3115d9bc36f4cdf43268138ab6c2efb9a4803bff376f493c85260181213e
external_validation_a/pi_ufo_baseline_v1/build/point_000001/MG5_PROC/lib/Pdfdata/cteq5l.tbl	file	134476	8d7d234ec1b3b6c81f76f69e9b8a3114b487344963036bd882246e752a63ef4b
external_validation_a/pi_ufo_baseline_v1/build/point_000001/MG5_PROC/lib/Pdfdata/cteq5m.tbl	file	125607	0c1585bb7e16eef45fef4b7275d206538a0aca157a93159b82dccdeeb3e6adbe
external_validation_a/pi_ufo_baseline_v1/build/point_000001/MG5_PROC/lib/Pdfdata/cteq6d.tbl	file	219892	25912796d9d954a0ee0c7cbc7b7d915c1edb2c378664eb4cc702479ccd39acc1
external_validation_a/pi_ufo_baseline_v1/build/point_000001/MG5_PROC/lib/Pdfdata/cteq6l.tbl	file	219892	8525243c99321fe64d5e8e9f223fd9106069d07bd12bdb14f4b99316e848873e
external_validation_a/pi_ufo_baseline_v1/build/point_000001/MG5_PROC/lib/Pdfdata/cteq6l1.tbl	file	219850	023dce6f7e6f64dfab376ced5d2c487f8ef8d0ccb976d383a2f0a8049370f058
external_validation_a/pi_ufo_baseline_v1/build/point_000001/MG5_PROC/lib/Pdfdata/cteq6m.tbl	file	219888	570c8bda925461c5f15f877a24555d1be9cb17434fe347f8afe6c8724bac4470
external_validation_a/pi_ufo_baseline_v1/build/point_000001/MG5_PROC/lib/Pdfdata/mrsb.dat	file	62054	8e957739754db8a1584d25beb7eab00a55501f794dc38a5d20d539c4347de4ff
external_validation_a/pi_ufo_baseline_v1/build/point_000001/MG5_PROC/lib/Pdfdata/mrse.dat	file	62054	c8b4b7e4f6643563302971d1c9a2acd7bec217515ead22a586839125cab98e8a
external_validation_a/pi_ufo_baseline_v1/build/point_000001/MG5_PROC/lib/Pdfdata/mrst2002nlo.dat	file	145632	bec81dcb0093a68b44e6b15472bbe67c2b883fb59833529307d80a7f16688d4f
external_validation_a/pi_ufo_baseline_v1/build/point_000001/MG5_PROC/madevent.tar.gz	file	3399582	37aa04c8e15598e3adfd5bb29bd00275ce67e0d296374707a4e839aec6587d4b
external_validation_a/pi_ufo_baseline_v1/build/point_000001/decay.slha	file	634	b28ab25311a3e1796c0018c33c14d8709ec31456ef45df9940d1b5bdf1086741
external_validation_a/pi_ufo_baseline_v1/build/point_000001/mg5_generate.log	file	5772	066c3f214af321bc4d7d5c3fbb5a4b6c80aa89e0435c6368bdffcac59b38ecec
external_validation_a/pi_ufo_baseline_v1/build/point_000001/param_card.dat	file	1643	b5e68dde0222854f72892cc79c0c90becca83a13502fec9bc29c69150a4f4bbf
external_validation_a/pi_ufo_baseline_v1/build/point_000001/point.json	file	1503	a598573864361f674283cabb0ca478c3965ec362bca355a53c46f5cbdd164e90
external_validation_a/pi_ufo_baseline_v1/build/point_000001/proc_card.dat	file	159	a1232e3019d1348a8a6c0fd5fbb38aa05745547bfc9f6f88e53b9bef7a4e556e
external_validation_a/pi_ufo_baseline_v1/build/point_000001/provenance.json	file	1951	23732e33b8064fd7b25cb109d6e715357cb8f056ecb7f4cf202ae5aa32235c32
external_validation_a/pi_ufo_baseline_v1/build/point_000001/pythia8.cmnd	file	385	92e5f0cbf76a3e2009e41b8c8beb85fc3a6c97fb1fa2aaa6c6376460cc925129
external_validation_a/pi_ufo_baseline_v1/build/point_000001/run_card.dat	file	384	0f0ea8bd8bda68e30ef4da98d145b6563045b64a13830104806fed244ed2ec1e
external_validation_a/pi_ufo_baseline_v1/cards	dir	4096	
external_validation_a/pi_ufo_baseline_v1/cards/README.md	file	294	4540a601faeb6f1744f8486d7de849b0117627e7c6641efa0e42b14aff27f50c
external_validation_a/pi_ufo_baseline_v1/cards/proc_card_zerojet.dat	file	124	d86cf89a9863c08ba5d1232f3f810271b0a4306d1308dbb059f7254d469a105e
external_validation_a/pi_ufo_baseline_v1/cards/pythia8.template.cmnd	file	209	41d264542323dff06edbcd30fd90ecfb4eeba2417544050cdc29e9a41f9de477
external_validation_a/pi_ufo_baseline_v1/cards/run_card_smoke.dat	file	160	85abb3e99fc9503e59ecb6bff21a1aa804e248ff64f230afff8f20d8b5d156c3
external_validation_a/pi_ufo_baseline_v1/checksums.sha256	file	10915	dd99659fa2074b5ed2332baab7acd38835b9d4e7df364af8407ff1ac2cf2e57b
external_validation_a/pi_ufo_baseline_v1/expected	dir	4096	
external_validation_a/pi_ufo_baseline_v1/expected/smoke_contract.json	file	365	db1fb31cea7019a7399c4074d0e674a00653c40fba5618c1f5a9aad5c5d8ad3f
external_validation_a/pi_ufo_baseline_v1/manifest.json	file	18900	c9355e29f447b15be7f724fd9225e684b80ee881f63e42d3fdafdf3b12d00c5b
external_validation_a/pi_ufo_baseline_v1/model	dir	4096	
external_validation_a/pi_ufo_baseline_v1/model/LLscalar_v3_UFO_runtime	dir	4096	
external_validation_a/pi_ufo_baseline_v1/model/LLscalar_v3_UFO_runtime/CT_couplings.py	file	298	58e07e6b6dea344858f32bccd1948a10768d38a217b88448aa4dc976c0a77b58
external_validation_a/pi_ufo_baseline_v1/model/LLscalar_v3_UFO_runtime/__init__.py	file	955	e2198b46e727a0aa09378d715bd33364095057dd910f3b8cf7d7dd6ec1bc71d7
external_validation_a/pi_ufo_baseline_v1/model/LLscalar_v3_UFO_runtime/__pycache__	dir	4096	
external_validation_a/pi_ufo_baseline_v1/model/LLscalar_v3_UFO_runtime/__pycache__/__init__.cpython-312.pyc	file	1414	51a9b7c57c5c13cddf2166303d1a97280119853c42892229fce99d9b869ee07a
external_validation_a/pi_ufo_baseline_v1/model/LLscalar_v3_UFO_runtime/__pycache__/coupling_orders.cpython-312.pyc	file	553	cfab39ceac3eeb0b39b9dc49655eb193a87fecc0f082e2cf501d6dfc3c916d00
external_validation_a/pi_ufo_baseline_v1/model/LLscalar_v3_UFO_runtime/__pycache__/couplings.cpython-312.pyc	file	13628	bcfc5b5fa753b497003698f2f9aa075dbd6385681c2c9b94cc9207ff57fe24e9
external_validation_a/pi_ufo_baseline_v1/model/LLscalar_v3_UFO_runtime/__pycache__/decays.cpython-312.pyc	file	24507	3bb61c974be111e9fb9cf2613bfa4da4d6bfc5a4ca4e90328fff2114a50c8a96
external_validation_a/pi_ufo_baseline_v1/model/LLscalar_v3_UFO_runtime/__pycache__/form_factors.cpython-312.pyc	file	906	9474970fd90395ff804a17b3d49b974c8bb4661202b82614232d89327be117dd
external_validation_a/pi_ufo_baseline_v1/model/LLscalar_v3_UFO_runtime/__pycache__/function_library.cpython-312.pyc	file	2585	482083c5bdf71615a128e141d2098dff2110c67c89791fb2ec7f8a41f996f87e
external_validation_a/pi_ufo_baseline_v1/model/LLscalar_v3_UFO_runtime/__pycache__/lorentz.cpython-312.pyc	file	3166	82f9f0fb4c7e1e0ab81c414f172252c52c8a373308ddfed78640d0bd45faa45b
external_validation_a/pi_ufo_baseline_v1/model/LLscalar_v3_UFO_runtime/__pycache__/object_library.cpython-312.pyc	file	14900	26029c459dd4b253d94a02b851f840cc34a47b5c1dd2d52dcc9a99e79a2cc6e3
external_validation_a/pi_ufo_baseline_v1/model/LLscalar_v3_UFO_runtime/__pycache__/parameters.cpython-312.pyc	file	11072	5a0382c49b7213f593325bd085b667a5a2a9f5b4f455941573d5a9b3fc0ac944
external_validation_a/pi_ufo_baseline_v1/model/LLscalar_v3_UFO_runtime/__pycache__/particles.cpython-312.pyc	file	5915	14c1fd353cfb4c67e39b65b0923507d647ef89b41b06ae091db057a70c34ffd1
external_validation_a/pi_ufo_baseline_v1/model/LLscalar_v3_UFO_runtime/__pycache__/propagators.cpython-312.pyc	file	870	0c07bad845419b002ae41d0aecd476707c0a924858d41a665a4e32f79be3df53
external_validation_a/pi_ufo_baseline_v1/model/LLscalar_v3_UFO_runtime/__pycache__/vertices.cpython-312.pyc	file	42235	4a516d4f7154042762a3068d0893b0858c4f3a2c70e3ffb4737639442dc89310
external_validation_a/pi_ufo_baseline_v1/model/LLscalar_v3_UFO_runtime/coupling_orders.py	file	665	80d652d3441c1fed3242dc7a4141a12f5a7ccc2f2cc6764dd5d22bb39083d132
external_validation_a/pi_ufo_baseline_v1/model/LLscalar_v3_UFO_runtime/couplings.py	file	18621	199021f332fa57314f1a9dbd487a08c8310f9d5b4ce408eaa6c5ea99a649c3f4
external_validation_a/pi_ufo_baseline_v1/model/LLscalar_v3_UFO_runtime/decays.py	file	23449	ebb92183abff92cdaf55aeb80399effe2cc0256f1423ce807a390cd420564e23
external_validation_a/pi_ufo_baseline_v1/model/LLscalar_v3_UFO_runtime/form_factors.py	file	598	9fdae69a684ddd1eb5963a1695e0f5449045755826aa62a8829569848b32f478
external_validation_a/pi_ufo_baseline_v1/model/LLscalar_v3_UFO_runtime/function_library.py	file	3502	af85d1d7e83bc0f7a016258b6cc3e179c4d9fd6778ce553ebf7ff4b8be5b968f
external_validation_a/pi_ufo_baseline_v1/model/LLscalar_v3_UFO_runtime/lorentz.py	file	4392	4b818a0fd7a9f1ded91a957251380f4116a30454f8e1fc72e1c7ccacdab6bf8f
external_validation_a/pi_ufo_baseline_v1/model/LLscalar_v3_UFO_runtime/object_library.py	file	10877	4bef9ba0a44b89048f5ed02f0c97f5937e1a2ce8a949574bdaa6f67ae80f9e11
external_validation_a/pi_ufo_baseline_v1/model/LLscalar_v3_UFO_runtime/parameters.py	file	23054	7f84d779ff83dd52bbfecbbfe31df147e2df79faab0bcda716d5908d63b3d45b
external_validation_a/pi_ufo_baseline_v1/model/LLscalar_v3_UFO_runtime/particles.py	file	11211	01c61a7a352a5bebb747fff0c9ac3e228fa7575dfc381a339ecb285332b223c6
external_validation_a/pi_ufo_baseline_v1/model/LLscalar_v3_UFO_runtime/propagators.py	file	1351	1a4495d00654b6de8044d7a993b798cb12ca7265199f8e25ce42abdfbc98384a
external_validation_a/pi_ufo_baseline_v1/model/LLscalar_v3_UFO_runtime/py3_model.pkl	file	57574	3a21e000a8f87a7249c2ecf6470b3bc0d1cb3f76fbb93eb25c9987bf071b9619
external_validation_a/pi_ufo_baseline_v1/model/LLscalar_v3_UFO_runtime/vertices.py	file	36546	60bb131379499fd85ac21da8e15f960cffcf2d33afc54217481730e82648f6ba
external_validation_a/pi_ufo_baseline_v1/model/LLscalar_v3_UFO_runtime/write_param_card.py	file	3221	081e24c63a197a6c58fd60a4253e10960738ac35050fe49364941268381ffbb9
external_validation_a/pi_ufo_baseline_v1/patches	dir	4096	
external_validation_a/pi_ufo_baseline_v1/patches/python3_param_card_compat.patch	file	10463	91b2955b7f8c537fe50c2bd8577d1d4583327b9645be81bf44a53cadaeece49f
external_validation_a/pi_ufo_baseline_v1/points	dir	4096	
external_validation_a/pi_ufo_baseline_v1/points/point_000001.yaml	file	219	e039065312c82e5f44367f09035dc4d73d8ea58891faa5ff5e15c6f25b527f05
external_validation_a/pi_ufo_baseline_v1/py.py	file	17566	fda73df8dd1d7a07e74969bd148678514dec235a70d5a2d63cb2cd8407778382
external_validation_a/pi_ufo_baseline_v1/requirements.txt	file	24	7ba71c714356e35c488aedd73284407e47c8b3c8627a8eca228773d54f1fd938
external_validation_a/pi_ufo_baseline_v1/schemas	dir	4096	
external_validation_a/pi_ufo_baseline_v1/schemas/point.schema.json	file	1870	bad44da8ab39fc1327dc224ea3692fcaeaefb7848418c2dbc9e50ce932a06fbf
external_validation_a/pi_ufo_baseline_v1/scripts	dir	4096	
external_validation_a/pi_ufo_baseline_v1/scripts/__pycache__	dir	4096	
external_validation_a/pi_ufo_baseline_v1/scripts/__pycache__/model_utils.cpython-311.pyc	file	25941	5aba447e5b480b00040dbd4ae47bfc1459814d21ebf0c0ab8bb5e187ba173416
external_validation_a/pi_ufo_baseline_v1/scripts/__pycache__/model_utils.cpython-312.pyc	file	22415	f172b523d44e4af7bd50699b268f5dc3be37ee6176431564acb987ecde42859a
external_validation_a/pi_ufo_baseline_v1/scripts/__pycache__/pack_constants.cpython-311.pyc	file	554	5766be8ddaecaef9224198c6661faf64a5ac19899be5416ab37d0e943e100465
external_validation_a/pi_ufo_baseline_v1/scripts/__pycache__/pack_constants.cpython-312.pyc	file	536	87258f618571921fca0cf41f4c8f3f0e440733f333cf1d5e4acea7379c6ac696
external_validation_a/pi_ufo_baseline_v1/scripts/build_point.py	file	2726	f9bf8fc7cd141f4d815a40a9b71c63945cba0d26670c797e812a52dd1c595591
external_validation_a/pi_ufo_baseline_v1/scripts/check_coupling_scaling.py	file	2366	e25a8cfdf85c7c4f6ee0cdcecd50b4bc2e2bf38e4d827fa4a8e847622818a2bb
external_validation_a/pi_ufo_baseline_v1/scripts/extract_mg5_cross_section.py	file	2650	d69fe9bcef06229ffb501b36950c3e4f7586ed69eb8eb52a6d36f6f4d4baf67d
external_validation_a/pi_ufo_baseline_v1/scripts/inspect_lhe.py	file	2964	73defccdf56547b2242cb517ea22d6e0e5ee2760f1cc12ecfd14984b50989027
external_validation_a/pi_ufo_baseline_v1/scripts/make_decay_slha.py	file	373	7591ee1973ce5ad265d80fe89255c224aadd911339faae7b10f6a37f75427120
external_validation_a/pi_ufo_baseline_v1/scripts/make_param_card.py	file	594	b4b986692637a92539a2ee83480a4c12384d8a40ce2b9c8f7e79a3ec54518f12
external_validation_a/pi_ufo_baseline_v1/scripts/model_utils.py	file	13969	caf3a366988f220bd08805f27e33d8eef92aac36e1f832f6b27f85f2eeed0f9a
external_validation_a/pi_ufo_baseline_v1/scripts/pack_constants.py	file	305	d313f0444e1adf5c2f92a81d97aa92efc3ccee50063ddd8669ceb785ce7b2366
external_validation_a/pi_ufo_baseline_v1/scripts/patch_mg5_run_card.py	file	1122	b5d8bbe8cee689e8d88ac1d8d9625c5e2cb2c3037e425f84a00c635286de988f
external_validation_a/pi_ufo_baseline_v1/scripts/run_mg5_smoke.sh	file	1475	d2f19c450e03d7a8b86e2a703bdc2c873eb77ae2fdcba78bbd80a8a96c5400ee
external_validation_a/pi_ufo_baseline_v1/scripts/run_pythia_smoke.sh	file	940	f90529ab57434adfc4d1d1a27e74ccf951a44933294b144242150eeb397dc81d
external_validation_a/pi_ufo_baseline_v1/scripts/run_recast_smoke.sh	file	822	4dfafdbc9f40dd70f66a09613f5a2b885f844d30520ed1787774ad3112455d08
external_validation_a/pi_ufo_baseline_v1/scripts/run_static_tests.py	file	2885	dd62bced24d1bc951f1d90a8432767948be20affec6ae8e7b81586d2e59339e2
external_validation_a/pi_ufo_baseline_v1/scripts/validate_point.py	file	581	a2098fa13e478414620127d90450e7126dbf52d8ad78347a7c01814955c02fde
external_validation_a/pi_ufo_baseline_v1/tests	dir	4096	
external_validation_a/pi_ufo_baseline_v1/tests/__pycache__	dir	4096	
external_validation_a/pi_ufo_baseline_v1/tests/__pycache__/test_invalid_points.cpython-311-pytest-9.1.1.pyc	file	3701	9dc7c976b020fb8749d67524bc9370f1b4b521537f0fc90f6a89b3afdc8fe917
external_validation_a/pi_ufo_baseline_v1/tests/__pycache__/test_model_contract.cpython-311-pytest-9.1.1.pyc	file	5889	313eb14633780cb36f4774b51fdba5517a2439e1dcf0f295b9e7b3707ad38604
external_validation_a/pi_ufo_baseline_v1/tests/test_invalid_points.py	file	1107	14f4013f789860815db3aa0df9465f63d439c21e924e6793252e72173926e3f9
external_validation_a/pi_ufo_baseline_v1/tests/test_model_contract.py	file	2432	1b69812e914ccb6ee91f5e08764895a2b810342b9e09b1218803a00f87c68090
external_validation_a/pi_ufo_baseline_v1/validation	dir	4096	
external_validation_a/pi_ufo_baseline_v1/validation/AB_STATIC_REGRESSION.json	file	638	8820eeede0af161ef5de48bdde24928d4da78bc8ff3e744f6cc609e5bbb81b19
external_validation_a/pi_ufo_baseline_v1/validation/EXTERNAL_RUNTIME_STATUS.md	file	426	92a681803f3a97d4b0cf198a627d132934b2ec9278d5f852771bb8dabb603315
external_validation_a/pi_ufo_baseline_v1/validation/RECAST_ADAPTER.md	file	556	071f5b79b7836d9e16d0c659f624dfb4738221577cebb768a5e2b3fa18b00b2c
external_validation_a/pi_ufo_baseline_v1/validation/STATIC_VALIDATION.json	file	2585	a755e05135e9a65090650f180aa101d9e7a71eace754adde74c291ac3f4305f5
external_validation_a/pi_ufo_baseline_v1/validation/logs	dir	4096	
external_validation_a/pi_ufo_baseline_v1/validation/logs/build_point.log	file	67	add34281d7b1547db4ab6f92d6d73c321b892e95d2b6f7fd89ce62ea24a6dd26
external_validation_a/pi_ufo_baseline_v1/validation/logs/compileall.log	file	0	e3b0c44298fc1c149afbf4c8996fb92427ae41e4649b934ca495991b7852b855
external_validation_a/pi_ufo_baseline_v1/validation/logs/shell_syntax.log	file	0	e3b0c44298fc1c149afbf4c8996fb92427ae41e4649b934ca495991b7852b855
external_validation_a/pi_ufo_baseline_v1/validation/logs/standalone_param_card.dat	file	1681	520869311058818f46eb103f49c7cee51e1687548685c11e1bf32e73854c1ccf
external_validation_a/pi_ufo_baseline_v1/validation/logs/static_tests.log	file	73	f0c6add6887a524e3318195865b0fc39f0c2e4069d859f4d3f45e63103210c62
external_validation_a/pi_ufo_baseline_v1/validation/logs/unittest.log	file	1053	b37bcbe136912834dbdbdad4eac2ef290dd2594f3604b5fa1647af6617fbb85b
external_validation_a/pi_ufo_baseline_v1/validation/logs/writer.log	file	90	48f80afdeead575514dc214c2ba0639f259fca15b9d09a00f0c3e3aef9bce58f
external_validation_a/pi_ufo_baseline_v1/validation/provenance_inventory.json	file	22789	a1fe73c94d34ea7bb1c3408371fa60119cbc76304c6edead412ff3ea0d013921
external_validation_a/pi_ufo_baseline_v1/validation/pythia_llp_smoke.cc	file	3381	c073542f90272ccacab0d123170dfe1036e97f43ac90754733432bd34fa368ad
external_validation_a/pi_ufo_baseline_v1/validation/source_material	dir	4096	
external_validation_a/pi_ufo_baseline_v1/validation/source_material/2HDMC_COUPLING_TRACE.md	file	972	2897e54ccf3328eb6659c23ae2791b9bc047fdc71c143894b88cf79ac79e5d24
external_validation_a/pi_ufo_baseline_v1/validation/source_material/LLSCALAR_V3_MODEL_CARD.md	file	4365	eb50e8f975c486c622fdd3fa6f9c83f368237323ee6e87f0c472df729ae8fe45
external_validation_a/pi_ufo_baseline_v1/validation/source_material/MADGRAPH_SMOKE_REPORT.md	file	1976	b3bdc5833322974bc0b630b5cd6bef2cae2f37547e1cf376ac1c8a9887655e0d
external_validation_a/pi_ufo_baseline_v1/validation/source_material/PhysScanWithFixings.cpp	file	13308	786d630bc989350e49259a41aef834a222f6ef924972d18458aa102b75585246
external_validation_a/pi_ufo_baseline_v1/validation/source_material/UFO_AUDIT_ADDENDUM_20260716.md	file	5362	1b64e18d3e7fc3e66d79940d885232c634f079f3f73a557ded022ce06ef418f6
external_validation_a/pi_ufo_baseline_v1/validation/source_material/UFO_HASH_MANIFEST.json	file	2842	0c69511d0951c8a93b69a579fa15b4457b26a04c46e38f13b695fb7a3ac34606
external_validation_a/pi_ufo_baseline_v1/validation/source_material/UFO_SCIENTIFIC_DIFF.md	file	7430	49be46d31a8207f85477fdbe1ae4a12aab0c0bd8c933c998e9c708fd266003a5
external_validation_a/pi_ufo_baseline_v1/validation/source_material/VERSION_DECISION.md	file	3983	db14efd68f3b89358221e361fdf5170e4dce593726fa3ed920994c6baab2afe0
external_validation_a/pi_ufo_baseline_v1/vendor	dir	4096	
external_validation_a/pi_ufo_baseline_v1/vendor/LLscalar_v3_UFO_original	dir	4096	
external_validation_a/pi_ufo_baseline_v1/vendor/LLscalar_v3_UFO_original/23-06-21_LLscalar_v2_UFO.log	file	2143	8b449afef3dc2227055e9d6e06ff2e9da9c38c01e39d4c3df820dd0742261374
external_validation_a/pi_ufo_baseline_v1/vendor/LLscalar_v3_UFO_original/CT_couplings.py	file	298	58e07e6b6dea344858f32bccd1948a10768d38a217b88448aa4dc976c0a77b58
external_validation_a/pi_ufo_baseline_v1/vendor/LLscalar_v3_UFO_original/__init__.py	file	955	e2198b46e727a0aa09378d715bd33364095057dd910f3b8cf7d7dd6ec1bc71d7
external_validation_a/pi_ufo_baseline_v1/vendor/LLscalar_v3_UFO_original/__init__.pyc	file	1170	8f856fab86e53bebb1466e0ab415e5f827cc6e0ea0459a05851b7b530c86e0ec
external_validation_a/pi_ufo_baseline_v1/vendor/LLscalar_v3_UFO_original/coupling_orders.py	file	665	80d652d3441c1fed3242dc7a4141a12f5a7ccc2f2cc6764dd5d22bb39083d132
external_validation_a/pi_ufo_baseline_v1/vendor/LLscalar_v3_UFO_original/coupling_orders.pyc	file	565	df291be90bb15f877d68f8a1dfd93fab61fce9014ba9b30c49fa7f00a19446cd
external_validation_a/pi_ufo_baseline_v1/vendor/LLscalar_v3_UFO_original/couplings.py	file	18621	199021f332fa57314f1a9dbd487a08c8310f9d5b4ce408eaa6c5ea99a649c3f4
external_validation_a/pi_ufo_baseline_v1/vendor/LLscalar_v3_UFO_original/couplings.pyc	file	13022	418b3a715649d3cd5870a9e7ada48e6fdfdb7f2a7be937339b3d06dd9b802c5d
external_validation_a/pi_ufo_baseline_v1/vendor/LLscalar_v3_UFO_original/decays.py	file	23449	ebb92183abff92cdaf55aeb80399effe2cc0256f1423ce807a390cd420564e23
external_validation_a/pi_ufo_baseline_v1/vendor/LLscalar_v3_UFO_original/decays.pyc	file	21326	b8f3235c7479a905f568bf810843e4fd6fbfc066aa1b16ee786b9a7856c704a5
external_validation_a/pi_ufo_baseline_v1/vendor/LLscalar_v3_UFO_original/form_factors.py	file	598	9fdae69a684ddd1eb5963a1695e0f5449045755826aa62a8829569848b32f478
external_validation_a/pi_ufo_baseline_v1/vendor/LLscalar_v3_UFO_original/form_factors.pyc	file	978	e768f2265c4e24748bd3f03b55eb965fcd2167d81eed2e2391e65dcee0aa02f0
external_validation_a/pi_ufo_baseline_v1/vendor/LLscalar_v3_UFO_original/function_library.py	file	3502	af85d1d7e83bc0f7a016258b6cc3e179c4d9fd6778ce553ebf7ff4b8be5b968f
external_validation_a/pi_ufo_baseline_v1/vendor/LLscalar_v3_UFO_original/function_library.pyc	file	2739	87495ebb51be2f3cf64ed50afaeab4efa7ddfe10696195f72ae6eb05481aa330
external_validation_a/pi_ufo_baseline_v1/vendor/LLscalar_v3_UFO_original/function_library.py~	file	1949	596e28fed5966088b6ee1d193e4dfbfd0f59a5837b283bc0dbaacb18bab1510c
external_validation_a/pi_ufo_baseline_v1/vendor/LLscalar_v3_UFO_original/lorentz.py	file	4392	4b818a0fd7a9f1ded91a957251380f4116a30454f8e1fc72e1c7ccacdab6bf8f
external_validation_a/pi_ufo_baseline_v1/vendor/LLscalar_v3_UFO_original/lorentz.pyc	file	3009	93a4efa791a0ea7b8a4c25c96cc696e54a6b6044a81198bab964edc10a3ae8fa
external_validation_a/pi_ufo_baseline_v1/vendor/LLscalar_v3_UFO_original/model.pkl	file	53394	3e5d932583c67a19ac70bc3baa5e805b20a68eda500bc6458a5ab0ba1a3a00df
external_validation_a/pi_ufo_baseline_v1/vendor/LLscalar_v3_UFO_original/object_library.py	file	10877	4bef9ba0a44b89048f5ed02f0c97f5937e1a2ce8a949574bdaa6f67ae80f9e11
external_validation_a/pi_ufo_baseline_v1/vendor/LLscalar_v3_UFO_original/object_library.pyc	file	16968	db074a0d5eda07359f4515bcb4396c5babecf2468c15aa7f4fdc5d7ea4e1ab3f
external_validation_a/pi_ufo_baseline_v1/vendor/LLscalar_v3_UFO_original/param_card.dat	file	853	1219ff7dce5744492cca90aa0c58d648e427282977501bf4a2ef1d6093f99e6e
external_validation_a/pi_ufo_baseline_v1/vendor/LLscalar_v3_UFO_original/parameters.py	file	23054	7f84d779ff83dd52bbfecbbfe31df147e2df79faab0bcda716d5908d63b3d45b
external_validation_a/pi_ufo_baseline_v1/vendor/LLscalar_v3_UFO_original/parameters.pyc	file	11678	5e77c9df6a3660cafeccb135ea03479de7082b8a064a433ae4930d9a0207efc7
external_validation_a/pi_ufo_baseline_v1/vendor/LLscalar_v3_UFO_original/parameters.py~	file	23052	01152962e08c059ba4124d253e185a1790e844f0f1f997d04bd867a1cf0c7593
external_validation_a/pi_ufo_baseline_v1/vendor/LLscalar_v3_UFO_original/particles.py	file	11211	01c61a7a352a5bebb747fff0c9ac3e228fa7575dfc381a339ecb285332b223c6
external_validation_a/pi_ufo_baseline_v1/vendor/LLscalar_v3_UFO_original/particles.pyc	file	5166	26c50296125f237feb4de1eeda8f65acf3d5728f061e63cc367dcc31238fec1c
external_validation_a/pi_ufo_baseline_v1/vendor/LLscalar_v3_UFO_original/propagators.py	file	1351	1a4495d00654b6de8044d7a993b798cb12ca7265199f8e25ce42abdfbc98384a
external_validation_a/pi_ufo_baseline_v1/vendor/LLscalar_v3_UFO_original/propagators.pyc	file	896	58ee2fcbf64c811d11b969d9af58b0ca55b24c2a961a2fd2bf77990035fa68e7
external_validation_a/pi_ufo_baseline_v1/vendor/LLscalar_v3_UFO_original/py3_model.pkl	file	56893	353b9c51a80539a71ee91f859d3119a5196263d51496a390ea1313df39180d77
external_validation_a/pi_ufo_baseline_v1/vendor/LLscalar_v3_UFO_original/vertices.py	file	36546	60bb131379499fd85ac21da8e15f960cffcf2d33afc54217481730e82648f6ba
external_validation_a/pi_ufo_baseline_v1/vendor/LLscalar_v3_UFO_original/vertices.pyc	file	23821	4b833b9ab50468a97954c2039703aec7fa905299d5e071c234fa64417c0b886d
external_validation_a/pi_ufo_baseline_v1/vendor/LLscalar_v3_UFO_original/write_param_card.py	file	6854	b1fefa31387db6d35631469c59ffbf87539093c34989f123dc63a98b46742462
pack_a_clean_reproduction_20260718T045536Z.log	file	45774	3e42f84b7c8c10a392acfd2a2a031ab9bf170ca533b53064dc573a63ecba8070
pack_a_native_20260718T022101Z.log	file	59046	beadc66e8dfcd646a4eb47a9ec9706cfc5cc5ddf7a99170fb1aed126bd42342a
pack_a_native_clean.log	file	49578	a8a7169c6556837799157c678886f0dc59f97d3bba7054964d4da89120ecedd8
pack_a_native_runtimefix_full.log	file	49109	4a79039193338964a28a0f8887a2e356405a47f1b3394d2547fd16a932877273
pi_ufo_baseline_v1.zip	file	180223	632bf77818c84118fa707ad058cb655b90d018a394290cf565ab9d50f2db08cd
pi_ufo_baseline_v1_frozen.zip	file	254375	9cd3dfc7322cf045d815352563edcc143e46f6f873853880690342138314f96e
pi_ufo_baseline_v1_frozen_hotfix1.zip	file	261130	58f1e976bc8fd6dcc89f353d68dc85ff70c935164e5d168322b1f8633e2537f6
pi_ufo_baseline_v1_release_candidate.zip	file	246598	fec8628b3386379b0dae9f308ff949872ff2b6247bba7fdca0a4b35e6df7b3dd
pi_ufo_baseline_v1_release_candidate_hotfix1.zip	file	253860	d0547c1fa571eb95b2db81deb736c5d73a4f6fc95284bacc5f7229c73c67c4a8
pi_ufo_baseline_v1_runtimefix.zip	file	8384397	2a9cde7af91ea66a6275a86ab073b3677efc8a46d7e8913d8475b948a468b755
pi_ufo_baseline_v1_runtimefix_candidate.zip	file	225193	df36904843dc05710f4e0869bbf7c64ec87f501a6f52840b01df29461b94a06d
run_validation_ab.sh	file	2666	1fd12eebd4033f8177f7bfce8e9ac6689ee7b9596e09834a3e59011834c0306e
run_validation_pack_a.sh	file	1005	2c3de954c68633f9b7580d3b08420faca766b081c21e431f9a9bebec2acd813b
run_validation_pack_b.sh	file	1461	fcd5c566fb62e89837e7aa60b382404e85e9ba41984ac3ef2e9e0795acb118fa
runs	dir	4096	
runs/A_PI_NATIVE	dir	4096	
runs/A_PI_NATIVE/pi_ufo_baseline_v1	dir	4096	
runs/A_PI_NATIVE/pi_ufo_baseline_v1/CHANGELOG.md	file	333	c3d53198fd200b55e50ab8e29a0cb0f934aba20ee4a8d996fd9fee141cf09cba
runs/A_PI_NATIVE/pi_ufo_baseline_v1/KNOWN_LIMITATIONS.md	file	856	45d9ae5e457158e37fc8303a3ee74a3f98bbd028601f9397f010b059714a5159
runs/A_PI_NATIVE/pi_ufo_baseline_v1/MODEL_CARD.md	file	907	0776312fe51bce3b4dd6595f05044408feb0585e08febe29006fd5911684229e
runs/A_PI_NATIVE/pi_ufo_baseline_v1/PROVENANCE.md	file	945	c0e2cca2ecd310972a32818dff00f46382057a9822b597487f7e0af00d6d0474
runs/A_PI_NATIVE/pi_ufo_baseline_v1/README.md	file	1526	f55290a1b7f397c09068336021322fec5a309aab4db27de7571c5b497e8d8bfe
runs/A_PI_NATIVE/pi_ufo_baseline_v1/build	dir	4096	
runs/A_PI_NATIVE/pi_ufo_baseline_v1/build/A_PI_NATIVE_200	dir	4096	
runs/A_PI_NATIVE/pi_ufo_baseline_v1/build/A_PI_NATIVE_200/MG5_PROC	dir	4096	
runs/A_PI_NATIVE/pi_ufo_baseline_v1/build/A_PI_NATIVE_200/MG5_PROC/Cards	dir	4096	
runs/A_PI_NATIVE/pi_ufo_baseline_v1/build/A_PI_NATIVE_200/MG5_PROC/Cards/.delphes_trigger.dat	file	1190	dd9e5ef49193a9140ae577fb452af122b0a45a843043e482dfd43c1afd755475
runs/A_PI_NATIVE/pi_ufo_baseline_v1/build/A_PI_NATIVE_200/MG5_PROC/Cards/.plot_card.dat	file	10430	e0991ee24eb7cab4ca668da332ed637806e6473b32a929b2bd4f86bafab1d4b0
runs/A_PI_NATIVE/pi_ufo_baseline_v1/build/A_PI_NATIVE_200/MG5_PROC/Cards/README	file	133	eb3f39466976b976c213203c4a7d0f92eadd325d4e19903efea6fec1db695d65
runs/A_PI_NATIVE/pi_ufo_baseline_v1/build/A_PI_NATIVE_200/MG5_PROC/Cards/delphes_card_ATLAS.dat	file	21552	b6a97bcd6e2b4f19e218eaa07b3afe1937d66452f0519de0b8c367eff46fe69d
runs/A_PI_NATIVE/pi_ufo_baseline_v1/build/A_PI_NATIVE_200/MG5_PROC/Cards/delphes_card_CMS.dat	file	22570	e363da8be306a024159b52547a80045bc48b770424fb5372ffc2ff8f1f5028c0
runs/A_PI_NATIVE/pi_ufo_baseline_v1/build/A_PI_NATIVE_200/MG5_PROC/Cards/delphes_card_default.dat	file	22570	e363da8be306a024159b52547a80045bc48b770424fb5372ffc2ff8f1f5028c0
runs/A_PI_NATIVE/pi_ufo_baseline_v1/build/A_PI_NATIVE_200/MG5_PROC/Cards/delphes_trigger_ATLAS.dat	file	989	14ceb9ab08ebb8bcab3d750fe8b01ab1e3f44d2eacdc8bc944d6899ccafc3b90
runs/A_PI_NATIVE/pi_ufo_baseline_v1/build/A_PI_NATIVE_200/MG5_PROC/Cards/delphes_trigger_CMS.dat	file	1190	dd9e5ef49193a9140ae577fb452af122b0a45a843043e482dfd43c1afd755475
runs/A_PI_NATIVE/pi_ufo_baseline_v1/build/A_PI_NATIVE_200/MG5_PROC/Cards/delphes_trigger_default.dat	file	1190	dd9e5ef49193a9140ae577fb452af122b0a45a843043e482dfd43c1afd755475
runs/A_PI_NATIVE/pi_ufo_baseline_v1/build/A_PI_NATIVE_200/MG5_PROC/Cards/grid_card.dat	file	2018	99aff9f047a6dfbaa59345cc56cb01cf422bb65eef996b6af6515f625e1c13b7
runs/A_PI_NATIVE/pi_ufo_baseline_v1/build/A_PI_NATIVE_200/MG5_PROC/Cards/grid_card_default.dat	file	2018	99aff9f047a6dfbaa59345cc56cb01cf422bb65eef996b6af6515f625e1c13b7
runs/A_PI_NATIVE/pi_ufo_baseline_v1/build/A_PI_NATIVE_200/MG5_PROC/Cards/ident_card.dat	file	761	1aa76ce9345bebd0114be0f8e79509679e6b1a6170480bf02fe917a42a259c3b
runs/A_PI_NATIVE/pi_ufo_baseline_v1/build/A_PI_NATIVE_200/MG5_PROC/Cards/madanalysis5_hadron_card_default.dat	file	135	46f8749617b7606256363a757f5c69896a2b812ab2b1bb7be8c7ca8b64f6000c
runs/A_PI_NATIVE/pi_ufo_baseline_v1/build/A_PI_NATIVE_200/MG5_PROC/Cards/madanalysis5_parton_card_default.dat	file	135	46f8749617b7606256363a757f5c69896a2b812ab2b1bb7be8c7ca8b64f6000c
runs/A_PI_NATIVE/pi_ufo_baseline_v1/build/A_PI_NATIVE_200/MG5_PROC/Cards/madspin_card_default.dat	file	1377	b49e3d4d382a4b66bae665d9b5af308de1d426e2aacdd45f0237c8be7a4f3524
runs/A_PI_NATIVE/pi_ufo_baseline_v1/build/A_PI_NATIVE_200/MG5_PROC/Cards/me5_configuration.txt	file	8889	046f73495203a9d9aa070aee10b844bd5e426b997618ef92cf6be5c4c94c7dbf
runs/A_PI_NATIVE/pi_ufo_baseline_v1/build/A_PI_NATIVE_200/MG5_PROC/Cards/param_card.dat	file	2374	fa6725a698ac16123291936fe7fc4d3f386bec7219153ead94da5a8001163ce6
runs/A_PI_NATIVE/pi_ufo_baseline_v1/build/A_PI_NATIVE_200/MG5_PROC/Cards/param_card_default.dat	file	4142	8c97ba08846b27b1fb0a139161259653d507aed22b172635f5ea7ee4fa4baf83
runs/A_PI_NATIVE/pi_ufo_baseline_v1/build/A_PI_NATIVE_200/MG5_PROC/Cards/pgs_card_ATLAS.dat	file	1244	4abbda9b8fc97521a6b510d200c3657695caea73054516ccac16fccd89f63f43
runs/A_PI_NATIVE/pi_ufo_baseline_v1/build/A_PI_NATIVE_200/MG5_PROC/Cards/pgs_card_CMS.dat	file	1244	2fa767eeb3d1a767e9b4da6f8f35099b6546943f9c3993291c9ab122554d43ca
runs/A_PI_NATIVE/pi_ufo_baseline_v1/build/A_PI_NATIVE_200/MG5_PROC/Cards/pgs_card_LHC.dat	file	1244	1e166308920fbb153706ec4338c81c2ae52753f8e3b8ae19bea32cc8618f85d4
runs/A_PI_NATIVE/pi_ufo_baseline_v1/build/A_PI_NATIVE_200/MG5_PROC/Cards/pgs_card_TEV.dat	file	1212	523df464434f492b0b915d7d5f22aee198a515696228bf859daba920fb6e2ed1
runs/A_PI_NATIVE/pi_ufo_baseline_v1/build/A_PI_NATIVE_200/MG5_PROC/Cards/pgs_card_default.dat	file	1244	1e166308920fbb153706ec4338c81c2ae52753f8e3b8ae19bea32cc8618f85d4
runs/A_PI_NATIVE/pi_ufo_baseline_v1/build/A_PI_NATIVE_200/MG5_PROC/Cards/plot_card_default.dat	file	10430	e0991ee24eb7cab4ca668da332ed637806e6473b32a929b2bd4f86bafab1d4b0
runs/A_PI_NATIVE/pi_ufo_baseline_v1/build/A_PI_NATIVE_200/MG5_PROC/Cards/proc_card_mg5.dat	file	2392	6c56941e71631997871230bea2cf4280c2ec44052def9c7c6504637f2f964ae0
runs/A_PI_NATIVE/pi_ufo_baseline_v1/build/A_PI_NATIVE_200/MG5_PROC/Cards/pythia8_card_default.dat	file	4434	eae9ab88aed291ccfa93aad879abb00c479fe5e852b50a14f48ee2c4ee25a255
runs/A_PI_NATIVE/pi_ufo_baseline_v1/build/A_PI_NATIVE_200/MG5_PROC/Cards/pythia_card_default.dat	file	350	392b11bcb52bfabab408edd2ee691e138f9e4f2d5d5c514287a25f4f29d7215b
runs/A_PI_NATIVE/pi_ufo_baseline_v1/build/A_PI_NATIVE_200/MG5_PROC/Cards/replace_card1.dat	file	149	92d5563c5b5f8d68bc0dc3ee8c350eaee7d43d43aca4d9f6c94d3abc0e69a73a
runs/A_PI_NATIVE/pi_ufo_baseline_v1/build/A_PI_NATIVE_200/MG5_PROC/Cards/reweight_card_default.dat	file	3611	281463939a80f0069f80df4108294b7678eeaeba6f2004443e54b9819a8b5cc2
runs/A_PI_NATIVE/pi_ufo_baseline_v1/build/A_PI_NATIVE_200/MG5_PROC/Cards/rivet_card_default.dat	file	3044	e1aa7c84051518a747156689b388d0d2428808c629b15b2770f50550d5a1b357
runs/A_PI_NATIVE/pi_ufo_baseline_v1/build/A_PI_NATIVE_200/MG5_PROC/Cards/run_card.dat	file	8995	eaf89de16945797f354b820f3a2dd5b875f2d79142efd73a0ebad861af1d7a87
runs/A_PI_NATIVE/pi_ufo_baseline_v1/build/A_PI_NATIVE_200/MG5_PROC/Cards/run_card_default.dat	file	9127	00cd76255b00442ba62ac6704680b77f69cff6d630c1e81d4a806f2b69177611
runs/A_PI_NATIVE/pi_ufo_baseline_v1/build/A_PI_NATIVE_200/MG5_PROC/Events	dir	4096	
runs/A_PI_NATIVE/pi_ufo_baseline_v1/build/A_PI_NATIVE_200/MG5_PROC/Events/.keep	file	0	e3b0c44298fc1c149afbf4c8996fb92427ae41e4649b934ca495991b7852b855
runs/A_PI_NATIVE/pi_ufo_baseline_v1/build/A_PI_NATIVE_200/MG5_PROC/Events/smoke2	dir	4096	
runs/A_PI_NATIVE/pi_ufo_baseline_v1/build/A_PI_NATIVE_200/MG5_PROC/Events/smoke2/smoke2_tag_1_banner.txt	file	18239	e15d6f876778a02f559dc2098fc16d764823d0ef1bbf6248250fd264c84e2fc9
runs/A_PI_NATIVE/pi_ufo_baseline_v1/build/A_PI_NATIVE_200/MG5_PROC/Events/smoke2/unweighted_events.lhe.gz	file	18125	c83fbf9d29b3f58bbe98579e6c7b9846d60f45ed4f0262528cb61875b3646838
runs/A_PI_NATIVE/pi_ufo_baseline_v1/build/A_PI_NATIVE_200/MG5_PROC/HTML	dir	4096	
runs/A_PI_NATIVE/pi_ufo_baseline_v1/build/A_PI_NATIVE_200/MG5_PROC/HTML/crossx.html	file	0	e3b0c44298fc1c149afbf4c8996fb92427ae41e4649b934ca495991b7852b855
runs/A_PI_NATIVE/pi_ufo_baseline_v1/build/A_PI_NATIVE_200/MG5_PROC/HTML/info-default.html	file	685	48cd8ccaa2a07f9a2744e142558ff0e9c8d2bab35636df22c29cc6e828e71cb0
runs/A_PI_NATIVE/pi_ufo_baseline_v1/build/A_PI_NATIVE_200/MG5_PROC/HTML/info.html	file	1372	77bb464f063cac567706b2d30767a8eb628fc3abe54e07f1e31c0206e911c352
runs/A_PI_NATIVE/pi_ufo_baseline_v1/build/A_PI_NATIVE_200/MG5_PROC/HTML/mgstyle.css	file	652	d12e48c9910c15a22b8095d045578863ca2fac20b765692ea248d81911673ba6
runs/A_PI_NATIVE/pi_ufo_baseline_v1/build/A_PI_NATIVE_200/MG5_PROC/HTML/results.pkl	file	2115	4ad72aecec7ec2b020e90d4480f31e83da26cc881ce0df09778e489566c71c91
runs/A_PI_NATIVE/pi_ufo_baseline_v1/build/A_PI_NATIVE_200/MG5_PROC/HTML/smoke2	dir	4096	
runs/A_PI_NATIVE/pi_ufo_baseline_v1/build/A_PI_NATIVE_200/MG5_PROC/HTML/smoke2/results.html	file	2193	9b4043af2150925d8a54b449a0609dc03ad6b54fd1782b6db4b872fec52c7690
runs/A_PI_NATIVE/pi_ufo_baseline_v1/build/A_PI_NATIVE_200/MG5_PROC/HTML/sortable.js	file	9967	9a1e49c93b802edad64c0195a0eba240e0efb1a2f47bfcfa8288ad5f8bcceef9
runs/A_PI_NATIVE/pi_ufo_baseline_v1/build/A_PI_NATIVE_200/MG5_PROC/HTML/stop.jpg	file	9241	ba221735467931a9f936c1a62ab9159940eab27ad5adc2369df0edd21121fa90
runs/A_PI_NATIVE/pi_ufo_baseline_v1/build/A_PI_NATIVE_200/MG5_PROC/HTML/thinking.gif	file	54166	e24769c8b69e96e5ab0714fb216bb04722482357d3fbc182c0cf038a324031d4
runs/A_PI_NATIVE/pi_ufo_baseline_v1/build/A_PI_NATIVE_200/MG5_PROC/MGMEVersion.txt	file	5	878103c645ee9a78bccb0be542dca18fd14c37ff9fa7e269250288da0cfb8217
runs/A_PI_NATIVE/pi_ufo_baseline_v1/build/A_PI_NATIVE_200/MG5_PROC/README	file	6747	526514d60b377501fc2ff3f3e89fe398cb60860de756941032c987026a288d3a
runs/A_PI_NATIVE/pi_ufo_baseline_v1/build/A_PI_NATIVE_200/MG5_PROC/README.systematics	file	5371	d11504feb0c9116e3455180e687f782fc6370626ab71d5742299e155bd755af4
runs/A_PI_NATIVE/pi_ufo_baseline_v1/build/A_PI_NATIVE_200/MG5_PROC/Source	dir	4096	
runs/A_PI_NATIVE/pi_ufo_baseline_v1/build/A_PI_NATIVE_200/MG5_PROC/Source/.make_opts	file	2668	cb708c3f07c19a13ac044cb8728a5ecb45ece4f753a106c329f1eb0b6b4b76c9
runs/A_PI_NATIVE/pi_ufo_baseline_v1/build/A_PI_NATIVE_200/MG5_PROC/Source/BIAS	dir	4096	
runs/A_PI_NATIVE/pi_ufo_baseline_v1/build/A_PI_NATIVE_200/MG5_PROC/Source/BIAS/bias.inc	file	0	e3b0c44298fc1c149afbf4c8996fb92427ae41e4649b934ca495991b7852b855
runs/A_PI_NATIVE/pi_ufo_baseline_v1/build/A_PI_NATIVE_200/MG5_PROC/Source/BIAS/dummy	dir	4096	
runs/A_PI_NATIVE/pi_ufo_baseline_v1/build/A_PI_NATIVE_200/MG5_PROC/Source/BIAS/dummy/dummy.f	file	1471	e998de9f5792ba9bb45fed7b2e2dd0a17fd61da80b3dee12dc5bd5b9654734b3
runs/A_PI_NATIVE/pi_ufo_baseline_v1/build/A_PI_NATIVE_200/MG5_PROC/Source/BIAS/dummy/dummy.o	file	1296	a6758134beef28e1e5c91a6fa857e9d2d0f32b28eada3fe6c185696d474ef02c
runs/A_PI_NATIVE/pi_ufo_baseline_v1/build/A_PI_NATIVE_200/MG5_PROC/Source/BIAS/dummy/makefile	file	347	c8ba6ae1254b7df13729e71faf38663c281b7158b78b246f46a96aaa2e4f641e
runs/A_PI_NATIVE/pi_ufo_baseline_v1/build/A_PI_NATIVE_200/MG5_PROC/Source/BIAS/ptj_bias	dir	4096	
runs/A_PI_NATIVE/pi_ufo_baseline_v1/build/A_PI_NATIVE_200/MG5_PROC/Source/BIAS/ptj_bias/makefile	file	449	eab8ade715c4d663e4ae3853620de65f3a3fdbe26f0ef60da1ad5a08ed6fdaf2
runs/A_PI_NATIVE/pi_ufo_baseline_v1/build/A_PI_NATIVE_200/MG5_PROC/Source/BIAS/ptj_bias/ptj_bias.f	file	3090	be98145f3616bfbf075c6d1c168bb914045476e45ed742262fd292c5a4b4a78c
runs/A_PI_NATIVE/pi_ufo_baseline_v1/build/A_PI_NATIVE_200/MG5_PROC/Source/CERNLIB	dir	4096	
runs/A_PI_NATIVE/pi_ufo_baseline_v1/build/A_PI_NATIVE_200/MG5_PROC/Source/CERNLIB/abend.f	file	405	3f82a246769f71f4181fb459a0cdefb1f6f3426cbbbb47ac093a53dad17e87f4
runs/A_PI_NATIVE/pi_ufo_baseline_v1/build/A_PI_NATIVE_200/MG5_PROC/Source/CERNLIB/abend.o	file	1256	269bf269ee431e64c48fc39bf5de345aaf65cd4e1b34aae6a5e706369ab57e60
runs/A_PI_NATIVE/pi_ufo_baseline_v1/build/A_PI_NATIVE_200/MG5_PROC/Source/CERNLIB/dlsqp2.f	file	1373	8d93368a654705e3e72dfa4d5d5c90e7ac36ad107a954f7e56a0ee7a98da63d7
runs/A_PI_NATIVE/pi_ufo_baseline_v1/build/A_PI_NATIVE_200/MG5_PROC/Source/CERNLIB/dlsqp2.o	file	1640	b7e07ca610ae291f78b8fcbd24fe4e5b8f200fb6d8ceb915f3ac4580db21a214
runs/A_PI_NATIVE/pi_ufo_baseline_v1/build/A_PI_NATIVE_200/MG5_PROC/Source/CERNLIB/lenocc.f	file	642	36cf2a11d1ddf0b7e9e4301a5ae855631a13cdc6bedf83a78e69fa2da48c805b
runs/A_PI_NATIVE/pi_ufo_baseline_v1/build/A_PI_NATIVE_200/MG5_PROC/Source/CERNLIB/lenocc.o	file	1328	94222d433b2a5d0421808b755be28fa1d25a92c8da3a09243ec68861887235cb
runs/A_PI_NATIVE/pi_ufo_baseline_v1/build/A_PI_NATIVE_200/MG5_PROC/Source/CERNLIB/makefile	file	262	d69c658d9f991f6bebb5e4f626284a2c955079fc9549384104a85702f979ca3b
runs/A_PI_NATIVE/pi_ufo_baseline_v1/build/A_PI_NATIVE_200/MG5_PROC/Source/CERNLIB/mtlprt.f	file	793	b17fca11624639f279a09f79ca0078c6b79cfa42d3535762ab28edb6631fc68b
runs/A_PI_NATIVE/pi_ufo_baseline_v1/build/A_PI_NATIVE_200/MG5_PROC/Source/CERNLIB/mtlprt.o	file	2816	6450c9b7dfb527b787f5c59f52de53ba09edb6984aa458d947c79951a6d8b817
runs/A_PI_NATIVE/pi_ufo_baseline_v1/build/A_PI_NATIVE_200/MG5_PROC/Source/CERNLIB/mtlset.f	file	9852	d27d530a30e1f2e310504dbac01d36c519289fd1a1ab061d5ecda8f305895c30
runs/A_PI_NATIVE/pi_ufo_baseline_v1/build/A_PI_NATIVE_200/MG5_PROC/Source/CERNLIB/mtlset.o	file	6016	b11ab706a0614157fd048e16ba641d04f17ae822b0501909e8443e3522159f2a
runs/A_PI_NATIVE/pi_ufo_baseline_v1/build/A_PI_NATIVE_200/MG5_PROC/Source/CERNLIB/radmul.f	file	6292	78307e0f7697e8ac8f24293420fd26eed9223a1358556cd91f4fbaec1365e385
runs/A_PI_NATIVE/pi_ufo_baseline_v1/build/A_PI_NATIVE_200/MG5_PROC/Source/CERNLIB/radmul.o	file	6856	fc1f5f49e5787f071fff88693aa57965c11c997e709094341b46bfea44048ce5
runs/A_PI_NATIVE/pi_ufo_baseline_v1/build/A_PI_NATIVE_200/MG5_PROC/Source/DHELAS	dir	4096	
runs/A_PI_NATIVE/pi_ufo_baseline_v1/build/A_PI_NATIVE_200/MG5_PROC/Source/DHELAS/.keepthisdir	file	0	e3b0c44298fc1c149afbf4c8996fb92427ae41e4649b934ca495991b7852b855
runs/A_PI_NATIVE/pi_ufo_baseline_v1/build/A_PI_NATIVE_200/MG5_PROC/Source/DHELAS/SSS1P1N_1.f	file	371	8b87e3845b4b65e902fb2be85246f0bd0a456387d1b0d14f0ff0f5811529af3e
runs/A_PI_NATIVE/pi_ufo_baseline_v1/build/A_PI_NATIVE_200/MG5_PROC/Source/DHELAS/SSS1P1N_1.o	file	1440	9df9ddc0907ef1e87113e604f3c315268e911ae40439d16b389e1abd88fd3fac
runs/A_PI_NATIVE/pi_ufo_baseline_v1/build/A_PI_NATIVE_200/MG5_PROC/Source/DHELAS/SSS1P1N_2.f	file	371	7b49e88de07b83628c5cd647aadec466674a6c9fc4f7be4f125b1465e275656e
runs/A_PI_NATIVE/pi_ufo_baseline_v1/build/A_PI_NATIVE_200/MG5_PROC/Source/DHELAS/SSS1P1N_2.o	file	1440	4eb0f9097b230c2e831b9cae61f46e49ecfc982abe4777dbc53b50f74bcd12d6
runs/A_PI_NATIVE/pi_ufo_baseline_v1/build/A_PI_NATIVE_200/MG5_PROC/Source/DHELAS/SSS1P1N_3.f	file	371	13cd612298574d67ef7770c32c19d5ea07c56cdea785251e0df67a93b03cc705
runs/A_PI_NATIVE/pi_ufo_baseline_v1/build/A_PI_NATIVE_200/MG5_PROC/Source/DHELAS/SSS1P1N_3.o	file	1440	40fd94378e44c031a27ad08fbd47cf0bb0ed69c1ca83a2c8f27d164bea250fe2
runs/A_PI_NATIVE/pi_ufo_baseline_v1/build/A_PI_NATIVE_200/MG5_PROC/Source/DHELAS/SSS1_0.f	file	408	1b8ec5d01205f3dc387b505a29bc122d237455dc364a6fac1150d4b69dc9bd54
runs/A_PI_NATIVE/pi_ufo_baseline_v1/build/A_PI_NATIVE_200/MG5_PROC/Source/DHELAS/SSS1_0.o	file	1496	acd747cd8ffd4dc214119bd20fb1f3f21ec7e9d42e19fe043dfceeee06a6c1e2
runs/A_PI_NATIVE/pi_ufo_baseline_v1/build/A_PI_NATIVE_200/MG5_PROC/Source/DHELAS/VVS2FF1_3.f	file	2681	c2692e0abcdbf15f92fecf7a7f976e5da0b404bc6e25e3cdcda80c07d631ffb6
runs/A_PI_NATIVE/pi_ufo_baseline_v1/build/A_PI_NATIVE_200/MG5_PROC/Source/DHELAS/VVS2FF1_3.o	file	6032	ee4f7b0072018ffe5293af4473027fb0a3ae45f437087eaae00ee6bf94e17b90
runs/A_PI_NATIVE/pi_ufo_baseline_v1/build/A_PI_NATIVE_200/MG5_PROC/Source/DHELAS/aloha_file.inc	file	72	3b3b9e6bcdc7554ef589e60aa17e5f6af9059eec5b17ae22969c29107b451926
runs/A_PI_NATIVE/pi_ufo_baseline_v1/build/A_PI_NATIVE_200/MG5_PROC/Source/DHELAS/aloha_functions.f	file	62675	6100d8127353c13301e639bfdfea33b7a417095ea3b1eec630ed9d9a4bf92fc4
runs/A_PI_NATIVE/pi_ufo_baseline_v1/build/A_PI_NATIVE_200/MG5_PROC/Source/DHELAS/aloha_functions.o	file	33168	f469a3dbcf04ac9f70e4a1953b5a2b249f3356d5c8ac143133c3cfecc8eaaece
runs/A_PI_NATIVE/pi_ufo_baseline_v1/build/A_PI_NATIVE_200/MG5_PROC/Source/DHELAS/makefile	file	761	cd3a6c45094f438b995d1104a1e71521562c28b7f4ade1cd358703a2c855f51a
runs/A_PI_NATIVE/pi_ufo_baseline_v1/build/A_PI_NATIVE_200/MG5_PROC/Source/DiscreteSampler.f	file	115003	676f15e2565db88e57838e3269f529b6b87bab6d13e0a630101d53eb48341552
runs/A_PI_NATIVE/pi_ufo_baseline_v1/build/A_PI_NATIVE_200/MG5_PROC/Source/DiscreteSampler.o	file	123016	5c55ddb86fb79d2975d9dbe0991c3d3e3ec2a7bfefaa8db46b76dfaeec58e39f
runs/A_PI_NATIVE/pi_ufo_baseline_v1/build/A_PI_NATIVE_200/MG5_PROC/Source/MODEL	dir	4096	
runs/A_PI_NATIVE/pi_ufo_baseline_v1/build/A_PI_NATIVE_200/MG5_PROC/Source/MODEL/.keepme	file	0	e3b0c44298fc1c149afbf4c8996fb92427ae41e4649b934ca495991b7852b855
runs/A_PI_NATIVE/pi_ufo_baseline_v1/build/A_PI_NATIVE_200/MG5_PROC/Source/MODEL/actualize_mp_ext_params.inc	file	223	cfe4fa314b53f89d6cf6d6779a6f21d41851bb6e3a004fd3a1968f25e4022e23
runs/A_PI_NATIVE/pi_ufo_baseline_v1/build/A_PI_NATIVE_200/MG5_PROC/Source/MODEL/b0f_caching.mod	file	1279	3070d6b2b1ef80a28f08a1fe57aff6bc9ece42d28079ff2dcb01309a3afa7035
runs/A_PI_NATIVE/pi_ufo_baseline_v1/build/A_PI_NATIVE_200/MG5_PROC/Source/MODEL/coupl.inc	file	923	9b7bf843d4f38d9322a10eeed2ecf7492983018310288d07a6cab181c712a5c7
runs/A_PI_NATIVE/pi_ufo_baseline_v1/build/A_PI_NATIVE_200/MG5_PROC/Source/MODEL/coupl_write.inc	file	398	78bd72ca20817a3d23cf3fcac6be5da78a468b9798c7e5e8ab8a983783f36eb5
runs/A_PI_NATIVE/pi_ufo_baseline_v1/build/A_PI_NATIVE_200/MG5_PROC/Source/MODEL/couplings.f	file	2021	8486e75c66d5ced63baeb26fa8e55bf5b523ca16bb87013b29279464bebf78d7
runs/A_PI_NATIVE/pi_ufo_baseline_v1/build/A_PI_NATIVE_200/MG5_PROC/Source/MODEL/couplings.o	file	10992	5f28c84a63ff74f0262d65db58a4fa28731e99b72d34fe136d03c3a47cce94fd
runs/A_PI_NATIVE/pi_ufo_baseline_v1/build/A_PI_NATIVE_200/MG5_PROC/Source/MODEL/couplings1.f	file	504	0f3b6243a6e5481d97451643b752eca700bbcd745c76c2408f5d9a7a1f0e0b98
runs/A_PI_NATIVE/pi_ufo_baseline_v1/build/A_PI_NATIVE_200/MG5_PROC/Source/MODEL/couplings1.o	file	1864	8cf2ef83506ce9a69a8af74d5f54dc5e8bb815bc0773b4fca16331021178e670
runs/A_PI_NATIVE/pi_ufo_baseline_v1/build/A_PI_NATIVE_200/MG5_PROC/Source/MODEL/couplings2.f	file	477	7b213edfffe872642526644169799bb3f655033a73e8cdfd3140bb53cdba9f3a
runs/A_PI_NATIVE/pi_ufo_baseline_v1/build/A_PI_NATIVE_200/MG5_PROC/Source/MODEL/couplings2.o	file	1800	59070bcfb851c6353ede36272a6645a7e411a782b2eec5aaaf5629f8fc7dedd0
runs/A_PI_NATIVE/pi_ufo_baseline_v1/build/A_PI_NATIVE_200/MG5_PROC/Source/MODEL/formats.inc	file	958	1d0c8b3a81b5c4ed3cc50e16edc2d7fa09fa2c2694b9eef3790bff2abc42c3a3
runs/A_PI_NATIVE/pi_ufo_baseline_v1/build/A_PI_NATIVE_200/MG5_PROC/Source/MODEL/input.inc	file	3385	7177599525827aaa34e4c84084648bab8ee39bf0a740ca823574510ca5e77bb2
runs/A_PI_NATIVE/pi_ufo_baseline_v1/build/A_PI_NATIVE_200/MG5_PROC/Source/MODEL/intparam_definition.inc	file	6418	df527fba82e3a11a0d747cd418d4b8a601fe11e96dd3e391244d2fcc42d96b12
runs/A_PI_NATIVE/pi_ufo_baseline_v1/build/A_PI_NATIVE_200/MG5_PROC/Source/MODEL/lha_read.f	file	12149	fd51c4686981abedbf62153ee537e7dec01a138dd9a560f39303b851f99d6ae0
runs/A_PI_NATIVE/pi_ufo_baseline_v1/build/A_PI_NATIVE_200/MG5_PROC/Source/MODEL/lha_read.o	file	16248	850f46b2dab6f41be5017a075187a76bf769ba557d43c07f668d2f5fcf892269
runs/A_PI_NATIVE/pi_ufo_baseline_v1/build/A_PI_NATIVE_200/MG5_PROC/Source/MODEL/makefile	file	1152	b2e04084aba9bb7ecf6a56015c83265aee0b74e4d9a8b2bdeae8d75521ae55c0
runs/A_PI_NATIVE/pi_ufo_baseline_v1/build/A_PI_NATIVE_200/MG5_PROC/Source/MODEL/makeinc.inc	file	288	1e938018cba6559290ffbf790b7f1fd59e9c21e55d81a3c312b45f99d66bc3a3
runs/A_PI_NATIVE/pi_ufo_baseline_v1/build/A_PI_NATIVE_200/MG5_PROC/Source/MODEL/model_functions.f	file	18359	3f316cd1c810b693ca11450a8b5bb5badb01dd9b7c6bc05e2d1222c808bfa138
runs/A_PI_NATIVE/pi_ufo_baseline_v1/build/A_PI_NATIVE_200/MG5_PROC/Source/MODEL/model_functions.inc	file	718	1eacef8b6184900bf18e6c18614cec17c062226f6ab438410464f5dbfb86515e
runs/A_PI_NATIVE/pi_ufo_baseline_v1/build/A_PI_NATIVE_200/MG5_PROC/Source/MODEL/model_functions.o	file	24624	1563b84dd44c0ed86f49174564c1acf4e43888b566d8edc03ae9fabbbebf501b
runs/A_PI_NATIVE/pi_ufo_baseline_v1/build/A_PI_NATIVE_200/MG5_PROC/Source/MODEL/param_read.inc	file	227	a14a19f2379f69375eea63dfa4c34319f2681e9e037fc4088ec39a7978568cbc
runs/A_PI_NATIVE/pi_ufo_baseline_v1/build/A_PI_NATIVE_200/MG5_PROC/Source/MODEL/param_write.inc	file	6835	ecbf8d7e15441b05566d44736e536bfebef416ef3b3344e910f2fb89a5287a92
runs/A_PI_NATIVE/pi_ufo_baseline_v1/build/A_PI_NATIVE_200/MG5_PROC/Source/MODEL/printout.f	file	1571	c765cbd47475c2c8ca3e229691373124a01f13c775ccd603625e5bf2aadb82c7
runs/A_PI_NATIVE/pi_ufo_baseline_v1/build/A_PI_NATIVE_200/MG5_PROC/Source/MODEL/printout.o	file	43136	dc6e279ca1bf230af528113507ce9eccf03df2d4b263284f842dfb631c07f52a
runs/A_PI_NATIVE/pi_ufo_baseline_v1/build/A_PI_NATIVE_200/MG5_PROC/Source/MODEL/rw_para.f	file	2580	568206e593ca4a7a49c63a1b09eddbed663474f6db62e8bc09960b8282421266
runs/A_PI_NATIVE/pi_ufo_baseline_v1/build/A_PI_NATIVE_200/MG5_PROC/Source/MODEL/rw_para.o	file	5560	eb6a532e2885b815ad66f36691334c561a4ae9af92db67a15e301b1e4dce4b29
runs/A_PI_NATIVE/pi_ufo_baseline_v1/build/A_PI_NATIVE_200/MG5_PROC/Source/MODEL/testprog.f	file	2394	7570c7961bd45365561047df5a3bd0c529204fb03f4e3562680d3b90e0042c89
runs/A_PI_NATIVE/pi_ufo_baseline_v1/build/A_PI_NATIVE_200/MG5_PROC/Source/PDF	dir	4096	
runs/A_PI_NATIVE/pi_ufo_baseline_v1/build/A_PI_NATIVE_200/MG5_PROC/Source/PDF/Ctq6Pdf.f	file	15036	faaae1776c4228066687642b39d350ba745f3076c21007516d82dee88601d646
runs/A_PI_NATIVE/pi_ufo_baseline_v1/build/A_PI_NATIVE_200/MG5_PROC/Source/PDF/Ctq6Pdf.o	file	15072	8f4e49559cf6952e6473109cb463c3aa0367c6f497f4c42cfcd1a9930b84d7fb
runs/A_PI_NATIVE/pi_ufo_baseline_v1/build/A_PI_NATIVE_200/MG5_PROC/Source/PDF/ElectroweakFlux.f	file	9025	a55af74f81cf8c0349db44efeda10e70f405319288311e096c46503be9f1513d
runs/A_PI_NATIVE/pi_ufo_baseline_v1/build/A_PI_NATIVE_200/MG5_PROC/Source/PDF/ElectroweakFlux.inc	file	3536	9ba56c31e65dd877d0f7e2537562e9cc8e7956e1a73c34f019ec19b44ae9ab04
runs/A_PI_NATIVE/pi_ufo_baseline_v1/build/A_PI_NATIVE_200/MG5_PROC/Source/PDF/ElectroweakFluxDriver.f	file	20029	0e7526df88466bc115a9f054ccfb1ed43ff9db0a3263eb4f342a79a7c4cdb7ba
runs/A_PI_NATIVE/pi_ufo_baseline_v1/build/A_PI_NATIVE_200/MG5_PROC/Source/PDF/ElectroweakFlux_dummy.f	file	354	2ce33dcd9212731873efc9bd21711b74bd4d2007c1a65eafa3c1b07b589ac47c
runs/A_PI_NATIVE/pi_ufo_baseline_v1/build/A_PI_NATIVE_200/MG5_PROC/Source/PDF/ElectroweakFlux_dummy.o	file	1808	c015c3284a3fcf69a4251fa89f31ffb7fd4957670bf9dd6cd1cf6e17e8e0d663
runs/A_PI_NATIVE/pi_ufo_baseline_v1/build/A_PI_NATIVE_200/MG5_PROC/Source/PDF/NNPDFDriver.f	file	9319	569c080439879972784ada0d6e0b040e8a7a93a0cf363cf99fa3bead12abae14
runs/A_PI_NATIVE/pi_ufo_baseline_v1/build/A_PI_NATIVE_200/MG5_PROC/Source/PDF/NNPDFDriver.o	file	13008	41d88cbf175658c76854a628c713b6073c77a3795a0ce7241e4586faea7e39cf
runs/A_PI_NATIVE/pi_ufo_baseline_v1/build/A_PI_NATIVE_200/MG5_PROC/Source/PDF/PhotonFlux.f	file	4452	5c943e6bad08314ac7b6002b87e756d85a41057b874ebea8573bf2ece950b1eb
runs/A_PI_NATIVE/pi_ufo_baseline_v1/build/A_PI_NATIVE_200/MG5_PROC/Source/PDF/PhotonFlux.o	file	4704	df203bfa134a3add1673d1cd0e4c2b66fecd9fe99f193b19ee10dc61084bca2e
runs/A_PI_NATIVE/pi_ufo_baseline_v1/build/A_PI_NATIVE_200/MG5_PROC/Source/PDF/dfint.f	file	2593	61eff004b8fb8390324eba77f2b2644a723f09d7412af63e4b74145c6b2b1ef3
runs/A_PI_NATIVE/pi_ufo_baseline_v1/build/A_PI_NATIVE_200/MG5_PROC/Source/PDF/dfint.o	file	3200	b6f6dbbb21058ce8b7c54a0e74a455434c55cc8db2f47c8bacfd5dd0a06e6a5a
runs/A_PI_NATIVE/pi_ufo_baseline_v1/build/A_PI_NATIVE_200/MG5_PROC/Source/PDF/eepdf.f	file	339113	2e449b3d91d3af09681e5fad9209084e2e8c3dbb5ac00a7b5d7744d3e596235a
runs/A_PI_NATIVE/pi_ufo_baseline_v1/build/A_PI_NATIVE_200/MG5_PROC/Source/PDF/eepdf.inc	file	302	8a6bd33755a6e79abba68ec428efe34bac3e915d67caa0eba5ce72fd8704019c
runs/A_PI_NATIVE/pi_ufo_baseline_v1/build/A_PI_NATIVE_200/MG5_PROC/Source/PDF/eepdf.o	file	106800	42eaf7a5cc9ee949c8e48c7d3b5a1003dc5749a60a8027dcda5d052d34ed0ce4
runs/A_PI_NATIVE/pi_ufo_baseline_v1/build/A_PI_NATIVE_200/MG5_PROC/Source/PDF/gammaUPC	dir	4096	
runs/A_PI_NATIVE/pi_ufo_baseline_v1/build/A_PI_NATIVE_200/MG5_PROC/Source/PDF/gammaUPC/ElasticPhotonPhotonFlux.f90	file	113002	a5e77a30f09df6ac03b0181f6698a8549916fa08e2c60da8929252bf17cea363
runs/A_PI_NATIVE/pi_ufo_baseline_v1/build/A_PI_NATIVE_200/MG5_PROC/Source/PDF/gammaUPC/OpticalGlauber_Geometry.f90	file	80827	ba7bf8d47191ae9bc03b8d313fd55e6b372d44df1db2e4a2d98247267e34ea4f
runs/A_PI_NATIVE/pi_ufo_baseline_v1/build/A_PI_NATIVE_200/MG5_PROC/Source/PDF/gammaUPC/gammaUPC_dummy.f	file	218	2f7f52de7aae9dc481e5238d1184e8db2ba3adf9ff7e7836001b1d4244e166d7
runs/A_PI_NATIVE/pi_ufo_baseline_v1/build/A_PI_NATIVE_200/MG5_PROC/Source/PDF/gammaUPC/gammaUPC_dummy.o	file	1800	5e5ac9f46c039fa9c9afbfdb1bf18d1d1b7bf119ebe442aa116f27ebf8887635
runs/A_PI_NATIVE/pi_ufo_baseline_v1/build/A_PI_NATIVE_200/MG5_PROC/Source/PDF/gammaUPC/interpolation.f90	file	41826	c89df9b3e391d454f0f6543ad38b012c35b03af1b775c4b66506dc0c1ab4147d
runs/A_PI_NATIVE/pi_ufo_baseline_v1/build/A_PI_NATIVE_200/MG5_PROC/Source/PDF/gammaUPC/makefile	file	1433	1028933ece2c569cd94a88ffda57a5b81d9d140a5528bbb4bbac0f6e9d7e83df
runs/A_PI_NATIVE/pi_ufo_baseline_v1/build/A_PI_NATIVE_200/MG5_PROC/Source/PDF/gammaUPC/makefile_dummy	file	374	45c9b8ad079ca99a759cc24f68d30f6ef91878d47ce51b81e573c83167fba8e2
runs/A_PI_NATIVE/pi_ufo_baseline_v1/build/A_PI_NATIVE_200/MG5_PROC/Source/PDF/gammaUPC/nielsen_generalized_polylog.f90	file	13510	8cee9ad199b2625e2f759ea3e3fe14662318351a368a125b93f5c52a6f6d7808
runs/A_PI_NATIVE/pi_ufo_baseline_v1/build/A_PI_NATIVE_200/MG5_PROC/Source/PDF/gammaUPC/nintlib.f90	file	37952	92657ae581afabdc4591c1725167ab0c88fc15e49ba854023eac3cb14bb21607
runs/A_PI_NATIVE/pi_ufo_baseline_v1/build/A_PI_NATIVE_200/MG5_PROC/Source/PDF/gammaUPC/photonpdfsquare.f	file	5626	606c0bd20df16116377b2a4e44a30c032a5afd52d45d2666c21e987b76302ffe
runs/A_PI_NATIVE/pi_ufo_baseline_v1/build/A_PI_NATIVE_200/MG5_PROC/Source/PDF/gammaUPC/run90.inc	file	470	a07e6a3a0a10e6a77c503ef0f208b7231084a915a3a887fe42ca958da2f78ba5
runs/A_PI_NATIVE/pi_ufo_baseline_v1/build/A_PI_NATIVE_200/MG5_PROC/Source/PDF/gammaUPC/tbessj.f90	file	10321	2d27cb8eecff63e434a79ff57b530786b253289e5a9d52c14941b8e88308d899
runs/A_PI_NATIVE/pi_ufo_baseline_v1/build/A_PI_NATIVE_200/MG5_PROC/Source/PDF/gammaUPC/tbessk.f90	file	7288	6364e36ebf441b92a4c49dcc63335679b7b95c0abbf7a9be239dd26e7ec37cf1
runs/A_PI_NATIVE/pi_ufo_baseline_v1/build/A_PI_NATIVE_200/MG5_PROC/Source/PDF/gammaUPC/test.f90	file	2259	d6eff055ac688c0c992faaaf18c55244fc1df1ce41a99ac3483ce1052bd83ee2
runs/A_PI_NATIVE/pi_ufo_baseline_v1/build/A_PI_NATIVE_200/MG5_PROC/Source/PDF/gridpdfaux.f	file	3210	8b787c1f5e446765b1c3f90acff4201a41f2a1f1c94d859bf154af8698647d32
runs/A_PI_NATIVE/pi_ufo_baseline_v1/build/A_PI_NATIVE_200/MG5_PROC/Source/PDF/gridpdfaux.o	file	3760	b25dc5011fd17f981d9e6ec93ea7cec09d7bdf3810be8abf3e1e242d765b1b79
runs/A_PI_NATIVE/pi_ufo_baseline_v1/build/A_PI_NATIVE_200/MG5_PROC/Source/PDF/kerset.f	file	3952	34c45d8a70bd4d66aa561537651e0456972435a9b0756a495fa0a17734dfd226
runs/A_PI_NATIVE/pi_ufo_baseline_v1/build/A_PI_NATIVE_200/MG5_PROC/Source/PDF/kerset.o	file	5256	621e9a147f636799ee23805259622a70f2fc43794eb9f0864f9533dc463c4862
runs/A_PI_NATIVE/pi_ufo_baseline_v1/build/A_PI_NATIVE_200/MG5_PROC/Source/PDF/lep_densities	dir	4096	
runs/A_PI_NATIVE/pi_ufo_baseline_v1/build/A_PI_NATIVE_200/MG5_PROC/Source/PDF/lep_densities/cepc240ll	dir	4096	
runs/A_PI_NATIVE/pi_ufo_baseline_v1/build/A_PI_NATIVE_200/MG5_PROC/Source/PDF/lep_densities/cepc240ll/eepdf.f	file	631636	6b4db0b925dfb4009c10d5d99e7df4ecbc31feb09e386406ac684884cf8bb3e0
runs/A_PI_NATIVE/pi_ufo_baseline_v1/build/A_PI_NATIVE_200/MG5_PROC/Source/PDF/lep_densities/cepc240ll/gridpdfaux.f	file	4111	9029e5846502c8406cfec51bcd789d10aacd3381325936b5879ebfdc75232e4f
runs/A_PI_NATIVE/pi_ufo_baseline_v1/build/A_PI_NATIVE_200/MG5_PROC/Source/PDF/lep_densities/clic3000ll	dir	4096	
runs/A_PI_NATIVE/pi_ufo_baseline_v1/build/A_PI_NATIVE_200/MG5_PROC/Source/PDF/lep_densities/clic3000ll/eepdf.f	file	631636	fe3f201c16e9342b75fe174e2c3ead88201ad209694c4904788e44530570999a
runs/A_PI_NATIVE/pi_ufo_baseline_v1/build/A_PI_NATIVE_200/MG5_PROC/Source/PDF/lep_densities/clic3000ll/gridpdfaux.f	file	4111	9029e5846502c8406cfec51bcd789d10aacd3381325936b5879ebfdc75232e4f
runs/A_PI_NATIVE/pi_ufo_baseline_v1/build/A_PI_NATIVE_200/MG5_PROC/Source/PDF/lep_densities/fcce240ll	dir	4096	
runs/A_PI_NATIVE/pi_ufo_baseline_v1/build/A_PI_NATIVE_200/MG5_PROC/Source/PDF/lep_densities/fcce240ll/eepdf.f	file	631636	731542c85b5fe0c9de265325c693fa0e3a5e2a7f6d42dc08c0cd5469463774ca
runs/A_PI_NATIVE/pi_ufo_baseline_v1/build/A_PI_NATIVE_200/MG5_PROC/Source/PDF/lep_densities/fcce240ll/gridpdfaux.f	file	4111	9029e5846502c8406cfec51bcd789d10aacd3381325936b5879ebfdc75232e4f
runs/A_PI_NATIVE/pi_ufo_baseline_v1/build/A_PI_NATIVE_200/MG5_PROC/Source/PDF/lep_densities/fcce365ll	dir	4096	
runs/A_PI_NATIVE/pi_ufo_baseline_v1/build/A_PI_NATIVE_200/MG5_PROC/Source/PDF/lep_densities/fcce365ll/eepdf.f	file	631636	5b7a90a66931a80954a5a6a9e4010c58ebac6ccb6001a70cf9879ecf7ec307b4
runs/A_PI_NATIVE/pi_ufo_baseline_v1/build/A_PI_NATIVE_200/MG5_PROC/Source/PDF/lep_densities/fcce365ll/gridpdfaux.f	file	4111	9029e5846502c8406cfec51bcd789d10aacd3381325936b5879ebfdc75232e4f
runs/A_PI_NATIVE/pi_ufo_baseline_v1/build/A_PI_NATIVE_200/MG5_PROC/Source/PDF/lep_densities/ilc500ll	dir	4096	
runs/A_PI_NATIVE/pi_ufo_baseline_v1/build/A_PI_NATIVE_200/MG5_PROC/Source/PDF/lep_densities/ilc500ll/eepdf.f	file	631636	5bef5c8221736c93469c703ca2c8bec999ebda5a49b4cf1f1934b4ea70cabae6
runs/A_PI_NATIVE/pi_ufo_baseline_v1/build/A_PI_NATIVE_200/MG5_PROC/Source/PDF/lep_densities/ilc500ll/gridpdfaux.f	file	4111	9029e5846502c8406cfec51bcd789d10aacd3381325936b5879ebfdc75232e4f
runs/A_PI_NATIVE/pi_ufo_baseline_v1/build/A_PI_NATIVE_200/MG5_PROC/Source/PDF/lep_densities/isronlyll	dir	4096	
runs/A_PI_NATIVE/pi_ufo_baseline_v1/build/A_PI_NATIVE_200/MG5_PROC/Source/PDF/lep_densities/isronlyll/eepdf.f	file	338612	62f0c9e61e2a93ee0c7cf240b6766a987466417cfe96437c1bb94b716df61f3a
runs/A_PI_NATIVE/pi_ufo_baseline_v1/build/A_PI_NATIVE_200/MG5_PROC/Source/PDF/lep_densities/isronlyll/gridpdfaux.f	file	3124	8b8830f1c9fc92c37f9979ff6dac8f3e2fd7c5b7703c33884490554e3984c05a
runs/A_PI_NATIVE/pi_ufo_baseline_v1/build/A_PI_NATIVE_200/MG5_PROC/Source/PDF/makefile	file	2448	de4eef231102f8fa308769197e53b8c13717ef8810150385700a867300601c51
runs/A_PI_NATIVE/pi_ufo_baseline_v1/build/A_PI_NATIVE_200/MG5_PROC/Source/PDF/opendata.f	file	2589	bfaa0cd1c1d12b64785d833ae35e6dad093d80c45a5d26613e9fb6fc4e90b1c2
runs/A_PI_NATIVE/pi_ufo_baseline_v1/build/A_PI_NATIVE_200/MG5_PROC/Source/PDF/opendata.o	file	8328	e61c5ea4793e18301fe2a315457ca6fd514bbc1f10d64606a200fdf3f6604c86
runs/A_PI_NATIVE/pi_ufo_baseline_v1/build/A_PI_NATIVE_200/MG5_PROC/Source/PDF/pdf.f	file	11507	955eb4b5cd06d1e5416c2644e2d31ba677e6fe529c96b9b00619f44e147407f6
runs/A_PI_NATIVE/pi_ufo_baseline_v1/build/A_PI_NATIVE_200/MG5_PROC/Source/PDF/pdf.inc	file	450	3d462edd5d8ea17e9ad26b693ef0c101e886b2effc7fd36f43dfbaa5d2ccf1fd
runs/A_PI_NATIVE/pi_ufo_baseline_v1/build/A_PI_NATIVE_200/MG5_PROC/Source/PDF/pdf.o	file	4008	d2ca836646bd873964351f1263fe949eb1676e516aac22296fc32968a9fe66dc
runs/A_PI_NATIVE/pi_ufo_baseline_v1/build/A_PI_NATIVE_200/MG5_PROC/Source/PDF/pdf_lhapdf6.cc	file	41276	ced11dfb36e8ca939029ce2aef0bd0173ed2da6822f9ec9cda341b75ae7c880a
runs/A_PI_NATIVE/pi_ufo_baseline_v1/build/A_PI_NATIVE_200/MG5_PROC/Source/PDF/pdf_lhapdf62.cc	file	58334	e6755785adc9958089902500cea13610766425d7279ed5fad3aa6950876f122b
runs/A_PI_NATIVE/pi_ufo_baseline_v1/build/A_PI_NATIVE_200/MG5_PROC/Source/PDF/pdf_list.txt	file	4297	554cfd7859541a5364716cf7228f75fc52fc3bd72029ebfb72e964baebd066d5
runs/A_PI_NATIVE/pi_ufo_baseline_v1/build/A_PI_NATIVE_200/MG5_PROC/Source/PDF/pdfwrap.f	file	10277	32164b7098c60d94a3985781aba0ed0b348e3acbf1fe860c153227253c834638
runs/A_PI_NATIVE/pi_ufo_baseline_v1/build/A_PI_NATIVE_200/MG5_PROC/Source/PDF/pdfwrap.o	file	4808	3110313f3510a5fd0fb81f30159b15dd17c1dc807129e3d20cfa48ea4cb36f9d
runs/A_PI_NATIVE/pi_ufo_baseline_v1/build/A_PI_NATIVE_200/MG5_PROC/Source/PDF/pdfwrap_emela.f	file	2624	e1995a9789373d50ca29b73b7b6c2d7426fc6f64ad9d63d60faa71d0ffeca9cd
runs/A_PI_NATIVE/pi_ufo_baseline_v1/build/A_PI_NATIVE_200/MG5_PROC/Source/PDF/pdfwrap_lhapdf.f	file	2408	ae9b8f43e2e8bbb3fc8a2f740d49ace85717d9713eb43fc28c7557ff7a628b43
runs/A_PI_NATIVE/pi_ufo_baseline_v1/build/A_PI_NATIVE_200/MG5_PROC/Source/PDF/pdg2pdf.f	file	12850	13427a635e6f2ab64e9492b7b988825d00c3e5e04b6b9801e27fc5782cf100ba
runs/A_PI_NATIVE/pi_ufo_baseline_v1/build/A_PI_NATIVE_200/MG5_PROC/Source/PDF/pdg2pdf.o	file	13184	a787d8ad3ae86351e707cd663372d148bee16ef4a7caa3102de0fb2e64b94de1
runs/A_PI_NATIVE/pi_ufo_baseline_v1/build/A_PI_NATIVE_200/MG5_PROC/Source/PDF/pdg2pdf_lhapdf6.f	file	9350	55c2e838f18f3657a048a74d3b2cb608e4932dba9914d6085f45eaf1fe7006fa
runs/A_PI_NATIVE/pi_ufo_baseline_v1/build/A_PI_NATIVE_200/MG5_PROC/Source/StringCast.f	file	4294	f993aa6cf4513b270353574a7ebd6ec4a65226ccffef8446818e69b654c006b4
runs/A_PI_NATIVE/pi_ufo_baseline_v1/build/A_PI_NATIVE_200/MG5_PROC/Source/StringCast.o	file	7512	689254a28ca47fb08af2f5c9e775c1fba07638fdee91ad8ee6fe3dd9fc20e395
runs/A_PI_NATIVE/pi_ufo_baseline_v1/build/A_PI_NATIVE_200/MG5_PROC/Source/alfas.inc	file	453	d5ae9799ae1067a7a5d8a690654408e4626db1f032091eab30286a3dc06c7a1c
runs/A_PI_NATIVE/pi_ufo_baseline_v1/build/A_PI_NATIVE_200/MG5_PROC/Source/alfas_functions.f	file	7877	3e9c1a8eb073de40d531217c349fe6f3f1dfc801fe4c3db527e2e15537f00a0d
runs/A_PI_NATIVE/pi_ufo_baseline_v1/build/A_PI_NATIVE_200/MG5_PROC/Source/alfas_functions.o	file	9768	77b6b206df4fab9d045e2ce3657f6262d49b6225f30a50fbfcbc3c6a3d2dc9a0
runs/A_PI_NATIVE/pi_ufo_baseline_v1/build/A_PI_NATIVE_200/MG5_PROC/Source/alfas_functions_lhapdf.f	file	3944	7b9439bb225674fa3126daa993a62b5b32b6201ed2a6875003be2ad820deb7c2
runs/A_PI_NATIVE/pi_ufo_baseline_v1/build/A_PI_NATIVE_200/MG5_PROC/Source/banner_header.txt	file	1978	cd24ed8cb6c0f45494b06abceabd976357ab246a94ad108dc81380ab66e58cb6
runs/A_PI_NATIVE/pi_ufo_baseline_v1/build/A_PI_NATIVE_200/MG5_PROC/Source/basecode.f	file	3601	f4e61b4b5e19d3d9a12e775bce73c1a2349e5d30402618b31a8212c62460f478
runs/A_PI_NATIVE/pi_ufo_baseline_v1/build/A_PI_NATIVE_200/MG5_PROC/Source/basecode.o	file	3696	3f39777a74208b8fa7bd7adc3b88bbcb54b387c93a36bf032c09593a6b72afb5
runs/A_PI_NATIVE/pi_ufo_baseline_v1/build/A_PI_NATIVE_200/MG5_PROC/Source/combine_events.f	file	28617	d51c82d0177a0c60fb92faab32b3eb26fba551cb89562b95dbf12cd58428e700
runs/A_PI_NATIVE/pi_ufo_baseline_v1/build/A_PI_NATIVE_200/MG5_PROC/Source/cuts.inc	file	3195	15749e6559df6c6cb99083be6ed2214f4aaf3cb38dd686d359625ca572652b23
runs/A_PI_NATIVE/pi_ufo_baseline_v1/build/A_PI_NATIVE_200/MG5_PROC/Source/dgauss.f	file	2357	2d2d11ea43bca5775ba844f6675911ea6f1e12986ebfb87a1379a3ee5593f463
runs/A_PI_NATIVE/pi_ufo_baseline_v1/build/A_PI_NATIVE_200/MG5_PROC/Source/dgauss.o	file	3648	40c18037068d37eb0924743e372e03a25a5d1dbc2fc765c9c3891151856160cc
runs/A_PI_NATIVE/pi_ufo_baseline_v1/build/A_PI_NATIVE_200/MG5_PROC/Source/discretesampler.mod	file	5974	86a27dda9d23244d28d91607dc95fdd9819b8eba6cc57534ece22de95b32776a
runs/A_PI_NATIVE/pi_ufo_baseline_v1/build/A_PI_NATIVE_200/MG5_PROC/Source/dsample.f	file	84337	c27228ce1bbaa9c8681a1e54ce55045c834f3b546ad691ce8ed1bf5f158d94df
runs/A_PI_NATIVE/pi_ufo_baseline_v1/build/A_PI_NATIVE_200/MG5_PROC/Source/dsample.o	file	1714608	6b15d7887f7ce8409c03b6f6c128ff1412da9cecd03e2fed585bf254621ffb3c
runs/A_PI_NATIVE/pi_ufo_baseline_v1/build/A_PI_NATIVE_200/MG5_PROC/Source/eepdf.inc	file	302	8a6bd33755a6e79abba68ec428efe34bac3e915d67caa0eba5ce72fd8704019c
runs/A_PI_NATIVE/pi_ufo_baseline_v1/build/A_PI_NATIVE_200/MG5_PROC/Source/gen_ximprove.f	file	33831	a0c72f5cfdc68b4ad03b6ef9990370c87f644799edb37ed4e1f0766bf52e7215
runs/A_PI_NATIVE/pi_ufo_baseline_v1/build/A_PI_NATIVE_200/MG5_PROC/Source/genps.inc	file	2295	625f1a15b4e76821c187387b9d0bcdb2057a0d374899119847c8beac3afa5880
runs/A_PI_NATIVE/pi_ufo_baseline_v1/build/A_PI_NATIVE_200/MG5_PROC/Source/getissud.f	file	5222	ab5a08dc9d4190e06fa2dc073750374ab012286a35c1367553dacf4a55a3f2b1
runs/A_PI_NATIVE/pi_ufo_baseline_v1/build/A_PI_NATIVE_200/MG5_PROC/Source/getissud.o	file	7200	23b84f45ec1a0b0b99c522dc5e23173392f94e6d4e64c6a7d95d3d4498bcacaf
runs/A_PI_NATIVE/pi_ufo_baseline_v1/build/A_PI_NATIVE_200/MG5_PROC/Source/hbook.inc	file	663	deba341596162b4605f956288449ee44fba3cf96619ed5af9445e089e163afa9
runs/A_PI_NATIVE/pi_ufo_baseline_v1/build/A_PI_NATIVE_200/MG5_PROC/Source/hbook1.f	file	892	2eb8fc1fa9c73ec9ea8660d0a83a47bcbbd94d00bc75482cec73ef797c5f6fb6
runs/A_PI_NATIVE/pi_ufo_baseline_v1/build/A_PI_NATIVE_200/MG5_PROC/Source/hbook2.f	file	1275	15d9647a2f1558f7258cc9f9166713bcc7bd2bb13714ff2d50de96d64f8c08fe
runs/A_PI_NATIVE/pi_ufo_baseline_v1/build/A_PI_NATIVE_200/MG5_PROC/Source/hcurve.f	file	1652	b5aa0931a4daa63b796bd4af75f0ca6b8f39eb990c0cdd99026cad2fb3aaab77
runs/A_PI_NATIVE/pi_ufo_baseline_v1/build/A_PI_NATIVE_200/MG5_PROC/Source/hfill.f	file	1065	41c6ec9229d573a9c16b86138754b238a79c04870bcbb89e2d65dcdc5b56ff11
runs/A_PI_NATIVE/pi_ufo_baseline_v1/build/A_PI_NATIVE_200/MG5_PROC/Source/hfill.o	file	123240	482810e780f41997dfb53030efdaf450967832b4c002fbf34302023aeb536097
runs/A_PI_NATIVE/pi_ufo_baseline_v1/build/A_PI_NATIVE_200/MG5_PROC/Source/htuple.f	file	11038	80102a031df8a3bac795c1ba6e630d7fbc79078a6664f954df0cd8adad9ea796
runs/A_PI_NATIVE/pi_ufo_baseline_v1/build/A_PI_NATIVE_200/MG5_PROC/Source/invarients.f	file	8895	cbf921ebfa1f200d39ed16c6ca3ead8056fbb530eebc07c081fd2f9dffe25fb5
runs/A_PI_NATIVE/pi_ufo_baseline_v1/build/A_PI_NATIVE_200/MG5_PROC/Source/invarients.o	file	12872	59d372343bedc3e98706f4e979322d45a5ded9673a4f69157c0345d455276066
runs/A_PI_NATIVE/pi_ufo_baseline_v1/build/A_PI_NATIVE_200/MG5_PROC/Source/kin_functions.f	file	20781	258ba73d21343e1e9e64f8f1beec0ae9a9f890d01c3d3a907f1091843de6372d
runs/A_PI_NATIVE/pi_ufo_baseline_v1/build/A_PI_NATIVE_200/MG5_PROC/Source/kin_functions.o	file	15304	22441b507c7abeaec9990c3dc0b5f252c1b96a624f1c8995340ee569072eac4c
runs/A_PI_NATIVE/pi_ufo_baseline_v1/build/A_PI_NATIVE_200/MG5_PROC/Source/lhe_event_infos.inc	file	606	61299a03d23a0cd89d06a12248da67a1696ca1e4c10afe2c9707e4b595b030dd
runs/A_PI_NATIVE/pi_ufo_baseline_v1/build/A_PI_NATIVE_200/MG5_PROC/Source/make_opts	file	2599	a5bbd5a9841bd5cce5ee40f263794702aa4024b28f1fc715bb0da1b9aa6857cc
runs/A_PI_NATIVE/pi_ufo_baseline_v1/build/A_PI_NATIVE_200/MG5_PROC/Source/makefile	file	4681	3de4f2b21247f23077d903ea830d24b235ef13c92a4428b6aa5e8f8ca6088b7d
runs/A_PI_NATIVE/pi_ufo_baseline_v1/build/A_PI_NATIVE_200/MG5_PROC/Source/maxconfigs.inc	file	57	5f0a5d858bea712fdf860cdd478eba6400d3fbc490c1844643f2b6c93fbdd231
runs/A_PI_NATIVE/pi_ufo_baseline_v1/build/A_PI_NATIVE_200/MG5_PROC/Source/maxparticles.inc	file	61	f74c474319f9374319e754e43a6e57113420206e069dd21c73578a28399fa202
runs/A_PI_NATIVE/pi_ufo_baseline_v1/build/A_PI_NATIVE_200/MG5_PROC/Source/open_file.f	file	1696	5736e50afc043c05c671376f389df6618558b45e33966c1f2fce1621e8ac07a1
runs/A_PI_NATIVE/pi_ufo_baseline_v1/build/A_PI_NATIVE_200/MG5_PROC/Source/open_file.o	file	4584	b41d96ddd91c49ad532cab89b8af6e75753420b4bf10de6d356ce3364433b90a
runs/A_PI_NATIVE/pi_ufo_baseline_v1/build/A_PI_NATIVE_200/MG5_PROC/Source/param_card.inc	file	914	5629f739af406618702c684c90827ae7f88f82752d5d631c4ab8580b39ef4ae0
runs/A_PI_NATIVE/pi_ufo_baseline_v1/build/A_PI_NATIVE_200/MG5_PROC/Source/pawgraphs.f	file	1645	b7b2d166c37c772cbe015ba8afee4d673f1d5cd04474ecef88d8a1ccea7aff8b
runs/A_PI_NATIVE/pi_ufo_baseline_v1/build/A_PI_NATIVE_200/MG5_PROC/Source/pawgraphs.o	file	1992	64986a56f33d58392afd3c04e19bee919907f167e088e712d0a50fc0a0ea6ccf
runs/A_PI_NATIVE/pi_ufo_baseline_v1/build/A_PI_NATIVE_200/MG5_PROC/Source/psample.inc	file	330	3f00c28a6c54bc1b656e276ce0c9b85c9440e23353bf69b8bc7ee85f258a4743
runs/A_PI_NATIVE/pi_ufo_baseline_v1/build/A_PI_NATIVE_200/MG5_PROC/Source/ran1.f	file	951	6946801bbcfd9a5fcf3184d1d7b73ca6deaf55ca0e0f0660d3db2c42479175af
runs/A_PI_NATIVE/pi_ufo_baseline_v1/build/A_PI_NATIVE_200/MG5_PROC/Source/ran1.o	file	3712	95223609642fed47691a3954b5de98a5aab988d14a25af4e4c8761c3cb88fe06
runs/A_PI_NATIVE/pi_ufo_baseline_v1/build/A_PI_NATIVE_200/MG5_PROC/Source/ranmar.f	file	7330	9bb6bbc5f1fda1df1a8df5d8518103b55a3f6c2b13874178b501b7272ecf2888
runs/A_PI_NATIVE/pi_ufo_baseline_v1/build/A_PI_NATIVE_200/MG5_PROC/Source/ranmar.o	file	12208	9e67345aa03630f1c1a20fb76f15ae34318dec2a5e0fdea1535a321339b8b871
runs/A_PI_NATIVE/pi_ufo_baseline_v1/build/A_PI_NATIVE_200/MG5_PROC/Source/readgrid.f	file	3983	63a2121b9a34bb18b5de3d73102f3c4f542af0f79c2b1c1175c47ed7579b2ff5
runs/A_PI_NATIVE/pi_ufo_baseline_v1/build/A_PI_NATIVE_200/MG5_PROC/Source/readgrid.o	file	14560	f83ee879dcc94f7aa5914a3a169043023e63e8cf250095724b97e07e2cccfae8
runs/A_PI_NATIVE/pi_ufo_baseline_v1/build/A_PI_NATIVE_200/MG5_PROC/Source/run.inc	file	3622	51e0098d5cb17d1c666fbb08c317f14e48f1d03cc4ed55d608546e9ef0c76330
runs/A_PI_NATIVE/pi_ufo_baseline_v1/build/A_PI_NATIVE_200/MG5_PROC/Source/run_card.inc	file	6531	dba6315be87461b67fc0f73df2a6eb7728b4e8477586e4884103fcef0651186b
runs/A_PI_NATIVE/pi_ufo_baseline_v1/build/A_PI_NATIVE_200/MG5_PROC/Source/run_config.inc	file	2209	1026160b03fa7c648e8ae33423107663bce56c31e85bc4dedf6dfe0ec392df53
runs/A_PI_NATIVE/pi_ufo_baseline_v1/build/A_PI_NATIVE_200/MG5_PROC/Source/run_printout.f	file	2358	ee37cda1054daa5c9beabb9270734357f823cbf88135f729c537dd21db3e7cc0
runs/A_PI_NATIVE/pi_ufo_baseline_v1/build/A_PI_NATIVE_200/MG5_PROC/Source/run_printout.o	file	8408	5743dddbf2c11f95e9d14243f51573a8e655862683165d745c6965234d60347c
runs/A_PI_NATIVE/pi_ufo_baseline_v1/build/A_PI_NATIVE_200/MG5_PROC/Source/rw_events.f	file	10060	51fac40df2e39e0d20ddbdaed810aabe6e26203ce47f2b11871949085543b67a
runs/A_PI_NATIVE/pi_ufo_baseline_v1/build/A_PI_NATIVE_200/MG5_PROC/Source/rw_events.o	file	25536	0b531926d4a22535f21748bfaa90b16932be35c4f9249461502de88c5ea2ddb2
runs/A_PI_NATIVE/pi_ufo_baseline_v1/build/A_PI_NATIVE_200/MG5_PROC/Source/rw_events.short.f	file	4031	d5cebf605a60e58111a1dcd207c988aab8d1887aac2bdce922a1ebe8d29b8826
runs/A_PI_NATIVE/pi_ufo_baseline_v1/build/A_PI_NATIVE_200/MG5_PROC/Source/rw_routines.f	file	13834	188c2f0a6eea8fcd656b2fbb874dfe89d10753722046dd546355ae1c90f65d97
runs/A_PI_NATIVE/pi_ufo_baseline_v1/build/A_PI_NATIVE_200/MG5_PROC/Source/rw_routines.o	file	22720	44daa17e53827ef5957ebd3e782a387d1d2826f99f234bfb9b0f9b90614299e9
runs/A_PI_NATIVE/pi_ufo_baseline_v1/build/A_PI_NATIVE_200/MG5_PROC/Source/setrun.f	file	7400	e3d7f0bc0104fb3f5bdbc1abdcbfb44e814196b080203ef4e88730672ac3ee36
runs/A_PI_NATIVE/pi_ufo_baseline_v1/build/A_PI_NATIVE_200/MG5_PROC/Source/setrun.o	file	12472	8c27aee518e8e2d914cf6d8a953a3ad8be5b3bd0a35d8699b4518ef32f6296c0
runs/A_PI_NATIVE/pi_ufo_baseline_v1/build/A_PI_NATIVE_200/MG5_PROC/Source/setrun_gen.f	file	2433	81d9d18da3ea2b1b58b50c849a3f6102ea645efb9e4f3579d99ff8213891e2a3
runs/A_PI_NATIVE/pi_ufo_baseline_v1/build/A_PI_NATIVE_200/MG5_PROC/Source/stringcast.mod	file	743	7cb587355608e64fb1841530e8a1504f83eae38eb1f4518354929eded48c465d
runs/A_PI_NATIVE/pi_ufo_baseline_v1/build/A_PI_NATIVE_200/MG5_PROC/Source/sudgrid.inc	file	175	443cef573335a0b49daed651eed3641006938be5147b9e14af75680b4dcbf83e
runs/A_PI_NATIVE/pi_ufo_baseline_v1/build/A_PI_NATIVE_200/MG5_PROC/Source/transpole.f	file	11181	d801c01034e6b5e310566fdfd0879d2120dd512d71d442b9bd7be86480c98425
runs/A_PI_NATIVE/pi_ufo_baseline_v1/build/A_PI_NATIVE_200/MG5_PROC/Source/transpole.o	file	9728	2229433690e76c088a7b9ea67d7f33fe7e0b605045dc5ad2204c90856ee24985
runs/A_PI_NATIVE/pi_ufo_baseline_v1/build/A_PI_NATIVE_200/MG5_PROC/SubProcesses	dir	4096	
runs/A_PI_NATIVE/pi_ufo_baseline_v1/build/A_PI_NATIVE_200/MG5_PROC/SubProcesses/MGVersion.txt	file	5	878103c645ee9a78bccb0be542dca18fd14c37ff9fa7e269250288da0cfb8217
runs/A_PI_NATIVE/pi_ufo_baseline_v1/build/A_PI_NATIVE_200/MG5_PROC/SubProcesses/P1_gg_h2h2	dir	4096	
runs/A_PI_NATIVE/pi_ufo_baseline_v1/build/A_PI_NATIVE_200/MG5_PROC/SubProcesses/P1_gg_h2h2/G1.2	dir	4096	
runs/A_PI_NATIVE/pi_ufo_baseline_v1/build/A_PI_NATIVE_200/MG5_PROC/SubProcesses/P1_gg_h2h2/G1.2/ftn26	file	8755	aea45e5d151e5de08c4a7f885f86834e721590b35b8efe05913be3d24f1f3d75
runs/A_PI_NATIVE/pi_ufo_baseline_v1/build/A_PI_NATIVE_200/MG5_PROC/SubProcesses/P1_gg_h2h2/G1.2/input_app.txt	file	236	002f4212aebe88787395420602b9c84ee067b08a4e49dbe378eacba3e8df8d6c
runs/A_PI_NATIVE/pi_ufo_baseline_v1/build/A_PI_NATIVE_200/MG5_PROC/SubProcesses/P1_gg_h2h2/G1.2/results.dat	file	468	f7162e2713188a21767badeb20b316ef2009c8ed06f0f35a4fb2095d16916858
runs/A_PI_NATIVE/pi_ufo_baseline_v1/build/A_PI_NATIVE_200/MG5_PROC/SubProcesses/P1_gg_h2h2/G1.2/run1_app.log	file	13265	d83b0aeac644c8b93be8a568d72e9fb571f463cef308af16316d1ab2ddfb81d1
runs/A_PI_NATIVE/pi_ufo_baseline_v1/build/A_PI_NATIVE_200/MG5_PROC/SubProcesses/P1_gg_h2h2/G1.2/smoke2_log.txt	file	13265	d83b0aeac644c8b93be8a568d72e9fb571f463cef308af16316d1ab2ddfb81d1
runs/A_PI_NATIVE/pi_ufo_baseline_v1/build/A_PI_NATIVE_200/MG5_PROC/SubProcesses/P1_gg_h2h2/Hel	dir	4096	
runs/A_PI_NATIVE/pi_ufo_baseline_v1/build/A_PI_NATIVE_200/MG5_PROC/SubProcesses/P1_gg_h2h2/Hel/events.lhe	file	1	01ba4719c80b6fe911b091a7c05124b64eeece964e09c058ef8f9805daca546b
runs/A_PI_NATIVE/pi_ufo_baseline_v1/build/A_PI_NATIVE_200/MG5_PROC/SubProcesses/P1_gg_h2h2/Hel/grid_information	file	2	e16f1596201850fd4a63680b27f603cb64e67176159be3d8ed78a4403fdb1700
runs/A_PI_NATIVE/pi_ufo_baseline_v1/build/A_PI_NATIVE_200/MG5_PROC/SubProcesses/P1_gg_h2h2/Hel/input_app.txt	file	30	cde3ed6f372492dac968d0daf0b1eb8ac71603065437a4482dabb2db6862bfe4
runs/A_PI_NATIVE/pi_ufo_baseline_v1/build/A_PI_NATIVE_200/MG5_PROC/SubProcesses/P1_gg_h2h2/Hel/results.dat	file	297	ca4320d3e9d0399b6e83aa447d35e3fa28b7663acb4c2b4b778d15349d9de469
runs/A_PI_NATIVE/pi_ufo_baseline_v1/build/A_PI_NATIVE_200/MG5_PROC/SubProcesses/P1_gg_h2h2/Hel/selection	file	66	ebf4836674b540d58351ba4c274acf72024cdebfaa15638740b84bb12de6cab9
runs/A_PI_NATIVE/pi_ufo_baseline_v1/build/A_PI_NATIVE_200/MG5_PROC/SubProcesses/P1_gg_h2h2/addmothers.o	file	27936	c5e68ec48fd20e86a7f942eca7888d746d79608933aac2283c490e9900c346aa
runs/A_PI_NATIVE/pi_ufo_baseline_v1/build/A_PI_NATIVE_200/MG5_PROC/SubProcesses/P1_gg_h2h2/auto_dsig.f	file	19608	e414f39e668f6494af742835bf2039bd62cda4ce16a4c74f8c0fd0cc103fc869
runs/A_PI_NATIVE/pi_ufo_baseline_v1/build/A_PI_NATIVE_200/MG5_PROC/SubProcesses/P1_gg_h2h2/auto_dsig.o	file	20280	60d889f9047e49e3a66ad4902bdd8915f5d959e6da7bc1cc3d8c2c713d4fa03d
runs/A_PI_NATIVE/pi_ufo_baseline_v1/build/A_PI_NATIVE_200/MG5_PROC/SubProcesses/P1_gg_h2h2/auto_dsig1.f	file	5880	62c9db734d215dcbd3161672982d12e3cbfe876b843809360e35168d966df2a3
runs/A_PI_NATIVE/pi_ufo_baseline_v1/build/A_PI_NATIVE_200/MG5_PROC/SubProcesses/P1_gg_h2h2/auto_dsig1.o	file	7600	eec030377b324f0b376b25dda482ed6bb172e535a1b0fedfd0a97c20fac28d10
runs/A_PI_NATIVE/pi_ufo_baseline_v1/build/A_PI_NATIVE_200/MG5_PROC/SubProcesses/P1_gg_h2h2/cluster.o	file	13992	2b5a62dd230f57d6185a4d74f967a7655983faf231843fd0dcb59bd76742c8b4
runs/A_PI_NATIVE/pi_ufo_baseline_v1/build/A_PI_NATIVE_200/MG5_PROC/SubProcesses/P1_gg_h2h2/coloramps.inc	file	70	ec1006156ae22166a26ba3031a5f0a491d1cb00ade9ea92cb56de72253c912d6
runs/A_PI_NATIVE/pi_ufo_baseline_v1/build/A_PI_NATIVE_200/MG5_PROC/SubProcesses/P1_gg_h2h2/config_nqcd.inc	file	22	4e03443c8378f97d54bb44892e5802ab6911df9de56d83c4220f0bb3ae5a3e55
runs/A_PI_NATIVE/pi_ufo_baseline_v1/build/A_PI_NATIVE_200/MG5_PROC/SubProcesses/P1_gg_h2h2/config_subproc_map.inc	file	35	9e5897df67b51e186bb0938a67a490f3522f4ff37342920f709bbf190c0b08bd
runs/A_PI_NATIVE/pi_ufo_baseline_v1/build/A_PI_NATIVE_200/MG5_PROC/SubProcesses/P1_gg_h2h2/configs.inc	file	224	3ed151c1c2c37bacff3d3f5d549fdae017a5972d93c6964508b61c78efb764c5
runs/A_PI_NATIVE/pi_ufo_baseline_v1/build/A_PI_NATIVE_200/MG5_PROC/SubProcesses/P1_gg_h2h2/cuts.o	file	34904	694eae2b2ca461007887d3bf29f6bcf708de03d40c6ccfcca783a874bd1d220c
runs/A_PI_NATIVE/pi_ufo_baseline_v1/build/A_PI_NATIVE_200/MG5_PROC/SubProcesses/P1_gg_h2h2/decayBW.inc	file	29	148f48bf08c4108079a92d88832d57c587222624e1f7162c630fa4eda0811e30
runs/A_PI_NATIVE/pi_ufo_baseline_v1/build/A_PI_NATIVE_200/MG5_PROC/SubProcesses/P1_gg_h2h2/dname.mg	file	19	2a00b40a786dc11d4603044741b4928a9226546248113d765a939c04d5023287
runs/A_PI_NATIVE/pi_ufo_baseline_v1/build/A_PI_NATIVE_200/MG5_PROC/SubProcesses/P1_gg_h2h2/driver.f	file	12785	83c6311fbd89267d2ca13d29b26dd6ec0cc142d3fabde8e70905594e6dce5259
runs/A_PI_NATIVE/pi_ufo_baseline_v1/build/A_PI_NATIVE_200/MG5_PROC/SubProcesses/P1_gg_h2h2/driver.o	file	26184	8183f080421e6f29d38d5f6e8196cd3a6b6a2f3c84d29ce1c9f0bbf833c68eff
runs/A_PI_NATIVE/pi_ufo_baseline_v1/build/A_PI_NATIVE_200/MG5_PROC/SubProcesses/P1_gg_h2h2/dummy_fct.o	file	3752	5b91de14ba4f3eb85f9c0f79a085719a3aeabe56f1902aeeab168b2189fbcc95
runs/A_PI_NATIVE/pi_ufo_baseline_v1/build/A_PI_NATIVE_200/MG5_PROC/SubProcesses/P1_gg_h2h2/genps.o	file	37560	178fc27a7d5d88cdfe78d5542a81535e1d7046c913eb4e0c1ca0508e5ebccbe3
runs/A_PI_NATIVE/pi_ufo_baseline_v1/build/A_PI_NATIVE_200/MG5_PROC/SubProcesses/P1_gg_h2h2/gensym	file	80032	7361a998a8378da1051bc20300fa8a7afaf01cb3043647607071ccacae4d5ee1
runs/A_PI_NATIVE/pi_ufo_baseline_v1/build/A_PI_NATIVE_200/MG5_PROC/SubProcesses/P1_gg_h2h2/get_color.f	file	528	7678c371ee22b87c00b8007ed7d6f75e1bd3dd94d016bc1e8ccfcdf704097e37
runs/A_PI_NATIVE/pi_ufo_baseline_v1/build/A_PI_NATIVE_200/MG5_PROC/SubProcesses/P1_gg_h2h2/get_color.o	file	1904	ce93b13295db5e0cdf885ecf79a58e30eefcd6f9b2eafa76e4eeb1cc2973b56b
runs/A_PI_NATIVE/pi_ufo_baseline_v1/build/A_PI_NATIVE_200/MG5_PROC/SubProcesses/P1_gg_h2h2/idenparts.o	file	1640	f8586ae21a69e28e327cf5abd6824e53d03411adfd2fd81a863531ab0cf95beb
runs/A_PI_NATIVE/pi_ufo_baseline_v1/build/A_PI_NATIVE_200/MG5_PROC/SubProcesses/P1_gg_h2h2/initcluster.o	file	3104	270aad248455b108d23c67fddfcc7537a765585a8668e1e3c3356963c992394b
runs/A_PI_NATIVE/pi_ufo_baseline_v1/build/A_PI_NATIVE_200/MG5_PROC/SubProcesses/P1_gg_h2h2/input_app.txt	file	232	7c4cd2c702cdcb1ecf2f9f39708fccaa80c2a2b30492d40ae2b6c5cdf7bf3bbb
runs/A_PI_NATIVE/pi_ufo_baseline_v1/build/A_PI_NATIVE_200/MG5_PROC/SubProcesses/P1_gg_h2h2/iproc.dat	file	8	9f1484819efbd27552b308c7bef1309cb037d836d4a9e6962f6bc56c87399fbe
runs/A_PI_NATIVE/pi_ufo_baseline_v1/build/A_PI_NATIVE_200/MG5_PROC/SubProcesses/P1_gg_h2h2/leshouche.inc	file	258	6733d8d79e190c01a5c265169f96382df5b8ad4af5d7b918a2ea933a35cb652a
runs/A_PI_NATIVE/pi_ufo_baseline_v1/build/A_PI_NATIVE_200/MG5_PROC/SubProcesses/P1_gg_h2h2/madevent	file	2173920	1c783d566a69db3932de6bd63f27803d66ac3e17649814316b939a2ee38295c4
runs/A_PI_NATIVE/pi_ufo_baseline_v1/build/A_PI_NATIVE_200/MG5_PROC/SubProcesses/P1_gg_h2h2/madevent_forhel	file	2178160	f375f6f1922d9cad716dc47bc5ed4eafe5791d4720d4440447c1b3a6e8c56b6e
runs/A_PI_NATIVE/pi_ufo_baseline_v1/build/A_PI_NATIVE_200/MG5_PROC/SubProcesses/P1_gg_h2h2/matrix1.ps	file	12790	6e1945697f0bb5db13011a4c44c0a8fa6c73d773b0ac5e2a82d4444c5d7960da
runs/A_PI_NATIVE/pi_ufo_baseline_v1/build/A_PI_NATIVE_200/MG5_PROC/SubProcesses/P1_gg_h2h2/matrix1_optim.f	file	14556	9a9710bf3fcd43c9349f2a21df83ce874b4385ff7ec4115d31ae445c537c3652
runs/A_PI_NATIVE/pi_ufo_baseline_v1/build/A_PI_NATIVE_200/MG5_PROC/SubProcesses/P1_gg_h2h2/matrix1_optim.o	file	12248	df2778f15eacc11e220aafead4cfb883fcf043af976ad2604d295d40458ec816
runs/A_PI_NATIVE/pi_ufo_baseline_v1/build/A_PI_NATIVE_200/MG5_PROC/SubProcesses/P1_gg_h2h2/matrix1_orig.f	file	19681	5ebdb85e08b66995891e93dde4b9467af38a2185e9a2a9ee6bee0f79670de195
runs/A_PI_NATIVE/pi_ufo_baseline_v1/build/A_PI_NATIVE_200/MG5_PROC/SubProcesses/P1_gg_h2h2/matrix1_orig.o	file	17568	76e689d953c67931b40e2dcac39babe94645b7913f745e22de1829d3c6d72baf
runs/A_PI_NATIVE/pi_ufo_baseline_v1/build/A_PI_NATIVE_200/MG5_PROC/SubProcesses/P1_gg_h2h2/maxamps.inc	file	132	25f44ebb2a7b47b434d968a4d91a07af4e7652148710261c854ef0b13d363dcf
runs/A_PI_NATIVE/pi_ufo_baseline_v1/build/A_PI_NATIVE_200/MG5_PROC/SubProcesses/P1_gg_h2h2/mg.sym	file	8	ce0beb5d3db56633838f88474455c79deba0d0ba4a099b11351d3db3921ab6e1
runs/A_PI_NATIVE/pi_ufo_baseline_v1/build/A_PI_NATIVE_200/MG5_PROC/SubProcesses/P1_gg_h2h2/mirrorprocs.inc	file	43	935a25c04c2fb91c02081b241829da3156e4269aeb0e32009dfeb83a04edd2c1
runs/A_PI_NATIVE/pi_ufo_baseline_v1/build/A_PI_NATIVE_200/MG5_PROC/SubProcesses/P1_gg_h2h2/myamp.o	file	17688	16dcee59ed339bdd826e30521b9aa5b898cbeaafb59a93b9b83c1a8e580b5f21
runs/A_PI_NATIVE/pi_ufo_baseline_v1/build/A_PI_NATIVE_200/MG5_PROC/SubProcesses/P1_gg_h2h2/ncombs.inc	file	56	06bf072f92425bdfbe34d5da8c6c7f2bd1265799bdcd750f0d4ff3aaeff196d8
runs/A_PI_NATIVE/pi_ufo_baseline_v1/build/A_PI_NATIVE_200/MG5_PROC/SubProcesses/P1_gg_h2h2/nexternal.inc	file	114	74fd71600ab057b2329dd63d20970faad5acc6b19819e455d0bbe4cf75680b28
runs/A_PI_NATIVE/pi_ufo_baseline_v1/build/A_PI_NATIVE_200/MG5_PROC/SubProcesses/P1_gg_h2h2/ngraphs.inc	file	55	f025f52826df5616a1bbec3d33e320238090bd6bad71ee9bc1551cdfb42dfac9
runs/A_PI_NATIVE/pi_ufo_baseline_v1/build/A_PI_NATIVE_200/MG5_PROC/SubProcesses/P1_gg_h2h2/pmass.inc	file	96	d82449c6077b613993a1d7818fd712f54c84524a103ed6d10c329143cc290ebe
runs/A_PI_NATIVE/pi_ufo_baseline_v1/build/A_PI_NATIVE_200/MG5_PROC/SubProcesses/P1_gg_h2h2/processes.dat	file	32	d02cb2e05bd9bc3a660ecf35d59c925045b9407ae2185908fc7ed57b84b991b5
runs/A_PI_NATIVE/pi_ufo_baseline_v1/build/A_PI_NATIVE_200/MG5_PROC/SubProcesses/P1_gg_h2h2/props.inc	file	88	c8f09d5645099a2196e2ffc6b772a951772c587501a11fd665299f28df9ceb70
runs/A_PI_NATIVE/pi_ufo_baseline_v1/build/A_PI_NATIVE_200/MG5_PROC/SubProcesses/P1_gg_h2h2/reweight.o	file	45888	6c8724fd1aeae4fbf4f9f3c76538347cb1797afca4e8aa9f52d8798958ddc186
runs/A_PI_NATIVE/pi_ufo_baseline_v1/build/A_PI_NATIVE_200/MG5_PROC/SubProcesses/P1_gg_h2h2/setcuts.o	file	27384	8d6b6cc9455bf671809f09333cf7655359be0c11d1302502157739d550975886
runs/A_PI_NATIVE/pi_ufo_baseline_v1/build/A_PI_NATIVE_200/MG5_PROC/SubProcesses/P1_gg_h2h2/setscales.o	file	4840	57be7ada425b994d430a888b3ffc10cc45bb1483978d24099ef0eecf9cc64c8f
runs/A_PI_NATIVE/pi_ufo_baseline_v1/build/A_PI_NATIVE_200/MG5_PROC/SubProcesses/P1_gg_h2h2/symfact.dat	file	17	d41353f57e2a4260b59af832af1de7db5f6c90b3c64ffc3b13ce59ba4fe4a774
runs/A_PI_NATIVE/pi_ufo_baseline_v1/build/A_PI_NATIVE_200/MG5_PROC/SubProcesses/P1_gg_h2h2/symfact_orig.dat	file	7	0f8d6984b4abd7a95420e165b32ff8258634f06eb5648c390575f726c0b045f6
runs/A_PI_NATIVE/pi_ufo_baseline_v1/build/A_PI_NATIVE_200/MG5_PROC/SubProcesses/P1_gg_h2h2/symmetry.o	file	19344	dfca6341955a8c7a0d4b7740e9f03a15898ff52f0205edb49201ca38860ebea0
runs/A_PI_NATIVE/pi_ufo_baseline_v1/build/A_PI_NATIVE_200/MG5_PROC/SubProcesses/P1_gg_h2h2/symperms.inc	file	47	f1f1925d51fcba3df8d683d8c1ea6497c56d6dea4978686d428fccdc549b06fd
runs/A_PI_NATIVE/pi_ufo_baseline_v1/build/A_PI_NATIVE_200/MG5_PROC/SubProcesses/P1_gg_h2h2/symswap.inc	file	65	9eee3eaf8365eb19d489c170079bb88598bbb79744432fd88bfbc7c4449414c1
runs/A_PI_NATIVE/pi_ufo_baseline_v1/build/A_PI_NATIVE_200/MG5_PROC/SubProcesses/P1_gg_h2h2/template_matrix1.f	file	13652	18401b1c27fd74a81ab55475b66469feaf6e28bcc9bc8c1157654b2e2770e2d2
runs/A_PI_NATIVE/pi_ufo_baseline_v1/build/A_PI_NATIVE_200/MG5_PROC/SubProcesses/P1_gg_h2h2/unwgt.o	file	38664	2f0586eb342f98a2b6e79fae3d5f296b920380f340230bd24f1f710e07aad1f2
runs/A_PI_NATIVE/pi_ufo_baseline_v1/build/A_PI_NATIVE_200/MG5_PROC/SubProcesses/addmothers.f	file	46762	0e966f5242bdc70bbb96d606cd1aa73bfe40ea152d76a505600ad77a811a0120
runs/A_PI_NATIVE/pi_ufo_baseline_v1/build/A_PI_NATIVE_200/MG5_PROC/SubProcesses/cluster.f	file	32017	651a462c5d36410dd4092e6543bd9bac1e35d518ae01949ac654a165cf330d4a
runs/A_PI_NATIVE/pi_ufo_baseline_v1/build/A_PI_NATIVE_200/MG5_PROC/SubProcesses/cluster.inc	file	1723	19710e29a625143930935b641cbbb38fe3e535224bc910f5982a9f77c7076d0a
runs/A_PI_NATIVE/pi_ufo_baseline_v1/build/A_PI_NATIVE_200/MG5_PROC/SubProcesses/cuts.f	file	55278	c077cc390dc052a8526ddb187c98005e08bab7e5d999c8c879b66a1500b65c2c
runs/A_PI_NATIVE/pi_ufo_baseline_v1/build/A_PI_NATIVE_200/MG5_PROC/SubProcesses/done	file	0	e3b0c44298fc1c149afbf4c8996fb92427ae41e4649b934ca495991b7852b855
runs/A_PI_NATIVE/pi_ufo_baseline_v1/build/A_PI_NATIVE_200/MG5_PROC/SubProcesses/dummy_fct.f	file	5288	b3ac74b7ff05185bbe4a2e9647f501c53dc5fcd5502075b37c4a54179b3b1b33
runs/A_PI_NATIVE/pi_ufo_baseline_v1/build/A_PI_NATIVE_200/MG5_PROC/SubProcesses/genps.f	file	65885	fff7a5138e8c171d5fa235c057cee987c31df92c551e890b3f62991a59bdede7
runs/A_PI_NATIVE/pi_ufo_baseline_v1/build/A_PI_NATIVE_200/MG5_PROC/SubProcesses/idenparts.f	file	2119	0584c11e0f53fba6a2747d1918150e2841ee6cead3972b3bdc50d1b9be9d5a0f
runs/A_PI_NATIVE/pi_ufo_baseline_v1/build/A_PI_NATIVE_200/MG5_PROC/SubProcesses/initcluster.f	file	1721	b83e276ade00f20369ad1d2f300ee21940e9650d60084eb7b59fa6e9da575704
runs/A_PI_NATIVE/pi_ufo_baseline_v1/build/A_PI_NATIVE_200/MG5_PROC/SubProcesses/makefile	file	3212	9704832a58bb3eb3ca1e8ac4db29f8735ae863c278f65a3b6537dc886b1ecd48
runs/A_PI_NATIVE/pi_ufo_baseline_v1/build/A_PI_NATIVE_200/MG5_PROC/SubProcesses/message.inc	file	48	9d5515b45568d67213152a88a0ad8bdef0a8c4dfc9153c682293f8073942d0c5
runs/A_PI_NATIVE/pi_ufo_baseline_v1/build/A_PI_NATIVE_200/MG5_PROC/SubProcesses/myamp.f	file	21004	cb45cac4a4d64d5aa69c84b4c8ebd73c0c4ef3ad82cea55c451532705cdcbaa1
runs/A_PI_NATIVE/pi_ufo_baseline_v1/build/A_PI_NATIVE_200/MG5_PROC/SubProcesses/proc_characteristics	file	538	3eb390c2ed247d28d7e98a32c56a534342e277b1ce36a2d02111df9bb343e5a6
runs/A_PI_NATIVE/pi_ufo_baseline_v1/build/A_PI_NATIVE_200/MG5_PROC/SubProcesses/procdef_mg5.dat	file	2203	12cf2782a72af64a5d5232b6b831bb66503769d25803bb5d4efc46b0a81e0791
runs/A_PI_NATIVE/pi_ufo_baseline_v1/build/A_PI_NATIVE_200/MG5_PROC/SubProcesses/randinit	file	5	56a28a79e795b6d78c747742159be83c55405d7ca10e7179703b29b8329b8eb0
runs/A_PI_NATIVE/pi_ufo_baseline_v1/build/A_PI_NATIVE_200/MG5_PROC/SubProcesses/refine.sh	file	2484	86fd2e92d3e8c3a2fff476b4ed8193616178868f98bf63e14cd8e9b6f94b6ff0
runs/A_PI_NATIVE/pi_ufo_baseline_v1/build/A_PI_NATIVE_200/MG5_PROC/SubProcesses/refine_splitted.sh	file	2032	ce244c7d9c40098c9459fccf4153886201f00ab35c232eb69fe9b021448056c4
runs/A_PI_NATIVE/pi_ufo_baseline_v1/build/A_PI_NATIVE_200/MG5_PROC/SubProcesses/results.dat	file	189	51e74d4a8097c2faf056a83cc3ea359d15c8cae4f21c34936c26185c9230ff7a
runs/A_PI_NATIVE/pi_ufo_baseline_v1/build/A_PI_NATIVE_200/MG5_PROC/SubProcesses/reweight.f	file	68991	a505ba2611cee9c335b94d016956fbdd07c981431009c944e1561c02d4fd1014
runs/A_PI_NATIVE/pi_ufo_baseline_v1/build/A_PI_NATIVE_200/MG5_PROC/SubProcesses/setcuts.f	file	35393	f0e3e5e3ad3f5599fa56aa7baef614112e383ee51701caa38d16c977185cab18
runs/A_PI_NATIVE/pi_ufo_baseline_v1/build/A_PI_NATIVE_200/MG5_PROC/SubProcesses/setscales.f	file	6849	6308378112ef4dfcf12af53bf322f1c564294fc98e63948bd7323fb13a004c28
runs/A_PI_NATIVE/pi_ufo_baseline_v1/build/A_PI_NATIVE_200/MG5_PROC/SubProcesses/subproc.mg	file	11	25373adac33ffc2eabb28ca6d596ab3b4d709f0354f6ffc5f1313b0a80dbff86
runs/A_PI_NATIVE/pi_ufo_baseline_v1/build/A_PI_NATIVE_200/MG5_PROC/SubProcesses/subproc.txt	file	10	d9cd0ac93ce2f17b682820fae7d43be3065b27acff843c228e939af3a27c94e1
runs/A_PI_NATIVE/pi_ufo_baseline_v1/build/A_PI_NATIVE_200/MG5_PROC/SubProcesses/sudakov.inc	file	960	e9271a4ce6644118a2feb3d4da31c6c9f4a928a9877999b45a24fe76a960676c
runs/A_PI_NATIVE/pi_ufo_baseline_v1/build/A_PI_NATIVE_200/MG5_PROC/SubProcesses/survey.sh	file	1823	94975fb5487b8ca1f888a4dd285eb474671616f67347724c002a038ecd364077
runs/A_PI_NATIVE/pi_ufo_baseline_v1/build/A_PI_NATIVE_200/MG5_PROC/SubProcesses/symmetry.f	file	20076	ac58500c883d11c50631e4fa6443c3445c1b0babf74f792191237fa4639c79c3
runs/A_PI_NATIVE/pi_ufo_baseline_v1/build/A_PI_NATIVE_200/MG5_PROC/SubProcesses/unwgt.f	file	25753	fafc8b2fc8e652c363a455fcf729dd113338111e799dd96478c351d0746303a3
runs/A_PI_NATIVE/pi_ufo_baseline_v1/build/A_PI_NATIVE_200/MG5_PROC/TemplateVersion.txt	file	6	732f64d874f90788c0199b0c19bfd9b3b6436e140114e53e462832532d74c61c
runs/A_PI_NATIVE/pi_ufo_baseline_v1/build/A_PI_NATIVE_200/MG5_PROC/bin	dir	4096	
runs/A_PI_NATIVE/pi_ufo_baseline_v1/build/A_PI_NATIVE_200/MG5_PROC/bin/cleanall	file	915	72f285016ba0ab688a54eeca202b4355c219fb7f71df42b543ce107cc6b88e83
runs/A_PI_NATIVE/pi_ufo_baseline_v1/build/A_PI_NATIVE_200/MG5_PROC/bin/generate_events	file	5885	3b454a48b9ee004458c0f67333711f05b2bb77ddfb0adb6c2edaddea7142c904
runs/A_PI_NATIVE/pi_ufo_baseline_v1/build/A_PI_NATIVE_200/MG5_PROC/bin/internal	dir	4096	
runs/A_PI_NATIVE/pi_ufo_baseline_v1/build/A_PI_NATIVE_200/MG5_PROC/bin/internal/FO_analyse_card.py	file	5863	a43b37ac9ee097deb85e4f1b5abca970b9ed32188d33f811f618b77ec4ce6ac6
runs/A_PI_NATIVE/pi_ufo_baseline_v1/build/A_PI_NATIVE_200/MG5_PROC/bin/internal/Gridpack	dir	4096	
runs/A_PI_NATIVE/pi_ufo_baseline_v1/build/A_PI_NATIVE_200/MG5_PROC/bin/internal/Gridpack/TheChopper-pl	file	3411	f29c49ca38de88342aac701816f450e16c43a0ebd7fe7108d33155d25b8307ab
runs/A_PI_NATIVE/pi_ufo_baseline_v1/build/A_PI_NATIVE_200/MG5_PROC/bin/internal/Gridpack/clean4grid	file	2812	f70e6afe62424341b6e1027081e0da581aa40346395813def5e91d04e0b3f333
runs/A_PI_NATIVE/pi_ufo_baseline_v1/build/A_PI_NATIVE_200/MG5_PROC/bin/internal/Gridpack/compile	file	2904	997f461bc3478232ed4fb91e8b78daf153fddddfd31f266c52cab170cde69835
runs/A_PI_NATIVE/pi_ufo_baseline_v1/build/A_PI_NATIVE_200/MG5_PROC/bin/internal/Gridpack/gridrun	file	3552	cac88b757101714b1a5f6f994d98a1a732b3ab3dd42653d77761bb4a01401e49
runs/A_PI_NATIVE/pi_ufo_baseline_v1/build/A_PI_NATIVE_200/MG5_PROC/bin/internal/Gridpack/refine4grid	file	2513	04309e5de8ebd7fe140463b17dcb127e2d00f6c2155d0008526d8f0bca119f60
runs/A_PI_NATIVE/pi_ufo_baseline_v1/build/A_PI_NATIVE_200/MG5_PROC/bin/internal/Gridpack/replace.pl	file	6418	e476e4e0d5c7db8ca88ceb94fefe564a03b43c70af7915e76cd4d735607013f4
runs/A_PI_NATIVE/pi_ufo_baseline_v1/build/A_PI_NATIVE_200/MG5_PROC/bin/internal/Gridpack/run.sh	file	2761	3077a291e502ae5f351aa21a58cbe070720f2ba9612eeb8b18e443af96382d4c
runs/A_PI_NATIVE/pi_ufo_baseline_v1/build/A_PI_NATIVE_200/MG5_PROC/bin/internal/__init__.py	file	2270	6371c71acf6135d279bc3935b7fae4f758ba3e583f15978b9cea8adc52dccf26
runs/A_PI_NATIVE/pi_ufo_baseline_v1/build/A_PI_NATIVE_200/MG5_PROC/bin/internal/__pycache__	dir	4096	
runs/A_PI_NATIVE/pi_ufo_baseline_v1/build/A_PI_NATIVE_200/MG5_PROC/bin/internal/__pycache__/FO_analyse_card.cpython-312.opt-1.pyc	file	6762	dc9686ce6c019f569a44c0cf902f0b23c06951aac3cc662bf25583c59928662f
runs/A_PI_NATIVE/pi_ufo_baseline_v1/build/A_PI_NATIVE_200/MG5_PROC/bin/internal/__pycache__/__init__.cpython-312.opt-1.pyc	file	2766	1ca50e30ef1b4586277d527382f054efa223b6e89197d72678f84c5331c4982d
runs/A_PI_NATIVE/pi_ufo_baseline_v1/build/A_PI_NATIVE_200/MG5_PROC/bin/internal/__pycache__/banner.cpython-312.opt-1.pyc	file	276720	bf5dde2b25c05caf12c4c68a66143f8a0b4488fb9dbd1eb2ce6ebf58efb709ab
runs/A_PI_NATIVE/pi_ufo_baseline_v1/build/A_PI_NATIVE_200/MG5_PROC/bin/internal/__pycache__/check_param_card.cpython-312.opt-1.pyc	file	93136	83aa82891151c04dada5fb1b25e2f3c251bdc092de7b0ddcf4294f83d783f6b4
runs/A_PI_NATIVE/pi_ufo_baseline_v1/build/A_PI_NATIVE_200/MG5_PROC/bin/internal/__pycache__/cluster.cpython-312.opt-1.pyc	file	96511	aafbb38226ed3c889c2970744129a3b9a6b5ba3ce2ec3727cd03bb6203b9d82a
runs/A_PI_NATIVE/pi_ufo_baseline_v1/build/A_PI_NATIVE_200/MG5_PROC/bin/internal/__pycache__/coloring_logging.cpython-312.opt-1.pyc	file	3707	5f30155bcb1b14f504a383c062c344b45bb9d90c2465609c412044e09fd78fd0
runs/A_PI_NATIVE/pi_ufo_baseline_v1/build/A_PI_NATIVE_200/MG5_PROC/bin/internal/__pycache__/combine_grid.cpython-312.opt-1.pyc	file	33158	65a560684f323e8758ce9ad7c8d1ff05765ebf45eab2859f97b19e1235d12bc5
runs/A_PI_NATIVE/pi_ufo_baseline_v1/build/A_PI_NATIVE_200/MG5_PROC/bin/internal/__pycache__/combine_runs.cpython-312.opt-1.pyc	file	8738	ba3ce9984910da9aae1879c91ad42a7710f5157659e5d6bf79a72c4064f7d3a5
runs/A_PI_NATIVE/pi_ufo_baseline_v1/build/A_PI_NATIVE_200/MG5_PROC/bin/internal/__pycache__/common_run_interface.cpython-312.opt-1.pyc	file	415359	afe80a5d15b697aca080b84be01817b8418ca82a0a54918089d7e7edc316f6f3
runs/A_PI_NATIVE/pi_ufo_baseline_v1/build/A_PI_NATIVE_200/MG5_PROC/bin/internal/__pycache__/extended_cmd.cpython-312.opt-1.pyc	file	146707	48159e5892a209bc1fe897bb0072714fbb81482e2b87aa40b98d3c719fd17905
runs/A_PI_NATIVE/pi_ufo_baseline_v1/build/A_PI_NATIVE_200/MG5_PROC/bin/internal/__pycache__/file_writers.cpython-312.opt-1.pyc	file	39580	1eb8e6810e7746af122148c87280a3d01e28ea3bb5d855b9144429d41bd995b2
runs/A_PI_NATIVE/pi_ufo_baseline_v1/build/A_PI_NATIVE_200/MG5_PROC/bin/internal/__pycache__/files.cpython-312.opt-1.pyc	file	11083	6bec3c1f2568654b645463eddbee27a6be525d5d02f19179c2de11666e26fc86
runs/A_PI_NATIVE/pi_ufo_baseline_v1/build/A_PI_NATIVE_200/MG5_PROC/bin/internal/__pycache__/gen_crossxhtml.cpython-312.opt-1.pyc	file	66852	1c0bdc9d85c20c466ff42053d5f957074b77f203abde65f588435981fd2adce2
runs/A_PI_NATIVE/pi_ufo_baseline_v1/build/A_PI_NATIVE_200/MG5_PROC/bin/internal/__pycache__/gen_ximprove.cpython-312.opt-1.pyc	file	92695	c5d158d0ba14633573727a617444ef00e191ecd4389990e22003eb9c14095676
runs/A_PI_NATIVE/pi_ufo_baseline_v1/build/A_PI_NATIVE_200/MG5_PROC/bin/internal/__pycache__/hel_recycle.cpython-312.opt-1.pyc	file	45142	5704029b0c0e288cfa466babad01851ed762d78c13a6cc905933a20e4ef1a063
runs/A_PI_NATIVE/pi_ufo_baseline_v1/build/A_PI_NATIVE_200/MG5_PROC/bin/internal/__pycache__/lhe_parser.cpython-312.opt-1.pyc	file	146424	13e88d3a458b13fbd7b30e4bca7ca3bd5deb1c8984cdf3aed916c68040804530
runs/A_PI_NATIVE/pi_ufo_baseline_v1/build/A_PI_NATIVE_200/MG5_PROC/bin/internal/__pycache__/madevent_interface.cpython-312.opt-1.pyc	file	368943	bf1798d1174ba45e09a177bb6497a4e2678ac33de9ce2dcd1157aef4bd043939
runs/A_PI_NATIVE/pi_ufo_baseline_v1/build/A_PI_NATIVE_200/MG5_PROC/bin/internal/__pycache__/misc.cpython-312.opt-1.pyc	file	112663	a3dad8f92100c8f926e3cb42fc4a0059fdad2e787b0bff2a36befc042fff1f5c
runs/A_PI_NATIVE/pi_ufo_baseline_v1/build/A_PI_NATIVE_200/MG5_PROC/bin/internal/__pycache__/save_load_object.cpython-312.opt-1.pyc	file	4510	72a74a784731f355cde45f3ddfdaaf2e9d479c7da2f49b78fc1a429192024ce2
runs/A_PI_NATIVE/pi_ufo_baseline_v1/build/A_PI_NATIVE_200/MG5_PROC/bin/internal/__pycache__/shower_card.cpython-312.opt-1.pyc	file	16718	8eb63efb010f0ebe60f73318f6d2d88342967e72434d7bfde8fb8d825590a9d8
runs/A_PI_NATIVE/pi_ufo_baseline_v1/build/A_PI_NATIVE_200/MG5_PROC/bin/internal/__pycache__/sum_html.cpython-312.opt-1.pyc	file	39825	6396317edd5788c1494797cff75222040a61d76cfa0c68d3fd063a34060a6b71
runs/A_PI_NATIVE/pi_ufo_baseline_v1/build/A_PI_NATIVE_200/MG5_PROC/bin/internal/addmasses_optional.py	file	10027	41ff69c9ebeb9cfb2e8bf23a34cd74723f207471e1f0eadd3f3cb018ba92d042
runs/A_PI_NATIVE/pi_ufo_baseline_v1/build/A_PI_NATIVE_200/MG5_PROC/bin/internal/banner.py	file	276635	04e364bd29ee26cd6d84240de49edd5a0c2a4d15272ddb6edc323ea4ff0eb685
runs/A_PI_NATIVE/pi_ufo_baseline_v1/build/A_PI_NATIVE_200/MG5_PROC/bin/internal/check_param_card.py	file	73864	48b64f72f246687d3b7ed9dc30ebac5507a81ba5691276af29ef1e17ec37ad2f
runs/A_PI_NATIVE/pi_ufo_baseline_v1/build/A_PI_NATIVE_200/MG5_PROC/bin/internal/clean	file	718	dfdc00d3c3e9ac3f966c4ace24cbbab7e4a2f3780f33f07a0463d6ec9eb83eaf
runs/A_PI_NATIVE/pi_ufo_baseline_v1/build/A_PI_NATIVE_200/MG5_PROC/bin/internal/clean_template	file	2842	f6bcadb43be98c2a98c28765ca6e1bef7debde0e211270759e5dddce0fd5deb2
runs/A_PI_NATIVE/pi_ufo_baseline_v1/build/A_PI_NATIVE_200/MG5_PROC/bin/internal/cluster.py	file	84691	f18d05b07b2f36bdc9e3658507c0f0e759c0be3c7584a3c07bbd5cdba3a6d5fd
runs/A_PI_NATIVE/pi_ufo_baseline_v1/build/A_PI_NATIVE_200/MG5_PROC/bin/internal/coloring_logging.py	file	3301	a8027424a9810a5332523b2f37f2a8acda222a5fca75b78cd225474017f3b486
runs/A_PI_NATIVE/pi_ufo_baseline_v1/build/A_PI_NATIVE_200/MG5_PROC/bin/internal/combine_grid.py	file	29721	4ebc76f6ed1e40752c0faba92b2dc88e854e4978df9610a61558b1c6f65d0a7c
runs/A_PI_NATIVE/pi_ufo_baseline_v1/build/A_PI_NATIVE_200/MG5_PROC/bin/internal/combine_runs.py	file	6910	1ac132149aebd19b9f20d63617245f70dc947559bc81d8fbdaf103ef43fc9476
runs/A_PI_NATIVE/pi_ufo_baseline_v1/build/A_PI_NATIVE_200/MG5_PROC/bin/internal/common_run_interface.py	file	367601	df07c70f8dac590345f0e6c195ef6d63ecd5db153bad2946d9285187cee4a733
runs/A_PI_NATIVE/pi_ufo_baseline_v1/build/A_PI_NATIVE_200/MG5_PROC/bin/internal/create_matching_plots.C	file	723	fe1bd40e7e21cffe4d033d136f9f59d7df37af32818ca39b76439d90925e08c3
runs/A_PI_NATIVE/pi_ufo_baseline_v1/build/A_PI_NATIVE_200/MG5_PROC/bin/internal/create_matching_plots.sh	file	943	b18887efa732028e4145d90add7b619d1abefc62098eb4381851ece166c9bb2d
runs/A_PI_NATIVE/pi_ufo_baseline_v1/build/A_PI_NATIVE_200/MG5_PROC/bin/internal/eval.sh	file	20	6d167bcde1277a9c85d5413a825e17eda41f47082c6171905850477caeeb326d
runs/A_PI_NATIVE/pi_ufo_baseline_v1/build/A_PI_NATIVE_200/MG5_PROC/bin/internal/extended_cmd.py	file	129251	73b6f30afb200b4e1d169908b72e04ab9c2cfd558ffc743f330db5129b31d22c
runs/A_PI_NATIVE/pi_ufo_baseline_v1/build/A_PI_NATIVE_200/MG5_PROC/bin/internal/extract_banner-pl	file	508	6960620d20ab0e702df2ee0d6d0f5f27296d5ebac374a88520f7b70cdb2b4d32
runs/A_PI_NATIVE/pi_ufo_baseline_v1/build/A_PI_NATIVE_200/MG5_PROC/bin/internal/file_writers.py	file	41579	fff9a790853aa44559bd04bda7371b466c4b4ed6476e77445105a8af876d203b
runs/A_PI_NATIVE/pi_ufo_baseline_v1/build/A_PI_NATIVE_200/MG5_PROC/bin/internal/files.py	file	8707	cfec87ab0e4071abbf9989f1b029ee1128e02d7a435e79852294b4f3cab7ccde
runs/A_PI_NATIVE/pi_ufo_baseline_v1/build/A_PI_NATIVE_200/MG5_PROC/bin/internal/gen_cardhtml-pl	file	10534	30b1cbdbd4d88a035824dc90e3ddd1f6f6c2e7f1618e1719511c3c3c28aa2236
runs/A_PI_NATIVE/pi_ufo_baseline_v1/build/A_PI_NATIVE_200/MG5_PROC/bin/internal/gen_crossxhtml.py	file	71047	ba2646284802d699fb4ce34b4980749a1284374365e7780cd2e8cb8d1c84482f
runs/A_PI_NATIVE/pi_ufo_baseline_v1/build/A_PI_NATIVE_200/MG5_PROC/bin/internal/gen_jpeg-pl	file	2941	3bba9f0f4b861372111bfa4641c4b9600d97b7c7e43823f1313cb61a321bb1e2
runs/A_PI_NATIVE/pi_ufo_baseline_v1/build/A_PI_NATIVE_200/MG5_PROC/bin/internal/gen_ximprove.py	file	85872	9c5c32bb4e610234dde339ed88de75174ee280bd3e06b073ca3ff61a5a8ae167
runs/A_PI_NATIVE/pi_ufo_baseline_v1/build/A_PI_NATIVE_200/MG5_PROC/bin/internal/hel_recycle.py	file	31149	8ec199b1746f73fdd26cff06e0bee46e1c482a71e7f3646bb349f88ccaeb978e
runs/A_PI_NATIVE/pi_ufo_baseline_v1/build/A_PI_NATIVE_200/MG5_PROC/bin/internal/histograms.py	file	176703	8fe6f18a51f4a41389436a32fdf01e8f284f15067efdc40a5d7e0c28ad2c7f2c
runs/A_PI_NATIVE/pi_ufo_baseline_v1/build/A_PI_NATIVE_200/MG5_PROC/bin/internal/lhe_parser.py	file	136178	21056fcacdc41b56aacf3584e4ee30504a646edce31629e4c119b3a7600273c8
runs/A_PI_NATIVE/pi_ufo_baseline_v1/build/A_PI_NATIVE_200/MG5_PROC/bin/internal/madevent_interface.py	file	350048	5073c8c649d0c35bc0cae69a1eb09e42dc3a0e85fba9b15b2b47a242107cecef
runs/A_PI_NATIVE/pi_ufo_baseline_v1/build/A_PI_NATIVE_200/MG5_PROC/bin/internal/make_gridpack	file	438	b32aacebbeddd45d84d898a457062e4b1b6946349c54f8abe8d774cc17a9a012
runs/A_PI_NATIVE/pi_ufo_baseline_v1/build/A_PI_NATIVE_200/MG5_PROC/bin/internal/make_madevent_tar	file	215	1f9bea9265eb1c49a8b2274a0f0284ad3fe6628e1b4489681931f5000028c810
runs/A_PI_NATIVE/pi_ufo_baseline_v1/build/A_PI_NATIVE_200/MG5_PROC/bin/internal/me5_logging.conf	file	2611	a593dfa321744db9344d6b722a9208910469af501a38513a030096f0b2f08948
runs/A_PI_NATIVE/pi_ufo_baseline_v1/build/A_PI_NATIVE_200/MG5_PROC/bin/internal/merge.pl	file	10475	be04f05efda2bb515a723276ee947f98b8da7705b72dc41d3ff4cd638cf016df
runs/A_PI_NATIVE/pi_ufo_baseline_v1/build/A_PI_NATIVE_200/MG5_PROC/bin/internal/misc.py	file	94456	074368ffb6204bf3c822a622ee074f5197c53bda7b4c5310dcf8c4fb4a057149
runs/A_PI_NATIVE/pi_ufo_baseline_v1/build/A_PI_NATIVE_200/MG5_PROC/bin/internal/monitor	file	1137	91020174912796bbe93d4bc5a04b42e6ef973ddb58d1ba8454661e7b82efd33c
runs/A_PI_NATIVE/pi_ufo_baseline_v1/build/A_PI_NATIVE_200/MG5_PROC/bin/internal/multicore	file	478	58ee77d2f9cb743d4cd7ff23f4a97512c62725fceb8da0900d14c2cb23341d08
runs/A_PI_NATIVE/pi_ufo_baseline_v1/build/A_PI_NATIVE_200/MG5_PROC/bin/internal/plot	file	1467	58343673450356ea31858f251ecf9e2c14da1c81c9978fa69d22c244c1c25cc9
runs/A_PI_NATIVE/pi_ufo_baseline_v1/build/A_PI_NATIVE_200/MG5_PROC/bin/internal/plot_djrs.py	file	7143	154178e34982ecad225e7067eb04690d72643732963147be013de62df386203f
runs/A_PI_NATIVE/pi_ufo_baseline_v1/build/A_PI_NATIVE_200/MG5_PROC/bin/internal/plot_page-pl	file	3521	41f363947856f97ecc26d605671a1a0ccb5cef2ff33f27d149191269ca92db89
runs/A_PI_NATIVE/pi_ufo_baseline_v1/build/A_PI_NATIVE_200/MG5_PROC/bin/internal/plot_pypage-pl	file	2426	063e24ab272f9d7795164b4fdc600484bfe03b4603caa8f866b8f3a26c640c84
runs/A_PI_NATIVE/pi_ufo_baseline_v1/build/A_PI_NATIVE_200/MG5_PROC/bin/internal/plot_tree.C	file	2436	dac4d5d361cf3ab788d086a25144b3af7b8b8d7e7e4706b77c48f85f1cb9f94a
runs/A_PI_NATIVE/pi_ufo_baseline_v1/build/A_PI_NATIVE_200/MG5_PROC/bin/internal/restore_data	file	1518	aa337f19616ee50170f98204805569038d3d1bfe2276e2267275ae78c9f2719e
runs/A_PI_NATIVE/pi_ufo_baseline_v1/build/A_PI_NATIVE_200/MG5_PROC/bin/internal/run_combine	file	323	22d90ff09e294d63bc7bddd9af9202b026c2763dc9855bb0f852dcba82e6847e
runs/A_PI_NATIVE/pi_ufo_baseline_v1/build/A_PI_NATIVE_200/MG5_PROC/bin/internal/run_delphes	file	1171	e37c42ab4ed5be796e5dc45ff6918edfbf92e206c9be9872ae0eaf6f125bb958
runs/A_PI_NATIVE/pi_ufo_baseline_v1/build/A_PI_NATIVE_200/MG5_PROC/bin/internal/run_delphes3	file	1675	210683a1c9f34bf863bff6d2a7106c22c64d40e9fd012ba6d89bbe6852fe47eb
runs/A_PI_NATIVE/pi_ufo_baseline_v1/build/A_PI_NATIVE_200/MG5_PROC/bin/internal/run_genissud	file	2418	a1fb4351a215baae8915ad3c6c2ab2ba9f1ee478dcc196da8bfb1cd057bb92d3
runs/A_PI_NATIVE/pi_ufo_baseline_v1/build/A_PI_NATIVE_200/MG5_PROC/bin/internal/run_hep2lhe	file	824	4c280cfad5ff4f0bbafc47233e28980352b5530d73f1286f4f672496bc681046
runs/A_PI_NATIVE/pi_ufo_baseline_v1/build/A_PI_NATIVE_200/MG5_PROC/bin/internal/run_pgs	file	634	cb1c2537913cc9fc10d237ce225f0547ed8ac85d0fa8021ae74cc3b7e863d9ab
runs/A_PI_NATIVE/pi_ufo_baseline_v1/build/A_PI_NATIVE_200/MG5_PROC/bin/internal/run_plot	file	913	93b3590538f04226fd933a0ba1caa3469c59d31014f3a69d56c35bfbc9c377fd
runs/A_PI_NATIVE/pi_ufo_baseline_v1/build/A_PI_NATIVE_200/MG5_PROC/bin/internal/run_plot_delphes	file	939	a6ce412f11761a9b647b6b5a564852165343c8bcf0f6928cd74d54f675695e77
runs/A_PI_NATIVE/pi_ufo_baseline_v1/build/A_PI_NATIVE_200/MG5_PROC/bin/internal/run_plot_pgs	file	902	0860957ba69202e5d47a5a535bcfd6ebc07cdadafe52675604fdd3c350ccac40
runs/A_PI_NATIVE/pi_ufo_baseline_v1/build/A_PI_NATIVE_200/MG5_PROC/bin/internal/run_plot_pythia	file	1005	e212bf1c2de6dc86bd50e2dc1023654ad470e9b885cc7a744add9371955526e0
runs/A_PI_NATIVE/pi_ufo_baseline_v1/build/A_PI_NATIVE_200/MG5_PROC/bin/internal/save_load_object.py	file	3723	676b216218f99f6995a22d7df6a9b48b78d0f4d9a1c68aec0e3a27160270b4c9
runs/A_PI_NATIVE/pi_ufo_baseline_v1/build/A_PI_NATIVE_200/MG5_PROC/bin/internal/shower_card.py	file	16856	dcdd28e900b7a7a60bb27e4bbb0ecca5604bf9ea3b4c4caef985d74be082ed8e
runs/A_PI_NATIVE/pi_ufo_baseline_v1/build/A_PI_NATIVE_200/MG5_PROC/bin/internal/store4grid	file	1538	df350c66976db88edfba4b79ee82e672236b78023a89308dcdd59f83bdc7d4bb
runs/A_PI_NATIVE/pi_ufo_baseline_v1/build/A_PI_NATIVE_200/MG5_PROC/bin/internal/sum_html.py	file	32551	b9bbf9f686025d7ab76d9b9b6e1d9990b11f90d2380c3499635e668cd0b6a5f8
runs/A_PI_NATIVE/pi_ufo_baseline_v1/build/A_PI_NATIVE_200/MG5_PROC/bin/internal/syscalc_template.dat	file	362	a2012c82a6521bc4465339c7a707bfecdfea40066be1d7161109b851a54192ed
runs/A_PI_NATIVE/pi_ufo_baseline_v1/build/A_PI_NATIVE_200/MG5_PROC/bin/internal/systematics.py	file	53093	f9e8581c85e05f36282842ae11791eb29ac301d78f889a0b5c53f889056f59de
runs/A_PI_NATIVE/pi_ufo_baseline_v1/build/A_PI_NATIVE_200/MG5_PROC/bin/internal/ufomodel	dir	4096	
runs/A_PI_NATIVE/pi_ufo_baseline_v1/build/A_PI_NATIVE_200/MG5_PROC/bin/internal/ufomodel/CT_couplings.py	file	298	58e07e6b6dea344858f32bccd1948a10768d38a217b88448aa4dc976c0a77b58
runs/A_PI_NATIVE/pi_ufo_baseline_v1/build/A_PI_NATIVE_200/MG5_PROC/bin/internal/ufomodel/__init__.py	file	955	e2198b46e727a0aa09378d715bd33364095057dd910f3b8cf7d7dd6ec1bc71d7
runs/A_PI_NATIVE/pi_ufo_baseline_v1/build/A_PI_NATIVE_200/MG5_PROC/bin/internal/ufomodel/__pycache__	dir	4096	
runs/A_PI_NATIVE/pi_ufo_baseline_v1/build/A_PI_NATIVE_200/MG5_PROC/bin/internal/ufomodel/__pycache__/__init__.cpython-312.opt-1.pyc	file	1432	1f99f9814f94ca36e18755da8541a4033313b70953e41d3c7f798d338ea255e5
runs/A_PI_NATIVE/pi_ufo_baseline_v1/build/A_PI_NATIVE_200/MG5_PROC/bin/internal/ufomodel/__pycache__/coupling_orders.cpython-312.opt-1.pyc	file	571	f0b27d05e733f7c4672692433e800d16da2da326dc4efc08a5818685eaaaa018
runs/A_PI_NATIVE/pi_ufo_baseline_v1/build/A_PI_NATIVE_200/MG5_PROC/bin/internal/ufomodel/__pycache__/couplings.cpython-312.opt-1.pyc	file	13646	2580d9eaf3ad2d10bf1fa633fcc58770c48d28e13fe387f4ad8f1bebcd88c696
runs/A_PI_NATIVE/pi_ufo_baseline_v1/build/A_PI_NATIVE_200/MG5_PROC/bin/internal/ufomodel/__pycache__/decays.cpython-312.opt-1.pyc	file	24525	9f64b9b2483e5d6294b9df673d7fcb547f46ab7a1df516b832c1996200db41e0
runs/A_PI_NATIVE/pi_ufo_baseline_v1/build/A_PI_NATIVE_200/MG5_PROC/bin/internal/ufomodel/__pycache__/form_factors.cpython-312.opt-1.pyc	file	924	124dec3f5ac3adb1ccff666d0f9318f11c8d51133c383793e273e6663bf3cf77
runs/A_PI_NATIVE/pi_ufo_baseline_v1/build/A_PI_NATIVE_200/MG5_PROC/bin/internal/ufomodel/__pycache__/function_library.cpython-312.opt-1.pyc	file	2603	53a60253fea02dbea689ad3a5e68553c64dc57ce62f262c6b56a0c41433fe1c3
runs/A_PI_NATIVE/pi_ufo_baseline_v1/build/A_PI_NATIVE_200/MG5_PROC/bin/internal/ufomodel/__pycache__/function_library.cpython-312.pyc	file	2603	53a60253fea02dbea689ad3a5e68553c64dc57ce62f262c6b56a0c41433fe1c3
runs/A_PI_NATIVE/pi_ufo_baseline_v1/build/A_PI_NATIVE_200/MG5_PROC/bin/internal/ufomodel/__pycache__/lorentz.cpython-312.opt-1.pyc	file	3184	5a2ccc8a413700eb4b89d47051bf7ab146b96605f678067a122d77467b130963
runs/A_PI_NATIVE/pi_ufo_baseline_v1/build/A_PI_NATIVE_200/MG5_PROC/bin/internal/ufomodel/__pycache__/object_library.cpython-312.opt-1.pyc	file	14816	2ddb686f7f53e1cf1e52bbe2cf9dbdf71968ca69dd8436b43dabe17c8bfdf5e5
runs/A_PI_NATIVE/pi_ufo_baseline_v1/build/A_PI_NATIVE_200/MG5_PROC/bin/internal/ufomodel/__pycache__/object_library.cpython-312.pyc	file	14918	845d5b24c191a14bd6527a46621e02f5e542a103b859bed3e52ddd7a9039e52e
runs/A_PI_NATIVE/pi_ufo_baseline_v1/build/A_PI_NATIVE_200/MG5_PROC/bin/internal/ufomodel/__pycache__/parameters.cpython-312.opt-1.pyc	file	11090	f4f162e3ab6737fc3e3c7312d89a625caad25c4e5e1b7d9a737223eb0d4312d2
runs/A_PI_NATIVE/pi_ufo_baseline_v1/build/A_PI_NATIVE_200/MG5_PROC/bin/internal/ufomodel/__pycache__/parameters.cpython-312.pyc	file	11090	f4f162e3ab6737fc3e3c7312d89a625caad25c4e5e1b7d9a737223eb0d4312d2
runs/A_PI_NATIVE/pi_ufo_baseline_v1/build/A_PI_NATIVE_200/MG5_PROC/bin/internal/ufomodel/__pycache__/particles.cpython-312.opt-1.pyc	file	5933	96c9da51227f880f0df0f49986caaa9185744d1bd84fc7c9584e14c66d252021
runs/A_PI_NATIVE/pi_ufo_baseline_v1/build/A_PI_NATIVE_200/MG5_PROC/bin/internal/ufomodel/__pycache__/propagators.cpython-312.opt-1.pyc	file	888	6b84edaa9493d131b91744a299219a1ab30f79c793f7ca387db53c6688911c7f
runs/A_PI_NATIVE/pi_ufo_baseline_v1/build/A_PI_NATIVE_200/MG5_PROC/bin/internal/ufomodel/__pycache__/vertices.cpython-312.opt-1.pyc	file	42253	26eb01b20e8bf7dc5b53418245d13b3d15a12ac2286a590f29c7a1b3a2c17f50
runs/A_PI_NATIVE/pi_ufo_baseline_v1/build/A_PI_NATIVE_200/MG5_PROC/bin/internal/ufomodel/coupling_orders.py	file	665	80d652d3441c1fed3242dc7a4141a12f5a7ccc2f2cc6764dd5d22bb39083d132
runs/A_PI_NATIVE/pi_ufo_baseline_v1/build/A_PI_NATIVE_200/MG5_PROC/bin/internal/ufomodel/couplings.py	file	18621	199021f332fa57314f1a9dbd487a08c8310f9d5b4ce408eaa6c5ea99a649c3f4
runs/A_PI_NATIVE/pi_ufo_baseline_v1/build/A_PI_NATIVE_200/MG5_PROC/bin/internal/ufomodel/decays.py	file	23449	ebb92183abff92cdaf55aeb80399effe2cc0256f1423ce807a390cd420564e23
runs/A_PI_NATIVE/pi_ufo_baseline_v1/build/A_PI_NATIVE_200/MG5_PROC/bin/internal/ufomodel/form_factors.py	file	598	9fdae69a684ddd1eb5963a1695e0f5449045755826aa62a8829569848b32f478
runs/A_PI_NATIVE/pi_ufo_baseline_v1/build/A_PI_NATIVE_200/MG5_PROC/bin/internal/ufomodel/function_library.py	file	3502	af85d1d7e83bc0f7a016258b6cc3e179c4d9fd6778ce553ebf7ff4b8be5b968f
runs/A_PI_NATIVE/pi_ufo_baseline_v1/build/A_PI_NATIVE_200/MG5_PROC/bin/internal/ufomodel/lorentz.py	file	4392	4b818a0fd7a9f1ded91a957251380f4116a30454f8e1fc72e1c7ccacdab6bf8f
runs/A_PI_NATIVE/pi_ufo_baseline_v1/build/A_PI_NATIVE_200/MG5_PROC/bin/internal/ufomodel/object_library.py	file	10877	4bef9ba0a44b89048f5ed02f0c97f5937e1a2ce8a949574bdaa6f67ae80f9e11
runs/A_PI_NATIVE/pi_ufo_baseline_v1/build/A_PI_NATIVE_200/MG5_PROC/bin/internal/ufomodel/param_card.dat	file	1681	520869311058818f46eb103f49c7cee51e1687548685c11e1bf32e73854c1ccf
runs/A_PI_NATIVE/pi_ufo_baseline_v1/build/A_PI_NATIVE_200/MG5_PROC/bin/internal/ufomodel/parameters.py	file	23054	7f84d779ff83dd52bbfecbbfe31df147e2df79faab0bcda716d5908d63b3d45b
runs/A_PI_NATIVE/pi_ufo_baseline_v1/build/A_PI_NATIVE_200/MG5_PROC/bin/internal/ufomodel/particles.py	file	11211	01c61a7a352a5bebb747fff0c9ac3e228fa7575dfc381a339ecb285332b223c6
runs/A_PI_NATIVE/pi_ufo_baseline_v1/build/A_PI_NATIVE_200/MG5_PROC/bin/internal/ufomodel/propagators.py	file	1351	1a4495d00654b6de8044d7a993b798cb12ca7265199f8e25ce42abdfbc98384a
runs/A_PI_NATIVE/pi_ufo_baseline_v1/build/A_PI_NATIVE_200/MG5_PROC/bin/internal/ufomodel/py3_model.pkl	file	57568	fcf34cf532f1ebcb25a16cec98fbab2e6e39a6d01c8f4b88eabd303159f01746
runs/A_PI_NATIVE/pi_ufo_baseline_v1/build/A_PI_NATIVE_200/MG5_PROC/bin/internal/ufomodel/vertices.py	file	36546	60bb131379499fd85ac21da8e15f960cffcf2d33afc54217481730e82648f6ba
runs/A_PI_NATIVE/pi_ufo_baseline_v1/build/A_PI_NATIVE_200/MG5_PROC/bin/internal/ufomodel/write_param_card.py	file	3221	081e24c63a197a6c58fd60a4253e10960738ac35050fe49364941268381ffbb9
runs/A_PI_NATIVE/pi_ufo_baseline_v1/build/A_PI_NATIVE_200/MG5_PROC/bin/madevent	file	8030	13d0f53355f7b52e4ec0218f5e8e3a755e3da07c89d57f74f8df6956500bc9e2
runs/A_PI_NATIVE/pi_ufo_baseline_v1/build/A_PI_NATIVE_200/MG5_PROC/bin/newprocess_mg5	file	3529	f55d3f285147a8bb844d89b0ff3d81b5c3e86584f383a4e3e7c6780a2b795ff8
runs/A_PI_NATIVE/pi_ufo_baseline_v1/build/A_PI_NATIVE_200/MG5_PROC/crossx.html	file	2077	2330beb797979885a985c4ff5a528f1b5d3efa822cb2d3faa4886fd7099e69f3
runs/A_PI_NATIVE/pi_ufo_baseline_v1/build/A_PI_NATIVE_200/MG5_PROC/index.html	file	1997	a299d7752ec20537f921bdf88416851b6e1c52fde1098f35837e6808a57cdb63
runs/A_PI_NATIVE/pi_ufo_baseline_v1/build/A_PI_NATIVE_200/MG5_PROC/lib	dir	4096	
runs/A_PI_NATIVE/pi_ufo_baseline_v1/build/A_PI_NATIVE_200/MG5_PROC/lib/Pdfdata	dir	4096	
runs/A_PI_NATIVE/pi_ufo_baseline_v1/build/A_PI_NATIVE_200/MG5_PROC/lib/Pdfdata/NNPDF23_lo_as_0119_qed_mem0.grid	file	2195378	372e1da9f61b7aca03c25884fd05ab47399809de578ac7ee30df0d09a5c99558
runs/A_PI_NATIVE/pi_ufo_baseline_v1/build/A_PI_NATIVE_200/MG5_PROC/lib/Pdfdata/NNPDF23_lo_as_0130_qed_mem0.grid	file	2195382	5d7378dd34444682a01acbc7215caccf38dffe31b65786a922bb586aee4369b5
runs/A_PI_NATIVE/pi_ufo_baseline_v1/build/A_PI_NATIVE_200/MG5_PROC/lib/Pdfdata/NNPDF23nlo_as_0119_qed_mem0.grid	file	2195169	e1ad3115d9bc36f4cdf43268138ab6c2efb9a4803bff376f493c85260181213e
runs/A_PI_NATIVE/pi_ufo_baseline_v1/build/A_PI_NATIVE_200/MG5_PROC/lib/Pdfdata/cteq5l.tbl	file	134476	8d7d234ec1b3b6c81f76f69e9b8a3114b487344963036bd882246e752a63ef4b
runs/A_PI_NATIVE/pi_ufo_baseline_v1/build/A_PI_NATIVE_200/MG5_PROC/lib/Pdfdata/cteq5m.tbl	file	125607	0c1585bb7e16eef45fef4b7275d206538a0aca157a93159b82dccdeeb3e6adbe
runs/A_PI_NATIVE/pi_ufo_baseline_v1/build/A_PI_NATIVE_200/MG5_PROC/lib/Pdfdata/cteq6d.tbl	file	219892	25912796d9d954a0ee0c7cbc7b7d915c1edb2c378664eb4cc702479ccd39acc1
runs/A_PI_NATIVE/pi_ufo_baseline_v1/build/A_PI_NATIVE_200/MG5_PROC/lib/Pdfdata/cteq6l.tbl	file	219892	8525243c99321fe64d5e8e9f223fd9106069d07bd12bdb14f4b99316e848873e
runs/A_PI_NATIVE/pi_ufo_baseline_v1/build/A_PI_NATIVE_200/MG5_PROC/lib/Pdfdata/cteq6l1.tbl	file	219850	023dce6f7e6f64dfab376ced5d2c487f8ef8d0ccb976d383a2f0a8049370f058
runs/A_PI_NATIVE/pi_ufo_baseline_v1/build/A_PI_NATIVE_200/MG5_PROC/lib/Pdfdata/cteq6m.tbl	file	219888	570c8bda925461c5f15f877a24555d1be9cb17434fe347f8afe6c8724bac4470
runs/A_PI_NATIVE/pi_ufo_baseline_v1/build/A_PI_NATIVE_200/MG5_PROC/lib/Pdfdata/mrsb.dat	file	62054	8e957739754db8a1584d25beb7eab00a55501f794dc38a5d20d539c4347de4ff
runs/A_PI_NATIVE/pi_ufo_baseline_v1/build/A_PI_NATIVE_200/MG5_PROC/lib/Pdfdata/mrse.dat	file	62054	c8b4b7e4f6643563302971d1c9a2acd7bec217515ead22a586839125cab98e8a
runs/A_PI_NATIVE/pi_ufo_baseline_v1/build/A_PI_NATIVE_200/MG5_PROC/lib/Pdfdata/mrst2002nlo.dat	file	145632	bec81dcb0093a68b44e6b15472bbe67c2b883fb59833529307d80a7f16688d4f
runs/A_PI_NATIVE/pi_ufo_baseline_v1/build/A_PI_NATIVE_200/MG5_PROC/lib/libbias.a	file	1452	30678af2aeb0de041816c84b31df68827f1c6d525f1b3b847268eb9a64922179
runs/A_PI_NATIVE/pi_ufo_baseline_v1/build/A_PI_NATIVE_200/MG5_PROC/lib/libcernlib.a	file	20440	dec4fa6ecb5068cb14d125e698071fd0ceea2611d37a51c857f3253ad43d92c4
runs/A_PI_NATIVE/pi_ufo_baseline_v1/build/A_PI_NATIVE_200/MG5_PROC/lib/libdhelas.a	file	45934	91a5994d074bba58224a30e07b59e13c0efb814925cbbf3a0c1b6fdf69577a4d
runs/A_PI_NATIVE/pi_ufo_baseline_v1/build/A_PI_NATIVE_200/MG5_PROC/lib/libdsample.a	file	1863200	e71256189b5a0d4805146c0a91aa29538c929392dc4f3583a55aab63b330c1db
runs/A_PI_NATIVE/pi_ufo_baseline_v1/build/A_PI_NATIVE_200/MG5_PROC/lib/libgammaUPC.a	file	2032	9ea8f61806779aec59782550bb0e9ef39a96dcbab8abff299c911fc62e19bf81
runs/A_PI_NATIVE/pi_ufo_baseline_v1/build/A_PI_NATIVE_200/MG5_PROC/lib/libgeneric.a	file	284108	f7a01aabfb78f7c62868a027c55faec472b1a038fea2fc4d2fcf5339c5eb2323
runs/A_PI_NATIVE/pi_ufo_baseline_v1/build/A_PI_NATIVE_200/MG5_PROC/lib/libmodel.a	file	106754	d5f0cefc2e35659c23835f1e48a2feeff7f5904d7405c043f865c980c93c3f20
runs/A_PI_NATIVE/pi_ufo_baseline_v1/build/A_PI_NATIVE_200/MG5_PROC/lib/libpdf.a	file	185908	e9751b0ca0ffcb6fcb932ff179cced233e714cfe07574bcc922d670721b037bc
runs/A_PI_NATIVE/pi_ufo_baseline_v1/build/A_PI_NATIVE_200/MG5_PROC/madevent.tar.gz	file	3399538	af1dcab9e511e8d4fae543f1fc66e8f99182b400758beee108dce8fb68ac9160
runs/A_PI_NATIVE/pi_ufo_baseline_v1/build/A_PI_NATIVE_200/MG5_PROC/smoke_tag_1_debug.log	file	19520	1a811e0d32cc5b6d70f661616bd6ad251379f3450131782da5638a674af3660a
runs/A_PI_NATIVE/pi_ufo_baseline_v1/build/A_PI_NATIVE_200/PACK_A_SCOPE.txt	file	411	350392ae9e4b71335df78eaf35af563b00b0bba9419ed834413d3ca2f8269e78
runs/A_PI_NATIVE/pi_ufo_baseline_v1/build/A_PI_NATIVE_200/decay.slha	file	474	f12c11eac372629c0275963341370ac94e3f7dd2868554a3af8f1b452968c524
runs/A_PI_NATIVE/pi_ufo_baseline_v1/build/A_PI_NATIVE_200/mg5_events.log	file	2547	e1b2752562517e31377d29d6b51521fec99dfa5f0437443bb512af97280107d6
runs/A_PI_NATIVE/pi_ufo_baseline_v1/build/A_PI_NATIVE_200/mg5_generate.log	file	5770	704619bdd42e44171a1d9d61e5a38fee2fdc79c1055f59963c5bf04d98d554a2
runs/A_PI_NATIVE/pi_ufo_baseline_v1/build/A_PI_NATIVE_200/pack_a_mg5.log	file	40947	fddef63d169d8278080ed933534a73e2f432029730e082932f32a0e83a49a15c
runs/A_PI_NATIVE/pi_ufo_baseline_v1/build/A_PI_NATIVE_200/param_card.dat	file	1643	442e79ea6440fff031aed96d9aa8616f987a425a4f68f4dc16375d55b975e4f4
runs/A_PI_NATIVE/pi_ufo_baseline_v1/build/A_PI_NATIVE_200/point.json	file	1362	83501147178e5ac94aff8d53a7ce26b8afcd1bc379bfece979f1f1f8cdd66d08
runs/A_PI_NATIVE/pi_ufo_baseline_v1/build/A_PI_NATIVE_200/proc_card.dat	file	162	fec16391dad47a6fb527bc1d71ae29aefa5111448bce74b031769b85e640cf70
runs/A_PI_NATIVE/pi_ufo_baseline_v1/build/A_PI_NATIVE_200/provenance.json	file	1946	8817386ad304b9fc7d388fca2edad8da1d1730fd0904aa2c34aa7a96759e827b
runs/A_PI_NATIVE/pi_ufo_baseline_v1/build/A_PI_NATIVE_200/pythia8.cmnd	file	385	65d7721a242f171d260096ac22f78a08923cc035e68d6cb42d0e8192e5ce6458
runs/A_PI_NATIVE/pi_ufo_baseline_v1/build/A_PI_NATIVE_200/run_card.dat	file	342	7b026b397a5d1c3d28915a348d261d67e27ba2ddc75177531c3652732403804f
runs/A_PI_NATIVE/pi_ufo_baseline_v1/build/A_PI_NATIVE_200/run_card.dat.before_zerojet_hotfix	file	384	0f0ea8bd8bda68e30ef4da98d145b6563045b64a13830104806fed244ed2ec1e
runs/A_PI_NATIVE/pi_ufo_baseline_v1/build/A_PI_NATIVE_200/static_tests.log	file	73	f0c6add6887a524e3318195865b0fc39f0c2e4069d859f4d3f45e63103210c62
runs/A_PI_NATIVE/pi_ufo_baseline_v1/build/point_000001	dir	4096	
runs/A_PI_NATIVE/pi_ufo_baseline_v1/build/point_000001/decay.slha	file	634	b28ab25311a3e1796c0018c33c14d8709ec31456ef45df9940d1b5bdf1086741
runs/A_PI_NATIVE/pi_ufo_baseline_v1/build/point_000001/param_card.dat	file	1643	b5e68dde0222854f72892cc79c0c90becca83a13502fec9bc29c69150a4f4bbf
runs/A_PI_NATIVE/pi_ufo_baseline_v1/build/point_000001/point.json	file	1503	a598573864361f674283cabb0ca478c3965ec362bca355a53c46f5cbdd164e90
runs/A_PI_NATIVE/pi_ufo_baseline_v1/build/point_000001/proc_card.dat	file	159	a1232e3019d1348a8a6c0fd5fbb38aa05745547bfc9f6f88e53b9bef7a4e556e
runs/A_PI_NATIVE/pi_ufo_baseline_v1/build/point_000001/provenance.json	file	1905	e06f571851fa0b1b83c8e94bfc98f6a3399ecff21c1e7d0ceac995742d67fa05
runs/A_PI_NATIVE/pi_ufo_baseline_v1/build/point_000001/pythia8.cmnd	file	385	92e5f0cbf76a3e2009e41b8c8beb85fc3a6c97fb1fa2aaa6c6376460cc925129
runs/A_PI_NATIVE/pi_ufo_baseline_v1/build/point_000001/run_card.dat	file	384	0f0ea8bd8bda68e30ef4da98d145b6563045b64a13830104806fed244ed2ec1e
runs/A_PI_NATIVE/pi_ufo_baseline_v1/cards	dir	4096	
runs/A_PI_NATIVE/pi_ufo_baseline_v1/cards/README.md	file	294	4540a601faeb6f1744f8486d7de849b0117627e7c6641efa0e42b14aff27f50c
runs/A_PI_NATIVE/pi_ufo_baseline_v1/cards/proc_card_zerojet.dat	file	124	d86cf89a9863c08ba5d1232f3f810271b0a4306d1308dbb059f7254d469a105e
runs/A_PI_NATIVE/pi_ufo_baseline_v1/cards/pythia8.template.cmnd	file	209	41d264542323dff06edbcd30fd90ecfb4eeba2417544050cdc29e9a41f9de477
runs/A_PI_NATIVE/pi_ufo_baseline_v1/cards/run_card_smoke.dat	file	160	85abb3e99fc9503e59ecb6bff21a1aa804e248ff64f230afff8f20d8b5d156c3
runs/A_PI_NATIVE/pi_ufo_baseline_v1/checksums.sha256	file	10915	dd99659fa2074b5ed2332baab7acd38835b9d4e7df364af8407ff1ac2cf2e57b
runs/A_PI_NATIVE/pi_ufo_baseline_v1/expected	dir	4096	
runs/A_PI_NATIVE/pi_ufo_baseline_v1/expected/smoke_contract.json	file	365	db1fb31cea7019a7399c4074d0e674a00653c40fba5618c1f5a9aad5c5d8ad3f
runs/A_PI_NATIVE/pi_ufo_baseline_v1/manifest.json	file	18900	c9355e29f447b15be7f724fd9225e684b80ee881f63e42d3fdafdf3b12d00c5b
runs/A_PI_NATIVE/pi_ufo_baseline_v1/model	dir	4096	
runs/A_PI_NATIVE/pi_ufo_baseline_v1/model/LLscalar_v3_UFO_runtime	dir	4096	
runs/A_PI_NATIVE/pi_ufo_baseline_v1/model/LLscalar_v3_UFO_runtime/CT_couplings.py	file	298	58e07e6b6dea344858f32bccd1948a10768d38a217b88448aa4dc976c0a77b58
runs/A_PI_NATIVE/pi_ufo_baseline_v1/model/LLscalar_v3_UFO_runtime/__init__.py	file	955	e2198b46e727a0aa09378d715bd33364095057dd910f3b8cf7d7dd6ec1bc71d7
runs/A_PI_NATIVE/pi_ufo_baseline_v1/model/LLscalar_v3_UFO_runtime/__pycache__	dir	4096	
runs/A_PI_NATIVE/pi_ufo_baseline_v1/model/LLscalar_v3_UFO_runtime/__pycache__/__init__.cpython-312.pyc	file	1409	dc214a65079cf2c2cb51b179d3b9a2206a098415c4135d87fb3d5f2e06181828
runs/A_PI_NATIVE/pi_ufo_baseline_v1/model/LLscalar_v3_UFO_runtime/__pycache__/coupling_orders.cpython-312.pyc	file	548	da0c044840cbe6c3169f90dcfa8b3a7015951b1e322956af04c34f3a5053efbb
runs/A_PI_NATIVE/pi_ufo_baseline_v1/model/LLscalar_v3_UFO_runtime/__pycache__/couplings.cpython-312.pyc	file	13623	d7f146f7a349a9bf3e21639cdf3100a79d7ffe0aa42e78c63fab8f383daba6e2
runs/A_PI_NATIVE/pi_ufo_baseline_v1/model/LLscalar_v3_UFO_runtime/__pycache__/decays.cpython-312.pyc	file	24502	c3d4bd4e35bb1de40ae50f7772ebbc96dd3e0c7f19a3b1db104ac4bde675fc3e
runs/A_PI_NATIVE/pi_ufo_baseline_v1/model/LLscalar_v3_UFO_runtime/__pycache__/form_factors.cpython-312.pyc	file	901	75e809f8030d21bf695851cf901e8436e06a7b2baa062c03a79edf27dd8ff0ed
runs/A_PI_NATIVE/pi_ufo_baseline_v1/model/LLscalar_v3_UFO_runtime/__pycache__/function_library.cpython-312.pyc	file	2580	539deab416240ae021017a90a3f426b005c803e7e98fda620c3e060b7e20e26a
runs/A_PI_NATIVE/pi_ufo_baseline_v1/model/LLscalar_v3_UFO_runtime/__pycache__/lorentz.cpython-312.pyc	file	3161	28c9df05e9265e625bc11b6bdbb80087308f6db1e1348e425b7527ff764e97d6
runs/A_PI_NATIVE/pi_ufo_baseline_v1/model/LLscalar_v3_UFO_runtime/__pycache__/object_library.cpython-312.pyc	file	14895	76274688261d72fbb923b4ad4699c30627018744a2bb413b4fab608cb17cd0b1
runs/A_PI_NATIVE/pi_ufo_baseline_v1/model/LLscalar_v3_UFO_runtime/__pycache__/parameters.cpython-312.pyc	file	11067	c91eb26bc8bfca315c9eb01f58b0d08ee1fea759357cbc1d4e4d0f4ae9280935
runs/A_PI_NATIVE/pi_ufo_baseline_v1/model/LLscalar_v3_UFO_runtime/__pycache__/particles.cpython-312.pyc	file	5910	12e0c65ca614cd10bbffc14aeda1499017ea919239df0db9fb248a3a45f97fe9
runs/A_PI_NATIVE/pi_ufo_baseline_v1/model/LLscalar_v3_UFO_runtime/__pycache__/propagators.cpython-312.pyc	file	865	90993c642932a5e628ca71c7b40216d99f0aa8f73c7eb050aa70344b32c20096
runs/A_PI_NATIVE/pi_ufo_baseline_v1/model/LLscalar_v3_UFO_runtime/__pycache__/vertices.cpython-312.pyc	file	42230	b47a937b61a9642d816eacd11cacc019a3055a660738caa79683a74f736d3561
runs/A_PI_NATIVE/pi_ufo_baseline_v1/model/LLscalar_v3_UFO_runtime/coupling_orders.py	file	665	80d652d3441c1fed3242dc7a4141a12f5a7ccc2f2cc6764dd5d22bb39083d132
runs/A_PI_NATIVE/pi_ufo_baseline_v1/model/LLscalar_v3_UFO_runtime/couplings.py	file	18621	199021f332fa57314f1a9dbd487a08c8310f9d5b4ce408eaa6c5ea99a649c3f4
runs/A_PI_NATIVE/pi_ufo_baseline_v1/model/LLscalar_v3_UFO_runtime/decays.py	file	23449	ebb92183abff92cdaf55aeb80399effe2cc0256f1423ce807a390cd420564e23
runs/A_PI_NATIVE/pi_ufo_baseline_v1/model/LLscalar_v3_UFO_runtime/form_factors.py	file	598	9fdae69a684ddd1eb5963a1695e0f5449045755826aa62a8829569848b32f478
runs/A_PI_NATIVE/pi_ufo_baseline_v1/model/LLscalar_v3_UFO_runtime/function_library.py	file	3502	af85d1d7e83bc0f7a016258b6cc3e179c4d9fd6778ce553ebf7ff4b8be5b968f
runs/A_PI_NATIVE/pi_ufo_baseline_v1/model/LLscalar_v3_UFO_runtime/lorentz.py	file	4392	4b818a0fd7a9f1ded91a957251380f4116a30454f8e1fc72e1c7ccacdab6bf8f
runs/A_PI_NATIVE/pi_ufo_baseline_v1/model/LLscalar_v3_UFO_runtime/object_library.py	file	10877	4bef9ba0a44b89048f5ed02f0c97f5937e1a2ce8a949574bdaa6f67ae80f9e11
runs/A_PI_NATIVE/pi_ufo_baseline_v1/model/LLscalar_v3_UFO_runtime/parameters.py	file	23054	7f84d779ff83dd52bbfecbbfe31df147e2df79faab0bcda716d5908d63b3d45b
runs/A_PI_NATIVE/pi_ufo_baseline_v1/model/LLscalar_v3_UFO_runtime/particles.py	file	11211	01c61a7a352a5bebb747fff0c9ac3e228fa7575dfc381a339ecb285332b223c6
runs/A_PI_NATIVE/pi_ufo_baseline_v1/model/LLscalar_v3_UFO_runtime/propagators.py	file	1351	1a4495d00654b6de8044d7a993b798cb12ca7265199f8e25ce42abdfbc98384a
runs/A_PI_NATIVE/pi_ufo_baseline_v1/model/LLscalar_v3_UFO_runtime/py3_model.pkl	file	57569	6c461595bda1b03dc817f4304df5c2515baf2bada0704d78825f1fa3a3c8ed9c
runs/A_PI_NATIVE/pi_ufo_baseline_v1/model/LLscalar_v3_UFO_runtime/vertices.py	file	36546	60bb131379499fd85ac21da8e15f960cffcf2d33afc54217481730e82648f6ba
runs/A_PI_NATIVE/pi_ufo_baseline_v1/model/LLscalar_v3_UFO_runtime/write_param_card.py	file	3221	081e24c63a197a6c58fd60a4253e10960738ac35050fe49364941268381ffbb9
runs/A_PI_NATIVE/pi_ufo_baseline_v1/patches	dir	4096	
runs/A_PI_NATIVE/pi_ufo_baseline_v1/patches/python3_param_card_compat.patch	file	10463	91b2955b7f8c537fe50c2bd8577d1d4583327b9645be81bf44a53cadaeece49f
runs/A_PI_NATIVE/pi_ufo_baseline_v1/points	dir	4096	
runs/A_PI_NATIVE/pi_ufo_baseline_v1/points/point_000001.yaml	file	219	e039065312c82e5f44367f09035dc4d73d8ea58891faa5ff5e15c6f25b527f05
runs/A_PI_NATIVE/pi_ufo_baseline_v1/points/point_A_PI_native.json	file	293	2d3273af845d8eb41710113ef65c83b8f6cbd58e0fe60d0cba3d3b43bdb0d300
runs/A_PI_NATIVE/pi_ufo_baseline_v1/py.py	file	17566	fda73df8dd1d7a07e74969bd148678514dec235a70d5a2d63cb2cd8407778382
runs/A_PI_NATIVE/pi_ufo_baseline_v1/requirements.txt	file	24	7ba71c714356e35c488aedd73284407e47c8b3c8627a8eca228773d54f1fd938
runs/A_PI_NATIVE/pi_ufo_baseline_v1/schemas	dir	4096	
runs/A_PI_NATIVE/pi_ufo_baseline_v1/schemas/point.schema.json	file	1870	bad44da8ab39fc1327dc224ea3692fcaeaefb7848418c2dbc9e50ce932a06fbf
runs/A_PI_NATIVE/pi_ufo_baseline_v1/scripts	dir	4096	
runs/A_PI_NATIVE/pi_ufo_baseline_v1/scripts/__pycache__	dir	4096	
runs/A_PI_NATIVE/pi_ufo_baseline_v1/scripts/__pycache__/model_utils.cpython-312.pyc	file	22410	39a6b5862fae53ddcc57a53ad74866c3c4a1b4284f5a2c44dbfd93e9cc5e704c
runs/A_PI_NATIVE/pi_ufo_baseline_v1/scripts/__pycache__/pack_constants.cpython-312.pyc	file	531	4bfd3e1c02ad706fc8e69a8c9fe5694c9ce84cad205a9ade145c909089aede56
runs/A_PI_NATIVE/pi_ufo_baseline_v1/scripts/build_point.py	file	2726	f9bf8fc7cd141f4d815a40a9b71c63945cba0d26670c797e812a52dd1c595591
runs/A_PI_NATIVE/pi_ufo_baseline_v1/scripts/check_coupling_scaling.py	file	2366	e25a8cfdf85c7c4f6ee0cdcecd50b4bc2e2bf38e4d827fa4a8e847622818a2bb
runs/A_PI_NATIVE/pi_ufo_baseline_v1/scripts/extract_mg5_cross_section.py	file	2650	d69fe9bcef06229ffb501b36950c3e4f7586ed69eb8eb52a6d36f6f4d4baf67d
runs/A_PI_NATIVE/pi_ufo_baseline_v1/scripts/inspect_lhe.py	file	2964	73defccdf56547b2242cb517ea22d6e0e5ee2760f1cc12ecfd14984b50989027
runs/A_PI_NATIVE/pi_ufo_baseline_v1/scripts/make_decay_slha.py	file	373	7591ee1973ce5ad265d80fe89255c224aadd911339faae7b10f6a37f75427120
runs/A_PI_NATIVE/pi_ufo_baseline_v1/scripts/make_param_card.py	file	594	b4b986692637a92539a2ee83480a4c12384d8a40ce2b9c8f7e79a3ec54518f12
runs/A_PI_NATIVE/pi_ufo_baseline_v1/scripts/model_utils.py	file	13969	caf3a366988f220bd08805f27e33d8eef92aac36e1f832f6b27f85f2eeed0f9a
runs/A_PI_NATIVE/pi_ufo_baseline_v1/scripts/pack_constants.py	file	305	d313f0444e1adf5c2f92a81d97aa92efc3ccee50063ddd8669ceb785ce7b2366
runs/A_PI_NATIVE/pi_ufo_baseline_v1/scripts/patch_mg5_run_card.py	file	1122	b5d8bbe8cee689e8d88ac1d8d9625c5e2cb2c3037e425f84a00c635286de988f
runs/A_PI_NATIVE/pi_ufo_baseline_v1/scripts/run_mg5_smoke.sh	file	1475	d2f19c450e03d7a8b86e2a703bdc2c873eb77ae2fdcba78bbd80a8a96c5400ee
runs/A_PI_NATIVE/pi_ufo_baseline_v1/scripts/run_pythia_smoke.sh	file	940	f90529ab57434adfc4d1d1a27e74ccf951a44933294b144242150eeb397dc81d
runs/A_PI_NATIVE/pi_ufo_baseline_v1/scripts/run_recast_smoke.sh	file	822	4dfafdbc9f40dd70f66a09613f5a2b885f844d30520ed1787774ad3112455d08
runs/A_PI_NATIVE/pi_ufo_baseline_v1/scripts/run_static_tests.py	file	2885	dd62bced24d1bc951f1d90a8432767948be20affec6ae8e7b81586d2e59339e2
runs/A_PI_NATIVE/pi_ufo_baseline_v1/scripts/validate_point.py	file	581	a2098fa13e478414620127d90450e7126dbf52d8ad78347a7c01814955c02fde
runs/A_PI_NATIVE/pi_ufo_baseline_v1/tests	dir	4096	
runs/A_PI_NATIVE/pi_ufo_baseline_v1/tests/test_invalid_points.py	file	1107	14f4013f789860815db3aa0df9465f63d439c21e924e6793252e72173926e3f9
runs/A_PI_NATIVE/pi_ufo_baseline_v1/tests/test_model_contract.py	file	2432	1b69812e914ccb6ee91f5e08764895a2b810342b9e09b1218803a00f87c68090
runs/A_PI_NATIVE/pi_ufo_baseline_v1/validation	dir	4096	
runs/A_PI_NATIVE/pi_ufo_baseline_v1/validation/AB_STATIC_REGRESSION.json	file	638	8820eeede0af161ef5de48bdde24928d4da78bc8ff3e744f6cc609e5bbb81b19
runs/A_PI_NATIVE/pi_ufo_baseline_v1/validation/EXTERNAL_RUNTIME_STATUS.md	file	426	92a681803f3a97d4b0cf198a627d132934b2ec9278d5f852771bb8dabb603315
runs/A_PI_NATIVE/pi_ufo_baseline_v1/validation/RECAST_ADAPTER.md	file	556	071f5b79b7836d9e16d0c659f624dfb4738221577cebb768a5e2b3fa18b00b2c
runs/A_PI_NATIVE/pi_ufo_baseline_v1/validation/STATIC_VALIDATION.json	file	2585	a755e05135e9a65090650f180aa101d9e7a71eace754adde74c291ac3f4305f5
runs/A_PI_NATIVE/pi_ufo_baseline_v1/validation/logs	dir	4096	
runs/A_PI_NATIVE/pi_ufo_baseline_v1/validation/logs/build_point.log	file	67	add34281d7b1547db4ab6f92d6d73c321b892e95d2b6f7fd89ce62ea24a6dd26
runs/A_PI_NATIVE/pi_ufo_baseline_v1/validation/logs/compileall.log	file	0	e3b0c44298fc1c149afbf4c8996fb92427ae41e4649b934ca495991b7852b855
runs/A_PI_NATIVE/pi_ufo_baseline_v1/validation/logs/shell_syntax.log	file	0	e3b0c44298fc1c149afbf4c8996fb92427ae41e4649b934ca495991b7852b855
runs/A_PI_NATIVE/pi_ufo_baseline_v1/validation/logs/standalone_param_card.dat	file	1681	520869311058818f46eb103f49c7cee51e1687548685c11e1bf32e73854c1ccf
runs/A_PI_NATIVE/pi_ufo_baseline_v1/validation/logs/static_tests.log	file	73	f0c6add6887a524e3318195865b0fc39f0c2e4069d859f4d3f45e63103210c62
runs/A_PI_NATIVE/pi_ufo_baseline_v1/validation/logs/unittest.log	file	1053	b37bcbe136912834dbdbdad4eac2ef290dd2594f3604b5fa1647af6617fbb85b
runs/A_PI_NATIVE/pi_ufo_baseline_v1/validation/logs/writer.log	file	90	48f80afdeead575514dc214c2ba0639f259fca15b9d09a00f0c3e3aef9bce58f
runs/A_PI_NATIVE/pi_ufo_baseline_v1/validation/provenance_inventory.json	file	22789	a1fe73c94d34ea7bb1c3408371fa60119cbc76304c6edead412ff3ea0d013921
runs/A_PI_NATIVE/pi_ufo_baseline_v1/validation/pythia_llp_smoke.cc	file	3381	c073542f90272ccacab0d123170dfe1036e97f43ac90754733432bd34fa368ad
runs/A_PI_NATIVE/pi_ufo_baseline_v1/validation/source_material	dir	4096	
runs/A_PI_NATIVE/pi_ufo_baseline_v1/validation/source_material/2HDMC_COUPLING_TRACE.md	file	972	2897e54ccf3328eb6659c23ae2791b9bc047fdc71c143894b88cf79ac79e5d24
runs/A_PI_NATIVE/pi_ufo_baseline_v1/validation/source_material/LLSCALAR_V3_MODEL_CARD.md	file	4365	eb50e8f975c486c622fdd3fa6f9c83f368237323ee6e87f0c472df729ae8fe45
runs/A_PI_NATIVE/pi_ufo_baseline_v1/validation/source_material/MADGRAPH_SMOKE_REPORT.md	file	1976	b3bdc5833322974bc0b630b5cd6bef2cae2f37547e1cf376ac1c8a9887655e0d
runs/A_PI_NATIVE/pi_ufo_baseline_v1/validation/source_material/PhysScanWithFixings.cpp	file	13308	786d630bc989350e49259a41aef834a222f6ef924972d18458aa102b75585246
runs/A_PI_NATIVE/pi_ufo_baseline_v1/validation/source_material/UFO_AUDIT_ADDENDUM_20260716.md	file	5362	1b64e18d3e7fc3e66d79940d885232c634f079f3f73a557ded022ce06ef418f6
runs/A_PI_NATIVE/pi_ufo_baseline_v1/validation/source_material/UFO_HASH_MANIFEST.json	file	2842	0c69511d0951c8a93b69a579fa15b4457b26a04c46e38f13b695fb7a3ac34606
runs/A_PI_NATIVE/pi_ufo_baseline_v1/validation/source_material/UFO_SCIENTIFIC_DIFF.md	file	7430	49be46d31a8207f85477fdbe1ae4a12aab0c0bd8c933c998e9c708fd266003a5
runs/A_PI_NATIVE/pi_ufo_baseline_v1/validation/source_material/VERSION_DECISION.md	file	3983	db14efd68f3b89358221e361fdf5170e4dce593726fa3ed920994c6baab2afe0
runs/A_PI_NATIVE/pi_ufo_baseline_v1/vendor	dir	4096	
runs/A_PI_NATIVE/pi_ufo_baseline_v1/vendor/LLscalar_v3_UFO_original	dir	4096	
runs/A_PI_NATIVE/pi_ufo_baseline_v1/vendor/LLscalar_v3_UFO_original/23-06-21_LLscalar_v2_UFO.log	file	2143	8b449afef3dc2227055e9d6e06ff2e9da9c38c01e39d4c3df820dd0742261374
runs/A_PI_NATIVE/pi_ufo_baseline_v1/vendor/LLscalar_v3_UFO_original/CT_couplings.py	file	298	58e07e6b6dea344858f32bccd1948a10768d38a217b88448aa4dc976c0a77b58
runs/A_PI_NATIVE/pi_ufo_baseline_v1/vendor/LLscalar_v3_UFO_original/__init__.py	file	955	e2198b46e727a0aa09378d715bd33364095057dd910f3b8cf7d7dd6ec1bc71d7
runs/A_PI_NATIVE/pi_ufo_baseline_v1/vendor/LLscalar_v3_UFO_original/__init__.pyc	file	1170	8f856fab86e53bebb1466e0ab415e5f827cc6e0ea0459a05851b7b530c86e0ec
runs/A_PI_NATIVE/pi_ufo_baseline_v1/vendor/LLscalar_v3_UFO_original/coupling_orders.py	file	665	80d652d3441c1fed3242dc7a4141a12f5a7ccc2f2cc6764dd5d22bb39083d132
runs/A_PI_NATIVE/pi_ufo_baseline_v1/vendor/LLscalar_v3_UFO_original/coupling_orders.pyc	file	565	df291be90bb15f877d68f8a1dfd93fab61fce9014ba9b30c49fa7f00a19446cd
runs/A_PI_NATIVE/pi_ufo_baseline_v1/vendor/LLscalar_v3_UFO_original/couplings.py	file	18621	199021f332fa57314f1a9dbd487a08c8310f9d5b4ce408eaa6c5ea99a649c3f4
runs/A_PI_NATIVE/pi_ufo_baseline_v1/vendor/LLscalar_v3_UFO_original/couplings.pyc	file	13022	418b3a715649d3cd5870a9e7ada48e6fdfdb7f2a7be937339b3d06dd9b802c5d
runs/A_PI_NATIVE/pi_ufo_baseline_v1/vendor/LLscalar_v3_UFO_original/decays.py	file	23449	ebb92183abff92cdaf55aeb80399effe2cc0256f1423ce807a390cd420564e23
runs/A_PI_NATIVE/pi_ufo_baseline_v1/vendor/LLscalar_v3_UFO_original/decays.pyc	file	21326	b8f3235c7479a905f568bf810843e4fd6fbfc066aa1b16ee786b9a7856c704a5
runs/A_PI_NATIVE/pi_ufo_baseline_v1/vendor/LLscalar_v3_UFO_original/form_factors.py	file	598	9fdae69a684ddd1eb5963a1695e0f5449045755826aa62a8829569848b32f478
runs/A_PI_NATIVE/pi_ufo_baseline_v1/vendor/LLscalar_v3_UFO_original/form_factors.pyc	file	978	e768f2265c4e24748bd3f03b55eb965fcd2167d81eed2e2391e65dcee0aa02f0
runs/A_PI_NATIVE/pi_ufo_baseline_v1/vendor/LLscalar_v3_UFO_original/function_library.py	file	3502	af85d1d7e83bc0f7a016258b6cc3e179c4d9fd6778ce553ebf7ff4b8be5b968f
runs/A_PI_NATIVE/pi_ufo_baseline_v1/vendor/LLscalar_v3_UFO_original/function_library.pyc	file	2739	87495ebb51be2f3cf64ed50afaeab4efa7ddfe10696195f72ae6eb05481aa330
runs/A_PI_NATIVE/pi_ufo_baseline_v1/vendor/LLscalar_v3_UFO_original/function_library.py~	file	1949	596e28fed5966088b6ee1d193e4dfbfd0f59a5837b283bc0dbaacb18bab1510c
runs/A_PI_NATIVE/pi_ufo_baseline_v1/vendor/LLscalar_v3_UFO_original/lorentz.py	file	4392	4b818a0fd7a9f1ded91a957251380f4116a30454f8e1fc72e1c7ccacdab6bf8f
runs/A_PI_NATIVE/pi_ufo_baseline_v1/vendor/LLscalar_v3_UFO_original/lorentz.pyc	file	3009	93a4efa791a0ea7b8a4c25c96cc696e54a6b6044a81198bab964edc10a3ae8fa
runs/A_PI_NATIVE/pi_ufo_baseline_v1/vendor/LLscalar_v3_UFO_original/model.pkl	file	53394	3e5d932583c67a19ac70bc3baa5e805b20a68eda500bc6458a5ab0ba1a3a00df
runs/A_PI_NATIVE/pi_ufo_baseline_v1/vendor/LLscalar_v3_UFO_original/object_library.py	file	10877	4bef9ba0a44b89048f5ed02f0c97f5937e1a2ce8a949574bdaa6f67ae80f9e11
runs/A_PI_NATIVE/pi_ufo_baseline_v1/vendor/LLscalar_v3_UFO_original/object_library.pyc	file	16968	db074a0d5eda07359f4515bcb4396c5babecf2468c15aa7f4fdc5d7ea4e1ab3f
runs/A_PI_NATIVE/pi_ufo_baseline_v1/vendor/LLscalar_v3_UFO_original/param_card.dat	file	853	1219ff7dce5744492cca90aa0c58d648e427282977501bf4a2ef1d6093f99e6e
runs/A_PI_NATIVE/pi_ufo_baseline_v1/vendor/LLscalar_v3_UFO_original/parameters.py	file	23054	7f84d779ff83dd52bbfecbbfe31df147e2df79faab0bcda716d5908d63b3d45b
runs/A_PI_NATIVE/pi_ufo_baseline_v1/vendor/LLscalar_v3_UFO_original/parameters.pyc	file	11678	5e77c9df6a3660cafeccb135ea03479de7082b8a064a433ae4930d9a0207efc7
runs/A_PI_NATIVE/pi_ufo_baseline_v1/vendor/LLscalar_v3_UFO_original/parameters.py~	file	23052	01152962e08c059ba4124d253e185a1790e844f0f1f997d04bd867a1cf0c7593
runs/A_PI_NATIVE/pi_ufo_baseline_v1/vendor/LLscalar_v3_UFO_original/particles.py	file	11211	01c61a7a352a5bebb747fff0c9ac3e228fa7575dfc381a339ecb285332b223c6
runs/A_PI_NATIVE/pi_ufo_baseline_v1/vendor/LLscalar_v3_UFO_original/particles.pyc	file	5166	26c50296125f237feb4de1eeda8f65acf3d5728f061e63cc367dcc31238fec1c
runs/A_PI_NATIVE/pi_ufo_baseline_v1/vendor/LLscalar_v3_UFO_original/propagators.py	file	1351	1a4495d00654b6de8044d7a993b798cb12ca7265199f8e25ce42abdfbc98384a
runs/A_PI_NATIVE/pi_ufo_baseline_v1/vendor/LLscalar_v3_UFO_original/propagators.pyc	file	896	58ee2fcbf64c811d11b969d9af58b0ca55b24c2a961a2fd2bf77990035fa68e7
runs/A_PI_NATIVE/pi_ufo_baseline_v1/vendor/LLscalar_v3_UFO_original/py3_model.pkl	file	56893	353b9c51a80539a71ee91f859d3119a5196263d51496a390ea1313df39180d77
runs/A_PI_NATIVE/pi_ufo_baseline_v1/vendor/LLscalar_v3_UFO_original/vertices.py	file	36546	60bb131379499fd85ac21da8e15f960cffcf2d33afc54217481730e82648f6ba
runs/A_PI_NATIVE/pi_ufo_baseline_v1/vendor/LLscalar_v3_UFO_original/vertices.pyc	file	23821	4b833b9ab50468a97954c2039703aec7fa905299d5e071c234fa64417c0b886d
runs/A_PI_NATIVE/pi_ufo_baseline_v1/vendor/LLscalar_v3_UFO_original/write_param_card.py	file	6854	b1fefa31387db6d35631469c59ffbf87539093c34989f123dc63a98b46742462
runs/A_PI_NATIVE_RUNTIMEFIX	dir	4096	
runs/A_PI_NATIVE_RUNTIMEFIX/pi_ufo_baseline_v1	dir	4096	
runs/A_PI_NATIVE_RUNTIMEFIX/pi_ufo_baseline_v1/CHANGELOG.md	file	333	c3d53198fd200b55e50ab8e29a0cb0f934aba20ee4a8d996fd9fee141cf09cba
runs/A_PI_NATIVE_RUNTIMEFIX/pi_ufo_baseline_v1/KNOWN_LIMITATIONS.md	file	856	45d9ae5e457158e37fc8303a3ee74a3f98bbd028601f9397f010b059714a5159
runs/A_PI_NATIVE_RUNTIMEFIX/pi_ufo_baseline_v1/MODEL_CARD.md	file	907	0776312fe51bce3b4dd6595f05044408feb0585e08febe29006fd5911684229e
runs/A_PI_NATIVE_RUNTIMEFIX/pi_ufo_baseline_v1/PROVENANCE.md	file	945	c0e2cca2ecd310972a32818dff00f46382057a9822b597487f7e0af00d6d0474
runs/A_PI_NATIVE_RUNTIMEFIX/pi_ufo_baseline_v1/README.md	file	1574	68df93a0489bc0322063e22d6e2cc5996da9f3d2f8faba65258cf0bd2f08315d
runs/A_PI_NATIVE_RUNTIMEFIX/pi_ufo_baseline_v1/build	dir	4096	
runs/A_PI_NATIVE_RUNTIMEFIX/pi_ufo_baseline_v1/build/A_PI_NATIVE_200	dir	4096	
runs/A_PI_NATIVE_RUNTIMEFIX/pi_ufo_baseline_v1/build/A_PI_NATIVE_200/MG5_PROC	dir	4096	
runs/A_PI_NATIVE_RUNTIMEFIX/pi_ufo_baseline_v1/build/A_PI_NATIVE_200/MG5_PROC/Cards	dir	4096	
runs/A_PI_NATIVE_RUNTIMEFIX/pi_ufo_baseline_v1/build/A_PI_NATIVE_200/MG5_PROC/Cards/.delphes_trigger.dat	file	1190	dd9e5ef49193a9140ae577fb452af122b0a45a843043e482dfd43c1afd755475
runs/A_PI_NATIVE_RUNTIMEFIX/pi_ufo_baseline_v1/build/A_PI_NATIVE_200/MG5_PROC/Cards/.plot_card.dat	file	10430	e0991ee24eb7cab4ca668da332ed637806e6473b32a929b2bd4f86bafab1d4b0
runs/A_PI_NATIVE_RUNTIMEFIX/pi_ufo_baseline_v1/build/A_PI_NATIVE_200/MG5_PROC/Cards/README	file	133	eb3f39466976b976c213203c4a7d0f92eadd325d4e19903efea6fec1db695d65
runs/A_PI_NATIVE_RUNTIMEFIX/pi_ufo_baseline_v1/build/A_PI_NATIVE_200/MG5_PROC/Cards/delphes_card_ATLAS.dat	file	21552	b6a97bcd6e2b4f19e218eaa07b3afe1937d66452f0519de0b8c367eff46fe69d
runs/A_PI_NATIVE_RUNTIMEFIX/pi_ufo_baseline_v1/build/A_PI_NATIVE_200/MG5_PROC/Cards/delphes_card_CMS.dat	file	22570	e363da8be306a024159b52547a80045bc48b770424fb5372ffc2ff8f1f5028c0
runs/A_PI_NATIVE_RUNTIMEFIX/pi_ufo_baseline_v1/build/A_PI_NATIVE_200/MG5_PROC/Cards/delphes_card_default.dat	file	22570	e363da8be306a024159b52547a80045bc48b770424fb5372ffc2ff8f1f5028c0
runs/A_PI_NATIVE_RUNTIMEFIX/pi_ufo_baseline_v1/build/A_PI_NATIVE_200/MG5_PROC/Cards/delphes_trigger_ATLAS.dat	file	989	14ceb9ab08ebb8bcab3d750fe8b01ab1e3f44d2eacdc8bc944d6899ccafc3b90
runs/A_PI_NATIVE_RUNTIMEFIX/pi_ufo_baseline_v1/build/A_PI_NATIVE_200/MG5_PROC/Cards/delphes_trigger_CMS.dat	file	1190	dd9e5ef49193a9140ae577fb452af122b0a45a843043e482dfd43c1afd755475
runs/A_PI_NATIVE_RUNTIMEFIX/pi_ufo_baseline_v1/build/A_PI_NATIVE_200/MG5_PROC/Cards/delphes_trigger_default.dat	file	1190	dd9e5ef49193a9140ae577fb452af122b0a45a843043e482dfd43c1afd755475
runs/A_PI_NATIVE_RUNTIMEFIX/pi_ufo_baseline_v1/build/A_PI_NATIVE_200/MG5_PROC/Cards/grid_card.dat	file	2018	99aff9f047a6dfbaa59345cc56cb01cf422bb65eef996b6af6515f625e1c13b7
runs/A_PI_NATIVE_RUNTIMEFIX/pi_ufo_baseline_v1/build/A_PI_NATIVE_200/MG5_PROC/Cards/grid_card_default.dat	file	2018	99aff9f047a6dfbaa59345cc56cb01cf422bb65eef996b6af6515f625e1c13b7
runs/A_PI_NATIVE_RUNTIMEFIX/pi_ufo_baseline_v1/build/A_PI_NATIVE_200/MG5_PROC/Cards/ident_card.dat	file	761	1aa76ce9345bebd0114be0f8e79509679e6b1a6170480bf02fe917a42a259c3b
runs/A_PI_NATIVE_RUNTIMEFIX/pi_ufo_baseline_v1/build/A_PI_NATIVE_200/MG5_PROC/Cards/madanalysis5_hadron_card_default.dat	file	135	46f8749617b7606256363a757f5c69896a2b812ab2b1bb7be8c7ca8b64f6000c
runs/A_PI_NATIVE_RUNTIMEFIX/pi_ufo_baseline_v1/build/A_PI_NATIVE_200/MG5_PROC/Cards/madanalysis5_parton_card_default.dat	file	135	46f8749617b7606256363a757f5c69896a2b812ab2b1bb7be8c7ca8b64f6000c
runs/A_PI_NATIVE_RUNTIMEFIX/pi_ufo_baseline_v1/build/A_PI_NATIVE_200/MG5_PROC/Cards/madspin_card_default.dat	file	1377	b49e3d4d382a4b66bae665d9b5af308de1d426e2aacdd45f0237c8be7a4f3524
runs/A_PI_NATIVE_RUNTIMEFIX/pi_ufo_baseline_v1/build/A_PI_NATIVE_200/MG5_PROC/Cards/me5_configuration.txt	file	8889	046f73495203a9d9aa070aee10b844bd5e426b997618ef92cf6be5c4c94c7dbf
runs/A_PI_NATIVE_RUNTIMEFIX/pi_ufo_baseline_v1/build/A_PI_NATIVE_200/MG5_PROC/Cards/param_card.dat	file	2374	fa6725a698ac16123291936fe7fc4d3f386bec7219153ead94da5a8001163ce6
runs/A_PI_NATIVE_RUNTIMEFIX/pi_ufo_baseline_v1/build/A_PI_NATIVE_200/MG5_PROC/Cards/param_card_default.dat	file	4142	8c97ba08846b27b1fb0a139161259653d507aed22b172635f5ea7ee4fa4baf83
runs/A_PI_NATIVE_RUNTIMEFIX/pi_ufo_baseline_v1/build/A_PI_NATIVE_200/MG5_PROC/Cards/pgs_card_ATLAS.dat	file	1244	4abbda9b8fc97521a6b510d200c3657695caea73054516ccac16fccd89f63f43
runs/A_PI_NATIVE_RUNTIMEFIX/pi_ufo_baseline_v1/build/A_PI_NATIVE_200/MG5_PROC/Cards/pgs_card_CMS.dat	file	1244	2fa767eeb3d1a767e9b4da6f8f35099b6546943f9c3993291c9ab122554d43ca
runs/A_PI_NATIVE_RUNTIMEFIX/pi_ufo_baseline_v1/build/A_PI_NATIVE_200/MG5_PROC/Cards/pgs_card_LHC.dat	file	1244	1e166308920fbb153706ec4338c81c2ae52753f8e3b8ae19bea32cc8618f85d4
runs/A_PI_NATIVE_RUNTIMEFIX/pi_ufo_baseline_v1/build/A_PI_NATIVE_200/MG5_PROC/Cards/pgs_card_TEV.dat	file	1212	523df464434f492b0b915d7d5f22aee198a515696228bf859daba920fb6e2ed1
runs/A_PI_NATIVE_RUNTIMEFIX/pi_ufo_baseline_v1/build/A_PI_NATIVE_200/MG5_PROC/Cards/pgs_card_default.dat	file	1244	1e166308920fbb153706ec4338c81c2ae52753f8e3b8ae19bea32cc8618f85d4
runs/A_PI_NATIVE_RUNTIMEFIX/pi_ufo_baseline_v1/build/A_PI_NATIVE_200/MG5_PROC/Cards/plot_card_default.dat	file	10430	e0991ee24eb7cab4ca668da332ed637806e6473b32a929b2bd4f86bafab1d4b0
runs/A_PI_NATIVE_RUNTIMEFIX/pi_ufo_baseline_v1/build/A_PI_NATIVE_200/MG5_PROC/Cards/proc_card_mg5.dat	file	2403	1905fcfdc10ef9aab94feeb8e4dca52251f8d5cf3bca5417f2e8ef656afe22c4
runs/A_PI_NATIVE_RUNTIMEFIX/pi_ufo_baseline_v1/build/A_PI_NATIVE_200/MG5_PROC/Cards/pythia8_card_default.dat	file	4434	eae9ab88aed291ccfa93aad879abb00c479fe5e852b50a14f48ee2c4ee25a255
runs/A_PI_NATIVE_RUNTIMEFIX/pi_ufo_baseline_v1/build/A_PI_NATIVE_200/MG5_PROC/Cards/pythia_card_default.dat	file	350	392b11bcb52bfabab408edd2ee691e138f9e4f2d5d5c514287a25f4f29d7215b
runs/A_PI_NATIVE_RUNTIMEFIX/pi_ufo_baseline_v1/build/A_PI_NATIVE_200/MG5_PROC/Cards/replace_card1.dat	file	149	92d5563c5b5f8d68bc0dc3ee8c350eaee7d43d43aca4d9f6c94d3abc0e69a73a
runs/A_PI_NATIVE_RUNTIMEFIX/pi_ufo_baseline_v1/build/A_PI_NATIVE_200/MG5_PROC/Cards/reweight_card_default.dat	file	3611	281463939a80f0069f80df4108294b7678eeaeba6f2004443e54b9819a8b5cc2
runs/A_PI_NATIVE_RUNTIMEFIX/pi_ufo_baseline_v1/build/A_PI_NATIVE_200/MG5_PROC/Cards/rivet_card_default.dat	file	3044	e1aa7c84051518a747156689b388d0d2428808c629b15b2770f50550d5a1b357
runs/A_PI_NATIVE_RUNTIMEFIX/pi_ufo_baseline_v1/build/A_PI_NATIVE_200/MG5_PROC/Cards/run_card.dat	file	8995	eaf89de16945797f354b820f3a2dd5b875f2d79142efd73a0ebad861af1d7a87
runs/A_PI_NATIVE_RUNTIMEFIX/pi_ufo_baseline_v1/build/A_PI_NATIVE_200/MG5_PROC/Cards/run_card_default.dat	file	9127	00cd76255b00442ba62ac6704680b77f69cff6d630c1e81d4a806f2b69177611
runs/A_PI_NATIVE_RUNTIMEFIX/pi_ufo_baseline_v1/build/A_PI_NATIVE_200/MG5_PROC/Events	dir	4096	
runs/A_PI_NATIVE_RUNTIMEFIX/pi_ufo_baseline_v1/build/A_PI_NATIVE_200/MG5_PROC/Events/.keep	file	0	e3b0c44298fc1c149afbf4c8996fb92427ae41e4649b934ca495991b7852b855
runs/A_PI_NATIVE_RUNTIMEFIX/pi_ufo_baseline_v1/build/A_PI_NATIVE_200/MG5_PROC/Events/smoke	dir	4096	
runs/A_PI_NATIVE_RUNTIMEFIX/pi_ufo_baseline_v1/build/A_PI_NATIVE_200/MG5_PROC/Events/smoke/smoke_tag_1_banner.txt	file	18253	73efb0d319924697b92956415c6318259adbbbe010a2e7c2e33349da820998ae
runs/A_PI_NATIVE_RUNTIMEFIX/pi_ufo_baseline_v1/build/A_PI_NATIVE_200/MG5_PROC/Events/smoke/unweighted_events.lhe.gz	file	18146	8dd991e857a68e99da879be77da91f08bed788b66c75ec69c58911bab66e9d09
runs/A_PI_NATIVE_RUNTIMEFIX/pi_ufo_baseline_v1/build/A_PI_NATIVE_200/MG5_PROC/HTML	dir	4096	
runs/A_PI_NATIVE_RUNTIMEFIX/pi_ufo_baseline_v1/build/A_PI_NATIVE_200/MG5_PROC/HTML/crossx.html	file	0	e3b0c44298fc1c149afbf4c8996fb92427ae41e4649b934ca495991b7852b855
runs/A_PI_NATIVE_RUNTIMEFIX/pi_ufo_baseline_v1/build/A_PI_NATIVE_200/MG5_PROC/HTML/info-default.html	file	685	48cd8ccaa2a07f9a2744e142558ff0e9c8d2bab35636df22c29cc6e828e71cb0
runs/A_PI_NATIVE_RUNTIMEFIX/pi_ufo_baseline_v1/build/A_PI_NATIVE_200/MG5_PROC/HTML/info.html	file	1372	77bb464f063cac567706b2d30767a8eb628fc3abe54e07f1e31c0206e911c352
runs/A_PI_NATIVE_RUNTIMEFIX/pi_ufo_baseline_v1/build/A_PI_NATIVE_200/MG5_PROC/HTML/mgstyle.css	file	652	d12e48c9910c15a22b8095d045578863ca2fac20b765692ea248d81911673ba6
runs/A_PI_NATIVE_RUNTIMEFIX/pi_ufo_baseline_v1/build/A_PI_NATIVE_200/MG5_PROC/HTML/results.pkl	file	2140	caec0892db965c6b01a0a5cb0f213b080c997c68fed414c98c2236971545d722
runs/A_PI_NATIVE_RUNTIMEFIX/pi_ufo_baseline_v1/build/A_PI_NATIVE_200/MG5_PROC/HTML/smoke	dir	4096	
runs/A_PI_NATIVE_RUNTIMEFIX/pi_ufo_baseline_v1/build/A_PI_NATIVE_200/MG5_PROC/HTML/smoke/results.html	file	2248	9ad622d9d63b14be98eea31e91f170a63ae3e8b928c7f21fdb2371c22755919d
runs/A_PI_NATIVE_RUNTIMEFIX/pi_ufo_baseline_v1/build/A_PI_NATIVE_200/MG5_PROC/HTML/sortable.js	file	9967	9a1e49c93b802edad64c0195a0eba240e0efb1a2f47bfcfa8288ad5f8bcceef9
runs/A_PI_NATIVE_RUNTIMEFIX/pi_ufo_baseline_v1/build/A_PI_NATIVE_200/MG5_PROC/HTML/stop.jpg	file	9241	ba221735467931a9f936c1a62ab9159940eab27ad5adc2369df0edd21121fa90
runs/A_PI_NATIVE_RUNTIMEFIX/pi_ufo_baseline_v1/build/A_PI_NATIVE_200/MG5_PROC/HTML/thinking.gif	file	54166	e24769c8b69e96e5ab0714fb216bb04722482357d3fbc182c0cf038a324031d4
runs/A_PI_NATIVE_RUNTIMEFIX/pi_ufo_baseline_v1/build/A_PI_NATIVE_200/MG5_PROC/MGMEVersion.txt	file	5	878103c645ee9a78bccb0be542dca18fd14c37ff9fa7e269250288da0cfb8217
runs/A_PI_NATIVE_RUNTIMEFIX/pi_ufo_baseline_v1/build/A_PI_NATIVE_200/MG5_PROC/README	file	6747	526514d60b377501fc2ff3f3e89fe398cb60860de756941032c987026a288d3a
runs/A_PI_NATIVE_RUNTIMEFIX/pi_ufo_baseline_v1/build/A_PI_NATIVE_200/MG5_PROC/README.systematics	file	5371	d11504feb0c9116e3455180e687f782fc6370626ab71d5742299e155bd755af4
runs/A_PI_NATIVE_RUNTIMEFIX/pi_ufo_baseline_v1/build/A_PI_NATIVE_200/MG5_PROC/Source	dir	4096	
runs/A_PI_NATIVE_RUNTIMEFIX/pi_ufo_baseline_v1/build/A_PI_NATIVE_200/MG5_PROC/Source/.make_opts	file	2668	cb708c3f07c19a13ac044cb8728a5ecb45ece4f753a106c329f1eb0b6b4b76c9
runs/A_PI_NATIVE_RUNTIMEFIX/pi_ufo_baseline_v1/build/A_PI_NATIVE_200/MG5_PROC/Source/BIAS	dir	4096	
runs/A_PI_NATIVE_RUNTIMEFIX/pi_ufo_baseline_v1/build/A_PI_NATIVE_200/MG5_PROC/Source/BIAS/bias.inc	file	0	e3b0c44298fc1c149afbf4c8996fb92427ae41e4649b934ca495991b7852b855
runs/A_PI_NATIVE_RUNTIMEFIX/pi_ufo_baseline_v1/build/A_PI_NATIVE_200/MG5_PROC/Source/BIAS/dummy	dir	4096	
runs/A_PI_NATIVE_RUNTIMEFIX/pi_ufo_baseline_v1/build/A_PI_NATIVE_200/MG5_PROC/Source/BIAS/dummy/dummy.f	file	1471	e998de9f5792ba9bb45fed7b2e2dd0a17fd61da80b3dee12dc5bd5b9654734b3
runs/A_PI_NATIVE_RUNTIMEFIX/pi_ufo_baseline_v1/build/A_PI_NATIVE_200/MG5_PROC/Source/BIAS/dummy/dummy.o	file	1296	a6758134beef28e1e5c91a6fa857e9d2d0f32b28eada3fe6c185696d474ef02c
runs/A_PI_NATIVE_RUNTIMEFIX/pi_ufo_baseline_v1/build/A_PI_NATIVE_200/MG5_PROC/Source/BIAS/dummy/makefile	file	347	c8ba6ae1254b7df13729e71faf38663c281b7158b78b246f46a96aaa2e4f641e
runs/A_PI_NATIVE_RUNTIMEFIX/pi_ufo_baseline_v1/build/A_PI_NATIVE_200/MG5_PROC/Source/BIAS/ptj_bias	dir	4096	
runs/A_PI_NATIVE_RUNTIMEFIX/pi_ufo_baseline_v1/build/A_PI_NATIVE_200/MG5_PROC/Source/BIAS/ptj_bias/makefile	file	449	eab8ade715c4d663e4ae3853620de65f3a3fdbe26f0ef60da1ad5a08ed6fdaf2
runs/A_PI_NATIVE_RUNTIMEFIX/pi_ufo_baseline_v1/build/A_PI_NATIVE_200/MG5_PROC/Source/BIAS/ptj_bias/ptj_bias.f	file	3090	be98145f3616bfbf075c6d1c168bb914045476e45ed742262fd292c5a4b4a78c
runs/A_PI_NATIVE_RUNTIMEFIX/pi_ufo_baseline_v1/build/A_PI_NATIVE_200/MG5_PROC/Source/CERNLIB	dir	4096	
runs/A_PI_NATIVE_RUNTIMEFIX/pi_ufo_baseline_v1/build/A_PI_NATIVE_200/MG5_PROC/Source/CERNLIB/abend.f	file	405	3f82a246769f71f4181fb459a0cdefb1f6f3426cbbbb47ac093a53dad17e87f4
runs/A_PI_NATIVE_RUNTIMEFIX/pi_ufo_baseline_v1/build/A_PI_NATIVE_200/MG5_PROC/Source/CERNLIB/abend.o	file	1256	269bf269ee431e64c48fc39bf5de345aaf65cd4e1b34aae6a5e706369ab57e60
runs/A_PI_NATIVE_RUNTIMEFIX/pi_ufo_baseline_v1/build/A_PI_NATIVE_200/MG5_PROC/Source/CERNLIB/dlsqp2.f	file	1373	8d93368a654705e3e72dfa4d5d5c90e7ac36ad107a954f7e56a0ee7a98da63d7
runs/A_PI_NATIVE_RUNTIMEFIX/pi_ufo_baseline_v1/build/A_PI_NATIVE_200/MG5_PROC/Source/CERNLIB/dlsqp2.o	file	1640	b7e07ca610ae291f78b8fcbd24fe4e5b8f200fb6d8ceb915f3ac4580db21a214
runs/A_PI_NATIVE_RUNTIMEFIX/pi_ufo_baseline_v1/build/A_PI_NATIVE_200/MG5_PROC/Source/CERNLIB/lenocc.f	file	642	36cf2a11d1ddf0b7e9e4301a5ae855631a13cdc6bedf83a78e69fa2da48c805b
runs/A_PI_NATIVE_RUNTIMEFIX/pi_ufo_baseline_v1/build/A_PI_NATIVE_200/MG5_PROC/Source/CERNLIB/lenocc.o	file	1328	94222d433b2a5d0421808b755be28fa1d25a92c8da3a09243ec68861887235cb
runs/A_PI_NATIVE_RUNTIMEFIX/pi_ufo_baseline_v1/build/A_PI_NATIVE_200/MG5_PROC/Source/CERNLIB/makefile	file	262	d69c658d9f991f6bebb5e4f626284a2c955079fc9549384104a85702f979ca3b
runs/A_PI_NATIVE_RUNTIMEFIX/pi_ufo_baseline_v1/build/A_PI_NATIVE_200/MG5_PROC/Source/CERNLIB/mtlprt.f	file	793	b17fca11624639f279a09f79ca0078c6b79cfa42d3535762ab28edb6631fc68b
runs/A_PI_NATIVE_RUNTIMEFIX/pi_ufo_baseline_v1/build/A_PI_NATIVE_200/MG5_PROC/Source/CERNLIB/mtlprt.o	file	2816	6450c9b7dfb527b787f5c59f52de53ba09edb6984aa458d947c79951a6d8b817
runs/A_PI_NATIVE_RUNTIMEFIX/pi_ufo_baseline_v1/build/A_PI_NATIVE_200/MG5_PROC/Source/CERNLIB/mtlset.f	file	9852	d27d530a30e1f2e310504dbac01d36c519289fd1a1ab061d5ecda8f305895c30
runs/A_PI_NATIVE_RUNTIMEFIX/pi_ufo_baseline_v1/build/A_PI_NATIVE_200/MG5_PROC/Source/CERNLIB/mtlset.o	file	6016	b11ab706a0614157fd048e16ba641d04f17ae822b0501909e8443e3522159f2a
runs/A_PI_NATIVE_RUNTIMEFIX/pi_ufo_baseline_v1/build/A_PI_NATIVE_200/MG5_PROC/Source/CERNLIB/radmul.f	file	6292	78307e0f7697e8ac8f24293420fd26eed9223a1358556cd91f4fbaec1365e385
runs/A_PI_NATIVE_RUNTIMEFIX/pi_ufo_baseline_v1/build/A_PI_NATIVE_200/MG5_PROC/Source/CERNLIB/radmul.o	file	6856	fc1f5f49e5787f071fff88693aa57965c11c997e709094341b46bfea44048ce5
runs/A_PI_NATIVE_RUNTIMEFIX/pi_ufo_baseline_v1/build/A_PI_NATIVE_200/MG5_PROC/Source/DHELAS	dir	4096	
runs/A_PI_NATIVE_RUNTIMEFIX/pi_ufo_baseline_v1/build/A_PI_NATIVE_200/MG5_PROC/Source/DHELAS/.keepthisdir	file	0	e3b0c44298fc1c149afbf4c8996fb92427ae41e4649b934ca495991b7852b855
runs/A_PI_NATIVE_RUNTIMEFIX/pi_ufo_baseline_v1/build/A_PI_NATIVE_200/MG5_PROC/Source/DHELAS/SSS1P1N_1.f	file	371	8b87e3845b4b65e902fb2be85246f0bd0a456387d1b0d14f0ff0f5811529af3e
runs/A_PI_NATIVE_RUNTIMEFIX/pi_ufo_baseline_v1/build/A_PI_NATIVE_200/MG5_PROC/Source/DHELAS/SSS1P1N_1.o	file	1440	9df9ddc0907ef1e87113e604f3c315268e911ae40439d16b389e1abd88fd3fac
runs/A_PI_NATIVE_RUNTIMEFIX/pi_ufo_baseline_v1/build/A_PI_NATIVE_200/MG5_PROC/Source/DHELAS/SSS1P1N_2.f	file	371	7b49e88de07b83628c5cd647aadec466674a6c9fc4f7be4f125b1465e275656e
runs/A_PI_NATIVE_RUNTIMEFIX/pi_ufo_baseline_v1/build/A_PI_NATIVE_200/MG5_PROC/Source/DHELAS/SSS1P1N_2.o	file	1440	4eb0f9097b230c2e831b9cae61f46e49ecfc982abe4777dbc53b50f74bcd12d6
runs/A_PI_NATIVE_RUNTIMEFIX/pi_ufo_baseline_v1/build/A_PI_NATIVE_200/MG5_PROC/Source/DHELAS/SSS1P1N_3.f	file	371	13cd612298574d67ef7770c32c19d5ea07c56cdea785251e0df67a93b03cc705
runs/A_PI_NATIVE_RUNTIMEFIX/pi_ufo_baseline_v1/build/A_PI_NATIVE_200/MG5_PROC/Source/DHELAS/SSS1P1N_3.o	file	1440	40fd94378e44c031a27ad08fbd47cf0bb0ed69c1ca83a2c8f27d164bea250fe2
runs/A_PI_NATIVE_RUNTIMEFIX/pi_ufo_baseline_v1/build/A_PI_NATIVE_200/MG5_PROC/Source/DHELAS/SSS1_0.f	file	408	1b8ec5d01205f3dc387b505a29bc122d237455dc364a6fac1150d4b69dc9bd54
runs/A_PI_NATIVE_RUNTIMEFIX/pi_ufo_baseline_v1/build/A_PI_NATIVE_200/MG5_PROC/Source/DHELAS/SSS1_0.o	file	1496	acd747cd8ffd4dc214119bd20fb1f3f21ec7e9d42e19fe043dfceeee06a6c1e2
runs/A_PI_NATIVE_RUNTIMEFIX/pi_ufo_baseline_v1/build/A_PI_NATIVE_200/MG5_PROC/Source/DHELAS/VVS2FF1_3.f	file	2681	c2692e0abcdbf15f92fecf7a7f976e5da0b404bc6e25e3cdcda80c07d631ffb6
runs/A_PI_NATIVE_RUNTIMEFIX/pi_ufo_baseline_v1/build/A_PI_NATIVE_200/MG5_PROC/Source/DHELAS/VVS2FF1_3.o	file	6032	ee4f7b0072018ffe5293af4473027fb0a3ae45f437087eaae00ee6bf94e17b90
runs/A_PI_NATIVE_RUNTIMEFIX/pi_ufo_baseline_v1/build/A_PI_NATIVE_200/MG5_PROC/Source/DHELAS/aloha_file.inc	file	72	3b3b9e6bcdc7554ef589e60aa17e5f6af9059eec5b17ae22969c29107b451926
runs/A_PI_NATIVE_RUNTIMEFIX/pi_ufo_baseline_v1/build/A_PI_NATIVE_200/MG5_PROC/Source/DHELAS/aloha_functions.f	file	62675	6100d8127353c13301e639bfdfea33b7a417095ea3b1eec630ed9d9a4bf92fc4
runs/A_PI_NATIVE_RUNTIMEFIX/pi_ufo_baseline_v1/build/A_PI_NATIVE_200/MG5_PROC/Source/DHELAS/aloha_functions.o	file	33168	f469a3dbcf04ac9f70e4a1953b5a2b249f3356d5c8ac143133c3cfecc8eaaece
runs/A_PI_NATIVE_RUNTIMEFIX/pi_ufo_baseline_v1/build/A_PI_NATIVE_200/MG5_PROC/Source/DHELAS/makefile	file	761	cd3a6c45094f438b995d1104a1e71521562c28b7f4ade1cd358703a2c855f51a
runs/A_PI_NATIVE_RUNTIMEFIX/pi_ufo_baseline_v1/build/A_PI_NATIVE_200/MG5_PROC/Source/DiscreteSampler.f	file	115003	676f15e2565db88e57838e3269f529b6b87bab6d13e0a630101d53eb48341552
runs/A_PI_NATIVE_RUNTIMEFIX/pi_ufo_baseline_v1/build/A_PI_NATIVE_200/MG5_PROC/Source/DiscreteSampler.o	file	123016	5c55ddb86fb79d2975d9dbe0991c3d3e3ec2a7bfefaa8db46b76dfaeec58e39f
runs/A_PI_NATIVE_RUNTIMEFIX/pi_ufo_baseline_v1/build/A_PI_NATIVE_200/MG5_PROC/Source/MODEL	dir	4096	
runs/A_PI_NATIVE_RUNTIMEFIX/pi_ufo_baseline_v1/build/A_PI_NATIVE_200/MG5_PROC/Source/MODEL/.keepme	file	0	e3b0c44298fc1c149afbf4c8996fb92427ae41e4649b934ca495991b7852b855
runs/A_PI_NATIVE_RUNTIMEFIX/pi_ufo_baseline_v1/build/A_PI_NATIVE_200/MG5_PROC/Source/MODEL/actualize_mp_ext_params.inc	file	223	cfe4fa314b53f89d6cf6d6779a6f21d41851bb6e3a004fd3a1968f25e4022e23
runs/A_PI_NATIVE_RUNTIMEFIX/pi_ufo_baseline_v1/build/A_PI_NATIVE_200/MG5_PROC/Source/MODEL/b0f_caching.mod	file	1279	3070d6b2b1ef80a28f08a1fe57aff6bc9ece42d28079ff2dcb01309a3afa7035
runs/A_PI_NATIVE_RUNTIMEFIX/pi_ufo_baseline_v1/build/A_PI_NATIVE_200/MG5_PROC/Source/MODEL/coupl.inc	file	923	9b7bf843d4f38d9322a10eeed2ecf7492983018310288d07a6cab181c712a5c7
runs/A_PI_NATIVE_RUNTIMEFIX/pi_ufo_baseline_v1/build/A_PI_NATIVE_200/MG5_PROC/Source/MODEL/coupl_write.inc	file	398	78bd72ca20817a3d23cf3fcac6be5da78a468b9798c7e5e8ab8a983783f36eb5
runs/A_PI_NATIVE_RUNTIMEFIX/pi_ufo_baseline_v1/build/A_PI_NATIVE_200/MG5_PROC/Source/MODEL/couplings.f	file	2021	8486e75c66d5ced63baeb26fa8e55bf5b523ca16bb87013b29279464bebf78d7
runs/A_PI_NATIVE_RUNTIMEFIX/pi_ufo_baseline_v1/build/A_PI_NATIVE_200/MG5_PROC/Source/MODEL/couplings.o	file	10992	5f28c84a63ff74f0262d65db58a4fa28731e99b72d34fe136d03c3a47cce94fd
runs/A_PI_NATIVE_RUNTIMEFIX/pi_ufo_baseline_v1/build/A_PI_NATIVE_200/MG5_PROC/Source/MODEL/couplings1.f	file	504	0f3b6243a6e5481d97451643b752eca700bbcd745c76c2408f5d9a7a1f0e0b98
runs/A_PI_NATIVE_RUNTIMEFIX/pi_ufo_baseline_v1/build/A_PI_NATIVE_200/MG5_PROC/Source/MODEL/couplings1.o	file	1864	8cf2ef83506ce9a69a8af74d5f54dc5e8bb815bc0773b4fca16331021178e670
runs/A_PI_NATIVE_RUNTIMEFIX/pi_ufo_baseline_v1/build/A_PI_NATIVE_200/MG5_PROC/Source/MODEL/couplings2.f	file	477	7b213edfffe872642526644169799bb3f655033a73e8cdfd3140bb53cdba9f3a
runs/A_PI_NATIVE_RUNTIMEFIX/pi_ufo_baseline_v1/build/A_PI_NATIVE_200/MG5_PROC/Source/MODEL/couplings2.o	file	1800	59070bcfb851c6353ede36272a6645a7e411a782b2eec5aaaf5629f8fc7dedd0
runs/A_PI_NATIVE_RUNTIMEFIX/pi_ufo_baseline_v1/build/A_PI_NATIVE_200/MG5_PROC/Source/MODEL/formats.inc	file	958	1d0c8b3a81b5c4ed3cc50e16edc2d7fa09fa2c2694b9eef3790bff2abc42c3a3
runs/A_PI_NATIVE_RUNTIMEFIX/pi_ufo_baseline_v1/build/A_PI_NATIVE_200/MG5_PROC/Source/MODEL/input.inc	file	3385	7177599525827aaa34e4c84084648bab8ee39bf0a740ca823574510ca5e77bb2
runs/A_PI_NATIVE_RUNTIMEFIX/pi_ufo_baseline_v1/build/A_PI_NATIVE_200/MG5_PROC/Source/MODEL/intparam_definition.inc	file	6418	df527fba82e3a11a0d747cd418d4b8a601fe11e96dd3e391244d2fcc42d96b12
runs/A_PI_NATIVE_RUNTIMEFIX/pi_ufo_baseline_v1/build/A_PI_NATIVE_200/MG5_PROC/Source/MODEL/lha_read.f	file	12149	fd51c4686981abedbf62153ee537e7dec01a138dd9a560f39303b851f99d6ae0
runs/A_PI_NATIVE_RUNTIMEFIX/pi_ufo_baseline_v1/build/A_PI_NATIVE_200/MG5_PROC/Source/MODEL/lha_read.o	file	16248	850f46b2dab6f41be5017a075187a76bf769ba557d43c07f668d2f5fcf892269
runs/A_PI_NATIVE_RUNTIMEFIX/pi_ufo_baseline_v1/build/A_PI_NATIVE_200/MG5_PROC/Source/MODEL/makefile	file	1152	b2e04084aba9bb7ecf6a56015c83265aee0b74e4d9a8b2bdeae8d75521ae55c0
runs/A_PI_NATIVE_RUNTIMEFIX/pi_ufo_baseline_v1/build/A_PI_NATIVE_200/MG5_PROC/Source/MODEL/makeinc.inc	file	288	1e938018cba6559290ffbf790b7f1fd59e9c21e55d81a3c312b45f99d66bc3a3
runs/A_PI_NATIVE_RUNTIMEFIX/pi_ufo_baseline_v1/build/A_PI_NATIVE_200/MG5_PROC/Source/MODEL/model_functions.f	file	18359	3f316cd1c810b693ca11450a8b5bb5badb01dd9b7c6bc05e2d1222c808bfa138
runs/A_PI_NATIVE_RUNTIMEFIX/pi_ufo_baseline_v1/build/A_PI_NATIVE_200/MG5_PROC/Source/MODEL/model_functions.inc	file	718	1eacef8b6184900bf18e6c18614cec17c062226f6ab438410464f5dbfb86515e
runs/A_PI_NATIVE_RUNTIMEFIX/pi_ufo_baseline_v1/build/A_PI_NATIVE_200/MG5_PROC/Source/MODEL/model_functions.o	file	24624	1563b84dd44c0ed86f49174564c1acf4e43888b566d8edc03ae9fabbbebf501b
runs/A_PI_NATIVE_RUNTIMEFIX/pi_ufo_baseline_v1/build/A_PI_NATIVE_200/MG5_PROC/Source/MODEL/param_read.inc	file	227	a14a19f2379f69375eea63dfa4c34319f2681e9e037fc4088ec39a7978568cbc
runs/A_PI_NATIVE_RUNTIMEFIX/pi_ufo_baseline_v1/build/A_PI_NATIVE_200/MG5_PROC/Source/MODEL/param_write.inc	file	6835	ecbf8d7e15441b05566d44736e536bfebef416ef3b3344e910f2fb89a5287a92
runs/A_PI_NATIVE_RUNTIMEFIX/pi_ufo_baseline_v1/build/A_PI_NATIVE_200/MG5_PROC/Source/MODEL/printout.f	file	1571	c765cbd47475c2c8ca3e229691373124a01f13c775ccd603625e5bf2aadb82c7
runs/A_PI_NATIVE_RUNTIMEFIX/pi_ufo_baseline_v1/build/A_PI_NATIVE_200/MG5_PROC/Source/MODEL/printout.o	file	43136	dc6e279ca1bf230af528113507ce9eccf03df2d4b263284f842dfb631c07f52a
runs/A_PI_NATIVE_RUNTIMEFIX/pi_ufo_baseline_v1/build/A_PI_NATIVE_200/MG5_PROC/Source/MODEL/rw_para.f	file	2580	568206e593ca4a7a49c63a1b09eddbed663474f6db62e8bc09960b8282421266
runs/A_PI_NATIVE_RUNTIMEFIX/pi_ufo_baseline_v1/build/A_PI_NATIVE_200/MG5_PROC/Source/MODEL/rw_para.o	file	5560	eb6a532e2885b815ad66f36691334c561a4ae9af92db67a15e301b1e4dce4b29
runs/A_PI_NATIVE_RUNTIMEFIX/pi_ufo_baseline_v1/build/A_PI_NATIVE_200/MG5_PROC/Source/MODEL/testprog.f	file	2394	7570c7961bd45365561047df5a3bd0c529204fb03f4e3562680d3b90e0042c89
runs/A_PI_NATIVE_RUNTIMEFIX/pi_ufo_baseline_v1/build/A_PI_NATIVE_200/MG5_PROC/Source/PDF	dir	4096	
runs/A_PI_NATIVE_RUNTIMEFIX/pi_ufo_baseline_v1/build/A_PI_NATIVE_200/MG5_PROC/Source/PDF/Ctq6Pdf.f	file	15036	faaae1776c4228066687642b39d350ba745f3076c21007516d82dee88601d646
runs/A_PI_NATIVE_RUNTIMEFIX/pi_ufo_baseline_v1/build/A_PI_NATIVE_200/MG5_PROC/Source/PDF/Ctq6Pdf.o	file	15072	8f4e49559cf6952e6473109cb463c3aa0367c6f497f4c42cfcd1a9930b84d7fb
runs/A_PI_NATIVE_RUNTIMEFIX/pi_ufo_baseline_v1/build/A_PI_NATIVE_200/MG5_PROC/Source/PDF/ElectroweakFlux.f	file	9025	a55af74f81cf8c0349db44efeda10e70f405319288311e096c46503be9f1513d
runs/A_PI_NATIVE_RUNTIMEFIX/pi_ufo_baseline_v1/build/A_PI_NATIVE_200/MG5_PROC/Source/PDF/ElectroweakFlux.inc	file	3536	9ba56c31e65dd877d0f7e2537562e9cc8e7956e1a73c34f019ec19b44ae9ab04
runs/A_PI_NATIVE_RUNTIMEFIX/pi_ufo_baseline_v1/build/A_PI_NATIVE_200/MG5_PROC/Source/PDF/ElectroweakFluxDriver.f	file	20029	0e7526df88466bc115a9f054ccfb1ed43ff9db0a3263eb4f342a79a7c4cdb7ba
runs/A_PI_NATIVE_RUNTIMEFIX/pi_ufo_baseline_v1/build/A_PI_NATIVE_200/MG5_PROC/Source/PDF/ElectroweakFlux_dummy.f	file	354	2ce33dcd9212731873efc9bd21711b74bd4d2007c1a65eafa3c1b07b589ac47c
runs/A_PI_NATIVE_RUNTIMEFIX/pi_ufo_baseline_v1/build/A_PI_NATIVE_200/MG5_PROC/Source/PDF/ElectroweakFlux_dummy.o	file	1808	c015c3284a3fcf69a4251fa89f31ffb7fd4957670bf9dd6cd1cf6e17e8e0d663
runs/A_PI_NATIVE_RUNTIMEFIX/pi_ufo_baseline_v1/build/A_PI_NATIVE_200/MG5_PROC/Source/PDF/NNPDFDriver.f	file	9319	569c080439879972784ada0d6e0b040e8a7a93a0cf363cf99fa3bead12abae14
runs/A_PI_NATIVE_RUNTIMEFIX/pi_ufo_baseline_v1/build/A_PI_NATIVE_200/MG5_PROC/Source/PDF/NNPDFDriver.o	file	13008	41d88cbf175658c76854a628c713b6073c77a3795a0ce7241e4586faea7e39cf
runs/A_PI_NATIVE_RUNTIMEFIX/pi_ufo_baseline_v1/build/A_PI_NATIVE_200/MG5_PROC/Source/PDF/PhotonFlux.f	file	4452	5c943e6bad08314ac7b6002b87e756d85a41057b874ebea8573bf2ece950b1eb
runs/A_PI_NATIVE_RUNTIMEFIX/pi_ufo_baseline_v1/build/A_PI_NATIVE_200/MG5_PROC/Source/PDF/PhotonFlux.o	file	4704	df203bfa134a3add1673d1cd0e4c2b66fecd9fe99f193b19ee10dc61084bca2e
runs/A_PI_NATIVE_RUNTIMEFIX/pi_ufo_baseline_v1/build/A_PI_NATIVE_200/MG5_PROC/Source/PDF/dfint.f	file	2593	61eff004b8fb8390324eba77f2b2644a723f09d7412af63e4b74145c6b2b1ef3
runs/A_PI_NATIVE_RUNTIMEFIX/pi_ufo_baseline_v1/build/A_PI_NATIVE_200/MG5_PROC/Source/PDF/dfint.o	file	3200	b6f6dbbb21058ce8b7c54a0e74a455434c55cc8db2f47c8bacfd5dd0a06e6a5a
runs/A_PI_NATIVE_RUNTIMEFIX/pi_ufo_baseline_v1/build/A_PI_NATIVE_200/MG5_PROC/Source/PDF/eepdf.f	file	339113	2e449b3d91d3af09681e5fad9209084e2e8c3dbb5ac00a7b5d7744d3e596235a
runs/A_PI_NATIVE_RUNTIMEFIX/pi_ufo_baseline_v1/build/A_PI_NATIVE_200/MG5_PROC/Source/PDF/eepdf.inc	file	302	8a6bd33755a6e79abba68ec428efe34bac3e915d67caa0eba5ce72fd8704019c
runs/A_PI_NATIVE_RUNTIMEFIX/pi_ufo_baseline_v1/build/A_PI_NATIVE_200/MG5_PROC/Source/PDF/eepdf.o	file	106800	42eaf7a5cc9ee949c8e48c7d3b5a1003dc5749a60a8027dcda5d052d34ed0ce4
runs/A_PI_NATIVE_RUNTIMEFIX/pi_ufo_baseline_v1/build/A_PI_NATIVE_200/MG5_PROC/Source/PDF/gammaUPC	dir	4096	
runs/A_PI_NATIVE_RUNTIMEFIX/pi_ufo_baseline_v1/build/A_PI_NATIVE_200/MG5_PROC/Source/PDF/gammaUPC/ElasticPhotonPhotonFlux.f90	file	113002	a5e77a30f09df6ac03b0181f6698a8549916fa08e2c60da8929252bf17cea363
runs/A_PI_NATIVE_RUNTIMEFIX/pi_ufo_baseline_v1/build/A_PI_NATIVE_200/MG5_PROC/Source/PDF/gammaUPC/OpticalGlauber_Geometry.f90	file	80827	ba7bf8d47191ae9bc03b8d313fd55e6b372d44df1db2e4a2d98247267e34ea4f
runs/A_PI_NATIVE_RUNTIMEFIX/pi_ufo_baseline_v1/build/A_PI_NATIVE_200/MG5_PROC/Source/PDF/gammaUPC/gammaUPC_dummy.f	file	218	2f7f52de7aae9dc481e5238d1184e8db2ba3adf9ff7e7836001b1d4244e166d7
runs/A_PI_NATIVE_RUNTIMEFIX/pi_ufo_baseline_v1/build/A_PI_NATIVE_200/MG5_PROC/Source/PDF/gammaUPC/gammaUPC_dummy.o	file	1800	5e5ac9f46c039fa9c9afbfdb1bf18d1d1b7bf119ebe442aa116f27ebf8887635
runs/A_PI_NATIVE_RUNTIMEFIX/pi_ufo_baseline_v1/build/A_PI_NATIVE_200/MG5_PROC/Source/PDF/gammaUPC/interpolation.f90	file	41826	c89df9b3e391d454f0f6543ad38b012c35b03af1b775c4b66506dc0c1ab4147d
runs/A_PI_NATIVE_RUNTIMEFIX/pi_ufo_baseline_v1/build/A_PI_NATIVE_200/MG5_PROC/Source/PDF/gammaUPC/makefile	file	1433	1028933ece2c569cd94a88ffda57a5b81d9d140a5528bbb4bbac0f6e9d7e83df
runs/A_PI_NATIVE_RUNTIMEFIX/pi_ufo_baseline_v1/build/A_PI_NATIVE_200/MG5_PROC/Source/PDF/gammaUPC/makefile_dummy	file	374	45c9b8ad079ca99a759cc24f68d30f6ef91878d47ce51b81e573c83167fba8e2
runs/A_PI_NATIVE_RUNTIMEFIX/pi_ufo_baseline_v1/build/A_PI_NATIVE_200/MG5_PROC/Source/PDF/gammaUPC/nielsen_generalized_polylog.f90	file	13510	8cee9ad199b2625e2f759ea3e3fe14662318351a368a125b93f5c52a6f6d7808
runs/A_PI_NATIVE_RUNTIMEFIX/pi_ufo_baseline_v1/build/A_PI_NATIVE_200/MG5_PROC/Source/PDF/gammaUPC/nintlib.f90	file	37952	92657ae581afabdc4591c1725167ab0c88fc15e49ba854023eac3cb14bb21607
runs/A_PI_NATIVE_RUNTIMEFIX/pi_ufo_baseline_v1/build/A_PI_NATIVE_200/MG5_PROC/Source/PDF/gammaUPC/photonpdfsquare.f	file	5626	606c0bd20df16116377b2a4e44a30c032a5afd52d45d2666c21e987b76302ffe
runs/A_PI_NATIVE_RUNTIMEFIX/pi_ufo_baseline_v1/build/A_PI_NATIVE_200/MG5_PROC/Source/PDF/gammaUPC/run90.inc	file	470	a07e6a3a0a10e6a77c503ef0f208b7231084a915a3a887fe42ca958da2f78ba5
runs/A_PI_NATIVE_RUNTIMEFIX/pi_ufo_baseline_v1/build/A_PI_NATIVE_200/MG5_PROC/Source/PDF/gammaUPC/tbessj.f90	file	10321	2d27cb8eecff63e434a79ff57b530786b253289e5a9d52c14941b8e88308d899
runs/A_PI_NATIVE_RUNTIMEFIX/pi_ufo_baseline_v1/build/A_PI_NATIVE_200/MG5_PROC/Source/PDF/gammaUPC/tbessk.f90	file	7288	6364e36ebf441b92a4c49dcc63335679b7b95c0abbf7a9be239dd26e7ec37cf1
runs/A_PI_NATIVE_RUNTIMEFIX/pi_ufo_baseline_v1/build/A_PI_NATIVE_200/MG5_PROC/Source/PDF/gammaUPC/test.f90	file	2259	d6eff055ac688c0c992faaaf18c55244fc1df1ce41a99ac3483ce1052bd83ee2
runs/A_PI_NATIVE_RUNTIMEFIX/pi_ufo_baseline_v1/build/A_PI_NATIVE_200/MG5_PROC/Source/PDF/gridpdfaux.f	file	3210	8b787c1f5e446765b1c3f90acff4201a41f2a1f1c94d859bf154af8698647d32
runs/A_PI_NATIVE_RUNTIMEFIX/pi_ufo_baseline_v1/build/A_PI_NATIVE_200/MG5_PROC/Source/PDF/gridpdfaux.o	file	3760	b25dc5011fd17f981d9e6ec93ea7cec09d7bdf3810be8abf3e1e242d765b1b79
runs/A_PI_NATIVE_RUNTIMEFIX/pi_ufo_baseline_v1/build/A_PI_NATIVE_200/MG5_PROC/Source/PDF/kerset.f	file	3952	34c45d8a70bd4d66aa561537651e0456972435a9b0756a495fa0a17734dfd226
runs/A_PI_NATIVE_RUNTIMEFIX/pi_ufo_baseline_v1/build/A_PI_NATIVE_200/MG5_PROC/Source/PDF/kerset.o	file	5256	621e9a147f636799ee23805259622a70f2fc43794eb9f0864f9533dc463c4862
runs/A_PI_NATIVE_RUNTIMEFIX/pi_ufo_baseline_v1/build/A_PI_NATIVE_200/MG5_PROC/Source/PDF/lep_densities	dir	4096	
runs/A_PI_NATIVE_RUNTIMEFIX/pi_ufo_baseline_v1/build/A_PI_NATIVE_200/MG5_PROC/Source/PDF/lep_densities/cepc240ll	dir	4096	
runs/A_PI_NATIVE_RUNTIMEFIX/pi_ufo_baseline_v1/build/A_PI_NATIVE_200/MG5_PROC/Source/PDF/lep_densities/cepc240ll/eepdf.f	file	631636	6b4db0b925dfb4009c10d5d99e7df4ecbc31feb09e386406ac684884cf8bb3e0
runs/A_PI_NATIVE_RUNTIMEFIX/pi_ufo_baseline_v1/build/A_PI_NATIVE_200/MG5_PROC/Source/PDF/lep_densities/cepc240ll/gridpdfaux.f	file	4111	9029e5846502c8406cfec51bcd789d10aacd3381325936b5879ebfdc75232e4f
runs/A_PI_NATIVE_RUNTIMEFIX/pi_ufo_baseline_v1/build/A_PI_NATIVE_200/MG5_PROC/Source/PDF/lep_densities/clic3000ll	dir	4096	
runs/A_PI_NATIVE_RUNTIMEFIX/pi_ufo_baseline_v1/build/A_PI_NATIVE_200/MG5_PROC/Source/PDF/lep_densities/clic3000ll/eepdf.f	file	631636	fe3f201c16e9342b75fe174e2c3ead88201ad209694c4904788e44530570999a
runs/A_PI_NATIVE_RUNTIMEFIX/pi_ufo_baseline_v1/build/A_PI_NATIVE_200/MG5_PROC/Source/PDF/lep_densities/clic3000ll/gridpdfaux.f	file	4111	9029e5846502c8406cfec51bcd789d10aacd3381325936b5879ebfdc75232e4f
runs/A_PI_NATIVE_RUNTIMEFIX/pi_ufo_baseline_v1/build/A_PI_NATIVE_200/MG5_PROC/Source/PDF/lep_densities/fcce240ll	dir	4096	
runs/A_PI_NATIVE_RUNTIMEFIX/pi_ufo_baseline_v1/build/A_PI_NATIVE_200/MG5_PROC/Source/PDF/lep_densities/fcce240ll/eepdf.f	file	631636	731542c85b5fe0c9de265325c693fa0e3a5e2a7f6d42dc08c0cd5469463774ca
runs/A_PI_NATIVE_RUNTIMEFIX/pi_ufo_baseline_v1/build/A_PI_NATIVE_200/MG5_PROC/Source/PDF/lep_densities/fcce240ll/gridpdfaux.f	file	4111	9029e5846502c8406cfec51bcd789d10aacd3381325936b5879ebfdc75232e4f
runs/A_PI_NATIVE_RUNTIMEFIX/pi_ufo_baseline_v1/build/A_PI_NATIVE_200/MG5_PROC/Source/PDF/lep_densities/fcce365ll	dir	4096	
runs/A_PI_NATIVE_RUNTIMEFIX/pi_ufo_baseline_v1/build/A_PI_NATIVE_200/MG5_PROC/Source/PDF/lep_densities/fcce365ll/eepdf.f	file	631636	5b7a90a66931a80954a5a6a9e4010c58ebac6ccb6001a70cf9879ecf7ec307b4
runs/A_PI_NATIVE_RUNTIMEFIX/pi_ufo_baseline_v1/build/A_PI_NATIVE_200/MG5_PROC/Source/PDF/lep_densities/fcce365ll/gridpdfaux.f	file	4111	9029e5846502c8406cfec51bcd789d10aacd3381325936b5879ebfdc75232e4f
runs/A_PI_NATIVE_RUNTIMEFIX/pi_ufo_baseline_v1/build/A_PI_NATIVE_200/MG5_PROC/Source/PDF/lep_densities/ilc500ll	dir	4096	
runs/A_PI_NATIVE_RUNTIMEFIX/pi_ufo_baseline_v1/build/A_PI_NATIVE_200/MG5_PROC/Source/PDF/lep_densities/ilc500ll/eepdf.f	file	631636	5bef5c8221736c93469c703ca2c8bec999ebda5a49b4cf1f1934b4ea70cabae6
runs/A_PI_NATIVE_RUNTIMEFIX/pi_ufo_baseline_v1/build/A_PI_NATIVE_200/MG5_PROC/Source/PDF/lep_densities/ilc500ll/gridpdfaux.f	file	4111	9029e5846502c8406cfec51bcd789d10aacd3381325936b5879ebfdc75232e4f
runs/A_PI_NATIVE_RUNTIMEFIX/pi_ufo_baseline_v1/build/A_PI_NATIVE_200/MG5_PROC/Source/PDF/lep_densities/isronlyll	dir	4096	
runs/A_PI_NATIVE_RUNTIMEFIX/pi_ufo_baseline_v1/build/A_PI_NATIVE_200/MG5_PROC/Source/PDF/lep_densities/isronlyll/eepdf.f	file	338612	62f0c9e61e2a93ee0c7cf240b6766a987466417cfe96437c1bb94b716df61f3a
runs/A_PI_NATIVE_RUNTIMEFIX/pi_ufo_baseline_v1/build/A_PI_NATIVE_200/MG5_PROC/Source/PDF/lep_densities/isronlyll/gridpdfaux.f	file	3124	8b8830f1c9fc92c37f9979ff6dac8f3e2fd7c5b7703c33884490554e3984c05a
runs/A_PI_NATIVE_RUNTIMEFIX/pi_ufo_baseline_v1/build/A_PI_NATIVE_200/MG5_PROC/Source/PDF/makefile	file	2448	de4eef231102f8fa308769197e53b8c13717ef8810150385700a867300601c51
runs/A_PI_NATIVE_RUNTIMEFIX/pi_ufo_baseline_v1/build/A_PI_NATIVE_200/MG5_PROC/Source/PDF/opendata.f	file	2589	bfaa0cd1c1d12b64785d833ae35e6dad093d80c45a5d26613e9fb6fc4e90b1c2
runs/A_PI_NATIVE_RUNTIMEFIX/pi_ufo_baseline_v1/build/A_PI_NATIVE_200/MG5_PROC/Source/PDF/opendata.o	file	8328	e61c5ea4793e18301fe2a315457ca6fd514bbc1f10d64606a200fdf3f6604c86
runs/A_PI_NATIVE_RUNTIMEFIX/pi_ufo_baseline_v1/build/A_PI_NATIVE_200/MG5_PROC/Source/PDF/pdf.f	file	11507	955eb4b5cd06d1e5416c2644e2d31ba677e6fe529c96b9b00619f44e147407f6
runs/A_PI_NATIVE_RUNTIMEFIX/pi_ufo_baseline_v1/build/A_PI_NATIVE_200/MG5_PROC/Source/PDF/pdf.inc	file	450	3d462edd5d8ea17e9ad26b693ef0c101e886b2effc7fd36f43dfbaa5d2ccf1fd
runs/A_PI_NATIVE_RUNTIMEFIX/pi_ufo_baseline_v1/build/A_PI_NATIVE_200/MG5_PROC/Source/PDF/pdf.o	file	4008	d2ca836646bd873964351f1263fe949eb1676e516aac22296fc32968a9fe66dc
runs/A_PI_NATIVE_RUNTIMEFIX/pi_ufo_baseline_v1/build/A_PI_NATIVE_200/MG5_PROC/Source/PDF/pdf_lhapdf6.cc	file	41276	ced11dfb36e8ca939029ce2aef0bd0173ed2da6822f9ec9cda341b75ae7c880a
runs/A_PI_NATIVE_RUNTIMEFIX/pi_ufo_baseline_v1/build/A_PI_NATIVE_200/MG5_PROC/Source/PDF/pdf_lhapdf62.cc	file	58334	e6755785adc9958089902500cea13610766425d7279ed5fad3aa6950876f122b
runs/A_PI_NATIVE_RUNTIMEFIX/pi_ufo_baseline_v1/build/A_PI_NATIVE_200/MG5_PROC/Source/PDF/pdf_list.txt	file	4297	554cfd7859541a5364716cf7228f75fc52fc3bd72029ebfb72e964baebd066d5
runs/A_PI_NATIVE_RUNTIMEFIX/pi_ufo_baseline_v1/build/A_PI_NATIVE_200/MG5_PROC/Source/PDF/pdfwrap.f	file	10277	32164b7098c60d94a3985781aba0ed0b348e3acbf1fe860c153227253c834638
runs/A_PI_NATIVE_RUNTIMEFIX/pi_ufo_baseline_v1/build/A_PI_NATIVE_200/MG5_PROC/Source/PDF/pdfwrap.o	file	4808	3110313f3510a5fd0fb81f30159b15dd17c1dc807129e3d20cfa48ea4cb36f9d
runs/A_PI_NATIVE_RUNTIMEFIX/pi_ufo_baseline_v1/build/A_PI_NATIVE_200/MG5_PROC/Source/PDF/pdfwrap_emela.f	file	2624	e1995a9789373d50ca29b73b7b6c2d7426fc6f64ad9d63d60faa71d0ffeca9cd
runs/A_PI_NATIVE_RUNTIMEFIX/pi_ufo_baseline_v1/build/A_PI_NATIVE_200/MG5_PROC/Source/PDF/pdfwrap_lhapdf.f	file	2408	ae9b8f43e2e8bbb3fc8a2f740d49ace85717d9713eb43fc28c7557ff7a628b43
runs/A_PI_NATIVE_RUNTIMEFIX/pi_ufo_baseline_v1/build/A_PI_NATIVE_200/MG5_PROC/Source/PDF/pdg2pdf.f	file	12850	13427a635e6f2ab64e9492b7b988825d00c3e5e04b6b9801e27fc5782cf100ba
runs/A_PI_NATIVE_RUNTIMEFIX/pi_ufo_baseline_v1/build/A_PI_NATIVE_200/MG5_PROC/Source/PDF/pdg2pdf.o	file	13184	a787d8ad3ae86351e707cd663372d148bee16ef4a7caa3102de0fb2e64b94de1
runs/A_PI_NATIVE_RUNTIMEFIX/pi_ufo_baseline_v1/build/A_PI_NATIVE_200/MG5_PROC/Source/PDF/pdg2pdf_lhapdf6.f	file	9350	55c2e838f18f3657a048a74d3b2cb608e4932dba9914d6085f45eaf1fe7006fa
runs/A_PI_NATIVE_RUNTIMEFIX/pi_ufo_baseline_v1/build/A_PI_NATIVE_200/MG5_PROC/Source/StringCast.f	file	4294	f993aa6cf4513b270353574a7ebd6ec4a65226ccffef8446818e69b654c006b4
runs/A_PI_NATIVE_RUNTIMEFIX/pi_ufo_baseline_v1/build/A_PI_NATIVE_200/MG5_PROC/Source/StringCast.o	file	7512	689254a28ca47fb08af2f5c9e775c1fba07638fdee91ad8ee6fe3dd9fc20e395
runs/A_PI_NATIVE_RUNTIMEFIX/pi_ufo_baseline_v1/build/A_PI_NATIVE_200/MG5_PROC/Source/alfas.inc	file	453	d5ae9799ae1067a7a5d8a690654408e4626db1f032091eab30286a3dc06c7a1c
runs/A_PI_NATIVE_RUNTIMEFIX/pi_ufo_baseline_v1/build/A_PI_NATIVE_200/MG5_PROC/Source/alfas_functions.f	file	7877	3e9c1a8eb073de40d531217c349fe6f3f1dfc801fe4c3db527e2e15537f00a0d
runs/A_PI_NATIVE_RUNTIMEFIX/pi_ufo_baseline_v1/build/A_PI_NATIVE_200/MG5_PROC/Source/alfas_functions.o	file	9768	77b6b206df4fab9d045e2ce3657f6262d49b6225f30a50fbfcbc3c6a3d2dc9a0
runs/A_PI_NATIVE_RUNTIMEFIX/pi_ufo_baseline_v1/build/A_PI_NATIVE_200/MG5_PROC/Source/alfas_functions_lhapdf.f	file	3944	7b9439bb225674fa3126daa993a62b5b32b6201ed2a6875003be2ad820deb7c2
runs/A_PI_NATIVE_RUNTIMEFIX/pi_ufo_baseline_v1/build/A_PI_NATIVE_200/MG5_PROC/Source/banner_header.txt	file	1978	cd24ed8cb6c0f45494b06abceabd976357ab246a94ad108dc81380ab66e58cb6
runs/A_PI_NATIVE_RUNTIMEFIX/pi_ufo_baseline_v1/build/A_PI_NATIVE_200/MG5_PROC/Source/basecode.f	file	3601	f4e61b4b5e19d3d9a12e775bce73c1a2349e5d30402618b31a8212c62460f478
runs/A_PI_NATIVE_RUNTIMEFIX/pi_ufo_baseline_v1/build/A_PI_NATIVE_200/MG5_PROC/Source/basecode.o	file	3696	3f39777a74208b8fa7bd7adc3b88bbcb54b387c93a36bf032c09593a6b72afb5
runs/A_PI_NATIVE_RUNTIMEFIX/pi_ufo_baseline_v1/build/A_PI_NATIVE_200/MG5_PROC/Source/combine_events.f	file	28617	d51c82d0177a0c60fb92faab32b3eb26fba551cb89562b95dbf12cd58428e700
runs/A_PI_NATIVE_RUNTIMEFIX/pi_ufo_baseline_v1/build/A_PI_NATIVE_200/MG5_PROC/Source/cuts.inc	file	3195	15749e6559df6c6cb99083be6ed2214f4aaf3cb38dd686d359625ca572652b23
runs/A_PI_NATIVE_RUNTIMEFIX/pi_ufo_baseline_v1/build/A_PI_NATIVE_200/MG5_PROC/Source/dgauss.f	file	2357	2d2d11ea43bca5775ba844f6675911ea6f1e12986ebfb87a1379a3ee5593f463
runs/A_PI_NATIVE_RUNTIMEFIX/pi_ufo_baseline_v1/build/A_PI_NATIVE_200/MG5_PROC/Source/dgauss.o	file	3648	40c18037068d37eb0924743e372e03a25a5d1dbc2fc765c9c3891151856160cc
runs/A_PI_NATIVE_RUNTIMEFIX/pi_ufo_baseline_v1/build/A_PI_NATIVE_200/MG5_PROC/Source/discretesampler.mod	file	5974	86a27dda9d23244d28d91607dc95fdd9819b8eba6cc57534ece22de95b32776a
runs/A_PI_NATIVE_RUNTIMEFIX/pi_ufo_baseline_v1/build/A_PI_NATIVE_200/MG5_PROC/Source/dsample.f	file	84337	c27228ce1bbaa9c8681a1e54ce55045c834f3b546ad691ce8ed1bf5f158d94df
runs/A_PI_NATIVE_RUNTIMEFIX/pi_ufo_baseline_v1/build/A_PI_NATIVE_200/MG5_PROC/Source/dsample.o	file	1714608	6b15d7887f7ce8409c03b6f6c128ff1412da9cecd03e2fed585bf254621ffb3c
runs/A_PI_NATIVE_RUNTIMEFIX/pi_ufo_baseline_v1/build/A_PI_NATIVE_200/MG5_PROC/Source/eepdf.inc	file	302	8a6bd33755a6e79abba68ec428efe34bac3e915d67caa0eba5ce72fd8704019c
runs/A_PI_NATIVE_RUNTIMEFIX/pi_ufo_baseline_v1/build/A_PI_NATIVE_200/MG5_PROC/Source/gen_ximprove.f	file	33831	a0c72f5cfdc68b4ad03b6ef9990370c87f644799edb37ed4e1f0766bf52e7215
runs/A_PI_NATIVE_RUNTIMEFIX/pi_ufo_baseline_v1/build/A_PI_NATIVE_200/MG5_PROC/Source/genps.inc	file	2295	625f1a15b4e76821c187387b9d0bcdb2057a0d374899119847c8beac3afa5880
runs/A_PI_NATIVE_RUNTIMEFIX/pi_ufo_baseline_v1/build/A_PI_NATIVE_200/MG5_PROC/Source/getissud.f	file	5222	ab5a08dc9d4190e06fa2dc073750374ab012286a35c1367553dacf4a55a3f2b1
runs/A_PI_NATIVE_RUNTIMEFIX/pi_ufo_baseline_v1/build/A_PI_NATIVE_200/MG5_PROC/Source/getissud.o	file	7200	23b84f45ec1a0b0b99c522dc5e23173392f94e6d4e64c6a7d95d3d4498bcacaf
runs/A_PI_NATIVE_RUNTIMEFIX/pi_ufo_baseline_v1/build/A_PI_NATIVE_200/MG5_PROC/Source/hbook.inc	file	663	deba341596162b4605f956288449ee44fba3cf96619ed5af9445e089e163afa9
runs/A_PI_NATIVE_RUNTIMEFIX/pi_ufo_baseline_v1/build/A_PI_NATIVE_200/MG5_PROC/Source/hbook1.f	file	892	2eb8fc1fa9c73ec9ea8660d0a83a47bcbbd94d00bc75482cec73ef797c5f6fb6
runs/A_PI_NATIVE_RUNTIMEFIX/pi_ufo_baseline_v1/build/A_PI_NATIVE_200/MG5_PROC/Source/hbook2.f	file	1275	15d9647a2f1558f7258cc9f9166713bcc7bd2bb13714ff2d50de96d64f8c08fe
runs/A_PI_NATIVE_RUNTIMEFIX/pi_ufo_baseline_v1/build/A_PI_NATIVE_200/MG5_PROC/Source/hcurve.f	file	1652	b5aa0931a4daa63b796bd4af75f0ca6b8f39eb990c0cdd99026cad2fb3aaab77
runs/A_PI_NATIVE_RUNTIMEFIX/pi_ufo_baseline_v1/build/A_PI_NATIVE_200/MG5_PROC/Source/hfill.f	file	1065	41c6ec9229d573a9c16b86138754b238a79c04870bcbb89e2d65dcdc5b56ff11
runs/A_PI_NATIVE_RUNTIMEFIX/pi_ufo_baseline_v1/build/A_PI_NATIVE_200/MG5_PROC/Source/hfill.o	file	123240	482810e780f41997dfb53030efdaf450967832b4c002fbf34302023aeb536097
runs/A_PI_NATIVE_RUNTIMEFIX/pi_ufo_baseline_v1/build/A_PI_NATIVE_200/MG5_PROC/Source/htuple.f	file	11038	80102a031df8a3bac795c1ba6e630d7fbc79078a6664f954df0cd8adad9ea796
runs/A_PI_NATIVE_RUNTIMEFIX/pi_ufo_baseline_v1/build/A_PI_NATIVE_200/MG5_PROC/Source/invarients.f	file	8895	cbf921ebfa1f200d39ed16c6ca3ead8056fbb530eebc07c081fd2f9dffe25fb5
runs/A_PI_NATIVE_RUNTIMEFIX/pi_ufo_baseline_v1/build/A_PI_NATIVE_200/MG5_PROC/Source/invarients.o	file	12872	59d372343bedc3e98706f4e979322d45a5ded9673a4f69157c0345d455276066
runs/A_PI_NATIVE_RUNTIMEFIX/pi_ufo_baseline_v1/build/A_PI_NATIVE_200/MG5_PROC/Source/kin_functions.f	file	20781	258ba73d21343e1e9e64f8f1beec0ae9a9f890d01c3d3a907f1091843de6372d
runs/A_PI_NATIVE_RUNTIMEFIX/pi_ufo_baseline_v1/build/A_PI_NATIVE_200/MG5_PROC/Source/kin_functions.o	file	15304	22441b507c7abeaec9990c3dc0b5f252c1b96a624f1c8995340ee569072eac4c
runs/A_PI_NATIVE_RUNTIMEFIX/pi_ufo_baseline_v1/build/A_PI_NATIVE_200/MG5_PROC/Source/lhe_event_infos.inc	file	606	61299a03d23a0cd89d06a12248da67a1696ca1e4c10afe2c9707e4b595b030dd
runs/A_PI_NATIVE_RUNTIMEFIX/pi_ufo_baseline_v1/build/A_PI_NATIVE_200/MG5_PROC/Source/make_opts	file	2599	a5bbd5a9841bd5cce5ee40f263794702aa4024b28f1fc715bb0da1b9aa6857cc
runs/A_PI_NATIVE_RUNTIMEFIX/pi_ufo_baseline_v1/build/A_PI_NATIVE_200/MG5_PROC/Source/makefile	file	4681	3de4f2b21247f23077d903ea830d24b235ef13c92a4428b6aa5e8f8ca6088b7d
runs/A_PI_NATIVE_RUNTIMEFIX/pi_ufo_baseline_v1/build/A_PI_NATIVE_200/MG5_PROC/Source/maxconfigs.inc	file	57	5f0a5d858bea712fdf860cdd478eba6400d3fbc490c1844643f2b6c93fbdd231
runs/A_PI_NATIVE_RUNTIMEFIX/pi_ufo_baseline_v1/build/A_PI_NATIVE_200/MG5_PROC/Source/maxparticles.inc	file	61	f74c474319f9374319e754e43a6e57113420206e069dd21c73578a28399fa202
runs/A_PI_NATIVE_RUNTIMEFIX/pi_ufo_baseline_v1/build/A_PI_NATIVE_200/MG5_PROC/Source/open_file.f	file	1696	5736e50afc043c05c671376f389df6618558b45e33966c1f2fce1621e8ac07a1
runs/A_PI_NATIVE_RUNTIMEFIX/pi_ufo_baseline_v1/build/A_PI_NATIVE_200/MG5_PROC/Source/open_file.o	file	4584	b41d96ddd91c49ad532cab89b8af6e75753420b4bf10de6d356ce3364433b90a
runs/A_PI_NATIVE_RUNTIMEFIX/pi_ufo_baseline_v1/build/A_PI_NATIVE_200/MG5_PROC/Source/param_card.inc	file	914	5629f739af406618702c684c90827ae7f88f82752d5d631c4ab8580b39ef4ae0
runs/A_PI_NATIVE_RUNTIMEFIX/pi_ufo_baseline_v1/build/A_PI_NATIVE_200/MG5_PROC/Source/pawgraphs.f	file	1645	b7b2d166c37c772cbe015ba8afee4d673f1d5cd04474ecef88d8a1ccea7aff8b
runs/A_PI_NATIVE_RUNTIMEFIX/pi_ufo_baseline_v1/build/A_PI_NATIVE_200/MG5_PROC/Source/pawgraphs.o	file	1992	64986a56f33d58392afd3c04e19bee919907f167e088e712d0a50fc0a0ea6ccf
runs/A_PI_NATIVE_RUNTIMEFIX/pi_ufo_baseline_v1/build/A_PI_NATIVE_200/MG5_PROC/Source/psample.inc	file	330	3f00c28a6c54bc1b656e276ce0c9b85c9440e23353bf69b8bc7ee85f258a4743
runs/A_PI_NATIVE_RUNTIMEFIX/pi_ufo_baseline_v1/build/A_PI_NATIVE_200/MG5_PROC/Source/ran1.f	file	951	6946801bbcfd9a5fcf3184d1d7b73ca6deaf55ca0e0f0660d3db2c42479175af
runs/A_PI_NATIVE_RUNTIMEFIX/pi_ufo_baseline_v1/build/A_PI_NATIVE_200/MG5_PROC/Source/ran1.o	file	3712	95223609642fed47691a3954b5de98a5aab988d14a25af4e4c8761c3cb88fe06
runs/A_PI_NATIVE_RUNTIMEFIX/pi_ufo_baseline_v1/build/A_PI_NATIVE_200/MG5_PROC/Source/ranmar.f	file	7330	9bb6bbc5f1fda1df1a8df5d8518103b55a3f6c2b13874178b501b7272ecf2888
runs/A_PI_NATIVE_RUNTIMEFIX/pi_ufo_baseline_v1/build/A_PI_NATIVE_200/MG5_PROC/Source/ranmar.o	file	12208	9e67345aa03630f1c1a20fb76f15ae34318dec2a5e0fdea1535a321339b8b871
runs/A_PI_NATIVE_RUNTIMEFIX/pi_ufo_baseline_v1/build/A_PI_NATIVE_200/MG5_PROC/Source/readgrid.f	file	3983	63a2121b9a34bb18b5de3d73102f3c4f542af0f79c2b1c1175c47ed7579b2ff5
runs/A_PI_NATIVE_RUNTIMEFIX/pi_ufo_baseline_v1/build/A_PI_NATIVE_200/MG5_PROC/Source/readgrid.o	file	14560	f83ee879dcc94f7aa5914a3a169043023e63e8cf250095724b97e07e2cccfae8
runs/A_PI_NATIVE_RUNTIMEFIX/pi_ufo_baseline_v1/build/A_PI_NATIVE_200/MG5_PROC/Source/run.inc	file	3622	51e0098d5cb17d1c666fbb08c317f14e48f1d03cc4ed55d608546e9ef0c76330
runs/A_PI_NATIVE_RUNTIMEFIX/pi_ufo_baseline_v1/build/A_PI_NATIVE_200/MG5_PROC/Source/run_card.inc	file	6531	dba6315be87461b67fc0f73df2a6eb7728b4e8477586e4884103fcef0651186b
runs/A_PI_NATIVE_RUNTIMEFIX/pi_ufo_baseline_v1/build/A_PI_NATIVE_200/MG5_PROC/Source/run_config.inc	file	2209	1026160b03fa7c648e8ae33423107663bce56c31e85bc4dedf6dfe0ec392df53
runs/A_PI_NATIVE_RUNTIMEFIX/pi_ufo_baseline_v1/build/A_PI_NATIVE_200/MG5_PROC/Source/run_printout.f	file	2358	ee37cda1054daa5c9beabb9270734357f823cbf88135f729c537dd21db3e7cc0
runs/A_PI_NATIVE_RUNTIMEFIX/pi_ufo_baseline_v1/build/A_PI_NATIVE_200/MG5_PROC/Source/run_printout.o	file	8408	5743dddbf2c11f95e9d14243f51573a8e655862683165d745c6965234d60347c
runs/A_PI_NATIVE_RUNTIMEFIX/pi_ufo_baseline_v1/build/A_PI_NATIVE_200/MG5_PROC/Source/rw_events.f	file	10060	51fac40df2e39e0d20ddbdaed810aabe6e26203ce47f2b11871949085543b67a
runs/A_PI_NATIVE_RUNTIMEFIX/pi_ufo_baseline_v1/build/A_PI_NATIVE_200/MG5_PROC/Source/rw_events.o	file	25536	0b531926d4a22535f21748bfaa90b16932be35c4f9249461502de88c5ea2ddb2
runs/A_PI_NATIVE_RUNTIMEFIX/pi_ufo_baseline_v1/build/A_PI_NATIVE_200/MG5_PROC/Source/rw_events.short.f	file	4031	d5cebf605a60e58111a1dcd207c988aab8d1887aac2bdce922a1ebe8d29b8826
runs/A_PI_NATIVE_RUNTIMEFIX/pi_ufo_baseline_v1/build/A_PI_NATIVE_200/MG5_PROC/Source/rw_routines.f	file	13834	188c2f0a6eea8fcd656b2fbb874dfe89d10753722046dd546355ae1c90f65d97
runs/A_PI_NATIVE_RUNTIMEFIX/pi_ufo_baseline_v1/build/A_PI_NATIVE_200/MG5_PROC/Source/rw_routines.o	file	22720	44daa17e53827ef5957ebd3e782a387d1d2826f99f234bfb9b0f9b90614299e9
runs/A_PI_NATIVE_RUNTIMEFIX/pi_ufo_baseline_v1/build/A_PI_NATIVE_200/MG5_PROC/Source/setrun.f	file	7400	e3d7f0bc0104fb3f5bdbc1abdcbfb44e814196b080203ef4e88730672ac3ee36
runs/A_PI_NATIVE_RUNTIMEFIX/pi_ufo_baseline_v1/build/A_PI_NATIVE_200/MG5_PROC/Source/setrun.o	file	12472	8c27aee518e8e2d914cf6d8a953a3ad8be5b3bd0a35d8699b4518ef32f6296c0
runs/A_PI_NATIVE_RUNTIMEFIX/pi_ufo_baseline_v1/build/A_PI_NATIVE_200/MG5_PROC/Source/setrun_gen.f	file	2433	81d9d18da3ea2b1b58b50c849a3f6102ea645efb9e4f3579d99ff8213891e2a3
runs/A_PI_NATIVE_RUNTIMEFIX/pi_ufo_baseline_v1/build/A_PI_NATIVE_200/MG5_PROC/Source/stringcast.mod	file	743	7cb587355608e64fb1841530e8a1504f83eae38eb1f4518354929eded48c465d
runs/A_PI_NATIVE_RUNTIMEFIX/pi_ufo_baseline_v1/build/A_PI_NATIVE_200/MG5_PROC/Source/sudgrid.inc	file	175	443cef573335a0b49daed651eed3641006938be5147b9e14af75680b4dcbf83e
runs/A_PI_NATIVE_RUNTIMEFIX/pi_ufo_baseline_v1/build/A_PI_NATIVE_200/MG5_PROC/Source/transpole.f	file	11181	d801c01034e6b5e310566fdfd0879d2120dd512d71d442b9bd7be86480c98425
runs/A_PI_NATIVE_RUNTIMEFIX/pi_ufo_baseline_v1/build/A_PI_NATIVE_200/MG5_PROC/Source/transpole.o	file	9728	2229433690e76c088a7b9ea67d7f33fe7e0b605045dc5ad2204c90856ee24985
runs/A_PI_NATIVE_RUNTIMEFIX/pi_ufo_baseline_v1/build/A_PI_NATIVE_200/MG5_PROC/SubProcesses	dir	4096	
runs/A_PI_NATIVE_RUNTIMEFIX/pi_ufo_baseline_v1/build/A_PI_NATIVE_200/MG5_PROC/SubProcesses/MGVersion.txt	file	5	878103c645ee9a78bccb0be542dca18fd14c37ff9fa7e269250288da0cfb8217
runs/A_PI_NATIVE_RUNTIMEFIX/pi_ufo_baseline_v1/build/A_PI_NATIVE_200/MG5_PROC/SubProcesses/P1_gg_h2h2	dir	4096	
runs/A_PI_NATIVE_RUNTIMEFIX/pi_ufo_baseline_v1/build/A_PI_NATIVE_200/MG5_PROC/SubProcesses/P1_gg_h2h2/G1.2	dir	4096	
runs/A_PI_NATIVE_RUNTIMEFIX/pi_ufo_baseline_v1/build/A_PI_NATIVE_200/MG5_PROC/SubProcesses/P1_gg_h2h2/G1.2/ftn26	file	8755	4c7c9a6e975a8e75c1bb0c44045f1ad74daa32d6baa16a20c116c90d63a1859e
runs/A_PI_NATIVE_RUNTIMEFIX/pi_ufo_baseline_v1/build/A_PI_NATIVE_200/MG5_PROC/SubProcesses/P1_gg_h2h2/G1.2/input_app.txt	file	236	002f4212aebe88787395420602b9c84ee067b08a4e49dbe378eacba3e8df8d6c
runs/A_PI_NATIVE_RUNTIMEFIX/pi_ufo_baseline_v1/build/A_PI_NATIVE_200/MG5_PROC/SubProcesses/P1_gg_h2h2/G1.2/results.dat	file	468	f26f701834af3681dbca60aff715876600e4c8ddc0120a544d540f4ba1455d57
runs/A_PI_NATIVE_RUNTIMEFIX/pi_ufo_baseline_v1/build/A_PI_NATIVE_200/MG5_PROC/SubProcesses/P1_gg_h2h2/G1.2/run1_app.log	file	13265	b84b1e67dc91eb291e2107fb522441759ace2e92c83b352af178c2a9adc1299a
runs/A_PI_NATIVE_RUNTIMEFIX/pi_ufo_baseline_v1/build/A_PI_NATIVE_200/MG5_PROC/SubProcesses/P1_gg_h2h2/G1.2/smoke_log.txt	file	13265	b84b1e67dc91eb291e2107fb522441759ace2e92c83b352af178c2a9adc1299a
runs/A_PI_NATIVE_RUNTIMEFIX/pi_ufo_baseline_v1/build/A_PI_NATIVE_200/MG5_PROC/SubProcesses/P1_gg_h2h2/Hel	dir	4096	
runs/A_PI_NATIVE_RUNTIMEFIX/pi_ufo_baseline_v1/build/A_PI_NATIVE_200/MG5_PROC/SubProcesses/P1_gg_h2h2/Hel/events.lhe	file	1	01ba4719c80b6fe911b091a7c05124b64eeece964e09c058ef8f9805daca546b
runs/A_PI_NATIVE_RUNTIMEFIX/pi_ufo_baseline_v1/build/A_PI_NATIVE_200/MG5_PROC/SubProcesses/P1_gg_h2h2/Hel/grid_information	file	2	e16f1596201850fd4a63680b27f603cb64e67176159be3d8ed78a4403fdb1700
runs/A_PI_NATIVE_RUNTIMEFIX/pi_ufo_baseline_v1/build/A_PI_NATIVE_200/MG5_PROC/SubProcesses/P1_gg_h2h2/Hel/input_app.txt	file	30	cde3ed6f372492dac968d0daf0b1eb8ac71603065437a4482dabb2db6862bfe4
runs/A_PI_NATIVE_RUNTIMEFIX/pi_ufo_baseline_v1/build/A_PI_NATIVE_200/MG5_PROC/SubProcesses/P1_gg_h2h2/Hel/results.dat	file	297	6a9f9090363bea08d5425f340d466a1f18a61475b7a695740c5e255a5dc9662c
runs/A_PI_NATIVE_RUNTIMEFIX/pi_ufo_baseline_v1/build/A_PI_NATIVE_200/MG5_PROC/SubProcesses/P1_gg_h2h2/Hel/selection	file	66	c286bcfc2082a589d24bbe3e95448960d35b7a79f87982c33d4e7e90f50d7d4c
runs/A_PI_NATIVE_RUNTIMEFIX/pi_ufo_baseline_v1/build/A_PI_NATIVE_200/MG5_PROC/SubProcesses/P1_gg_h2h2/addmothers.o	file	27936	c5e68ec48fd20e86a7f942eca7888d746d79608933aac2283c490e9900c346aa
runs/A_PI_NATIVE_RUNTIMEFIX/pi_ufo_baseline_v1/build/A_PI_NATIVE_200/MG5_PROC/SubProcesses/P1_gg_h2h2/auto_dsig.f	file	19608	e414f39e668f6494af742835bf2039bd62cda4ce16a4c74f8c0fd0cc103fc869
runs/A_PI_NATIVE_RUNTIMEFIX/pi_ufo_baseline_v1/build/A_PI_NATIVE_200/MG5_PROC/SubProcesses/P1_gg_h2h2/auto_dsig.o	file	20280	60d889f9047e49e3a66ad4902bdd8915f5d959e6da7bc1cc3d8c2c713d4fa03d
runs/A_PI_NATIVE_RUNTIMEFIX/pi_ufo_baseline_v1/build/A_PI_NATIVE_200/MG5_PROC/SubProcesses/P1_gg_h2h2/auto_dsig1.f	file	5880	62c9db734d215dcbd3161672982d12e3cbfe876b843809360e35168d966df2a3
runs/A_PI_NATIVE_RUNTIMEFIX/pi_ufo_baseline_v1/build/A_PI_NATIVE_200/MG5_PROC/SubProcesses/P1_gg_h2h2/auto_dsig1.o	file	7600	eec030377b324f0b376b25dda482ed6bb172e535a1b0fedfd0a97c20fac28d10
runs/A_PI_NATIVE_RUNTIMEFIX/pi_ufo_baseline_v1/build/A_PI_NATIVE_200/MG5_PROC/SubProcesses/P1_gg_h2h2/cluster.o	file	13992	2b5a62dd230f57d6185a4d74f967a7655983faf231843fd0dcb59bd76742c8b4
runs/A_PI_NATIVE_RUNTIMEFIX/pi_ufo_baseline_v1/build/A_PI_NATIVE_200/MG5_PROC/SubProcesses/P1_gg_h2h2/coloramps.inc	file	70	ec1006156ae22166a26ba3031a5f0a491d1cb00ade9ea92cb56de72253c912d6
runs/A_PI_NATIVE_RUNTIMEFIX/pi_ufo_baseline_v1/build/A_PI_NATIVE_200/MG5_PROC/SubProcesses/P1_gg_h2h2/config_nqcd.inc	file	22	4e03443c8378f97d54bb44892e5802ab6911df9de56d83c4220f0bb3ae5a3e55
runs/A_PI_NATIVE_RUNTIMEFIX/pi_ufo_baseline_v1/build/A_PI_NATIVE_200/MG5_PROC/SubProcesses/P1_gg_h2h2/config_subproc_map.inc	file	35	9e5897df67b51e186bb0938a67a490f3522f4ff37342920f709bbf190c0b08bd
runs/A_PI_NATIVE_RUNTIMEFIX/pi_ufo_baseline_v1/build/A_PI_NATIVE_200/MG5_PROC/SubProcesses/P1_gg_h2h2/configs.inc	file	224	3ed151c1c2c37bacff3d3f5d549fdae017a5972d93c6964508b61c78efb764c5
runs/A_PI_NATIVE_RUNTIMEFIX/pi_ufo_baseline_v1/build/A_PI_NATIVE_200/MG5_PROC/SubProcesses/P1_gg_h2h2/cuts.o	file	34904	694eae2b2ca461007887d3bf29f6bcf708de03d40c6ccfcca783a874bd1d220c
runs/A_PI_NATIVE_RUNTIMEFIX/pi_ufo_baseline_v1/build/A_PI_NATIVE_200/MG5_PROC/SubProcesses/P1_gg_h2h2/decayBW.inc	file	29	148f48bf08c4108079a92d88832d57c587222624e1f7162c630fa4eda0811e30
runs/A_PI_NATIVE_RUNTIMEFIX/pi_ufo_baseline_v1/build/A_PI_NATIVE_200/MG5_PROC/SubProcesses/P1_gg_h2h2/dname.mg	file	19	2a00b40a786dc11d4603044741b4928a9226546248113d765a939c04d5023287
runs/A_PI_NATIVE_RUNTIMEFIX/pi_ufo_baseline_v1/build/A_PI_NATIVE_200/MG5_PROC/SubProcesses/P1_gg_h2h2/driver.f	file	12785	83c6311fbd89267d2ca13d29b26dd6ec0cc142d3fabde8e70905594e6dce5259
runs/A_PI_NATIVE_RUNTIMEFIX/pi_ufo_baseline_v1/build/A_PI_NATIVE_200/MG5_PROC/SubProcesses/P1_gg_h2h2/driver.o	file	26184	8183f080421e6f29d38d5f6e8196cd3a6b6a2f3c84d29ce1c9f0bbf833c68eff
runs/A_PI_NATIVE_RUNTIMEFIX/pi_ufo_baseline_v1/build/A_PI_NATIVE_200/MG5_PROC/SubProcesses/P1_gg_h2h2/dummy_fct.o	file	3752	5b91de14ba4f3eb85f9c0f79a085719a3aeabe56f1902aeeab168b2189fbcc95
runs/A_PI_NATIVE_RUNTIMEFIX/pi_ufo_baseline_v1/build/A_PI_NATIVE_200/MG5_PROC/SubProcesses/P1_gg_h2h2/genps.o	file	37560	178fc27a7d5d88cdfe78d5542a81535e1d7046c913eb4e0c1ca0508e5ebccbe3
runs/A_PI_NATIVE_RUNTIMEFIX/pi_ufo_baseline_v1/build/A_PI_NATIVE_200/MG5_PROC/SubProcesses/P1_gg_h2h2/gensym	file	80032	7361a998a8378da1051bc20300fa8a7afaf01cb3043647607071ccacae4d5ee1
runs/A_PI_NATIVE_RUNTIMEFIX/pi_ufo_baseline_v1/build/A_PI_NATIVE_200/MG5_PROC/SubProcesses/P1_gg_h2h2/get_color.f	file	528	7678c371ee22b87c00b8007ed7d6f75e1bd3dd94d016bc1e8ccfcdf704097e37
runs/A_PI_NATIVE_RUNTIMEFIX/pi_ufo_baseline_v1/build/A_PI_NATIVE_200/MG5_PROC/SubProcesses/P1_gg_h2h2/get_color.o	file	1904	ce93b13295db5e0cdf885ecf79a58e30eefcd6f9b2eafa76e4eeb1cc2973b56b
runs/A_PI_NATIVE_RUNTIMEFIX/pi_ufo_baseline_v1/build/A_PI_NATIVE_200/MG5_PROC/SubProcesses/P1_gg_h2h2/idenparts.o	file	1640	f8586ae21a69e28e327cf5abd6824e53d03411adfd2fd81a863531ab0cf95beb
runs/A_PI_NATIVE_RUNTIMEFIX/pi_ufo_baseline_v1/build/A_PI_NATIVE_200/MG5_PROC/SubProcesses/P1_gg_h2h2/initcluster.o	file	3104	270aad248455b108d23c67fddfcc7537a765585a8668e1e3c3356963c992394b
runs/A_PI_NATIVE_RUNTIMEFIX/pi_ufo_baseline_v1/build/A_PI_NATIVE_200/MG5_PROC/SubProcesses/P1_gg_h2h2/input_app.txt	file	232	7c4cd2c702cdcb1ecf2f9f39708fccaa80c2a2b30492d40ae2b6c5cdf7bf3bbb
runs/A_PI_NATIVE_RUNTIMEFIX/pi_ufo_baseline_v1/build/A_PI_NATIVE_200/MG5_PROC/SubProcesses/P1_gg_h2h2/iproc.dat	file	8	9f1484819efbd27552b308c7bef1309cb037d836d4a9e6962f6bc56c87399fbe
runs/A_PI_NATIVE_RUNTIMEFIX/pi_ufo_baseline_v1/build/A_PI_NATIVE_200/MG5_PROC/SubProcesses/P1_gg_h2h2/leshouche.inc	file	258	6733d8d79e190c01a5c265169f96382df5b8ad4af5d7b918a2ea933a35cb652a
runs/A_PI_NATIVE_RUNTIMEFIX/pi_ufo_baseline_v1/build/A_PI_NATIVE_200/MG5_PROC/SubProcesses/P1_gg_h2h2/madevent	file	2173920	1c783d566a69db3932de6bd63f27803d66ac3e17649814316b939a2ee38295c4
runs/A_PI_NATIVE_RUNTIMEFIX/pi_ufo_baseline_v1/build/A_PI_NATIVE_200/MG5_PROC/SubProcesses/P1_gg_h2h2/madevent_forhel	file	2178160	f375f6f1922d9cad716dc47bc5ed4eafe5791d4720d4440447c1b3a6e8c56b6e
runs/A_PI_NATIVE_RUNTIMEFIX/pi_ufo_baseline_v1/build/A_PI_NATIVE_200/MG5_PROC/SubProcesses/P1_gg_h2h2/matrix1.ps	file	12790	6e1945697f0bb5db13011a4c44c0a8fa6c73d773b0ac5e2a82d4444c5d7960da
runs/A_PI_NATIVE_RUNTIMEFIX/pi_ufo_baseline_v1/build/A_PI_NATIVE_200/MG5_PROC/SubProcesses/P1_gg_h2h2/matrix1_optim.f	file	14556	9a9710bf3fcd43c9349f2a21df83ce874b4385ff7ec4115d31ae445c537c3652
runs/A_PI_NATIVE_RUNTIMEFIX/pi_ufo_baseline_v1/build/A_PI_NATIVE_200/MG5_PROC/SubProcesses/P1_gg_h2h2/matrix1_optim.o	file	12248	df2778f15eacc11e220aafead4cfb883fcf043af976ad2604d295d40458ec816
runs/A_PI_NATIVE_RUNTIMEFIX/pi_ufo_baseline_v1/build/A_PI_NATIVE_200/MG5_PROC/SubProcesses/P1_gg_h2h2/matrix1_orig.f	file	19681	5ebdb85e08b66995891e93dde4b9467af38a2185e9a2a9ee6bee0f79670de195
runs/A_PI_NATIVE_RUNTIMEFIX/pi_ufo_baseline_v1/build/A_PI_NATIVE_200/MG5_PROC/SubProcesses/P1_gg_h2h2/matrix1_orig.o	file	17568	76e689d953c67931b40e2dcac39babe94645b7913f745e22de1829d3c6d72baf
runs/A_PI_NATIVE_RUNTIMEFIX/pi_ufo_baseline_v1/build/A_PI_NATIVE_200/MG5_PROC/SubProcesses/P1_gg_h2h2/maxamps.inc	file	132	25f44ebb2a7b47b434d968a4d91a07af4e7652148710261c854ef0b13d363dcf
runs/A_PI_NATIVE_RUNTIMEFIX/pi_ufo_baseline_v1/build/A_PI_NATIVE_200/MG5_PROC/SubProcesses/P1_gg_h2h2/mg.sym	file	8	ce0beb5d3db56633838f88474455c79deba0d0ba4a099b11351d3db3921ab6e1
runs/A_PI_NATIVE_RUNTIMEFIX/pi_ufo_baseline_v1/build/A_PI_NATIVE_200/MG5_PROC/SubProcesses/P1_gg_h2h2/mirrorprocs.inc	file	43	935a25c04c2fb91c02081b241829da3156e4269aeb0e32009dfeb83a04edd2c1
runs/A_PI_NATIVE_RUNTIMEFIX/pi_ufo_baseline_v1/build/A_PI_NATIVE_200/MG5_PROC/SubProcesses/P1_gg_h2h2/myamp.o	file	17688	16dcee59ed339bdd826e30521b9aa5b898cbeaafb59a93b9b83c1a8e580b5f21
runs/A_PI_NATIVE_RUNTIMEFIX/pi_ufo_baseline_v1/build/A_PI_NATIVE_200/MG5_PROC/SubProcesses/P1_gg_h2h2/ncombs.inc	file	56	06bf072f92425bdfbe34d5da8c6c7f2bd1265799bdcd750f0d4ff3aaeff196d8
runs/A_PI_NATIVE_RUNTIMEFIX/pi_ufo_baseline_v1/build/A_PI_NATIVE_200/MG5_PROC/SubProcesses/P1_gg_h2h2/nexternal.inc	file	114	74fd71600ab057b2329dd63d20970faad5acc6b19819e455d0bbe4cf75680b28
runs/A_PI_NATIVE_RUNTIMEFIX/pi_ufo_baseline_v1/build/A_PI_NATIVE_200/MG5_PROC/SubProcesses/P1_gg_h2h2/ngraphs.inc	file	55	f025f52826df5616a1bbec3d33e320238090bd6bad71ee9bc1551cdfb42dfac9
runs/A_PI_NATIVE_RUNTIMEFIX/pi_ufo_baseline_v1/build/A_PI_NATIVE_200/MG5_PROC/SubProcesses/P1_gg_h2h2/pmass.inc	file	96	d82449c6077b613993a1d7818fd712f54c84524a103ed6d10c329143cc290ebe
runs/A_PI_NATIVE_RUNTIMEFIX/pi_ufo_baseline_v1/build/A_PI_NATIVE_200/MG5_PROC/SubProcesses/P1_gg_h2h2/processes.dat	file	32	d02cb2e05bd9bc3a660ecf35d59c925045b9407ae2185908fc7ed57b84b991b5
runs/A_PI_NATIVE_RUNTIMEFIX/pi_ufo_baseline_v1/build/A_PI_NATIVE_200/MG5_PROC/SubProcesses/P1_gg_h2h2/props.inc	file	88	c8f09d5645099a2196e2ffc6b772a951772c587501a11fd665299f28df9ceb70
runs/A_PI_NATIVE_RUNTIMEFIX/pi_ufo_baseline_v1/build/A_PI_NATIVE_200/MG5_PROC/SubProcesses/P1_gg_h2h2/reweight.o	file	45888	6c8724fd1aeae4fbf4f9f3c76538347cb1797afca4e8aa9f52d8798958ddc186
runs/A_PI_NATIVE_RUNTIMEFIX/pi_ufo_baseline_v1/build/A_PI_NATIVE_200/MG5_PROC/SubProcesses/P1_gg_h2h2/setcuts.o	file	27384	8d6b6cc9455bf671809f09333cf7655359be0c11d1302502157739d550975886
runs/A_PI_NATIVE_RUNTIMEFIX/pi_ufo_baseline_v1/build/A_PI_NATIVE_200/MG5_PROC/SubProcesses/P1_gg_h2h2/setscales.o	file	4840	57be7ada425b994d430a888b3ffc10cc45bb1483978d24099ef0eecf9cc64c8f
runs/A_PI_NATIVE_RUNTIMEFIX/pi_ufo_baseline_v1/build/A_PI_NATIVE_200/MG5_PROC/SubProcesses/P1_gg_h2h2/symfact.dat	file	17	d41353f57e2a4260b59af832af1de7db5f6c90b3c64ffc3b13ce59ba4fe4a774
runs/A_PI_NATIVE_RUNTIMEFIX/pi_ufo_baseline_v1/build/A_PI_NATIVE_200/MG5_PROC/SubProcesses/P1_gg_h2h2/symfact_orig.dat	file	7	0f8d6984b4abd7a95420e165b32ff8258634f06eb5648c390575f726c0b045f6
runs/A_PI_NATIVE_RUNTIMEFIX/pi_ufo_baseline_v1/build/A_PI_NATIVE_200/MG5_PROC/SubProcesses/P1_gg_h2h2/symmetry.o	file	19344	dfca6341955a8c7a0d4b7740e9f03a15898ff52f0205edb49201ca38860ebea0
runs/A_PI_NATIVE_RUNTIMEFIX/pi_ufo_baseline_v1/build/A_PI_NATIVE_200/MG5_PROC/SubProcesses/P1_gg_h2h2/symperms.inc	file	47	f1f1925d51fcba3df8d683d8c1ea6497c56d6dea4978686d428fccdc549b06fd
runs/A_PI_NATIVE_RUNTIMEFIX/pi_ufo_baseline_v1/build/A_PI_NATIVE_200/MG5_PROC/SubProcesses/P1_gg_h2h2/symswap.inc	file	65	9eee3eaf8365eb19d489c170079bb88598bbb79744432fd88bfbc7c4449414c1
runs/A_PI_NATIVE_RUNTIMEFIX/pi_ufo_baseline_v1/build/A_PI_NATIVE_200/MG5_PROC/SubProcesses/P1_gg_h2h2/template_matrix1.f	file	13652	18401b1c27fd74a81ab55475b66469feaf6e28bcc9bc8c1157654b2e2770e2d2
runs/A_PI_NATIVE_RUNTIMEFIX/pi_ufo_baseline_v1/build/A_PI_NATIVE_200/MG5_PROC/SubProcesses/P1_gg_h2h2/unwgt.o	file	38664	2f0586eb342f98a2b6e79fae3d5f296b920380f340230bd24f1f710e07aad1f2
runs/A_PI_NATIVE_RUNTIMEFIX/pi_ufo_baseline_v1/build/A_PI_NATIVE_200/MG5_PROC/SubProcesses/addmothers.f	file	46762	0e966f5242bdc70bbb96d606cd1aa73bfe40ea152d76a505600ad77a811a0120
runs/A_PI_NATIVE_RUNTIMEFIX/pi_ufo_baseline_v1/build/A_PI_NATIVE_200/MG5_PROC/SubProcesses/cluster.f	file	32017	651a462c5d36410dd4092e6543bd9bac1e35d518ae01949ac654a165cf330d4a
runs/A_PI_NATIVE_RUNTIMEFIX/pi_ufo_baseline_v1/build/A_PI_NATIVE_200/MG5_PROC/SubProcesses/cluster.inc	file	1723	19710e29a625143930935b641cbbb38fe3e535224bc910f5982a9f77c7076d0a
runs/A_PI_NATIVE_RUNTIMEFIX/pi_ufo_baseline_v1/build/A_PI_NATIVE_200/MG5_PROC/SubProcesses/cuts.f	file	55278	c077cc390dc052a8526ddb187c98005e08bab7e5d999c8c879b66a1500b65c2c
runs/A_PI_NATIVE_RUNTIMEFIX/pi_ufo_baseline_v1/build/A_PI_NATIVE_200/MG5_PROC/SubProcesses/done	file	0	e3b0c44298fc1c149afbf4c8996fb92427ae41e4649b934ca495991b7852b855
runs/A_PI_NATIVE_RUNTIMEFIX/pi_ufo_baseline_v1/build/A_PI_NATIVE_200/MG5_PROC/SubProcesses/dummy_fct.f	file	5288	b3ac74b7ff05185bbe4a2e9647f501c53dc5fcd5502075b37c4a54179b3b1b33
runs/A_PI_NATIVE_RUNTIMEFIX/pi_ufo_baseline_v1/build/A_PI_NATIVE_200/MG5_PROC/SubProcesses/genps.f	file	65885	fff7a5138e8c171d5fa235c057cee987c31df92c551e890b3f62991a59bdede7
runs/A_PI_NATIVE_RUNTIMEFIX/pi_ufo_baseline_v1/build/A_PI_NATIVE_200/MG5_PROC/SubProcesses/idenparts.f	file	2119	0584c11e0f53fba6a2747d1918150e2841ee6cead3972b3bdc50d1b9be9d5a0f
runs/A_PI_NATIVE_RUNTIMEFIX/pi_ufo_baseline_v1/build/A_PI_NATIVE_200/MG5_PROC/SubProcesses/initcluster.f	file	1721	b83e276ade00f20369ad1d2f300ee21940e9650d60084eb7b59fa6e9da575704
runs/A_PI_NATIVE_RUNTIMEFIX/pi_ufo_baseline_v1/build/A_PI_NATIVE_200/MG5_PROC/SubProcesses/makefile	file	3212	9704832a58bb3eb3ca1e8ac4db29f8735ae863c278f65a3b6537dc886b1ecd48
runs/A_PI_NATIVE_RUNTIMEFIX/pi_ufo_baseline_v1/build/A_PI_NATIVE_200/MG5_PROC/SubProcesses/message.inc	file	48	9d5515b45568d67213152a88a0ad8bdef0a8c4dfc9153c682293f8073942d0c5
runs/A_PI_NATIVE_RUNTIMEFIX/pi_ufo_baseline_v1/build/A_PI_NATIVE_200/MG5_PROC/SubProcesses/myamp.f	file	21004	cb45cac4a4d64d5aa69c84b4c8ebd73c0c4ef3ad82cea55c451532705cdcbaa1
runs/A_PI_NATIVE_RUNTIMEFIX/pi_ufo_baseline_v1/build/A_PI_NATIVE_200/MG5_PROC/SubProcesses/proc_characteristics	file	538	3eb390c2ed247d28d7e98a32c56a534342e277b1ce36a2d02111df9bb343e5a6
runs/A_PI_NATIVE_RUNTIMEFIX/pi_ufo_baseline_v1/build/A_PI_NATIVE_200/MG5_PROC/SubProcesses/procdef_mg5.dat	file	2203	12cf2782a72af64a5d5232b6b831bb66503769d25803bb5d4efc46b0a81e0791
runs/A_PI_NATIVE_RUNTIMEFIX/pi_ufo_baseline_v1/build/A_PI_NATIVE_200/MG5_PROC/SubProcesses/randinit	file	8	50c1ecf438c14af9edb07969a2e71bb2419b535b9283804f59f87d691f537245
runs/A_PI_NATIVE_RUNTIMEFIX/pi_ufo_baseline_v1/build/A_PI_NATIVE_200/MG5_PROC/SubProcesses/refine.sh	file	2484	86fd2e92d3e8c3a2fff476b4ed8193616178868f98bf63e14cd8e9b6f94b6ff0
runs/A_PI_NATIVE_RUNTIMEFIX/pi_ufo_baseline_v1/build/A_PI_NATIVE_200/MG5_PROC/SubProcesses/refine_splitted.sh	file	2032	ce244c7d9c40098c9459fccf4153886201f00ab35c232eb69fe9b021448056c4
runs/A_PI_NATIVE_RUNTIMEFIX/pi_ufo_baseline_v1/build/A_PI_NATIVE_200/MG5_PROC/SubProcesses/results.dat	file	189	bdd4d5424f1de6721e9d136acec5c4f8b99e38f011dc6cf5a94daaa0aaf28141
runs/A_PI_NATIVE_RUNTIMEFIX/pi_ufo_baseline_v1/build/A_PI_NATIVE_200/MG5_PROC/SubProcesses/reweight.f	file	68991	a505ba2611cee9c335b94d016956fbdd07c981431009c944e1561c02d4fd1014
runs/A_PI_NATIVE_RUNTIMEFIX/pi_ufo_baseline_v1/build/A_PI_NATIVE_200/MG5_PROC/SubProcesses/setcuts.f	file	35393	f0e3e5e3ad3f5599fa56aa7baef614112e383ee51701caa38d16c977185cab18
runs/A_PI_NATIVE_RUNTIMEFIX/pi_ufo_baseline_v1/build/A_PI_NATIVE_200/MG5_PROC/SubProcesses/setscales.f	file	6849	6308378112ef4dfcf12af53bf322f1c564294fc98e63948bd7323fb13a004c28
runs/A_PI_NATIVE_RUNTIMEFIX/pi_ufo_baseline_v1/build/A_PI_NATIVE_200/MG5_PROC/SubProcesses/subproc.mg	file	11	25373adac33ffc2eabb28ca6d596ab3b4d709f0354f6ffc5f1313b0a80dbff86
runs/A_PI_NATIVE_RUNTIMEFIX/pi_ufo_baseline_v1/build/A_PI_NATIVE_200/MG5_PROC/SubProcesses/subproc.txt	file	10	d9cd0ac93ce2f17b682820fae7d43be3065b27acff843c228e939af3a27c94e1
runs/A_PI_NATIVE_RUNTIMEFIX/pi_ufo_baseline_v1/build/A_PI_NATIVE_200/MG5_PROC/SubProcesses/sudakov.inc	file	960	e9271a4ce6644118a2feb3d4da31c6c9f4a928a9877999b45a24fe76a960676c
runs/A_PI_NATIVE_RUNTIMEFIX/pi_ufo_baseline_v1/build/A_PI_NATIVE_200/MG5_PROC/SubProcesses/survey.sh	file	1823	94975fb5487b8ca1f888a4dd285eb474671616f67347724c002a038ecd364077
runs/A_PI_NATIVE_RUNTIMEFIX/pi_ufo_baseline_v1/build/A_PI_NATIVE_200/MG5_PROC/SubProcesses/symmetry.f	file	20076	ac58500c883d11c50631e4fa6443c3445c1b0babf74f792191237fa4639c79c3
runs/A_PI_NATIVE_RUNTIMEFIX/pi_ufo_baseline_v1/build/A_PI_NATIVE_200/MG5_PROC/SubProcesses/unwgt.f	file	25753	fafc8b2fc8e652c363a455fcf729dd113338111e799dd96478c351d0746303a3
runs/A_PI_NATIVE_RUNTIMEFIX/pi_ufo_baseline_v1/build/A_PI_NATIVE_200/MG5_PROC/TemplateVersion.txt	file	6	732f64d874f90788c0199b0c19bfd9b3b6436e140114e53e462832532d74c61c
runs/A_PI_NATIVE_RUNTIMEFIX/pi_ufo_baseline_v1/build/A_PI_NATIVE_200/MG5_PROC/bin	dir	4096	
runs/A_PI_NATIVE_RUNTIMEFIX/pi_ufo_baseline_v1/build/A_PI_NATIVE_200/MG5_PROC/bin/cleanall	file	915	72f285016ba0ab688a54eeca202b4355c219fb7f71df42b543ce107cc6b88e83
runs/A_PI_NATIVE_RUNTIMEFIX/pi_ufo_baseline_v1/build/A_PI_NATIVE_200/MG5_PROC/bin/generate_events	file	5885	3b454a48b9ee004458c0f67333711f05b2bb77ddfb0adb6c2edaddea7142c904
runs/A_PI_NATIVE_RUNTIMEFIX/pi_ufo_baseline_v1/build/A_PI_NATIVE_200/MG5_PROC/bin/internal	dir	4096	
runs/A_PI_NATIVE_RUNTIMEFIX/pi_ufo_baseline_v1/build/A_PI_NATIVE_200/MG5_PROC/bin/internal/FO_analyse_card.py	file	5863	a43b37ac9ee097deb85e4f1b5abca970b9ed32188d33f811f618b77ec4ce6ac6
runs/A_PI_NATIVE_RUNTIMEFIX/pi_ufo_baseline_v1/build/A_PI_NATIVE_200/MG5_PROC/bin/internal/Gridpack	dir	4096	
runs/A_PI_NATIVE_RUNTIMEFIX/pi_ufo_baseline_v1/build/A_PI_NATIVE_200/MG5_PROC/bin/internal/Gridpack/TheChopper-pl	file	3411	f29c49ca38de88342aac701816f450e16c43a0ebd7fe7108d33155d25b8307ab
runs/A_PI_NATIVE_RUNTIMEFIX/pi_ufo_baseline_v1/build/A_PI_NATIVE_200/MG5_PROC/bin/internal/Gridpack/clean4grid	file	2812	f70e6afe62424341b6e1027081e0da581aa40346395813def5e91d04e0b3f333
runs/A_PI_NATIVE_RUNTIMEFIX/pi_ufo_baseline_v1/build/A_PI_NATIVE_200/MG5_PROC/bin/internal/Gridpack/compile	file	2904	997f461bc3478232ed4fb91e8b78daf153fddddfd31f266c52cab170cde69835
runs/A_PI_NATIVE_RUNTIMEFIX/pi_ufo_baseline_v1/build/A_PI_NATIVE_200/MG5_PROC/bin/internal/Gridpack/gridrun	file	3552	cac88b757101714b1a5f6f994d98a1a732b3ab3dd42653d77761bb4a01401e49
runs/A_PI_NATIVE_RUNTIMEFIX/pi_ufo_baseline_v1/build/A_PI_NATIVE_200/MG5_PROC/bin/internal/Gridpack/refine4grid	file	2513	04309e5de8ebd7fe140463b17dcb127e2d00f6c2155d0008526d8f0bca119f60
runs/A_PI_NATIVE_RUNTIMEFIX/pi_ufo_baseline_v1/build/A_PI_NATIVE_200/MG5_PROC/bin/internal/Gridpack/replace.pl	file	6418	e476e4e0d5c7db8ca88ceb94fefe564a03b43c70af7915e76cd4d735607013f4
runs/A_PI_NATIVE_RUNTIMEFIX/pi_ufo_baseline_v1/build/A_PI_NATIVE_200/MG5_PROC/bin/internal/Gridpack/run.sh	file	2761	3077a291e502ae5f351aa21a58cbe070720f2ba9612eeb8b18e443af96382d4c
runs/A_PI_NATIVE_RUNTIMEFIX/pi_ufo_baseline_v1/build/A_PI_NATIVE_200/MG5_PROC/bin/internal/__init__.py	file	2270	6371c71acf6135d279bc3935b7fae4f758ba3e583f15978b9cea8adc52dccf26
runs/A_PI_NATIVE_RUNTIMEFIX/pi_ufo_baseline_v1/build/A_PI_NATIVE_200/MG5_PROC/bin/internal/__pycache__	dir	4096	
runs/A_PI_NATIVE_RUNTIMEFIX/pi_ufo_baseline_v1/build/A_PI_NATIVE_200/MG5_PROC/bin/internal/__pycache__/FO_analyse_card.cpython-312.opt-1.pyc	file	6773	9b80ac7be7655df3adcf04c1e28eba49094a7f7c05a763269e47ef86d9d66a5f
runs/A_PI_NATIVE_RUNTIMEFIX/pi_ufo_baseline_v1/build/A_PI_NATIVE_200/MG5_PROC/bin/internal/__pycache__/__init__.cpython-312.opt-1.pyc	file	2777	5caf59166d4f3a55cd10f1f13157de030ab2336b61997f69969d9164834b078c
runs/A_PI_NATIVE_RUNTIMEFIX/pi_ufo_baseline_v1/build/A_PI_NATIVE_200/MG5_PROC/bin/internal/__pycache__/banner.cpython-312.opt-1.pyc	file	276731	38c9175ce28b8e1c62fbb84383744564f8b0dc985eea6f400b17bbc8c91a8196
runs/A_PI_NATIVE_RUNTIMEFIX/pi_ufo_baseline_v1/build/A_PI_NATIVE_200/MG5_PROC/bin/internal/__pycache__/check_param_card.cpython-312.opt-1.pyc	file	93147	26c2d1464dcb5d2698ff0410f3fc2d5c7336a19f59cdeba9dbcb54ed2b79f134
runs/A_PI_NATIVE_RUNTIMEFIX/pi_ufo_baseline_v1/build/A_PI_NATIVE_200/MG5_PROC/bin/internal/__pycache__/cluster.cpython-312.opt-1.pyc	file	96522	76fe1371fafdb0570ec9f4e7c7c8e4cd176932ab4540d65082ff87786f42dc5b
runs/A_PI_NATIVE_RUNTIMEFIX/pi_ufo_baseline_v1/build/A_PI_NATIVE_200/MG5_PROC/bin/internal/__pycache__/coloring_logging.cpython-312.opt-1.pyc	file	3718	a36ca0e7524398aa9058ceaf6951407932685b61e2904e2cac4d12f6801e87d3
runs/A_PI_NATIVE_RUNTIMEFIX/pi_ufo_baseline_v1/build/A_PI_NATIVE_200/MG5_PROC/bin/internal/__pycache__/combine_grid.cpython-312.opt-1.pyc	file	33169	eba364c8f471624e32d923bc73b64c55d4e2d01b5b52f08f342cf1d506fd7d60
runs/A_PI_NATIVE_RUNTIMEFIX/pi_ufo_baseline_v1/build/A_PI_NATIVE_200/MG5_PROC/bin/internal/__pycache__/combine_runs.cpython-312.opt-1.pyc	file	8749	980fb9e2ee17b83e256d1a4e6c3218420cd9366188b9f9656088b1b7d4ce6553
runs/A_PI_NATIVE_RUNTIMEFIX/pi_ufo_baseline_v1/build/A_PI_NATIVE_200/MG5_PROC/bin/internal/__pycache__/common_run_interface.cpython-312.opt-1.pyc	file	415370	f3c531874333e282768d63a6d2034c100c3be98c96378def68663ce43264573d
runs/A_PI_NATIVE_RUNTIMEFIX/pi_ufo_baseline_v1/build/A_PI_NATIVE_200/MG5_PROC/bin/internal/__pycache__/extended_cmd.cpython-312.opt-1.pyc	file	146718	54e28a08c24c474e2c790535b7b6d5ba2693833f339a444e0123848d36f69684
runs/A_PI_NATIVE_RUNTIMEFIX/pi_ufo_baseline_v1/build/A_PI_NATIVE_200/MG5_PROC/bin/internal/__pycache__/file_writers.cpython-312.opt-1.pyc	file	39591	70814fafe80dd295bbc9f9b2473dbedfa576db3f3719c5b310e6b7b060b36ab5
runs/A_PI_NATIVE_RUNTIMEFIX/pi_ufo_baseline_v1/build/A_PI_NATIVE_200/MG5_PROC/bin/internal/__pycache__/files.cpython-312.opt-1.pyc	file	11094	a2a50bf78113eb183832f0e1b20060195f16da443513ec37a2c2481141a691ab
runs/A_PI_NATIVE_RUNTIMEFIX/pi_ufo_baseline_v1/build/A_PI_NATIVE_200/MG5_PROC/bin/internal/__pycache__/gen_crossxhtml.cpython-312.opt-1.pyc	file	66863	c9ad2da4bb58432c1646612d9bdd449a2afeeb0d6ebc241beafd116ec7caa4a7
runs/A_PI_NATIVE_RUNTIMEFIX/pi_ufo_baseline_v1/build/A_PI_NATIVE_200/MG5_PROC/bin/internal/__pycache__/gen_ximprove.cpython-312.opt-1.pyc	file	92706	e2053dc6e1b877882b3599bba813d3abfb92373774c2cf662aa95912cbd8d5ff
runs/A_PI_NATIVE_RUNTIMEFIX/pi_ufo_baseline_v1/build/A_PI_NATIVE_200/MG5_PROC/bin/internal/__pycache__/hel_recycle.cpython-312.opt-1.pyc	file	45153	cb0ab1e2eb739a0e121744430a64eb2e29418ee64a6d3454a1aaf0c700c2490c
runs/A_PI_NATIVE_RUNTIMEFIX/pi_ufo_baseline_v1/build/A_PI_NATIVE_200/MG5_PROC/bin/internal/__pycache__/lhe_parser.cpython-312.opt-1.pyc	file	146435	a81feec970bb3b102cc9c842a8c155b6c5d43d46aa269fadc254178b88496743
runs/A_PI_NATIVE_RUNTIMEFIX/pi_ufo_baseline_v1/build/A_PI_NATIVE_200/MG5_PROC/bin/internal/__pycache__/madevent_interface.cpython-312.opt-1.pyc	file	368954	680a0980364680094151af800627e58f14fe333ac623aca0f2574260bef9a7b2
runs/A_PI_NATIVE_RUNTIMEFIX/pi_ufo_baseline_v1/build/A_PI_NATIVE_200/MG5_PROC/bin/internal/__pycache__/misc.cpython-312.opt-1.pyc	file	112674	711486babfdef9c98e92d492910e22e17d06628d5a381457b5aaf8fec79f5f3f
runs/A_PI_NATIVE_RUNTIMEFIX/pi_ufo_baseline_v1/build/A_PI_NATIVE_200/MG5_PROC/bin/internal/__pycache__/save_load_object.cpython-312.opt-1.pyc	file	4521	53382d39f46eec9aad4317482445b64029ea834493bb19fef487a0a468c98b8a
runs/A_PI_NATIVE_RUNTIMEFIX/pi_ufo_baseline_v1/build/A_PI_NATIVE_200/MG5_PROC/bin/internal/__pycache__/shower_card.cpython-312.opt-1.pyc	file	16729	67bcd65cfeccc65f4949561fe66955add4b3593d9beae4f4a359eed24cd809b2
runs/A_PI_NATIVE_RUNTIMEFIX/pi_ufo_baseline_v1/build/A_PI_NATIVE_200/MG5_PROC/bin/internal/__pycache__/sum_html.cpython-312.opt-1.pyc	file	39836	4ba0a32b32f5af08b7ccf992288e28e77422025e4e98b26a2b5b5ed53c6a9271
runs/A_PI_NATIVE_RUNTIMEFIX/pi_ufo_baseline_v1/build/A_PI_NATIVE_200/MG5_PROC/bin/internal/addmasses_optional.py	file	10027	41ff69c9ebeb9cfb2e8bf23a34cd74723f207471e1f0eadd3f3cb018ba92d042
runs/A_PI_NATIVE_RUNTIMEFIX/pi_ufo_baseline_v1/build/A_PI_NATIVE_200/MG5_PROC/bin/internal/banner.py	file	276635	04e364bd29ee26cd6d84240de49edd5a0c2a4d15272ddb6edc323ea4ff0eb685
runs/A_PI_NATIVE_RUNTIMEFIX/pi_ufo_baseline_v1/build/A_PI_NATIVE_200/MG5_PROC/bin/internal/check_param_card.py	file	73864	48b64f72f246687d3b7ed9dc30ebac5507a81ba5691276af29ef1e17ec37ad2f
runs/A_PI_NATIVE_RUNTIMEFIX/pi_ufo_baseline_v1/build/A_PI_NATIVE_200/MG5_PROC/bin/internal/clean	file	718	dfdc00d3c3e9ac3f966c4ace24cbbab7e4a2f3780f33f07a0463d6ec9eb83eaf
runs/A_PI_NATIVE_RUNTIMEFIX/pi_ufo_baseline_v1/build/A_PI_NATIVE_200/MG5_PROC/bin/internal/clean_template	file	2842	f6bcadb43be98c2a98c28765ca6e1bef7debde0e211270759e5dddce0fd5deb2
runs/A_PI_NATIVE_RUNTIMEFIX/pi_ufo_baseline_v1/build/A_PI_NATIVE_200/MG5_PROC/bin/internal/cluster.py	file	84691	f18d05b07b2f36bdc9e3658507c0f0e759c0be3c7584a3c07bbd5cdba3a6d5fd
runs/A_PI_NATIVE_RUNTIMEFIX/pi_ufo_baseline_v1/build/A_PI_NATIVE_200/MG5_PROC/bin/internal/coloring_logging.py	file	3301	a8027424a9810a5332523b2f37f2a8acda222a5fca75b78cd225474017f3b486
runs/A_PI_NATIVE_RUNTIMEFIX/pi_ufo_baseline_v1/build/A_PI_NATIVE_200/MG5_PROC/bin/internal/combine_grid.py	file	29721	4ebc76f6ed1e40752c0faba92b2dc88e854e4978df9610a61558b1c6f65d0a7c
runs/A_PI_NATIVE_RUNTIMEFIX/pi_ufo_baseline_v1/build/A_PI_NATIVE_200/MG5_PROC/bin/internal/combine_runs.py	file	6910	1ac132149aebd19b9f20d63617245f70dc947559bc81d8fbdaf103ef43fc9476
runs/A_PI_NATIVE_RUNTIMEFIX/pi_ufo_baseline_v1/build/A_PI_NATIVE_200/MG5_PROC/bin/internal/common_run_interface.py	file	367601	df07c70f8dac590345f0e6c195ef6d63ecd5db153bad2946d9285187cee4a733
runs/A_PI_NATIVE_RUNTIMEFIX/pi_ufo_baseline_v1/build/A_PI_NATIVE_200/MG5_PROC/bin/internal/create_matching_plots.C	file	723	fe1bd40e7e21cffe4d033d136f9f59d7df37af32818ca39b76439d90925e08c3
runs/A_PI_NATIVE_RUNTIMEFIX/pi_ufo_baseline_v1/build/A_PI_NATIVE_200/MG5_PROC/bin/internal/create_matching_plots.sh	file	943	b18887efa732028e4145d90add7b619d1abefc62098eb4381851ece166c9bb2d
runs/A_PI_NATIVE_RUNTIMEFIX/pi_ufo_baseline_v1/build/A_PI_NATIVE_200/MG5_PROC/bin/internal/eval.sh	file	20	6d167bcde1277a9c85d5413a825e17eda41f47082c6171905850477caeeb326d
runs/A_PI_NATIVE_RUNTIMEFIX/pi_ufo_baseline_v1/build/A_PI_NATIVE_200/MG5_PROC/bin/internal/extended_cmd.py	file	129251	73b6f30afb200b4e1d169908b72e04ab9c2cfd558ffc743f330db5129b31d22c
runs/A_PI_NATIVE_RUNTIMEFIX/pi_ufo_baseline_v1/build/A_PI_NATIVE_200/MG5_PROC/bin/internal/extract_banner-pl	file	508	6960620d20ab0e702df2ee0d6d0f5f27296d5ebac374a88520f7b70cdb2b4d32
runs/A_PI_NATIVE_RUNTIMEFIX/pi_ufo_baseline_v1/build/A_PI_NATIVE_200/MG5_PROC/bin/internal/file_writers.py	file	41579	fff9a790853aa44559bd04bda7371b466c4b4ed6476e77445105a8af876d203b
runs/A_PI_NATIVE_RUNTIMEFIX/pi_ufo_baseline_v1/build/A_PI_NATIVE_200/MG5_PROC/bin/internal/files.py	file	8707	cfec87ab0e4071abbf9989f1b029ee1128e02d7a435e79852294b4f3cab7ccde
runs/A_PI_NATIVE_RUNTIMEFIX/pi_ufo_baseline_v1/build/A_PI_NATIVE_200/MG5_PROC/bin/internal/gen_cardhtml-pl	file	10534	30b1cbdbd4d88a035824dc90e3ddd1f6f6c2e7f1618e1719511c3c3c28aa2236
runs/A_PI_NATIVE_RUNTIMEFIX/pi_ufo_baseline_v1/build/A_PI_NATIVE_200/MG5_PROC/bin/internal/gen_crossxhtml.py	file	71047	ba2646284802d699fb4ce34b4980749a1284374365e7780cd2e8cb8d1c84482f
runs/A_PI_NATIVE_RUNTIMEFIX/pi_ufo_baseline_v1/build/A_PI_NATIVE_200/MG5_PROC/bin/internal/gen_jpeg-pl	file	2941	3bba9f0f4b861372111bfa4641c4b9600d97b7c7e43823f1313cb61a321bb1e2
runs/A_PI_NATIVE_RUNTIMEFIX/pi_ufo_baseline_v1/build/A_PI_NATIVE_200/MG5_PROC/bin/internal/gen_ximprove.py	file	85872	9c5c32bb4e610234dde339ed88de75174ee280bd3e06b073ca3ff61a5a8ae167
runs/A_PI_NATIVE_RUNTIMEFIX/pi_ufo_baseline_v1/build/A_PI_NATIVE_200/MG5_PROC/bin/internal/hel_recycle.py	file	31149	8ec199b1746f73fdd26cff06e0bee46e1c482a71e7f3646bb349f88ccaeb978e
runs/A_PI_NATIVE_RUNTIMEFIX/pi_ufo_baseline_v1/build/A_PI_NATIVE_200/MG5_PROC/bin/internal/histograms.py	file	176703	8fe6f18a51f4a41389436a32fdf01e8f284f15067efdc40a5d7e0c28ad2c7f2c
runs/A_PI_NATIVE_RUNTIMEFIX/pi_ufo_baseline_v1/build/A_PI_NATIVE_200/MG5_PROC/bin/internal/lhe_parser.py	file	136178	21056fcacdc41b56aacf3584e4ee30504a646edce31629e4c119b3a7600273c8
runs/A_PI_NATIVE_RUNTIMEFIX/pi_ufo_baseline_v1/build/A_PI_NATIVE_200/MG5_PROC/bin/internal/madevent_interface.py	file	350048	5073c8c649d0c35bc0cae69a1eb09e42dc3a0e85fba9b15b2b47a242107cecef
runs/A_PI_NATIVE_RUNTIMEFIX/pi_ufo_baseline_v1/build/A_PI_NATIVE_200/MG5_PROC/bin/internal/make_gridpack	file	438	b32aacebbeddd45d84d898a457062e4b1b6946349c54f8abe8d774cc17a9a012
runs/A_PI_NATIVE_RUNTIMEFIX/pi_ufo_baseline_v1/build/A_PI_NATIVE_200/MG5_PROC/bin/internal/make_madevent_tar	file	215	1f9bea9265eb1c49a8b2274a0f0284ad3fe6628e1b4489681931f5000028c810
runs/A_PI_NATIVE_RUNTIMEFIX/pi_ufo_baseline_v1/build/A_PI_NATIVE_200/MG5_PROC/bin/internal/me5_logging.conf	file	2611	a593dfa321744db9344d6b722a9208910469af501a38513a030096f0b2f08948
runs/A_PI_NATIVE_RUNTIMEFIX/pi_ufo_baseline_v1/build/A_PI_NATIVE_200/MG5_PROC/bin/internal/merge.pl	file	10475	be04f05efda2bb515a723276ee947f98b8da7705b72dc41d3ff4cd638cf016df
runs/A_PI_NATIVE_RUNTIMEFIX/pi_ufo_baseline_v1/build/A_PI_NATIVE_200/MG5_PROC/bin/internal/misc.py	file	94456	074368ffb6204bf3c822a622ee074f5197c53bda7b4c5310dcf8c4fb4a057149
runs/A_PI_NATIVE_RUNTIMEFIX/pi_ufo_baseline_v1/build/A_PI_NATIVE_200/MG5_PROC/bin/internal/monitor	file	1137	91020174912796bbe93d4bc5a04b42e6ef973ddb58d1ba8454661e7b82efd33c
runs/A_PI_NATIVE_RUNTIMEFIX/pi_ufo_baseline_v1/build/A_PI_NATIVE_200/MG5_PROC/bin/internal/multicore	file	478	58ee77d2f9cb743d4cd7ff23f4a97512c62725fceb8da0900d14c2cb23341d08
runs/A_PI_NATIVE_RUNTIMEFIX/pi_ufo_baseline_v1/build/A_PI_NATIVE_200/MG5_PROC/bin/internal/plot	file	1467	58343673450356ea31858f251ecf9e2c14da1c81c9978fa69d22c244c1c25cc9
runs/A_PI_NATIVE_RUNTIMEFIX/pi_ufo_baseline_v1/build/A_PI_NATIVE_200/MG5_PROC/bin/internal/plot_djrs.py	file	7143	154178e34982ecad225e7067eb04690d72643732963147be013de62df386203f
runs/A_PI_NATIVE_RUNTIMEFIX/pi_ufo_baseline_v1/build/A_PI_NATIVE_200/MG5_PROC/bin/internal/plot_page-pl	file	3521	41f363947856f97ecc26d605671a1a0ccb5cef2ff33f27d149191269ca92db89
runs/A_PI_NATIVE_RUNTIMEFIX/pi_ufo_baseline_v1/build/A_PI_NATIVE_200/MG5_PROC/bin/internal/plot_pypage-pl	file	2426	063e24ab272f9d7795164b4fdc600484bfe03b4603caa8f866b8f3a26c640c84
runs/A_PI_NATIVE_RUNTIMEFIX/pi_ufo_baseline_v1/build/A_PI_NATIVE_200/MG5_PROC/bin/internal/plot_tree.C	file	2436	dac4d5d361cf3ab788d086a25144b3af7b8b8d7e7e4706b77c48f85f1cb9f94a
runs/A_PI_NATIVE_RUNTIMEFIX/pi_ufo_baseline_v1/build/A_PI_NATIVE_200/MG5_PROC/bin/internal/restore_data	file	1518	aa337f19616ee50170f98204805569038d3d1bfe2276e2267275ae78c9f2719e
runs/A_PI_NATIVE_RUNTIMEFIX/pi_ufo_baseline_v1/build/A_PI_NATIVE_200/MG5_PROC/bin/internal/run_combine	file	323	22d90ff09e294d63bc7bddd9af9202b026c2763dc9855bb0f852dcba82e6847e
runs/A_PI_NATIVE_RUNTIMEFIX/pi_ufo_baseline_v1/build/A_PI_NATIVE_200/MG5_PROC/bin/internal/run_delphes	file	1171	e37c42ab4ed5be796e5dc45ff6918edfbf92e206c9be9872ae0eaf6f125bb958
runs/A_PI_NATIVE_RUNTIMEFIX/pi_ufo_baseline_v1/build/A_PI_NATIVE_200/MG5_PROC/bin/internal/run_delphes3	file	1675	210683a1c9f34bf863bff6d2a7106c22c64d40e9fd012ba6d89bbe6852fe47eb
runs/A_PI_NATIVE_RUNTIMEFIX/pi_ufo_baseline_v1/build/A_PI_NATIVE_200/MG5_PROC/bin/internal/run_genissud	file	2418	a1fb4351a215baae8915ad3c6c2ab2ba9f1ee478dcc196da8bfb1cd057bb92d3
runs/A_PI_NATIVE_RUNTIMEFIX/pi_ufo_baseline_v1/build/A_PI_NATIVE_200/MG5_PROC/bin/internal/run_hep2lhe	file	824	4c280cfad5ff4f0bbafc47233e28980352b5530d73f1286f4f672496bc681046
runs/A_PI_NATIVE_RUNTIMEFIX/pi_ufo_baseline_v1/build/A_PI_NATIVE_200/MG5_PROC/bin/internal/run_pgs	file	634	cb1c2537913cc9fc10d237ce225f0547ed8ac85d0fa8021ae74cc3b7e863d9ab
runs/A_PI_NATIVE_RUNTIMEFIX/pi_ufo_baseline_v1/build/A_PI_NATIVE_200/MG5_PROC/bin/internal/run_plot	file	913	93b3590538f04226fd933a0ba1caa3469c59d31014f3a69d56c35bfbc9c377fd
runs/A_PI_NATIVE_RUNTIMEFIX/pi_ufo_baseline_v1/build/A_PI_NATIVE_200/MG5_PROC/bin/internal/run_plot_delphes	file	939	a6ce412f11761a9b647b6b5a564852165343c8bcf0f6928cd74d54f675695e77
runs/A_PI_NATIVE_RUNTIMEFIX/pi_ufo_baseline_v1/build/A_PI_NATIVE_200/MG5_PROC/bin/internal/run_plot_pgs	file	902	0860957ba69202e5d47a5a535bcfd6ebc07cdadafe52675604fdd3c350ccac40
runs/A_PI_NATIVE_RUNTIMEFIX/pi_ufo_baseline_v1/build/A_PI_NATIVE_200/MG5_PROC/bin/internal/run_plot_pythia	file	1005	e212bf1c2de6dc86bd50e2dc1023654ad470e9b885cc7a744add9371955526e0
runs/A_PI_NATIVE_RUNTIMEFIX/pi_ufo_baseline_v1/build/A_PI_NATIVE_200/MG5_PROC/bin/internal/save_load_object.py	file	3723	676b216218f99f6995a22d7df6a9b48b78d0f4d9a1c68aec0e3a27160270b4c9
runs/A_PI_NATIVE_RUNTIMEFIX/pi_ufo_baseline_v1/build/A_PI_NATIVE_200/MG5_PROC/bin/internal/shower_card.py	file	16856	dcdd28e900b7a7a60bb27e4bbb0ecca5604bf9ea3b4c4caef985d74be082ed8e
runs/A_PI_NATIVE_RUNTIMEFIX/pi_ufo_baseline_v1/build/A_PI_NATIVE_200/MG5_PROC/bin/internal/store4grid	file	1538	df350c66976db88edfba4b79ee82e672236b78023a89308dcdd59f83bdc7d4bb
runs/A_PI_NATIVE_RUNTIMEFIX/pi_ufo_baseline_v1/build/A_PI_NATIVE_200/MG5_PROC/bin/internal/sum_html.py	file	32551	b9bbf9f686025d7ab76d9b9b6e1d9990b11f90d2380c3499635e668cd0b6a5f8
runs/A_PI_NATIVE_RUNTIMEFIX/pi_ufo_baseline_v1/build/A_PI_NATIVE_200/MG5_PROC/bin/internal/syscalc_template.dat	file	362	a2012c82a6521bc4465339c7a707bfecdfea40066be1d7161109b851a54192ed
runs/A_PI_NATIVE_RUNTIMEFIX/pi_ufo_baseline_v1/build/A_PI_NATIVE_200/MG5_PROC/bin/internal/systematics.py	file	53093	f9e8581c85e05f36282842ae11791eb29ac301d78f889a0b5c53f889056f59de
runs/A_PI_NATIVE_RUNTIMEFIX/pi_ufo_baseline_v1/build/A_PI_NATIVE_200/MG5_PROC/bin/internal/ufomodel	dir	4096	
runs/A_PI_NATIVE_RUNTIMEFIX/pi_ufo_baseline_v1/build/A_PI_NATIVE_200/MG5_PROC/bin/internal/ufomodel/CT_couplings.py	file	298	58e07e6b6dea344858f32bccd1948a10768d38a217b88448aa4dc976c0a77b58
runs/A_PI_NATIVE_RUNTIMEFIX/pi_ufo_baseline_v1/build/A_PI_NATIVE_200/MG5_PROC/bin/internal/ufomodel/__init__.py	file	955	e2198b46e727a0aa09378d715bd33364095057dd910f3b8cf7d7dd6ec1bc71d7
runs/A_PI_NATIVE_RUNTIMEFIX/pi_ufo_baseline_v1/build/A_PI_NATIVE_200/MG5_PROC/bin/internal/ufomodel/coupling_orders.py	file	665	80d652d3441c1fed3242dc7a4141a12f5a7ccc2f2cc6764dd5d22bb39083d132
runs/A_PI_NATIVE_RUNTIMEFIX/pi_ufo_baseline_v1/build/A_PI_NATIVE_200/MG5_PROC/bin/internal/ufomodel/couplings.py	file	18621	199021f332fa57314f1a9dbd487a08c8310f9d5b4ce408eaa6c5ea99a649c3f4
runs/A_PI_NATIVE_RUNTIMEFIX/pi_ufo_baseline_v1/build/A_PI_NATIVE_200/MG5_PROC/bin/internal/ufomodel/decays.py	file	23449	ebb92183abff92cdaf55aeb80399effe2cc0256f1423ce807a390cd420564e23
runs/A_PI_NATIVE_RUNTIMEFIX/pi_ufo_baseline_v1/build/A_PI_NATIVE_200/MG5_PROC/bin/internal/ufomodel/form_factors.py	file	598	9fdae69a684ddd1eb5963a1695e0f5449045755826aa62a8829569848b32f478
runs/A_PI_NATIVE_RUNTIMEFIX/pi_ufo_baseline_v1/build/A_PI_NATIVE_200/MG5_PROC/bin/internal/ufomodel/function_library.py	file	3502	af85d1d7e83bc0f7a016258b6cc3e179c4d9fd6778ce553ebf7ff4b8be5b968f
runs/A_PI_NATIVE_RUNTIMEFIX/pi_ufo_baseline_v1/build/A_PI_NATIVE_200/MG5_PROC/bin/internal/ufomodel/lorentz.py	file	4392	4b818a0fd7a9f1ded91a957251380f4116a30454f8e1fc72e1c7ccacdab6bf8f
runs/A_PI_NATIVE_RUNTIMEFIX/pi_ufo_baseline_v1/build/A_PI_NATIVE_200/MG5_PROC/bin/internal/ufomodel/object_library.py	file	10877	4bef9ba0a44b89048f5ed02f0c97f5937e1a2ce8a949574bdaa6f67ae80f9e11
runs/A_PI_NATIVE_RUNTIMEFIX/pi_ufo_baseline_v1/build/A_PI_NATIVE_200/MG5_PROC/bin/internal/ufomodel/param_card.dat	file	1681	520869311058818f46eb103f49c7cee51e1687548685c11e1bf32e73854c1ccf
runs/A_PI_NATIVE_RUNTIMEFIX/pi_ufo_baseline_v1/build/A_PI_NATIVE_200/MG5_PROC/bin/internal/ufomodel/parameters.py	file	23054	7f84d779ff83dd52bbfecbbfe31df147e2df79faab0bcda716d5908d63b3d45b
runs/A_PI_NATIVE_RUNTIMEFIX/pi_ufo_baseline_v1/build/A_PI_NATIVE_200/MG5_PROC/bin/internal/ufomodel/particles.py	file	11211	01c61a7a352a5bebb747fff0c9ac3e228fa7575dfc381a339ecb285332b223c6
runs/A_PI_NATIVE_RUNTIMEFIX/pi_ufo_baseline_v1/build/A_PI_NATIVE_200/MG5_PROC/bin/internal/ufomodel/propagators.py	file	1351	1a4495d00654b6de8044d7a993b798cb12ca7265199f8e25ce42abdfbc98384a
runs/A_PI_NATIVE_RUNTIMEFIX/pi_ufo_baseline_v1/build/A_PI_NATIVE_200/MG5_PROC/bin/internal/ufomodel/py3_model.pkl	file	57579	f2a2c4717b02f0c0b9737ff353c6b9948901fe6e60d70a4d457a5d99186d6dd9
runs/A_PI_NATIVE_RUNTIMEFIX/pi_ufo_baseline_v1/build/A_PI_NATIVE_200/MG5_PROC/bin/internal/ufomodel/vertices.py	file	36546	60bb131379499fd85ac21da8e15f960cffcf2d33afc54217481730e82648f6ba
runs/A_PI_NATIVE_RUNTIMEFIX/pi_ufo_baseline_v1/build/A_PI_NATIVE_200/MG5_PROC/bin/internal/ufomodel/write_param_card.py	file	3221	081e24c63a197a6c58fd60a4253e10960738ac35050fe49364941268381ffbb9
runs/A_PI_NATIVE_RUNTIMEFIX/pi_ufo_baseline_v1/build/A_PI_NATIVE_200/MG5_PROC/bin/madevent	file	8030	13d0f53355f7b52e4ec0218f5e8e3a755e3da07c89d57f74f8df6956500bc9e2
runs/A_PI_NATIVE_RUNTIMEFIX/pi_ufo_baseline_v1/build/A_PI_NATIVE_200/MG5_PROC/bin/newprocess_mg5	file	3529	f55d3f285147a8bb844d89b0ff3d81b5c3e86584f383a4e3e7c6780a2b795ff8
runs/A_PI_NATIVE_RUNTIMEFIX/pi_ufo_baseline_v1/build/A_PI_NATIVE_200/MG5_PROC/crossx.html	file	3337	6a4a9c186225a7ac780ce0c6872e9a6b6637c97b663282da9f9798d2657043fe
runs/A_PI_NATIVE_RUNTIMEFIX/pi_ufo_baseline_v1/build/A_PI_NATIVE_200/MG5_PROC/index.html	file	1997	655aede81b61b9031ed92eed2168cedf6d1065ef67b639889c8f63ce785b5931
runs/A_PI_NATIVE_RUNTIMEFIX/pi_ufo_baseline_v1/build/A_PI_NATIVE_200/MG5_PROC/lib	dir	4096	
runs/A_PI_NATIVE_RUNTIMEFIX/pi_ufo_baseline_v1/build/A_PI_NATIVE_200/MG5_PROC/lib/Pdfdata	dir	4096	
runs/A_PI_NATIVE_RUNTIMEFIX/pi_ufo_baseline_v1/build/A_PI_NATIVE_200/MG5_PROC/lib/Pdfdata/NNPDF23_lo_as_0119_qed_mem0.grid	file	2195378	372e1da9f61b7aca03c25884fd05ab47399809de578ac7ee30df0d09a5c99558
runs/A_PI_NATIVE_RUNTIMEFIX/pi_ufo_baseline_v1/build/A_PI_NATIVE_200/MG5_PROC/lib/Pdfdata/NNPDF23_lo_as_0130_qed_mem0.grid	file	2195382	5d7378dd34444682a01acbc7215caccf38dffe31b65786a922bb586aee4369b5
runs/A_PI_NATIVE_RUNTIMEFIX/pi_ufo_baseline_v1/build/A_PI_NATIVE_200/MG5_PROC/lib/Pdfdata/NNPDF23nlo_as_0119_qed_mem0.grid	file	2195169	e1ad3115d9bc36f4cdf43268138ab6c2efb9a4803bff376f493c85260181213e
runs/A_PI_NATIVE_RUNTIMEFIX/pi_ufo_baseline_v1/build/A_PI_NATIVE_200/MG5_PROC/lib/Pdfdata/cteq5l.tbl	file	134476	8d7d234ec1b3b6c81f76f69e9b8a3114b487344963036bd882246e752a63ef4b
runs/A_PI_NATIVE_RUNTIMEFIX/pi_ufo_baseline_v1/build/A_PI_NATIVE_200/MG5_PROC/lib/Pdfdata/cteq5m.tbl	file	125607	0c1585bb7e16eef45fef4b7275d206538a0aca157a93159b82dccdeeb3e6adbe
runs/A_PI_NATIVE_RUNTIMEFIX/pi_ufo_baseline_v1/build/A_PI_NATIVE_200/MG5_PROC/lib/Pdfdata/cteq6d.tbl	file	219892	25912796d9d954a0ee0c7cbc7b7d915c1edb2c378664eb4cc702479ccd39acc1
runs/A_PI_NATIVE_RUNTIMEFIX/pi_ufo_baseline_v1/build/A_PI_NATIVE_200/MG5_PROC/lib/Pdfdata/cteq6l.tbl	file	219892	8525243c99321fe64d5e8e9f223fd9106069d07bd12bdb14f4b99316e848873e
runs/A_PI_NATIVE_RUNTIMEFIX/pi_ufo_baseline_v1/build/A_PI_NATIVE_200/MG5_PROC/lib/Pdfdata/cteq6l1.tbl	file	219850	023dce6f7e6f64dfab376ced5d2c487f8ef8d0ccb976d383a2f0a8049370f058
runs/A_PI_NATIVE_RUNTIMEFIX/pi_ufo_baseline_v1/build/A_PI_NATIVE_200/MG5_PROC/lib/Pdfdata/cteq6m.tbl	file	219888	570c8bda925461c5f15f877a24555d1be9cb17434fe347f8afe6c8724bac4470
runs/A_PI_NATIVE_RUNTIMEFIX/pi_ufo_baseline_v1/build/A_PI_NATIVE_200/MG5_PROC/lib/Pdfdata/mrsb.dat	file	62054	8e957739754db8a1584d25beb7eab00a55501f794dc38a5d20d539c4347de4ff
runs/A_PI_NATIVE_RUNTIMEFIX/pi_ufo_baseline_v1/build/A_PI_NATIVE_200/MG5_PROC/lib/Pdfdata/mrse.dat	file	62054	c8b4b7e4f6643563302971d1c9a2acd7bec217515ead22a586839125cab98e8a
runs/A_PI_NATIVE_RUNTIMEFIX/pi_ufo_baseline_v1/build/A_PI_NATIVE_200/MG5_PROC/lib/Pdfdata/mrst2002nlo.dat	file	145632	bec81dcb0093a68b44e6b15472bbe67c2b883fb59833529307d80a7f16688d4f
runs/A_PI_NATIVE_RUNTIMEFIX/pi_ufo_baseline_v1/build/A_PI_NATIVE_200/MG5_PROC/lib/libbias.a	file	1452	30678af2aeb0de041816c84b31df68827f1c6d525f1b3b847268eb9a64922179
runs/A_PI_NATIVE_RUNTIMEFIX/pi_ufo_baseline_v1/build/A_PI_NATIVE_200/MG5_PROC/lib/libcernlib.a	file	20440	dec4fa6ecb5068cb14d125e698071fd0ceea2611d37a51c857f3253ad43d92c4
runs/A_PI_NATIVE_RUNTIMEFIX/pi_ufo_baseline_v1/build/A_PI_NATIVE_200/MG5_PROC/lib/libdhelas.a	file	45934	91a5994d074bba58224a30e07b59e13c0efb814925cbbf3a0c1b6fdf69577a4d
runs/A_PI_NATIVE_RUNTIMEFIX/pi_ufo_baseline_v1/build/A_PI_NATIVE_200/MG5_PROC/lib/libdsample.a	file	1863200	e71256189b5a0d4805146c0a91aa29538c929392dc4f3583a55aab63b330c1db
runs/A_PI_NATIVE_RUNTIMEFIX/pi_ufo_baseline_v1/build/A_PI_NATIVE_200/MG5_PROC/lib/libgammaUPC.a	file	2032	9ea8f61806779aec59782550bb0e9ef39a96dcbab8abff299c911fc62e19bf81
runs/A_PI_NATIVE_RUNTIMEFIX/pi_ufo_baseline_v1/build/A_PI_NATIVE_200/MG5_PROC/lib/libgeneric.a	file	284108	f7a01aabfb78f7c62868a027c55faec472b1a038fea2fc4d2fcf5339c5eb2323
runs/A_PI_NATIVE_RUNTIMEFIX/pi_ufo_baseline_v1/build/A_PI_NATIVE_200/MG5_PROC/lib/libmodel.a	file	106754	d5f0cefc2e35659c23835f1e48a2feeff7f5904d7405c043f865c980c93c3f20
runs/A_PI_NATIVE_RUNTIMEFIX/pi_ufo_baseline_v1/build/A_PI_NATIVE_200/MG5_PROC/lib/libpdf.a	file	185908	e9751b0ca0ffcb6fcb932ff179cced233e714cfe07574bcc922d670721b037bc
runs/A_PI_NATIVE_RUNTIMEFIX/pi_ufo_baseline_v1/build/A_PI_NATIVE_200/MG5_PROC/madevent.tar.gz	file	3399563	c9d1c9a4bac86ef80a1c67c5a51e1359b90556b351286526ad4371aaa039da70
runs/A_PI_NATIVE_RUNTIMEFIX/pi_ufo_baseline_v1/build/A_PI_NATIVE_200/cross_section.json	file	267	61ba4f40289f6f9d66794d7570d0dadd36234e2a687c44e947c71a0786daaeda
runs/A_PI_NATIVE_RUNTIMEFIX/pi_ufo_baseline_v1/build/A_PI_NATIVE_200/decay.slha	file	474	f12c11eac372629c0275963341370ac94e3f7dd2868554a3af8f1b452968c524
runs/A_PI_NATIVE_RUNTIMEFIX/pi_ufo_baseline_v1/build/A_PI_NATIVE_200/events.lhe.gz	file	18146	8dd991e857a68e99da879be77da91f08bed788b66c75ec69c58911bab66e9d09
runs/A_PI_NATIVE_RUNTIMEFIX/pi_ufo_baseline_v1/build/A_PI_NATIVE_200/lhe_report.json	file	12185	07e2a4b9d9a5d1f63ca369ea1728a9a4196e2c2dc87063991e519bf1526e7901
runs/A_PI_NATIVE_RUNTIMEFIX/pi_ufo_baseline_v1/build/A_PI_NATIVE_200/mg5_events.log	file	8173	a404bfe3b6a427107b5b3b7e4c5b557bb66b0d7e373a184ec20e1c7516bd2f8d
runs/A_PI_NATIVE_RUNTIMEFIX/pi_ufo_baseline_v1/build/A_PI_NATIVE_200/mg5_generate.log	file	5879	76e2a1b40c388cd834188d525a4ba6fe062744d1196dbd6fd25dcdf1045e2bec
runs/A_PI_NATIVE_RUNTIMEFIX/pi_ufo_baseline_v1/build/A_PI_NATIVE_200/param_card.dat	file	1643	442e79ea6440fff031aed96d9aa8616f987a425a4f68f4dc16375d55b975e4f4
runs/A_PI_NATIVE_RUNTIMEFIX/pi_ufo_baseline_v1/build/A_PI_NATIVE_200/point.json	file	1362	83501147178e5ac94aff8d53a7ce26b8afcd1bc379bfece979f1f1f8cdd66d08
runs/A_PI_NATIVE_RUNTIMEFIX/pi_ufo_baseline_v1/build/A_PI_NATIVE_200/proc_card.dat	file	162	fec16391dad47a6fb527bc1d71ae29aefa5111448bce74b031769b85e640cf70
runs/A_PI_NATIVE_RUNTIMEFIX/pi_ufo_baseline_v1/build/A_PI_NATIVE_200/provenance.json	file	1966	d1e47e6b698fb0d512cd39c7a96c7ba9410bc12d9a47673af01fece6851f77f1
runs/A_PI_NATIVE_RUNTIMEFIX/pi_ufo_baseline_v1/build/A_PI_NATIVE_200/pythia8.cmnd	file	385	65d7721a242f171d260096ac22f78a08923cc035e68d6cb42d0e8192e5ce6458
runs/A_PI_NATIVE_RUNTIMEFIX/pi_ufo_baseline_v1/build/A_PI_NATIVE_200/run_card.dat	file	384	0f0ea8bd8bda68e30ef4da98d145b6563045b64a13830104806fed244ed2ec1e
runs/A_PI_NATIVE_RUNTIMEFIX/pi_ufo_baseline_v1/build/point_000001	dir	4096	
runs/A_PI_NATIVE_RUNTIMEFIX/pi_ufo_baseline_v1/build/point_000001/decay.slha	file	634	b28ab25311a3e1796c0018c33c14d8709ec31456ef45df9940d1b5bdf1086741
runs/A_PI_NATIVE_RUNTIMEFIX/pi_ufo_baseline_v1/build/point_000001/param_card.dat	file	1643	b5e68dde0222854f72892cc79c0c90becca83a13502fec9bc29c69150a4f4bbf
runs/A_PI_NATIVE_RUNTIMEFIX/pi_ufo_baseline_v1/build/point_000001/point.json	file	1503	a598573864361f674283cabb0ca478c3965ec362bca355a53c46f5cbdd164e90
runs/A_PI_NATIVE_RUNTIMEFIX/pi_ufo_baseline_v1/build/point_000001/proc_card.dat	file	159	a1232e3019d1348a8a6c0fd5fbb38aa05745547bfc9f6f88e53b9bef7a4e556e
runs/A_PI_NATIVE_RUNTIMEFIX/pi_ufo_baseline_v1/build/point_000001/provenance.json	file	1855	dfa2abd2441abd0094dc3b5bd901a92927b729242d68f34d74c80fa68aa2ac46
runs/A_PI_NATIVE_RUNTIMEFIX/pi_ufo_baseline_v1/build/point_000001/pythia8.cmnd	file	385	92e5f0cbf76a3e2009e41b8c8beb85fc3a6c97fb1fa2aaa6c6376460cc925129
runs/A_PI_NATIVE_RUNTIMEFIX/pi_ufo_baseline_v1/build/point_000001/run_card.dat	file	384	0f0ea8bd8bda68e30ef4da98d145b6563045b64a13830104806fed244ed2ec1e
runs/A_PI_NATIVE_RUNTIMEFIX/pi_ufo_baseline_v1/cards	dir	4096	
runs/A_PI_NATIVE_RUNTIMEFIX/pi_ufo_baseline_v1/cards/README.md	file	294	4540a601faeb6f1744f8486d7de849b0117627e7c6641efa0e42b14aff27f50c
runs/A_PI_NATIVE_RUNTIMEFIX/pi_ufo_baseline_v1/cards/proc_card_zerojet.dat	file	124	d86cf89a9863c08ba5d1232f3f810271b0a4306d1308dbb059f7254d469a105e
runs/A_PI_NATIVE_RUNTIMEFIX/pi_ufo_baseline_v1/cards/pythia8.template.cmnd	file	209	41d264542323dff06edbcd30fd90ecfb4eeba2417544050cdc29e9a41f9de477
runs/A_PI_NATIVE_RUNTIMEFIX/pi_ufo_baseline_v1/cards/run_card_smoke.dat	file	160	85abb3e99fc9503e59ecb6bff21a1aa804e248ff64f230afff8f20d8b5d156c3
runs/A_PI_NATIVE_RUNTIMEFIX/pi_ufo_baseline_v1/checksums.sha256	file	10915	867c429c9f582ad0c1c36e7a8224388cbb8923a5c55ed8e96751826382057f43
runs/A_PI_NATIVE_RUNTIMEFIX/pi_ufo_baseline_v1/expected	dir	4096	
runs/A_PI_NATIVE_RUNTIMEFIX/pi_ufo_baseline_v1/expected/smoke_contract.json	file	365	db1fb31cea7019a7399c4074d0e674a00653c40fba5618c1f5a9aad5c5d8ad3f
runs/A_PI_NATIVE_RUNTIMEFIX/pi_ufo_baseline_v1/manifest.json	file	18900	e577337ab8f621ea13e484b82e7aed0c742a6b305de4ee0e41ec066defd688de
runs/A_PI_NATIVE_RUNTIMEFIX/pi_ufo_baseline_v1/model	dir	4096	
runs/A_PI_NATIVE_RUNTIMEFIX/pi_ufo_baseline_v1/model/LLscalar_v3_UFO_runtime	dir	4096	
runs/A_PI_NATIVE_RUNTIMEFIX/pi_ufo_baseline_v1/model/LLscalar_v3_UFO_runtime/CT_couplings.py	file	298	58e07e6b6dea344858f32bccd1948a10768d38a217b88448aa4dc976c0a77b58
runs/A_PI_NATIVE_RUNTIMEFIX/pi_ufo_baseline_v1/model/LLscalar_v3_UFO_runtime/__init__.py	file	955	e2198b46e727a0aa09378d715bd33364095057dd910f3b8cf7d7dd6ec1bc71d7
runs/A_PI_NATIVE_RUNTIMEFIX/pi_ufo_baseline_v1/model/LLscalar_v3_UFO_runtime/coupling_orders.py	file	665	80d652d3441c1fed3242dc7a4141a12f5a7ccc2f2cc6764dd5d22bb39083d132
runs/A_PI_NATIVE_RUNTIMEFIX/pi_ufo_baseline_v1/model/LLscalar_v3_UFO_runtime/couplings.py	file	18621	199021f332fa57314f1a9dbd487a08c8310f9d5b4ce408eaa6c5ea99a649c3f4
runs/A_PI_NATIVE_RUNTIMEFIX/pi_ufo_baseline_v1/model/LLscalar_v3_UFO_runtime/decays.py	file	23449	ebb92183abff92cdaf55aeb80399effe2cc0256f1423ce807a390cd420564e23
runs/A_PI_NATIVE_RUNTIMEFIX/pi_ufo_baseline_v1/model/LLscalar_v3_UFO_runtime/form_factors.py	file	598	9fdae69a684ddd1eb5963a1695e0f5449045755826aa62a8829569848b32f478
runs/A_PI_NATIVE_RUNTIMEFIX/pi_ufo_baseline_v1/model/LLscalar_v3_UFO_runtime/function_library.py	file	3502	af85d1d7e83bc0f7a016258b6cc3e179c4d9fd6778ce553ebf7ff4b8be5b968f
runs/A_PI_NATIVE_RUNTIMEFIX/pi_ufo_baseline_v1/model/LLscalar_v3_UFO_runtime/lorentz.py	file	4392	4b818a0fd7a9f1ded91a957251380f4116a30454f8e1fc72e1c7ccacdab6bf8f
runs/A_PI_NATIVE_RUNTIMEFIX/pi_ufo_baseline_v1/model/LLscalar_v3_UFO_runtime/object_library.py	file	10877	4bef9ba0a44b89048f5ed02f0c97f5937e1a2ce8a949574bdaa6f67ae80f9e11
runs/A_PI_NATIVE_RUNTIMEFIX/pi_ufo_baseline_v1/model/LLscalar_v3_UFO_runtime/parameters.py	file	23054	7f84d779ff83dd52bbfecbbfe31df147e2df79faab0bcda716d5908d63b3d45b
runs/A_PI_NATIVE_RUNTIMEFIX/pi_ufo_baseline_v1/model/LLscalar_v3_UFO_runtime/particles.py	file	11211	01c61a7a352a5bebb747fff0c9ac3e228fa7575dfc381a339ecb285332b223c6
runs/A_PI_NATIVE_RUNTIMEFIX/pi_ufo_baseline_v1/model/LLscalar_v3_UFO_runtime/propagators.py	file	1351	1a4495d00654b6de8044d7a993b798cb12ca7265199f8e25ce42abdfbc98384a
runs/A_PI_NATIVE_RUNTIMEFIX/pi_ufo_baseline_v1/model/LLscalar_v3_UFO_runtime/py3_model.pkl	file	57580	547fc1931ede9789cee5b542eb5b9aa04ce335fbd1c94a88e238f7f8e48ba933
runs/A_PI_NATIVE_RUNTIMEFIX/pi_ufo_baseline_v1/model/LLscalar_v3_UFO_runtime/vertices.py	file	36546	60bb131379499fd85ac21da8e15f960cffcf2d33afc54217481730e82648f6ba
runs/A_PI_NATIVE_RUNTIMEFIX/pi_ufo_baseline_v1/model/LLscalar_v3_UFO_runtime/write_param_card.py	file	3221	081e24c63a197a6c58fd60a4253e10960738ac35050fe49364941268381ffbb9
runs/A_PI_NATIVE_RUNTIMEFIX/pi_ufo_baseline_v1/patches	dir	4096	
runs/A_PI_NATIVE_RUNTIMEFIX/pi_ufo_baseline_v1/patches/python3_param_card_compat.patch	file	10463	91b2955b7f8c537fe50c2bd8577d1d4583327b9645be81bf44a53cadaeece49f
runs/A_PI_NATIVE_RUNTIMEFIX/pi_ufo_baseline_v1/points	dir	4096	
runs/A_PI_NATIVE_RUNTIMEFIX/pi_ufo_baseline_v1/points/A_PI_NATIVE_200.yaml	file	224	6f5b2ff857e0400a345c26a69e8c3efd4749d19b2adf14bfb0451429f9d838c8
runs/A_PI_NATIVE_RUNTIMEFIX/pi_ufo_baseline_v1/points/point_000001.yaml	file	219	e039065312c82e5f44367f09035dc4d73d8ea58891faa5ff5e15c6f25b527f05
runs/A_PI_NATIVE_RUNTIMEFIX/pi_ufo_baseline_v1/requirements.txt	file	24	7ba71c714356e35c488aedd73284407e47c8b3c8627a8eca228773d54f1fd938
runs/A_PI_NATIVE_RUNTIMEFIX/pi_ufo_baseline_v1/schemas	dir	4096	
runs/A_PI_NATIVE_RUNTIMEFIX/pi_ufo_baseline_v1/schemas/point.schema.json	file	1870	bad44da8ab39fc1327dc224ea3692fcaeaefb7848418c2dbc9e50ce932a06fbf
runs/A_PI_NATIVE_RUNTIMEFIX/pi_ufo_baseline_v1/scripts	dir	4096	
runs/A_PI_NATIVE_RUNTIMEFIX/pi_ufo_baseline_v1/scripts/__pycache__	dir	4096	
runs/A_PI_NATIVE_RUNTIMEFIX/pi_ufo_baseline_v1/scripts/__pycache__/materialize_internal_masses.cpython-311.pyc	file	17598	73b79aab2bbb4140d66beb0501a4e74c8a055eb17d33952191a07a28054fe08b
runs/A_PI_NATIVE_RUNTIMEFIX/pi_ufo_baseline_v1/scripts/__pycache__/patch_mg5_run_card.cpython-311.pyc	file	4328	a1042e7011a0f910b80e0ea42baa185692ebf996781e4a55f05840ce482410f8
runs/A_PI_NATIVE_RUNTIMEFIX/pi_ufo_baseline_v1/scripts/build_point.py	file	2726	f9bf8fc7cd141f4d815a40a9b71c63945cba0d26670c797e812a52dd1c595591
runs/A_PI_NATIVE_RUNTIMEFIX/pi_ufo_baseline_v1/scripts/check_coupling_scaling.py	file	2366	e25a8cfdf85c7c4f6ee0cdcecd50b4bc2e2bf38e4d827fa4a8e847622818a2bb
runs/A_PI_NATIVE_RUNTIMEFIX/pi_ufo_baseline_v1/scripts/extract_mg5_cross_section.py	file	2650	d69fe9bcef06229ffb501b36950c3e4f7586ed69eb8eb52a6d36f6f4d4baf67d
runs/A_PI_NATIVE_RUNTIMEFIX/pi_ufo_baseline_v1/scripts/inspect_lhe.py	file	2964	73defccdf56547b2242cb517ea22d6e0e5ee2760f1cc12ecfd14984b50989027
runs/A_PI_NATIVE_RUNTIMEFIX/pi_ufo_baseline_v1/scripts/make_decay_slha.py	file	373	7591ee1973ce5ad265d80fe89255c224aadd911339faae7b10f6a37f75427120
runs/A_PI_NATIVE_RUNTIMEFIX/pi_ufo_baseline_v1/scripts/make_param_card.py	file	594	b4b986692637a92539a2ee83480a4c12384d8a40ce2b9c8f7e79a3ec54518f12
runs/A_PI_NATIVE_RUNTIMEFIX/pi_ufo_baseline_v1/scripts/materialize_internal_masses.py	file	10339	c82e014dbdaa4ad526bceff6e74f2a900d05f514ba62b31c2d83358a281e92a5
runs/A_PI_NATIVE_RUNTIMEFIX/pi_ufo_baseline_v1/scripts/model_utils.py	file	13969	caf3a366988f220bd08805f27e33d8eef92aac36e1f832f6b27f85f2eeed0f9a
runs/A_PI_NATIVE_RUNTIMEFIX/pi_ufo_baseline_v1/scripts/pack_constants.py	file	305	d313f0444e1adf5c2f92a81d97aa92efc3ccee50063ddd8669ceb785ce7b2366
runs/A_PI_NATIVE_RUNTIMEFIX/pi_ufo_baseline_v1/scripts/patch_mg5_run_card.py	file	2485	80fafee866999908411847cb43ee9e8aceba89ee01a5ba91d19b81b1d191a3f7
runs/A_PI_NATIVE_RUNTIMEFIX/pi_ufo_baseline_v1/scripts/run_mg5_smoke.sh	file	2039	3eb940665ec779d489653ae3fa435f0dd5db8e18d1f7db68fa440f70d0e31a84
runs/A_PI_NATIVE_RUNTIMEFIX/pi_ufo_baseline_v1/scripts/run_pythia_smoke.sh	file	940	f90529ab57434adfc4d1d1a27e74ccf951a44933294b144242150eeb397dc81d
runs/A_PI_NATIVE_RUNTIMEFIX/pi_ufo_baseline_v1/scripts/run_recast_smoke.sh	file	822	4dfafdbc9f40dd70f66a09613f5a2b885f844d30520ed1787774ad3112455d08
runs/A_PI_NATIVE_RUNTIMEFIX/pi_ufo_baseline_v1/scripts/run_static_tests.py	file	2885	dd62bced24d1bc951f1d90a8432767948be20affec6ae8e7b81586d2e59339e2
runs/A_PI_NATIVE_RUNTIMEFIX/pi_ufo_baseline_v1/scripts/run_validation_pack_a_native.sh	file	1370	6d58e1a4eb0acdcd853246afbfca73a39d4b7123c1c30b3b105f3e6db6623f5f
runs/A_PI_NATIVE_RUNTIMEFIX/pi_ufo_baseline_v1/scripts/validate_point.py	file	581	a2098fa13e478414620127d90450e7126dbf52d8ad78347a7c01814955c02fde
runs/A_PI_NATIVE_RUNTIMEFIX/pi_ufo_baseline_v1/tests	dir	4096	
runs/A_PI_NATIVE_RUNTIMEFIX/pi_ufo_baseline_v1/tests/__pycache__	dir	4096	
runs/A_PI_NATIVE_RUNTIMEFIX/pi_ufo_baseline_v1/tests/__pycache__/test_materialize_internal_masses.cpython-311-pytest-9.1.1.pyc	file	13900	749a9413e76e5b91dd27e7e48080e701bed9456d09fd40621645c8378c8e062a
runs/A_PI_NATIVE_RUNTIMEFIX/pi_ufo_baseline_v1/tests/__pycache__/test_patch_mg5_run_card.cpython-311-pytest-9.1.1.pyc	file	11412	e25ccc9032d7ed2caf562b386cf29d2821e52a20ba254aadd5aad8a169adadfa
runs/A_PI_NATIVE_RUNTIMEFIX/pi_ufo_baseline_v1/tests/fixtures	dir	4096	
runs/A_PI_NATIVE_RUNTIMEFIX/pi_ufo_baseline_v1/tests/fixtures/mini_model	dir	4096	
runs/A_PI_NATIVE_RUNTIMEFIX/pi_ufo_baseline_v1/tests/fixtures/mini_model/function_library.py	file	3502	af85d1d7e83bc0f7a016258b6cc3e179c4d9fd6778ce553ebf7ff4b8be5b968f
runs/A_PI_NATIVE_RUNTIMEFIX/pi_ufo_baseline_v1/tests/fixtures/mini_model/object_library.py	file	10877	4bef9ba0a44b89048f5ed02f0c97f5937e1a2ce8a949574bdaa6f67ae80f9e11
runs/A_PI_NATIVE_RUNTIMEFIX/pi_ufo_baseline_v1/tests/fixtures/mini_model/parameters.py	file	1469	af9c63eda5e33188dcf551ed1a91696f46614d949e4327f76f2a9c7725ec0716
runs/A_PI_NATIVE_RUNTIMEFIX/pi_ufo_baseline_v1/tests/fixtures/mini_model/particles.py	file	505	670f476169e9031cb52bbcf99b3022b045dcdb4db2531d7db0df1e76831b5f5b
runs/A_PI_NATIVE_RUNTIMEFIX/pi_ufo_baseline_v1/tests/fixtures/param_card_missing_pdg24.dat	file	1643	b5e68dde0222854f72892cc79c0c90becca83a13502fec9bc29c69150a4f4bbf
runs/A_PI_NATIVE_RUNTIMEFIX/pi_ufo_baseline_v1/tests/fixtures/run_card_mg5_generated.dat	file	8995	eaf89de16945797f354b820f3a2dd5b875f2d79142efd73a0ebad861af1d7a87
runs/A_PI_NATIVE_RUNTIMEFIX/pi_ufo_baseline_v1/tests/test_invalid_points.py	file	1107	14f4013f789860815db3aa0df9465f63d439c21e924e6793252e72173926e3f9
runs/A_PI_NATIVE_RUNTIMEFIX/pi_ufo_baseline_v1/tests/test_materialize_internal_masses.py	file	2433	ae37a0620247d1986983249d87336699c6db0025efa2ddfce35c7c776a1d0cfb
runs/A_PI_NATIVE_RUNTIMEFIX/pi_ufo_baseline_v1/tests/test_model_contract.py	file	2432	1b69812e914ccb6ee91f5e08764895a2b810342b9e09b1218803a00f87c68090
runs/A_PI_NATIVE_RUNTIMEFIX/pi_ufo_baseline_v1/tests/test_patch_mg5_run_card.py	file	2372	3ed62ff673860b3547c6288a8bfce486e25bee155ae71daf32f070b3aa482547
runs/A_PI_NATIVE_RUNTIMEFIX/pi_ufo_baseline_v1/validation	dir	4096	
runs/A_PI_NATIVE_RUNTIMEFIX/pi_ufo_baseline_v1/validation/AB_STATIC_REGRESSION.json	file	638	8820eeede0af161ef5de48bdde24928d4da78bc8ff3e744f6cc609e5bbb81b19
runs/A_PI_NATIVE_RUNTIMEFIX/pi_ufo_baseline_v1/validation/EXTERNAL_RUNTIME_STATUS.md	file	416	7216956d3a6af6fdd0a9783b80dbe8fed7ea22fe4d9204ae37b8b9eef7573081
runs/A_PI_NATIVE_RUNTIMEFIX/pi_ufo_baseline_v1/validation/RECAST_ADAPTER.md	file	556	071f5b79b7836d9e16d0c659f624dfb4738221577cebb768a5e2b3fa18b00b2c
runs/A_PI_NATIVE_RUNTIMEFIX/pi_ufo_baseline_v1/validation/STATIC_VALIDATION.json	file	2585	a755e05135e9a65090650f180aa101d9e7a71eace754adde74c291ac3f4305f5
runs/A_PI_NATIVE_RUNTIMEFIX/pi_ufo_baseline_v1/validation/logs	dir	4096	
runs/A_PI_NATIVE_RUNTIMEFIX/pi_ufo_baseline_v1/validation/logs/build_point.log	file	67	add34281d7b1547db4ab6f92d6d73c321b892e95d2b6f7fd89ce62ea24a6dd26
runs/A_PI_NATIVE_RUNTIMEFIX/pi_ufo_baseline_v1/validation/logs/compileall.log	file	0	e3b0c44298fc1c149afbf4c8996fb92427ae41e4649b934ca495991b7852b855
runs/A_PI_NATIVE_RUNTIMEFIX/pi_ufo_baseline_v1/validation/logs/shell_syntax.log	file	0	e3b0c44298fc1c149afbf4c8996fb92427ae41e4649b934ca495991b7852b855
runs/A_PI_NATIVE_RUNTIMEFIX/pi_ufo_baseline_v1/validation/logs/standalone_param_card.dat	file	1681	520869311058818f46eb103f49c7cee51e1687548685c11e1bf32e73854c1ccf
runs/A_PI_NATIVE_RUNTIMEFIX/pi_ufo_baseline_v1/validation/logs/static_tests.log	file	73	f0c6add6887a524e3318195865b0fc39f0c2e4069d859f4d3f45e63103210c62
runs/A_PI_NATIVE_RUNTIMEFIX/pi_ufo_baseline_v1/validation/logs/unittest.log	file	1053	b37bcbe136912834dbdbdad4eac2ef290dd2594f3604b5fa1647af6617fbb85b
runs/A_PI_NATIVE_RUNTIMEFIX/pi_ufo_baseline_v1/validation/logs/writer.log	file	90	48f80afdeead575514dc214c2ba0639f259fca15b9d09a00f0c3e3aef9bce58f
runs/A_PI_NATIVE_RUNTIMEFIX/pi_ufo_baseline_v1/validation/provenance_inventory.json	file	22789	a1fe73c94d34ea7bb1c3408371fa60119cbc76304c6edead412ff3ea0d013921
runs/A_PI_NATIVE_RUNTIMEFIX/pi_ufo_baseline_v1/validation/pythia_llp_smoke.cc	file	3381	c073542f90272ccacab0d123170dfe1036e97f43ac90754733432bd34fa368ad
runs/A_PI_NATIVE_RUNTIMEFIX/pi_ufo_baseline_v1/validation/source_material	dir	4096	
runs/A_PI_NATIVE_RUNTIMEFIX/pi_ufo_baseline_v1/validation/source_material/2HDMC_COUPLING_TRACE.md	file	972	2897e54ccf3328eb6659c23ae2791b9bc047fdc71c143894b88cf79ac79e5d24
runs/A_PI_NATIVE_RUNTIMEFIX/pi_ufo_baseline_v1/validation/source_material/LLSCALAR_V3_MODEL_CARD.md	file	4365	eb50e8f975c486c622fdd3fa6f9c83f368237323ee6e87f0c472df729ae8fe45
runs/A_PI_NATIVE_RUNTIMEFIX/pi_ufo_baseline_v1/validation/source_material/MADGRAPH_SMOKE_REPORT.md	file	1976	b3bdc5833322974bc0b630b5cd6bef2cae2f37547e1cf376ac1c8a9887655e0d
runs/A_PI_NATIVE_RUNTIMEFIX/pi_ufo_baseline_v1/validation/source_material/PhysScanWithFixings.cpp	file	13308	786d630bc989350e49259a41aef834a222f6ef924972d18458aa102b75585246
runs/A_PI_NATIVE_RUNTIMEFIX/pi_ufo_baseline_v1/validation/source_material/UFO_AUDIT_ADDENDUM_20260716.md	file	5362	1b64e18d3e7fc3e66d79940d885232c634f079f3f73a557ded022ce06ef418f6
runs/A_PI_NATIVE_RUNTIMEFIX/pi_ufo_baseline_v1/validation/source_material/UFO_HASH_MANIFEST.json	file	2842	0c69511d0951c8a93b69a579fa15b4457b26a04c46e38f13b695fb7a3ac34606
runs/A_PI_NATIVE_RUNTIMEFIX/pi_ufo_baseline_v1/validation/source_material/UFO_SCIENTIFIC_DIFF.md	file	7430	49be46d31a8207f85477fdbe1ae4a12aab0c0bd8c933c998e9c708fd266003a5
runs/A_PI_NATIVE_RUNTIMEFIX/pi_ufo_baseline_v1/validation/source_material/VERSION_DECISION.md	file	3983	db14efd68f3b89358221e361fdf5170e4dce593726fa3ed920994c6baab2afe0
runs/A_PI_NATIVE_RUNTIMEFIX/pi_ufo_baseline_v1/vendor	dir	4096	
runs/A_PI_NATIVE_RUNTIMEFIX/pi_ufo_baseline_v1/vendor/LLscalar_v3_UFO_original	dir	4096	
runs/A_PI_NATIVE_RUNTIMEFIX/pi_ufo_baseline_v1/vendor/LLscalar_v3_UFO_original/23-06-21_LLscalar_v2_UFO.log	file	2143	8b449afef3dc2227055e9d6e06ff2e9da9c38c01e39d4c3df820dd0742261374
runs/A_PI_NATIVE_RUNTIMEFIX/pi_ufo_baseline_v1/vendor/LLscalar_v3_UFO_original/CT_couplings.py	file	298	58e07e6b6dea344858f32bccd1948a10768d38a217b88448aa4dc976c0a77b58
runs/A_PI_NATIVE_RUNTIMEFIX/pi_ufo_baseline_v1/vendor/LLscalar_v3_UFO_original/__init__.py	file	955	e2198b46e727a0aa09378d715bd33364095057dd910f3b8cf7d7dd6ec1bc71d7
runs/A_PI_NATIVE_RUNTIMEFIX/pi_ufo_baseline_v1/vendor/LLscalar_v3_UFO_original/__init__.pyc	file	1170	8f856fab86e53bebb1466e0ab415e5f827cc6e0ea0459a05851b7b530c86e0ec
runs/A_PI_NATIVE_RUNTIMEFIX/pi_ufo_baseline_v1/vendor/LLscalar_v3_UFO_original/coupling_orders.py	file	665	80d652d3441c1fed3242dc7a4141a12f5a7ccc2f2cc6764dd5d22bb39083d132
runs/A_PI_NATIVE_RUNTIMEFIX/pi_ufo_baseline_v1/vendor/LLscalar_v3_UFO_original/coupling_orders.pyc	file	565	df291be90bb15f877d68f8a1dfd93fab61fce9014ba9b30c49fa7f00a19446cd
runs/A_PI_NATIVE_RUNTIMEFIX/pi_ufo_baseline_v1/vendor/LLscalar_v3_UFO_original/couplings.py	file	18621	199021f332fa57314f1a9dbd487a08c8310f9d5b4ce408eaa6c5ea99a649c3f4
runs/A_PI_NATIVE_RUNTIMEFIX/pi_ufo_baseline_v1/vendor/LLscalar_v3_UFO_original/couplings.pyc	file	13022	418b3a715649d3cd5870a9e7ada48e6fdfdb7f2a7be937339b3d06dd9b802c5d
runs/A_PI_NATIVE_RUNTIMEFIX/pi_ufo_baseline_v1/vendor/LLscalar_v3_UFO_original/decays.py	file	23449	ebb92183abff92cdaf55aeb80399effe2cc0256f1423ce807a390cd420564e23
runs/A_PI_NATIVE_RUNTIMEFIX/pi_ufo_baseline_v1/vendor/LLscalar_v3_UFO_original/decays.pyc	file	21326	b8f3235c7479a905f568bf810843e4fd6fbfc066aa1b16ee786b9a7856c704a5
runs/A_PI_NATIVE_RUNTIMEFIX/pi_ufo_baseline_v1/vendor/LLscalar_v3_UFO_original/form_factors.py	file	598	9fdae69a684ddd1eb5963a1695e0f5449045755826aa62a8829569848b32f478
runs/A_PI_NATIVE_RUNTIMEFIX/pi_ufo_baseline_v1/vendor/LLscalar_v3_UFO_original/form_factors.pyc	file	978	e768f2265c4e24748bd3f03b55eb965fcd2167d81eed2e2391e65dcee0aa02f0
runs/A_PI_NATIVE_RUNTIMEFIX/pi_ufo_baseline_v1/vendor/LLscalar_v3_UFO_original/function_library.py	file	3502	af85d1d7e83bc0f7a016258b6cc3e179c4d9fd6778ce553ebf7ff4b8be5b968f
runs/A_PI_NATIVE_RUNTIMEFIX/pi_ufo_baseline_v1/vendor/LLscalar_v3_UFO_original/function_library.pyc	file	2739	87495ebb51be2f3cf64ed50afaeab4efa7ddfe10696195f72ae6eb05481aa330
runs/A_PI_NATIVE_RUNTIMEFIX/pi_ufo_baseline_v1/vendor/LLscalar_v3_UFO_original/function_library.py~	file	1949	596e28fed5966088b6ee1d193e4dfbfd0f59a5837b283bc0dbaacb18bab1510c
runs/A_PI_NATIVE_RUNTIMEFIX/pi_ufo_baseline_v1/vendor/LLscalar_v3_UFO_original/lorentz.py	file	4392	4b818a0fd7a9f1ded91a957251380f4116a30454f8e1fc72e1c7ccacdab6bf8f
runs/A_PI_NATIVE_RUNTIMEFIX/pi_ufo_baseline_v1/vendor/LLscalar_v3_UFO_original/lorentz.pyc	file	3009	93a4efa791a0ea7b8a4c25c96cc696e54a6b6044a81198bab964edc10a3ae8fa
runs/A_PI_NATIVE_RUNTIMEFIX/pi_ufo_baseline_v1/vendor/LLscalar_v3_UFO_original/model.pkl	file	53394	3e5d932583c67a19ac70bc3baa5e805b20a68eda500bc6458a5ab0ba1a3a00df
runs/A_PI_NATIVE_RUNTIMEFIX/pi_ufo_baseline_v1/vendor/LLscalar_v3_UFO_original/object_library.py	file	10877	4bef9ba0a44b89048f5ed02f0c97f5937e1a2ce8a949574bdaa6f67ae80f9e11
runs/A_PI_NATIVE_RUNTIMEFIX/pi_ufo_baseline_v1/vendor/LLscalar_v3_UFO_original/object_library.pyc	file	16968	db074a0d5eda07359f4515bcb4396c5babecf2468c15aa7f4fdc5d7ea4e1ab3f
runs/A_PI_NATIVE_RUNTIMEFIX/pi_ufo_baseline_v1/vendor/LLscalar_v3_UFO_original/param_card.dat	file	853	1219ff7dce5744492cca90aa0c58d648e427282977501bf4a2ef1d6093f99e6e
runs/A_PI_NATIVE_RUNTIMEFIX/pi_ufo_baseline_v1/vendor/LLscalar_v3_UFO_original/parameters.py	file	23054	7f84d779ff83dd52bbfecbbfe31df147e2df79faab0bcda716d5908d63b3d45b
runs/A_PI_NATIVE_RUNTIMEFIX/pi_ufo_baseline_v1/vendor/LLscalar_v3_UFO_original/parameters.pyc	file	11678	5e77c9df6a3660cafeccb135ea03479de7082b8a064a433ae4930d9a0207efc7
runs/A_PI_NATIVE_RUNTIMEFIX/pi_ufo_baseline_v1/vendor/LLscalar_v3_UFO_original/parameters.py~	file	23052	01152962e08c059ba4124d253e185a1790e844f0f1f997d04bd867a1cf0c7593
runs/A_PI_NATIVE_RUNTIMEFIX/pi_ufo_baseline_v1/vendor/LLscalar_v3_UFO_original/particles.py	file	11211	01c61a7a352a5bebb747fff0c9ac3e228fa7575dfc381a339ecb285332b223c6
runs/A_PI_NATIVE_RUNTIMEFIX/pi_ufo_baseline_v1/vendor/LLscalar_v3_UFO_original/particles.pyc	file	5166	26c50296125f237feb4de1eeda8f65acf3d5728f061e63cc367dcc31238fec1c
runs/A_PI_NATIVE_RUNTIMEFIX/pi_ufo_baseline_v1/vendor/LLscalar_v3_UFO_original/propagators.py	file	1351	1a4495d00654b6de8044d7a993b798cb12ca7265199f8e25ce42abdfbc98384a
runs/A_PI_NATIVE_RUNTIMEFIX/pi_ufo_baseline_v1/vendor/LLscalar_v3_UFO_original/propagators.pyc	file	896	58ee2fcbf64c811d11b969d9af58b0ca55b24c2a961a2fd2bf77990035fa68e7
runs/A_PI_NATIVE_RUNTIMEFIX/pi_ufo_baseline_v1/vendor/LLscalar_v3_UFO_original/py3_model.pkl	file	56893	353b9c51a80539a71ee91f859d3119a5196263d51496a390ea1313df39180d77
runs/A_PI_NATIVE_RUNTIMEFIX/pi_ufo_baseline_v1/vendor/LLscalar_v3_UFO_original/vertices.py	file	36546	60bb131379499fd85ac21da8e15f960cffcf2d33afc54217481730e82648f6ba
runs/A_PI_NATIVE_RUNTIMEFIX/pi_ufo_baseline_v1/vendor/LLscalar_v3_UFO_original/vertices.pyc	file	23821	4b833b9ab50468a97954c2039703aec7fa905299d5e071c234fa64417c0b886d
runs/A_PI_NATIVE_RUNTIMEFIX/pi_ufo_baseline_v1/vendor/LLscalar_v3_UFO_original/write_param_card.py	file	6854	b1fefa31387db6d35631469c59ffbf87539093c34989f123dc63a98b46742462
ufo_pack_validation_support_v1.zip	file	10840	f81f3981f817997d56e6173c6bb53f59322c0f7190601835118b6a9891be2992
validation_pack_a_20260717T061757Z.log	file	65	24645f4db0c95ed0f21318b238effa973a90b05d5dc8a2df8194d781cc1ab50b
validation_pack_a_20260717T180129Z.log	file	6421	d3c507da05d20843a41619bb8b2abd990cc04122584578cc15dd116a9055ce0f
