Basename	Count	Paths
.gitignore	5	.gitignore; .code-review-graph/.gitignore; .pytest_cache/.gitignore; archive/superseded/.pack_a_native_clean/pi_ufo_baseline_v1_runtimefix/.pytest_cache/.gitignore; archive/unclassified/.code-review-graph/.gitignore
CONSOLIDATION_VALIDATION.md	2	CONSOLIDATION_VALIDATION.md; integration/consolidation_20260723T062842Z/CONSOLIDATION_VALIDATION.md
RESTORE_PRE_CONSOLIDATION.md	2	RESTORE_PRE_CONSOLIDATION.md; integration/consolidation_20260723T062842Z/RESTORE_PRE_CONSOLIDATION.md
CONSOLIDATION_CHECKSUMS.sha256	2	CONSOLIDATION_CHECKSUMS.sha256; integration/consolidation_20260723T062842Z/CONSOLIDATION_CHECKSUMS.sha256
CONSOLIDATION_VALIDATION.json	2	CONSOLIDATION_VALIDATION.json; integration/consolidation_20260723T062842Z/CONSOLIDATION_VALIDATION.json
WORKTREE_CLEANUP_READINESS.json	2	WORKTREE_CLEANUP_READINESS.json; integration/consolidation_20260723T062842Z/WORKTREE_CLEANUP_READINESS.json
checksums.sha256	5	checksums.sha256; archive/superseded/.pack_a_native_clean/pi_ufo_baseline_v1_runtimefix/checksums.sha256; releases/pack_a/scientific_validation/external_validation_a/pi_ufo_baseline_v1/checksums.sha256; runs/A_PI_NATIVE/pi_ufo_baseline_v1/checksums.sha256; runs/A_PI_NATIVE_RUNTIMEFIX/pi_ufo_baseline_v1/checksums.sha256
CONSOLIDATION_FILE_MANIFEST.tsv	2	CONSOLIDATION_FILE_MANIFEST.tsv; integration/consolidation_20260723T062842Z/CONSOLIDATION_FILE_MANIFEST.tsv
WORKTREE_CLEANUP_READINESS.md	2	WORKTREE_CLEANUP_READINESS.md; integration/consolidation_20260723T062842Z/WORKTREE_CLEANUP_READINESS.md
README.md	14	README.md; pack_aa/include/README.md; .pytest_cache/README.md; studies/pack_a_seed_mc/README.md; pack_b/README.md; archive/superseded/.pack_a_native_clean/pi_ufo_baseline_v1_runtimefix/README.md; archive/superseded/.pack_a_native_clean/pi_ufo_baseline_v1_runtimefix/.pytest_cache/README.md; archive/superseded/.pack_a_native_clean/pi_ufo_baseline_v1_runtimefix/cards/README.md; releases/pack_a/scientific_validation/external_validation_a/pi_ufo_baseline_v1/README.md; releases/pack_a/scientific_validation/external_validation_a/pi_ufo_baseline_v1/cards/README.md; runs/A_PI_NATIVE/pi_ufo_baseline_v1/README.md; runs/A_PI_NATIVE/pi_ufo_baseline_v1/cards/README.md; runs/A_PI_NATIVE_RUNTIMEFIX/pi_ufo_baseline_v1/README.md; runs/A_PI_NATIVE_RUNTIMEFIX/pi_ufo_baseline_v1/cards/README.md
pack_a_mg5.log	2	evidence/pack_a/pack_a_native_failed_20260718T023622Z/pack_a_mg5.log; runs/A_PI_NATIVE/pi_ufo_baseline_v1/build/A_PI_NATIVE_200/pack_a_mg5.log
mg5_events.log	4	evidence/pack_a/pack_a_native_failed_20260718T023622Z/mg5_events.log; archive/superseded/.pack_a_native_clean/pi_ufo_baseline_v1_runtimefix/build/A_PI_NATIVE_200/mg5_events.log; runs/A_PI_NATIVE/pi_ufo_baseline_v1/build/A_PI_NATIVE_200/mg5_events.log; runs/A_PI_NATIVE_RUNTIMEFIX/pi_ufo_baseline_v1/build/A_PI_NATIVE_200/mg5_events.log
particles.py	15	evidence/pack_a/pack_a_native_failed_20260718T023622Z/particles.py; archive/superseded/.pack_a_native_clean/pi_ufo_baseline_v1_runtimefix/model/LLscalar_v3_UFO_runtime/particles.py; archive/superseded/.pack_a_native_clean/pi_ufo_baseline_v1_runtimefix/build/A_PI_NATIVE_200/MG5_PROC/bin/internal/ufomodel/particles.py; archive/superseded/.pack_a_native_clean/pi_ufo_baseline_v1_runtimefix/vendor/LLscalar_v3_UFO_original/particles.py; archive/superseded/.pack_a_native_clean/pi_ufo_baseline_v1_runtimefix/tests/fixtures/mini_model/particles.py; releases/pack_a/scientific_validation/external_validation_a/pi_ufo_baseline_v1/model/LLscalar_v3_UFO_runtime/particles.py; releases/pack_a/scientific_validation/external_validation_a/pi_ufo_baseline_v1/build/point_000001/MG5_PROC/bin/internal/ufomodel/particles.py; releases/pack_a/scientific_validation/external_validation_a/pi_ufo_baseline_v1/vendor/LLscalar_v3_UFO_original/particles.py; runs/A_PI_NATIVE/pi_ufo_baseline_v1/model/LLscalar_v3_UFO_runtime/particles.py; runs/A_PI_NATIVE/pi_ufo_baseline_v1/build/A_PI_NATIVE_200/MG5_PROC/bin/internal/ufomodel/particles.py; runs/A_PI_NATIVE/pi_ufo_baseline_v1/vendor/LLscalar_v3_UFO_original/particles.py; runs/A_PI_NATIVE_RUNTIMEFIX/pi_ufo_baseline_v1/model/LLscalar_v3_UFO_runtime/particles.py; runs/A_PI_NATIVE_RUNTIMEFIX/pi_ufo_baseline_v1/build/A_PI_NATIVE_200/MG5_PROC/bin/internal/ufomodel/particles.py; runs/A_PI_NATIVE_RUNTIMEFIX/pi_ufo_baseline_v1/vendor/LLscalar_v3_UFO_original/particles.py; runs/A_PI_NATIVE_RUNTIMEFIX/pi_ufo_baseline_v1/tests/fixtures/mini_model/particles.py
parameters.py	15	evidence/pack_a/pack_a_native_failed_20260718T023622Z/parameters.py; archive/superseded/.pack_a_native_clean/pi_ufo_baseline_v1_runtimefix/model/LLscalar_v3_UFO_runtime/parameters.py; archive/superseded/.pack_a_native_clean/pi_ufo_baseline_v1_runtimefix/build/A_PI_NATIVE_200/MG5_PROC/bin/internal/ufomodel/parameters.py; archive/superseded/.pack_a_native_clean/pi_ufo_baseline_v1_runtimefix/vendor/LLscalar_v3_UFO_original/parameters.py; archive/superseded/.pack_a_native_clean/pi_ufo_baseline_v1_runtimefix/tests/fixtures/mini_model/parameters.py; releases/pack_a/scientific_validation/external_validation_a/pi_ufo_baseline_v1/model/LLscalar_v3_UFO_runtime/parameters.py; releases/pack_a/scientific_validation/external_validation_a/pi_ufo_baseline_v1/build/point_000001/MG5_PROC/bin/internal/ufomodel/parameters.py; releases/pack_a/scientific_validation/external_validation_a/pi_ufo_baseline_v1/vendor/LLscalar_v3_UFO_original/parameters.py; runs/A_PI_NATIVE/pi_ufo_baseline_v1/model/LLscalar_v3_UFO_runtime/parameters.py; runs/A_PI_NATIVE/pi_ufo_baseline_v1/build/A_PI_NATIVE_200/MG5_PROC/bin/internal/ufomodel/parameters.py; runs/A_PI_NATIVE/pi_ufo_baseline_v1/vendor/LLscalar_v3_UFO_original/parameters.py; runs/A_PI_NATIVE_RUNTIMEFIX/pi_ufo_baseline_v1/model/LLscalar_v3_UFO_runtime/parameters.py; runs/A_PI_NATIVE_RUNTIMEFIX/pi_ufo_baseline_v1/build/A_PI_NATIVE_200/MG5_PROC/bin/internal/ufomodel/parameters.py; runs/A_PI_NATIVE_RUNTIMEFIX/pi_ufo_baseline_v1/vendor/LLscalar_v3_UFO_original/parameters.py; runs/A_PI_NATIVE_RUNTIMEFIX/pi_ufo_baseline_v1/tests/fixtures/mini_model/parameters.py
smoke_tag_1_debug.log	2	evidence/pack_a/pack_a_native_failed_20260718T023622Z/smoke_tag_1_debug.log; runs/A_PI_NATIVE/pi_ufo_baseline_v1/build/A_PI_NATIVE_200/MG5_PROC/smoke_tag_1_debug.log
graph.db	2	.code-review-graph/graph.db; archive/unclassified/.code-review-graph/graph.db
RESUME.md	11	scratch/pack_aa_event_bundle_20260722T092243Z_1/RESUME.md; scratch/pack_aa_event_bundle_20260722T092243Z/RESUME.md; scratch/pack_aa_event_bundle_20260722T092243Z_4/RESUME.md; scratch/pack_aa_event_bundle_20260722T090049Z_4/RESUME.md; scratch/pack_aa_event_bundle_20260722T090049Z_3/RESUME.md; scratch/pack_aa_event_bundle_20260722T090049Z_2/RESUME.md; scratch/pack_aa_event_bundle_20260722T092243Z_5/RESUME.md; scratch/pack_aa_event_bundle_20260722T090049Z/RESUME.md; scratch/pack_aa_event_bundle_20260722T090049Z_1/RESUME.md; scratch/pack_aa_event_bundle_20260722T092243Z_3/RESUME.md; scratch/pack_aa_event_bundle_20260722T092243Z_2/RESUME.md
progress.json	11	scratch/pack_aa_event_bundle_20260722T092243Z_1/progress.json; scratch/pack_aa_event_bundle_20260722T092243Z/progress.json; scratch/pack_aa_event_bundle_20260722T092243Z_4/progress.json; scratch/pack_aa_event_bundle_20260722T090049Z_4/progress.json; scratch/pack_aa_event_bundle_20260722T090049Z_3/progress.json; scratch/pack_aa_event_bundle_20260722T090049Z_2/progress.json; scratch/pack_aa_event_bundle_20260722T092243Z_5/progress.json; scratch/pack_aa_event_bundle_20260722T090049Z/progress.json; scratch/pack_aa_event_bundle_20260722T090049Z_1/progress.json; scratch/pack_aa_event_bundle_20260722T092243Z_3/progress.json; scratch/pack_aa_event_bundle_20260722T092243Z_2/progress.json
RUN_EVENT_BUNDLE.sh	11	scratch/pack_aa_event_bundle_20260722T092243Z_1/RUN_EVENT_BUNDLE.sh; scratch/pack_aa_event_bundle_20260722T092243Z/RUN_EVENT_BUNDLE.sh; scratch/pack_aa_event_bundle_20260722T092243Z_4/RUN_EVENT_BUNDLE.sh; scratch/pack_aa_event_bundle_20260722T090049Z_4/RUN_EVENT_BUNDLE.sh; scratch/pack_aa_event_bundle_20260722T090049Z_3/RUN_EVENT_BUNDLE.sh; scratch/pack_aa_event_bundle_20260722T090049Z_2/RUN_EVENT_BUNDLE.sh; scratch/pack_aa_event_bundle_20260722T092243Z_5/RUN_EVENT_BUNDLE.sh; scratch/pack_aa_event_bundle_20260722T090049Z/RUN_EVENT_BUNDLE.sh; scratch/pack_aa_event_bundle_20260722T090049Z_1/RUN_EVENT_BUNDLE.sh; scratch/pack_aa_event_bundle_20260722T092243Z_3/RUN_EVENT_BUNDLE.sh; scratch/pack_aa_event_bundle_20260722T092243Z_2/RUN_EVENT_BUNDLE.sh
exit_status.txt	11	scratch/pack_aa_event_bundle_20260722T092243Z_1/exit_status.txt; scratch/pack_aa_event_bundle_20260722T092243Z/exit_status.txt; scratch/pack_aa_event_bundle_20260722T092243Z_4/exit_status.txt; scratch/pack_aa_event_bundle_20260722T090049Z_4/exit_status.txt; scratch/pack_aa_event_bundle_20260722T090049Z_3/exit_status.txt; scratch/pack_aa_event_bundle_20260722T090049Z_2/exit_status.txt; scratch/pack_aa_event_bundle_20260722T092243Z_5/exit_status.txt; scratch/pack_aa_event_bundle_20260722T090049Z/exit_status.txt; scratch/pack_aa_event_bundle_20260722T090049Z_1/exit_status.txt; scratch/pack_aa_event_bundle_20260722T092243Z_3/exit_status.txt; scratch/pack_aa_event_bundle_20260722T092243Z_2/exit_status.txt
started_utc.txt	11	scratch/pack_aa_event_bundle_20260722T092243Z_1/started_utc.txt; scratch/pack_aa_event_bundle_20260722T092243Z/started_utc.txt; scratch/pack_aa_event_bundle_20260722T092243Z_4/started_utc.txt; scratch/pack_aa_event_bundle_20260722T090049Z_4/started_utc.txt; scratch/pack_aa_event_bundle_20260722T090049Z_3/started_utc.txt; scratch/pack_aa_event_bundle_20260722T090049Z_2/started_utc.txt; scratch/pack_aa_event_bundle_20260722T092243Z_5/started_utc.txt; scratch/pack_aa_event_bundle_20260722T090049Z/started_utc.txt; scratch/pack_aa_event_bundle_20260722T090049Z_1/started_utc.txt; scratch/pack_aa_event_bundle_20260722T092243Z_3/started_utc.txt; scratch/pack_aa_event_bundle_20260722T092243Z_2/started_utc.txt
finished_utc.txt	11	scratch/pack_aa_event_bundle_20260722T092243Z_1/finished_utc.txt; scratch/pack_aa_event_bundle_20260722T092243Z/finished_utc.txt; scratch/pack_aa_event_bundle_20260722T092243Z_4/finished_utc.txt; scratch/pack_aa_event_bundle_20260722T090049Z_4/finished_utc.txt; scratch/pack_aa_event_bundle_20260722T090049Z_3/finished_utc.txt; scratch/pack_aa_event_bundle_20260722T090049Z_2/finished_utc.txt; scratch/pack_aa_event_bundle_20260722T092243Z_5/finished_utc.txt; scratch/pack_aa_event_bundle_20260722T090049Z/finished_utc.txt; scratch/pack_aa_event_bundle_20260722T090049Z_1/finished_utc.txt; scratch/pack_aa_event_bundle_20260722T092243Z_3/finished_utc.txt; scratch/pack_aa_event_bundle_20260722T092243Z_2/finished_utc.txt
.PACK_AA_DISPOSABLE_SCRATCH	15	scratch/pack_aa_event_bundle_20260722T092243Z_1/.PACK_AA_DISPOSABLE_SCRATCH; scratch/pack_aa_event_bundle_20260722T092243Z_4_clean/.PACK_AA_DISPOSABLE_SCRATCH; scratch/pack_aa_event_bundle_20260722T092243Z/.PACK_AA_DISPOSABLE_SCRATCH; scratch/pack_aa_event_bundle_20260722T090049Z_4_clean/.PACK_AA_DISPOSABLE_SCRATCH; scratch/pack_aa_event_bundle_20260722T092243Z_4/.PACK_AA_DISPOSABLE_SCRATCH; scratch/pack_aa_event_bundle_20260722T090049Z_4/.PACK_AA_DISPOSABLE_SCRATCH; scratch/pack_aa_event_bundle_20260722T090049Z_3/.PACK_AA_DISPOSABLE_SCRATCH; scratch/pack_aa_event_bundle_20260722T090049Z_2/.PACK_AA_DISPOSABLE_SCRATCH; scratch/pack_aa_event_bundle_20260722T092243Z_5/.PACK_AA_DISPOSABLE_SCRATCH; scratch/pack_aa_event_bundle_20260722T090049Z/.PACK_AA_DISPOSABLE_SCRATCH; scratch/pack_aa_event_bundle_20260722T090049Z_1/.PACK_AA_DISPOSABLE_SCRATCH; scratch/pack_aa_event_bundle_20260722T092243Z_2_clean/.PACK_AA_DISPOSABLE_SCRATCH; scratch/pack_aa_event_bundle_20260722T092243Z_5_clean/.PACK_AA_DISPOSABLE_SCRATCH; scratch/pack_aa_event_bundle_20260722T092243Z_3/.PACK_AA_DISPOSABLE_SCRATCH; scratch/pack_aa_event_bundle_20260722T092243Z_2/.PACK_AA_DISPOSABLE_SCRATCH
run.log	11	scratch/pack_aa_event_bundle_20260722T092243Z_1/run.log; scratch/pack_aa_event_bundle_20260722T092243Z/run.log; scratch/pack_aa_event_bundle_20260722T092243Z_4/run.log; scratch/pack_aa_event_bundle_20260722T090049Z_4/run.log; scratch/pack_aa_event_bundle_20260722T090049Z_3/run.log; scratch/pack_aa_event_bundle_20260722T090049Z_2/run.log; scratch/pack_aa_event_bundle_20260722T092243Z_5/run.log; scratch/pack_aa_event_bundle_20260722T090049Z/run.log; scratch/pack_aa_event_bundle_20260722T090049Z_1/run.log; scratch/pack_aa_event_bundle_20260722T092243Z_3/run.log; scratch/pack_aa_event_bundle_20260722T092243Z_2/run.log
events.truth.jsonl	222	scratch/pack_aa_event_bundle_20260722T092243Z_1/regenerated/9db01cdd5f1bc783/events.truth.jsonl; scratch/pack_aa_event_bundle_20260722T092243Z_1/regenerated/660021fb118f5f92/events.truth.jsonl; scratch/pack_aa_event_bundle_20260722T092243Z_1/regenerated/fcd9ff83da939385/events.truth.jsonl; scratch/pack_aa_event_bundle_20260722T092243Z_1/regenerated/79ba74fb49c2f8c4/events.truth.jsonl; scratch/pack_aa_event_bundle_20260722T092243Z_1/regenerated/c50900cc55623ce4/events.truth.jsonl; scratch/pack_aa_event_bundle_20260722T092243Z_1/regenerated/4ad3896b59cb0d92/events.truth.jsonl; scratch/pack_aa_event_bundle_20260722T092243Z_1/regenerated/743390d495cb995c/events.truth.jsonl; scratch/pack_aa_event_bundle_20260722T092243Z_1/regenerated/b3f66512c7b91693/events.truth.jsonl; scratch/pack_aa_event_bundle_20260722T092243Z_1/regenerated/7d6ffaa5822da03f/events.truth.jsonl; scratch/pack_aa_event_bundle_20260722T092243Z_4_clean/samples/9db01cdd5f1bc783/events.truth.jsonl; scratch/pack_aa_event_bundle_20260722T092243Z_4_clean/samples/660021fb118f5f92/events.truth.jsonl; scratch/pack_aa_event_bundle_20260722T092243Z_4_clean/samples/fcd9ff83da939385/events.truth.jsonl; scratch/pack_aa_event_bundle_20260722T092243Z_4_clean/samples/79ba74fb49c2f8c4/events.truth.jsonl; scratch/pack_aa_event_bundle_20260722T092243Z_4_clean/samples/c50900cc55623ce4/events.truth.jsonl; scratch/pack_aa_event_bundle_20260722T092243Z_4_clean/samples/4ad3896b59cb0d92/events.truth.jsonl; scratch/pack_aa_event_bundle_20260722T092243Z_4_clean/samples/743390d495cb995c/events.truth.jsonl; scratch/pack_aa_event_bundle_20260722T092243Z_4_clean/samples/b3f66512c7b91693/events.truth.jsonl; scratch/pack_aa_event_bundle_20260722T092243Z_4_clean/samples/7d6ffaa5822da03f/events.truth.jsonl; scratch/pack_aa_event_bundle_20260722T092243Z/regenerated/9db01cdd5f1bc783/events.truth.jsonl; scratch/pack_aa_event_bundle_20260722T092243Z/regenerated/660021fb118f5f92/events.truth.jsonl; scratch/pack_aa_event_bundle_20260722T092243Z/regenerated/fcd9ff83da939385/events.truth.jsonl; scratch/pack_aa_event_bundle_20260722T092243Z/regenerated/79ba74fb49c2f8c4/events.truth.jsonl; scratch/pack_aa_event_bundle_20260722T092243Z/regenerated/c50900cc55623ce4/events.truth.jsonl; scratch/pack_aa_event_bundle_20260722T092243Z/regenerated/4ad3896b59cb0d92/events.truth.jsonl; scratch/pack_aa_event_bundle_20260722T092243Z/regenerated/743390d495cb995c/events.truth.jsonl; scratch/pack_aa_event_bundle_20260722T092243Z/regenerated/b3f66512c7b91693/events.truth.jsonl; scratch/pack_aa_event_bundle_20260722T092243Z/regenerated/7d6ffaa5822da03f/events.truth.jsonl; scratch/pack_aa_event_bundle_20260722T090049Z_4_clean/samples/9db01cdd5f1bc783/events.truth.jsonl; scratch/pack_aa_event_bundle_20260722T090049Z_4_clean/samples/660021fb118f5f92/events.truth.jsonl; scratch/pack_aa_event_bundle_20260722T090049Z_4_clean/samples/fcd9ff83da939385/events.truth.jsonl; scratch/pack_aa_event_bundle_20260722T090049Z_4_clean/samples/79ba74fb49c2f8c4/events.truth.jsonl; scratch/pack_aa_event_bundle_20260722T090049Z_4_clean/samples/c50900cc55623ce4/events.truth.jsonl; scratch/pack_aa_event_bundle_20260722T090049Z_4_clean/samples/4ad3896b59cb0d92/events.truth.jsonl; scratch/pack_aa_event_bundle_20260722T090049Z_4_clean/samples/743390d495cb995c/events.truth.jsonl; scratch/pack_aa_event_bundle_20260722T090049Z_4_clean/samples/b3f66512c7b91693/events.truth.jsonl; scratch/pack_aa_event_bundle_20260722T090049Z_4_clean/samples/7d6ffaa5822da03f/events.truth.jsonl; scratch/pack_aa_event_bundle_20260722T092243Z_2_clean/samples/9db01cdd5f1bc783/events.truth.jsonl; scratch/pack_aa_event_bundle_20260722T092243Z_2_clean/samples/660021fb118f5f92/events.truth.jsonl; scratch/pack_aa_event_bundle_20260722T092243Z_2_clean/samples/fcd9ff83da939385/events.truth.jsonl; scratch/pack_aa_event_bundle_20260722T092243Z_2_clean/samples/79ba74fb49c2f8c4/events.truth.jsonl; scratch/pack_aa_event_bundle_20260722T092243Z_2_clean/samples/c50900cc55623ce4/events.truth.jsonl; scratch/pack_aa_event_bundle_20260722T092243Z_2_clean/samples/4ad3896b59cb0d92/events.truth.jsonl; scratch/pack_aa_event_bundle_20260722T092243Z_2_clean/samples/743390d495cb995c/events.truth.jsonl; scratch/pack_aa_event_bundle_20260722T092243Z_2_clean/samples/b3f66512c7b91693/events.truth.jsonl; scratch/pack_aa_event_bundle_20260722T092243Z_2_clean/samples/7d6ffaa5822da03f/events.truth.jsonl; scratch/pack_aa_event_bundle_20260722T092243Z_5_clean/samples/9db01cdd5f1bc783/events.truth.jsonl; scratch/pack_aa_event_bundle_20260722T092243Z_5_clean/samples/660021fb118f5f92/events.truth.jsonl; scratch/pack_aa_event_bundle_20260722T092243Z_5_clean/samples/fcd9ff83da939385/events.truth.jsonl; scratch/pack_aa_event_bundle_20260722T092243Z_5_clean/samples/79ba74fb49c2f8c4/events.truth.jsonl; scratch/pack_aa_event_bundle_20260722T092243Z_5_clean/samples/c50900cc55623ce4/events.truth.jsonl; scratch/pack_aa_event_bundle_20260722T092243Z_5_clean/samples/4ad3896b59cb0d92/events.truth.jsonl; scratch/pack_aa_event_bundle_20260722T092243Z_5_clean/samples/743390d495cb995c/events.truth.jsonl; scratch/pack_aa_event_bundle_20260722T092243Z_5_clean/samples/b3f66512c7b91693/events.truth.jsonl; scratch/pack_aa_event_bundle_20260722T092243Z_5_clean/samples/7d6ffaa5822da03f/events.truth.jsonl; scratch/pack_aa_event_bundle_20260722T092243Z_2/regenerated/9db01cdd5f1bc783/events.truth.jsonl; scratch/pack_aa_event_bundle_20260722T092243Z_2/regenerated/660021fb118f5f92/events.truth.jsonl; scratch/pack_aa_event_bundle_20260722T092243Z_2/regenerated/fcd9ff83da939385/events.truth.jsonl; scratch/pack_aa_event_bundle_20260722T092243Z_2/regenerated/79ba74fb49c2f8c4/events.truth.jsonl; scratch/pack_aa_event_bundle_20260722T092243Z_2/regenerated/c50900cc55623ce4/events.truth.jsonl; scratch/pack_aa_event_bundle_20260722T092243Z_2/regenerated/4ad3896b59cb0d92/events.truth.jsonl; scratch/pack_aa_event_bundle_20260722T092243Z_2/regenerated/743390d495cb995c/events.truth.jsonl; scratch/pack_aa_event_bundle_20260722T092243Z_2/regenerated/b3f66512c7b91693/events.truth.jsonl; scratch/pack_aa_event_bundle_20260722T092243Z_2/regenerated/7d6ffaa5822da03f/events.truth.jsonl; pack_aa/runs/20260722T065903Z_248d339eedaede90_ctau50000_mixed/events.truth.jsonl; pack_aa/runs/20260722T064356Z_284a5a239282faa1_ctau1_bb/events.truth.jsonl; pack_aa/runs/20260722T025650Z_ae7e2484805df12f_ctau1_bb/events.truth.jsonl; pack_aa/runs/20260722T063654Z_606d8d2b4004cd81_ctau1000_gamma_gamma/events.truth.jsonl; pack_aa/runs/20260722T031155Z_88a9a1cad5920b09_ctau50000_gamma_gamma/events.truth.jsonl; pack_aa/runs/20260722T071905Z_7d6ffaa5822da03f_ctau1_gamma_gamma/events.truth.jsonl; pack_aa/runs/20260722T064015Z_88a9a1cad5920b09_ctau50000_gamma_gamma/events.truth.jsonl; pack_aa/runs/20260722T063713Z_c3ffb47e5a2c9cb7_ctau1000_mixed/events.truth.jsonl; pack_aa/runs/20260722T071828Z_743390d495cb995c_ctau1000_mixed/events.truth.jsonl; pack_aa/runs/20260722T030354Z_d084dd020a55e309_ctau50000_bb/events.truth.jsonl; pack_aa/runs/20260722T031135Z_d084dd020a55e309_ctau50000_bb/events.truth.jsonl; pack_aa/runs/20260722T071750Z_fcd9ff83da939385_ctau1000_bb/events.truth.jsonl; pack_aa/runs/20260722T030804Z_81a39ac0feb4d05b_ctau1_mixed/events.truth.jsonl; pack_aa/runs/20260722T063844Z_c3ffb47e5a2c9cb7_ctau1000_mixed/events.truth.jsonl; pack_aa/runs/20260722T025624Z_2876a1054a402148_ctau1_gamma_gamma/events.truth.jsonl; pack_aa/runs/20260722T024601Z_2876a1054a402148_ctau1_gamma_gamma/events.truth.jsonl; pack_aa/runs/20260722T065732Z_284a5a239282faa1_ctau1_bb/events.truth.jsonl; pack_aa/runs/20260722T064527Z_248d339eedaede90_ctau50000_mixed/events.truth.jsonl; pack_aa/runs/20260722T030220Z_606d8d2b4004cd81_ctau1000_gamma_gamma/events.truth.jsonl; pack_aa/runs/20260722T030843Z_88a9a1cad5920b09_ctau50000_gamma_gamma/events.truth.jsonl; pack_aa/runs/20260722T065826Z_d084dd020a55e309_ctau50000_bb/events.truth.jsonl; pack_aa/runs/20260722T065751Z_832152aad3bbc905_ctau1_gamma_gamma/events.truth.jsonl; pack_aa/runs/20260722T063749Z_832152aad3bbc905_ctau1_gamma_gamma/events.truth.jsonl; pack_aa/runs/20260722T031056Z_832152aad3bbc905_ctau1_gamma_gamma/events.truth.jsonl; pack_aa/runs/20260722T063730Z_284a5a239282faa1_ctau1_bb/events.truth.jsonl; pack_aa/runs/20260722T065638Z_a26c4736e2d2a28f_ctau1000_bb/events.truth.jsonl; pack_aa/runs/20260722T064450Z_d084dd020a55e309_ctau50000_bb/events.truth.jsonl; pack_aa/runs/20260722T064337Z_c3ffb47e5a2c9cb7_ctau1000_mixed/events.truth.jsonl; pack_aa/runs/20260722T064319Z_606d8d2b4004cd81_ctau1000_gamma_gamma/events.truth.jsonl; pack_aa/runs/20260722T031000Z_606d8d2b4004cd81_ctau1000_gamma_gamma/events.truth.jsonl; pack_aa/runs/20260722T064032Z_248d339eedaede90_ctau50000_mixed/events.truth.jsonl; pack_aa/runs/20260722T071808Z_4ad3896b59cb0d92_ctau1000_gamma_gamma/events.truth.jsonl; pack_aa/runs/20260722T030432Z_248d339eedaede90_ctau50000_mixed/events.truth.jsonl; pack_aa/runs/20260722T024929Z_2876a1054a402148_ctau1_gamma_gamma/events.truth.jsonl; pack_aa/runs/20260722T030413Z_88a9a1cad5920b09_ctau50000_gamma_gamma/events.truth.jsonl; pack_aa/runs/20260722T030657Z_c3ffb47e5a2c9cb7_ctau1000_mixed/events.truth.jsonl; pack_aa/runs/20260722T063956Z_d084dd020a55e309_ctau50000_bb/events.truth.jsonl; pack_aa/runs/20260722T030257Z_284a5a239282faa1_ctau1_bb/events.truth.jsonl; pack_aa/runs/20260722T071705Z_7d6ffaa5822da03f_ctau1_gamma_gamma/events.truth.jsonl; pack_aa/runs/20260722T031037Z_284a5a239282faa1_ctau1_bb/events.truth.jsonl; pack_aa/runs/20260722T030942Z_a26c4736e2d2a28f_ctau1000_bb/events.truth.jsonl; pack_aa/runs/20260722T030901Z_248d339eedaede90_ctau50000_mixed/events.truth.jsonl; pack_aa/runs/aa2_pure/ctau_1_gamma_gamma/events.truth.jsonl; pack_aa/runs/aa2_pure/ctau_1_bb/events.truth.jsonl; pack_aa/runs/20260722T064508Z_88a9a1cad5920b09_ctau50000_gamma_gamma/events.truth.jsonl; pack_aa/runs/20260722T063101Z_81a39ac0feb4d05b_ctau1_mixed/events.truth.jsonl; pack_aa/runs/20260722T065715Z_c3ffb47e5a2c9cb7_ctau1000_mixed/events.truth.jsonl; pack_aa/runs/20260722T071846Z_660021fb118f5f92_ctau1_bb/events.truth.jsonl; pack_aa/runs/20260722T030635Z_606d8d2b4004cd81_ctau1000_gamma_gamma/events.truth.jsonl; pack_aa/runs/20260722T030007Z_8f2b4ab5d4724eed_ctau1_mixed/events.truth.jsonl; pack_aa/runs/20260722T065656Z_606d8d2b4004cd81_ctau1000_gamma_gamma/events.truth.jsonl; pack_aa/runs/20260722T030616Z_a26c4736e2d2a28f_ctau1000_bb/events.truth.jsonl; pack_aa/runs/20260722T065809Z_81a39ac0feb4d05b_ctau1_mixed/events.truth.jsonl; pack_aa/runs/20260722T031215Z_248d339eedaede90_ctau50000_mixed/events.truth.jsonl; pack_aa/runs/20260722T031019Z_c3ffb47e5a2c9cb7_ctau1000_mixed/events.truth.jsonl; pack_aa/runs/aa2_ab/true/events.truth.jsonl; pack_aa/runs/aa2_ab/false/events.truth.jsonl; pack_aa/runs/20260722T071924Z_c50900cc55623ce4_ctau1_mixed/events.truth.jsonl; pack_aa/runs/aa7_adapter_smoke/events.truth.jsonl; pack_aa/runs/20260722T030201Z_a26c4736e2d2a28f_ctau1000_bb/events.truth.jsonl; pack_aa/runs/20260722T063637Z_a26c4736e2d2a28f_ctau1000_bb/events.truth.jsonl; pack_aa/runs/20260722T024640Z_2876a1054a402148_ctau1_gamma_gamma/events.truth.jsonl; pack_aa/runs/20260722T072001Z_b3f66512c7b91693_ctau50000_gamma_gamma/events.truth.jsonl; pack_aa/runs/20260722T064413Z_832152aad3bbc905_ctau1_gamma_gamma/events.truth.jsonl; pack_aa/runs/20260722T030335Z_81a39ac0feb4d05b_ctau1_mixed/events.truth.jsonl; pack_aa/runs/20260722T030316Z_832152aad3bbc905_ctau1_gamma_gamma/events.truth.jsonl; pack_aa/runs/20260722T063920Z_832152aad3bbc905_ctau1_gamma_gamma/events.truth.jsonl; pack_aa/runs/20260722T063902Z_284a5a239282faa1_ctau1_bb/events.truth.jsonl; pack_aa/runs/cycle2_adapter_smoke/events.truth.jsonl; pack_aa/runs/20260722T064300Z_a26c4736e2d2a28f_ctau1000_bb/events.truth.jsonl; pack_aa/runs/20260722T071941Z_9db01cdd5f1bc783_ctau50000_bb/events.truth.jsonl; pack_aa/runs/20260722T024329Z_2876a1054a402148_ctau1_gamma_gamma/events.truth.jsonl; pack_aa/runs/20260722T031115Z_81a39ac0feb4d05b_ctau1_mixed/events.truth.jsonl; pack_aa/runs/20260722T025924Z_ae7e2484805df12f_ctau1_bb/events.truth.jsonl; pack_aa/runs/20260722T030823Z_d084dd020a55e309_ctau50000_bb/events.truth.jsonl; pack_aa/runs/20260722T063938Z_81a39ac0feb4d05b_ctau1_mixed/events.truth.jsonl; pack_aa/runs/20260722T030742Z_832152aad3bbc905_ctau1_gamma_gamma/events.truth.jsonl; pack_aa/runs/20260722T024444Z_2876a1054a402148_ctau1_gamma_gamma/events.truth.jsonl; pack_aa/runs/20260722T065845Z_88a9a1cad5920b09_ctau50000_gamma_gamma/events.truth.jsonl; pack_aa/runs/20260722T063734Z_c3ffb47e5a2c9cb7_ctau1000_mixed/events.truth.jsonl; pack_aa/runs/20260722T030718Z_284a5a239282faa1_ctau1_bb/events.truth.jsonl; pack_aa/runs/20260722T064431Z_81a39ac0feb4d05b_ctau1_mixed/events.truth.jsonl; pack_aa/runs/20260722T063808Z_a26c4736e2d2a28f_ctau1000_bb/events.truth.jsonl; pack_aa/runs/20260722T063826Z_606d8d2b4004cd81_ctau1000_gamma_gamma/events.truth.jsonl; pack_aa/runs/20260722T024828Z_2876a1054a402148_ctau1_gamma_gamma/events.truth.jsonl; pack_aa/runs/20260722T030239Z_c3ffb47e5a2c9cb7_ctau1000_mixed/events.truth.jsonl; pack_aa/runs/20260722T072019Z_79ba74fb49c2f8c4_ctau50000_mixed/events.truth.jsonl; releases/pack_aa/event_samples/20260722T092243Z_1/samples/9db01cdd5f1bc783/events.truth.jsonl; releases/pack_aa/event_samples/20260722T092243Z_1/samples/660021fb118f5f92/events.truth.jsonl; releases/pack_aa/event_samples/20260722T092243Z_1/samples/fcd9ff83da939385/events.truth.jsonl; releases/pack_aa/event_samples/20260722T092243Z_1/samples/79ba74fb49c2f8c4/events.truth.jsonl; releases/pack_aa/event_samples/20260722T092243Z_1/samples/c50900cc55623ce4/events.truth.jsonl; releases/pack_aa/event_samples/20260722T092243Z_1/samples/4ad3896b59cb0d92/events.truth.jsonl; releases/pack_aa/event_samples/20260722T092243Z_1/samples/743390d495cb995c/events.truth.jsonl; releases/pack_aa/event_samples/20260722T092243Z_1/samples/b3f66512c7b91693/events.truth.jsonl; releases/pack_aa/event_samples/20260722T092243Z_1/samples/7d6ffaa5822da03f/events.truth.jsonl; releases/pack_aa/event_samples/20260722T090049Z_4/samples/9db01cdd5f1bc783/events.truth.jsonl; releases/pack_aa/event_samples/20260722T090049Z_4/samples/660021fb118f5f92/events.truth.jsonl; releases/pack_aa/event_samples/20260722T090049Z_4/samples/fcd9ff83da939385/events.truth.jsonl; releases/pack_aa/event_samples/20260722T090049Z_4/samples/79ba74fb49c2f8c4/events.truth.jsonl; releases/pack_aa/event_samples/20260722T090049Z_4/samples/c50900cc55623ce4/events.truth.jsonl; releases/pack_aa/event_samples/20260722T090049Z_4/samples/4ad3896b59cb0d92/events.truth.jsonl; releases/pack_aa/event_samples/20260722T090049Z_4/samples/743390d495cb995c/events.truth.jsonl; releases/pack_aa/event_samples/20260722T090049Z_4/samples/b3f66512c7b91693/events.truth.jsonl; releases/pack_aa/event_samples/20260722T090049Z_4/samples/7d6ffaa5822da03f/events.truth.jsonl; releases/pack_aa/event_samples/20260722T092243Z/samples/9db01cdd5f1bc783/events.truth.jsonl; releases/pack_aa/event_samples/20260722T092243Z/samples/660021fb118f5f92/events.truth.jsonl; releases/pack_aa/event_samples/20260722T092243Z/samples/fcd9ff83da939385/events.truth.jsonl; releases/pack_aa/event_samples/20260722T092243Z/samples/79ba74fb49c2f8c4/events.truth.jsonl; releases/pack_aa/event_samples/20260722T092243Z/samples/c50900cc55623ce4/events.truth.jsonl; releases/pack_aa/event_samples/20260722T092243Z/samples/4ad3896b59cb0d92/events.truth.jsonl; releases/pack_aa/event_samples/20260722T092243Z/samples/743390d495cb995c/events.truth.jsonl; releases/pack_aa/event_samples/20260722T092243Z/samples/b3f66512c7b91693/events.truth.jsonl; releases/pack_aa/event_samples/20260722T092243Z/samples/7d6ffaa5822da03f/events.truth.jsonl; releases/pack_aa/event_samples/20260722T092243Z_3/samples/9db01cdd5f1bc783/events.truth.jsonl; releases/pack_aa/event_samples/20260722T092243Z_3/samples/660021fb118f5f92/events.truth.jsonl; releases/pack_aa/event_samples/20260722T092243Z_3/samples/fcd9ff83da939385/events.truth.jsonl; releases/pack_aa/event_samples/20260722T092243Z_3/samples/79ba74fb49c2f8c4/events.truth.jsonl; releases/pack_aa/event_samples/20260722T092243Z_3/samples/c50900cc55623ce4/events.truth.jsonl; releases/pack_aa/event_samples/20260722T092243Z_3/samples/4ad3896b59cb0d92/events.truth.jsonl; releases/pack_aa/event_samples/20260722T092243Z_3/samples/743390d495cb995c/events.truth.jsonl; releases/pack_aa/event_samples/20260722T092243Z_3/samples/b3f66512c7b91693/events.truth.jsonl; releases/pack_aa/event_samples/20260722T092243Z_3/samples/7d6ffaa5822da03f/events.truth.jsonl; releases/pack_aa/event_samples/20260722T092243Z_4/samples/9db01cdd5f1bc783/events.truth.jsonl; releases/pack_aa/event_samples/20260722T092243Z_4/samples/660021fb118f5f92/events.truth.jsonl; releases/pack_aa/event_samples/20260722T092243Z_4/samples/fcd9ff83da939385/events.truth.jsonl; releases/pack_aa/event_samples/20260722T092243Z_4/samples/79ba74fb49c2f8c4/events.truth.jsonl; releases/pack_aa/event_samples/20260722T092243Z_4/samples/c50900cc55623ce4/events.truth.jsonl; releases/pack_aa/event_samples/20260722T092243Z_4/samples/4ad3896b59cb0d92/events.truth.jsonl; releases/pack_aa/event_samples/20260722T092243Z_4/samples/743390d495cb995c/events.truth.jsonl; releases/pack_aa/event_samples/20260722T092243Z_4/samples/b3f66512c7b91693/events.truth.jsonl; releases/pack_aa/event_samples/20260722T092243Z_4/samples/7d6ffaa5822da03f/events.truth.jsonl; releases/pack_aa/event_samples/20260722T090049Z_3/samples/9db01cdd5f1bc783/events.truth.jsonl; releases/pack_aa/event_samples/20260722T090049Z_3/samples/660021fb118f5f92/events.truth.jsonl; releases/pack_aa/event_samples/20260722T090049Z_3/samples/fcd9ff83da939385/events.truth.jsonl; releases/pack_aa/event_samples/20260722T090049Z_3/samples/79ba74fb49c2f8c4/events.truth.jsonl; releases/pack_aa/event_samples/20260722T090049Z_3/samples/c50900cc55623ce4/events.truth.jsonl; releases/pack_aa/event_samples/20260722T090049Z_3/samples/4ad3896b59cb0d92/events.truth.jsonl; releases/pack_aa/event_samples/20260722T090049Z_3/samples/743390d495cb995c/events.truth.jsonl; releases/pack_aa/event_samples/20260722T090049Z_3/samples/b3f66512c7b91693/events.truth.jsonl; releases/pack_aa/event_samples/20260722T090049Z_3/samples/7d6ffaa5822da03f/events.truth.jsonl; releases/pack_aa/event_samples/20260722T092243Z_5/samples/9db01cdd5f1bc783/events.truth.jsonl; releases/pack_aa/event_samples/20260722T092243Z_5/samples/660021fb118f5f92/events.truth.jsonl; releases/pack_aa/event_samples/20260722T092243Z_5/samples/fcd9ff83da939385/events.truth.jsonl; releases/pack_aa/event_samples/20260722T092243Z_5/samples/79ba74fb49c2f8c4/events.truth.jsonl; releases/pack_aa/event_samples/20260722T092243Z_5/samples/c50900cc55623ce4/events.truth.jsonl; releases/pack_aa/event_samples/20260722T092243Z_5/samples/4ad3896b59cb0d92/events.truth.jsonl; releases/pack_aa/event_samples/20260722T092243Z_5/samples/743390d495cb995c/events.truth.jsonl; releases/pack_aa/event_samples/20260722T092243Z_5/samples/b3f66512c7b91693/events.truth.jsonl; releases/pack_aa/event_samples/20260722T092243Z_5/samples/7d6ffaa5822da03f/events.truth.jsonl; releases/pack_aa/event_samples/20260722T092243Z_2/samples/9db01cdd5f1bc783/events.truth.jsonl; releases/pack_aa/event_samples/20260722T092243Z_2/samples/660021fb118f5f92/events.truth.jsonl; releases/pack_aa/event_samples/20260722T092243Z_2/samples/fcd9ff83da939385/events.truth.jsonl; releases/pack_aa/event_samples/20260722T092243Z_2/samples/79ba74fb49c2f8c4/events.truth.jsonl; releases/pack_aa/event_samples/20260722T092243Z_2/samples/c50900cc55623ce4/events.truth.jsonl; releases/pack_aa/event_samples/20260722T092243Z_2/samples/4ad3896b59cb0d92/events.truth.jsonl; releases/pack_aa/event_samples/20260722T092243Z_2/samples/743390d495cb995c/events.truth.jsonl; releases/pack_aa/event_samples/20260722T092243Z_2/samples/b3f66512c7b91693/events.truth.jsonl; releases/pack_aa/event_samples/20260722T092243Z_2/samples/7d6ffaa5822da03f/events.truth.jsonl
driver.log	135	scratch/pack_aa_event_bundle_20260722T092243Z_1/regenerated/9db01cdd5f1bc783/driver.log; scratch/pack_aa_event_bundle_20260722T092243Z_1/regenerated/660021fb118f5f92/driver.log; scratch/pack_aa_event_bundle_20260722T092243Z_1/regenerated/fcd9ff83da939385/driver.log; scratch/pack_aa_event_bundle_20260722T092243Z_1/regenerated/79ba74fb49c2f8c4/driver.log; scratch/pack_aa_event_bundle_20260722T092243Z_1/regenerated/c50900cc55623ce4/driver.log; scratch/pack_aa_event_bundle_20260722T092243Z_1/regenerated/4ad3896b59cb0d92/driver.log; scratch/pack_aa_event_bundle_20260722T092243Z_1/regenerated/743390d495cb995c/driver.log; scratch/pack_aa_event_bundle_20260722T092243Z_1/regenerated/b3f66512c7b91693/driver.log; scratch/pack_aa_event_bundle_20260722T092243Z_1/regenerated/7d6ffaa5822da03f/driver.log; scratch/pack_aa_event_bundle_20260722T092243Z_4_clean/samples/9db01cdd5f1bc783/driver.log; scratch/pack_aa_event_bundle_20260722T092243Z_4_clean/samples/660021fb118f5f92/driver.log; scratch/pack_aa_event_bundle_20260722T092243Z_4_clean/samples/fcd9ff83da939385/driver.log; scratch/pack_aa_event_bundle_20260722T092243Z_4_clean/samples/79ba74fb49c2f8c4/driver.log; scratch/pack_aa_event_bundle_20260722T092243Z_4_clean/samples/c50900cc55623ce4/driver.log; scratch/pack_aa_event_bundle_20260722T092243Z_4_clean/samples/4ad3896b59cb0d92/driver.log; scratch/pack_aa_event_bundle_20260722T092243Z_4_clean/samples/743390d495cb995c/driver.log; scratch/pack_aa_event_bundle_20260722T092243Z_4_clean/samples/b3f66512c7b91693/driver.log; scratch/pack_aa_event_bundle_20260722T092243Z_4_clean/samples/7d6ffaa5822da03f/driver.log; scratch/pack_aa_event_bundle_20260722T092243Z/regenerated/9db01cdd5f1bc783/driver.log; scratch/pack_aa_event_bundle_20260722T092243Z/regenerated/660021fb118f5f92/driver.log; scratch/pack_aa_event_bundle_20260722T092243Z/regenerated/fcd9ff83da939385/driver.log; scratch/pack_aa_event_bundle_20260722T092243Z/regenerated/79ba74fb49c2f8c4/driver.log; scratch/pack_aa_event_bundle_20260722T092243Z/regenerated/c50900cc55623ce4/driver.log; scratch/pack_aa_event_bundle_20260722T092243Z/regenerated/4ad3896b59cb0d92/driver.log; scratch/pack_aa_event_bundle_20260722T092243Z/regenerated/743390d495cb995c/driver.log; scratch/pack_aa_event_bundle_20260722T092243Z/regenerated/b3f66512c7b91693/driver.log; scratch/pack_aa_event_bundle_20260722T092243Z/regenerated/7d6ffaa5822da03f/driver.log; scratch/pack_aa_event_bundle_20260722T090049Z_4_clean/samples/9db01cdd5f1bc783/driver.log; scratch/pack_aa_event_bundle_20260722T090049Z_4_clean/samples/660021fb118f5f92/driver.log; scratch/pack_aa_event_bundle_20260722T090049Z_4_clean/samples/fcd9ff83da939385/driver.log; scratch/pack_aa_event_bundle_20260722T090049Z_4_clean/samples/79ba74fb49c2f8c4/driver.log; scratch/pack_aa_event_bundle_20260722T090049Z_4_clean/samples/c50900cc55623ce4/driver.log; scratch/pack_aa_event_bundle_20260722T090049Z_4_clean/samples/4ad3896b59cb0d92/driver.log; scratch/pack_aa_event_bundle_20260722T090049Z_4_clean/samples/743390d495cb995c/driver.log; scratch/pack_aa_event_bundle_20260722T090049Z_4_clean/samples/b3f66512c7b91693/driver.log; scratch/pack_aa_event_bundle_20260722T090049Z_4_clean/samples/7d6ffaa5822da03f/driver.log; scratch/pack_aa_event_bundle_20260722T092243Z_2_clean/samples/9db01cdd5f1bc783/driver.log; scratch/pack_aa_event_bundle_20260722T092243Z_2_clean/samples/660021fb118f5f92/driver.log; scratch/pack_aa_event_bundle_20260722T092243Z_2_clean/samples/fcd9ff83da939385/driver.log; scratch/pack_aa_event_bundle_20260722T092243Z_2_clean/samples/79ba74fb49c2f8c4/driver.log; scratch/pack_aa_event_bundle_20260722T092243Z_2_clean/samples/c50900cc55623ce4/driver.log; scratch/pack_aa_event_bundle_20260722T092243Z_2_clean/samples/4ad3896b59cb0d92/driver.log; scratch/pack_aa_event_bundle_20260722T092243Z_2_clean/samples/743390d495cb995c/driver.log; scratch/pack_aa_event_bundle_20260722T092243Z_2_clean/samples/b3f66512c7b91693/driver.log; scratch/pack_aa_event_bundle_20260722T092243Z_2_clean/samples/7d6ffaa5822da03f/driver.log; scratch/pack_aa_event_bundle_20260722T092243Z_5_clean/samples/9db01cdd5f1bc783/driver.log; scratch/pack_aa_event_bundle_20260722T092243Z_5_clean/samples/660021fb118f5f92/driver.log; scratch/pack_aa_event_bundle_20260722T092243Z_5_clean/samples/fcd9ff83da939385/driver.log; scratch/pack_aa_event_bundle_20260722T092243Z_5_clean/samples/79ba74fb49c2f8c4/driver.log; scratch/pack_aa_event_bundle_20260722T092243Z_5_clean/samples/c50900cc55623ce4/driver.log; scratch/pack_aa_event_bundle_20260722T092243Z_5_clean/samples/4ad3896b59cb0d92/driver.log; scratch/pack_aa_event_bundle_20260722T092243Z_5_clean/samples/743390d495cb995c/driver.log; scratch/pack_aa_event_bundle_20260722T092243Z_5_clean/samples/b3f66512c7b91693/driver.log; scratch/pack_aa_event_bundle_20260722T092243Z_5_clean/samples/7d6ffaa5822da03f/driver.log; scratch/pack_aa_event_bundle_20260722T092243Z_2/regenerated/9db01cdd5f1bc783/driver.log; scratch/pack_aa_event_bundle_20260722T092243Z_2/regenerated/660021fb118f5f92/driver.log; scratch/pack_aa_event_bundle_20260722T092243Z_2/regenerated/fcd9ff83da939385/driver.log; scratch/pack_aa_event_bundle_20260722T092243Z_2/regenerated/79ba74fb49c2f8c4/driver.log; scratch/pack_aa_event_bundle_20260722T092243Z_2/regenerated/c50900cc55623ce4/driver.log; scratch/pack_aa_event_bundle_20260722T092243Z_2/regenerated/4ad3896b59cb0d92/driver.log; scratch/pack_aa_event_bundle_20260722T092243Z_2/regenerated/743390d495cb995c/driver.log; scratch/pack_aa_event_bundle_20260722T092243Z_2/regenerated/b3f66512c7b91693/driver.log; scratch/pack_aa_event_bundle_20260722T092243Z_2/regenerated/7d6ffaa5822da03f/driver.log; releases/pack_aa/event_samples/20260722T092243Z_1/samples/9db01cdd5f1bc783/driver.log; releases/pack_aa/event_samples/20260722T092243Z_1/samples/660021fb118f5f92/driver.log; releases/pack_aa/event_samples/20260722T092243Z_1/samples/fcd9ff83da939385/driver.log; releases/pack_aa/event_samples/20260722T092243Z_1/samples/79ba74fb49c2f8c4/driver.log; releases/pack_aa/event_samples/20260722T092243Z_1/samples/c50900cc55623ce4/driver.log; releases/pack_aa/event_samples/20260722T092243Z_1/samples/4ad3896b59cb0d92/driver.log; releases/pack_aa/event_samples/20260722T092243Z_1/samples/743390d495cb995c/driver.log; releases/pack_aa/event_samples/20260722T092243Z_1/samples/b3f66512c7b91693/driver.log; releases/pack_aa/event_samples/20260722T092243Z_1/samples/7d6ffaa5822da03f/driver.log; releases/pack_aa/event_samples/20260722T090049Z_4/samples/9db01cdd5f1bc783/driver.log; releases/pack_aa/event_samples/20260722T090049Z_4/samples/660021fb118f5f92/driver.log; releases/pack_aa/event_samples/20260722T090049Z_4/samples/fcd9ff83da939385/driver.log; releases/pack_aa/event_samples/20260722T090049Z_4/samples/79ba74fb49c2f8c4/driver.log; releases/pack_aa/event_samples/20260722T090049Z_4/samples/c50900cc55623ce4/driver.log; releases/pack_aa/event_samples/20260722T090049Z_4/samples/4ad3896b59cb0d92/driver.log; releases/pack_aa/event_samples/20260722T090049Z_4/samples/743390d495cb995c/driver.log; releases/pack_aa/event_samples/20260722T090049Z_4/samples/b3f66512c7b91693/driver.log; releases/pack_aa/event_samples/20260722T090049Z_4/samples/7d6ffaa5822da03f/driver.log; releases/pack_aa/event_samples/20260722T092243Z/samples/9db01cdd5f1bc783/driver.log; releases/pack_aa/event_samples/20260722T092243Z/samples/660021fb118f5f92/driver.log; releases/pack_aa/event_samples/20260722T092243Z/samples/fcd9ff83da939385/driver.log; releases/pack_aa/event_samples/20260722T092243Z/samples/79ba74fb49c2f8c4/driver.log; releases/pack_aa/event_samples/20260722T092243Z/samples/c50900cc55623ce4/driver.log; releases/pack_aa/event_samples/20260722T092243Z/samples/4ad3896b59cb0d92/driver.log; releases/pack_aa/event_samples/20260722T092243Z/samples/743390d495cb995c/driver.log; releases/pack_aa/event_samples/20260722T092243Z/samples/b3f66512c7b91693/driver.log; releases/pack_aa/event_samples/20260722T092243Z/samples/7d6ffaa5822da03f/driver.log; releases/pack_aa/event_samples/20260722T092243Z_3/samples/9db01cdd5f1bc783/driver.log; releases/pack_aa/event_samples/20260722T092243Z_3/samples/660021fb118f5f92/driver.log; releases/pack_aa/event_samples/20260722T092243Z_3/samples/fcd9ff83da939385/driver.log; releases/pack_aa/event_samples/20260722T092243Z_3/samples/79ba74fb49c2f8c4/driver.log; releases/pack_aa/event_samples/20260722T092243Z_3/samples/c50900cc55623ce4/driver.log; releases/pack_aa/event_samples/20260722T092243Z_3/samples/4ad3896b59cb0d92/driver.log; releases/pack_aa/event_samples/20260722T092243Z_3/samples/743390d495cb995c/driver.log; releases/pack_aa/event_samples/20260722T092243Z_3/samples/b3f66512c7b91693/driver.log; releases/pack_aa/event_samples/20260722T092243Z_3/samples/7d6ffaa5822da03f/driver.log; releases/pack_aa/event_samples/20260722T092243Z_4/samples/9db01cdd5f1bc783/driver.log; releases/pack_aa/event_samples/20260722T092243Z_4/samples/660021fb118f5f92/driver.log; releases/pack_aa/event_samples/20260722T092243Z_4/samples/fcd9ff83da939385/driver.log; releases/pack_aa/event_samples/20260722T092243Z_4/samples/79ba74fb49c2f8c4/driver.log; releases/pack_aa/event_samples/20260722T092243Z_4/samples/c50900cc55623ce4/driver.log; releases/pack_aa/event_samples/20260722T092243Z_4/samples/4ad3896b59cb0d92/driver.log; releases/pack_aa/event_samples/20260722T092243Z_4/samples/743390d495cb995c/driver.log; releases/pack_aa/event_samples/20260722T092243Z_4/samples/b3f66512c7b91693/driver.log; releases/pack_aa/event_samples/20260722T092243Z_4/samples/7d6ffaa5822da03f/driver.log; releases/pack_aa/event_samples/20260722T090049Z_3/samples/9db01cdd5f1bc783/driver.log; releases/pack_aa/event_samples/20260722T090049Z_3/samples/660021fb118f5f92/driver.log; releases/pack_aa/event_samples/20260722T090049Z_3/samples/fcd9ff83da939385/driver.log; releases/pack_aa/event_samples/20260722T090049Z_3/samples/79ba74fb49c2f8c4/driver.log; releases/pack_aa/event_samples/20260722T090049Z_3/samples/c50900cc55623ce4/driver.log; releases/pack_aa/event_samples/20260722T090049Z_3/samples/4ad3896b59cb0d92/driver.log; releases/pack_aa/event_samples/20260722T090049Z_3/samples/743390d495cb995c/driver.log; releases/pack_aa/event_samples/20260722T090049Z_3/samples/b3f66512c7b91693/driver.log; releases/pack_aa/event_samples/20260722T090049Z_3/samples/7d6ffaa5822da03f/driver.log; releases/pack_aa/event_samples/20260722T092243Z_5/samples/9db01cdd5f1bc783/driver.log; releases/pack_aa/event_samples/20260722T092243Z_5/samples/660021fb118f5f92/driver.log; releases/pack_aa/event_samples/20260722T092243Z_5/samples/fcd9ff83da939385/driver.log; releases/pack_aa/event_samples/20260722T092243Z_5/samples/79ba74fb49c2f8c4/driver.log; releases/pack_aa/event_samples/20260722T092243Z_5/samples/c50900cc55623ce4/driver.log; releases/pack_aa/event_samples/20260722T092243Z_5/samples/4ad3896b59cb0d92/driver.log; releases/pack_aa/event_samples/20260722T092243Z_5/samples/743390d495cb995c/driver.log; releases/pack_aa/event_samples/20260722T092243Z_5/samples/b3f66512c7b91693/driver.log; releases/pack_aa/event_samples/20260722T092243Z_5/samples/7d6ffaa5822da03f/driver.log; releases/pack_aa/event_samples/20260722T092243Z_2/samples/9db01cdd5f1bc783/driver.log; releases/pack_aa/event_samples/20260722T092243Z_2/samples/660021fb118f5f92/driver.log; releases/pack_aa/event_samples/20260722T092243Z_2/samples/fcd9ff83da939385/driver.log; releases/pack_aa/event_samples/20260722T092243Z_2/samples/79ba74fb49c2f8c4/driver.log; releases/pack_aa/event_samples/20260722T092243Z_2/samples/c50900cc55623ce4/driver.log; releases/pack_aa/event_samples/20260722T092243Z_2/samples/4ad3896b59cb0d92/driver.log; releases/pack_aa/event_samples/20260722T092243Z_2/samples/743390d495cb995c/driver.log; releases/pack_aa/event_samples/20260722T092243Z_2/samples/b3f66512c7b91693/driver.log; releases/pack_aa/event_samples/20260722T092243Z_2/samples/7d6ffaa5822da03f/driver.log
events.truth.jsonl.driver.json	114	scratch/pack_aa_event_bundle_20260722T092243Z_1/regenerated/9db01cdd5f1bc783/events.truth.jsonl.driver.json; scratch/pack_aa_event_bundle_20260722T092243Z_1/regenerated/660021fb118f5f92/events.truth.jsonl.driver.json; scratch/pack_aa_event_bundle_20260722T092243Z_1/regenerated/fcd9ff83da939385/events.truth.jsonl.driver.json; scratch/pack_aa_event_bundle_20260722T092243Z_1/regenerated/79ba74fb49c2f8c4/events.truth.jsonl.driver.json; scratch/pack_aa_event_bundle_20260722T092243Z_1/regenerated/c50900cc55623ce4/events.truth.jsonl.driver.json; scratch/pack_aa_event_bundle_20260722T092243Z_1/regenerated/4ad3896b59cb0d92/events.truth.jsonl.driver.json; scratch/pack_aa_event_bundle_20260722T092243Z_1/regenerated/743390d495cb995c/events.truth.jsonl.driver.json; scratch/pack_aa_event_bundle_20260722T092243Z_1/regenerated/b3f66512c7b91693/events.truth.jsonl.driver.json; scratch/pack_aa_event_bundle_20260722T092243Z_1/regenerated/7d6ffaa5822da03f/events.truth.jsonl.driver.json; scratch/pack_aa_event_bundle_20260722T092243Z/regenerated/9db01cdd5f1bc783/events.truth.jsonl.driver.json; scratch/pack_aa_event_bundle_20260722T092243Z/regenerated/660021fb118f5f92/events.truth.jsonl.driver.json; scratch/pack_aa_event_bundle_20260722T092243Z/regenerated/fcd9ff83da939385/events.truth.jsonl.driver.json; scratch/pack_aa_event_bundle_20260722T092243Z/regenerated/79ba74fb49c2f8c4/events.truth.jsonl.driver.json; scratch/pack_aa_event_bundle_20260722T092243Z/regenerated/c50900cc55623ce4/events.truth.jsonl.driver.json; scratch/pack_aa_event_bundle_20260722T092243Z/regenerated/4ad3896b59cb0d92/events.truth.jsonl.driver.json; scratch/pack_aa_event_bundle_20260722T092243Z/regenerated/743390d495cb995c/events.truth.jsonl.driver.json; scratch/pack_aa_event_bundle_20260722T092243Z/regenerated/b3f66512c7b91693/events.truth.jsonl.driver.json; scratch/pack_aa_event_bundle_20260722T092243Z/regenerated/7d6ffaa5822da03f/events.truth.jsonl.driver.json; scratch/pack_aa_event_bundle_20260722T092243Z_2/regenerated/9db01cdd5f1bc783/events.truth.jsonl.driver.json; scratch/pack_aa_event_bundle_20260722T092243Z_2/regenerated/660021fb118f5f92/events.truth.jsonl.driver.json; scratch/pack_aa_event_bundle_20260722T092243Z_2/regenerated/fcd9ff83da939385/events.truth.jsonl.driver.json; scratch/pack_aa_event_bundle_20260722T092243Z_2/regenerated/79ba74fb49c2f8c4/events.truth.jsonl.driver.json; scratch/pack_aa_event_bundle_20260722T092243Z_2/regenerated/c50900cc55623ce4/events.truth.jsonl.driver.json; scratch/pack_aa_event_bundle_20260722T092243Z_2/regenerated/4ad3896b59cb0d92/events.truth.jsonl.driver.json; scratch/pack_aa_event_bundle_20260722T092243Z_2/regenerated/743390d495cb995c/events.truth.jsonl.driver.json; scratch/pack_aa_event_bundle_20260722T092243Z_2/regenerated/b3f66512c7b91693/events.truth.jsonl.driver.json; scratch/pack_aa_event_bundle_20260722T092243Z_2/regenerated/7d6ffaa5822da03f/events.truth.jsonl.driver.json; pack_aa/runs/20260722T065903Z_248d339eedaede90_ctau50000_mixed/events.truth.jsonl.driver.json; pack_aa/runs/20260722T064356Z_284a5a239282faa1_ctau1_bb/events.truth.jsonl.driver.json; pack_aa/runs/20260722T025650Z_ae7e2484805df12f_ctau1_bb/events.truth.jsonl.driver.json; pack_aa/runs/20260722T063654Z_606d8d2b4004cd81_ctau1000_gamma_gamma/events.truth.jsonl.driver.json; pack_aa/runs/20260722T031155Z_88a9a1cad5920b09_ctau50000_gamma_gamma/events.truth.jsonl.driver.json; pack_aa/runs/20260722T071905Z_7d6ffaa5822da03f_ctau1_gamma_gamma/events.truth.jsonl.driver.json; pack_aa/runs/20260722T064015Z_88a9a1cad5920b09_ctau50000_gamma_gamma/events.truth.jsonl.driver.json; pack_aa/runs/20260722T063713Z_c3ffb47e5a2c9cb7_ctau1000_mixed/events.truth.jsonl.driver.json; pack_aa/runs/20260722T071828Z_743390d495cb995c_ctau1000_mixed/events.truth.jsonl.driver.json; pack_aa/runs/20260722T030354Z_d084dd020a55e309_ctau50000_bb/events.truth.jsonl.driver.json; pack_aa/runs/20260722T031135Z_d084dd020a55e309_ctau50000_bb/events.truth.jsonl.driver.json; pack_aa/runs/20260722T071750Z_fcd9ff83da939385_ctau1000_bb/events.truth.jsonl.driver.json; pack_aa/runs/20260722T030804Z_81a39ac0feb4d05b_ctau1_mixed/events.truth.jsonl.driver.json; pack_aa/runs/20260722T063844Z_c3ffb47e5a2c9cb7_ctau1000_mixed/events.truth.jsonl.driver.json; pack_aa/runs/20260722T025624Z_2876a1054a402148_ctau1_gamma_gamma/events.truth.jsonl.driver.json; pack_aa/runs/20260722T024601Z_2876a1054a402148_ctau1_gamma_gamma/events.truth.jsonl.driver.json; pack_aa/runs/20260722T065732Z_284a5a239282faa1_ctau1_bb/events.truth.jsonl.driver.json; pack_aa/runs/20260722T064527Z_248d339eedaede90_ctau50000_mixed/events.truth.jsonl.driver.json; pack_aa/runs/20260722T030220Z_606d8d2b4004cd81_ctau1000_gamma_gamma/events.truth.jsonl.driver.json; pack_aa/runs/20260722T030843Z_88a9a1cad5920b09_ctau50000_gamma_gamma/events.truth.jsonl.driver.json; pack_aa/runs/20260722T065826Z_d084dd020a55e309_ctau50000_bb/events.truth.jsonl.driver.json; pack_aa/runs/20260722T065751Z_832152aad3bbc905_ctau1_gamma_gamma/events.truth.jsonl.driver.json; pack_aa/runs/20260722T063749Z_832152aad3bbc905_ctau1_gamma_gamma/events.truth.jsonl.driver.json; pack_aa/runs/20260722T031056Z_832152aad3bbc905_ctau1_gamma_gamma/events.truth.jsonl.driver.json; pack_aa/runs/20260722T063730Z_284a5a239282faa1_ctau1_bb/events.truth.jsonl.driver.json; pack_aa/runs/20260722T065638Z_a26c4736e2d2a28f_ctau1000_bb/events.truth.jsonl.driver.json; pack_aa/runs/20260722T064450Z_d084dd020a55e309_ctau50000_bb/events.truth.jsonl.driver.json; pack_aa/runs/20260722T064337Z_c3ffb47e5a2c9cb7_ctau1000_mixed/events.truth.jsonl.driver.json; pack_aa/runs/20260722T064319Z_606d8d2b4004cd81_ctau1000_gamma_gamma/events.truth.jsonl.driver.json; pack_aa/runs/20260722T031000Z_606d8d2b4004cd81_ctau1000_gamma_gamma/events.truth.jsonl.driver.json; pack_aa/runs/20260722T064032Z_248d339eedaede90_ctau50000_mixed/events.truth.jsonl.driver.json; pack_aa/runs/20260722T071808Z_4ad3896b59cb0d92_ctau1000_gamma_gamma/events.truth.jsonl.driver.json; pack_aa/runs/20260722T030432Z_248d339eedaede90_ctau50000_mixed/events.truth.jsonl.driver.json; pack_aa/runs/20260722T024929Z_2876a1054a402148_ctau1_gamma_gamma/events.truth.jsonl.driver.json; pack_aa/runs/20260722T030413Z_88a9a1cad5920b09_ctau50000_gamma_gamma/events.truth.jsonl.driver.json; pack_aa/runs/20260722T030657Z_c3ffb47e5a2c9cb7_ctau1000_mixed/events.truth.jsonl.driver.json; pack_aa/runs/20260722T063956Z_d084dd020a55e309_ctau50000_bb/events.truth.jsonl.driver.json; pack_aa/runs/20260722T030257Z_284a5a239282faa1_ctau1_bb/events.truth.jsonl.driver.json; pack_aa/runs/20260722T071705Z_7d6ffaa5822da03f_ctau1_gamma_gamma/events.truth.jsonl.driver.json; pack_aa/runs/20260722T031037Z_284a5a239282faa1_ctau1_bb/events.truth.jsonl.driver.json; pack_aa/runs/20260722T030942Z_a26c4736e2d2a28f_ctau1000_bb/events.truth.jsonl.driver.json; pack_aa/runs/20260722T030901Z_248d339eedaede90_ctau50000_mixed/events.truth.jsonl.driver.json; pack_aa/runs/aa2_pure/ctau_1_gamma_gamma/events.truth.jsonl.driver.json; pack_aa/runs/aa2_pure/ctau_1_bb/events.truth.jsonl.driver.json; pack_aa/runs/20260722T064508Z_88a9a1cad5920b09_ctau50000_gamma_gamma/events.truth.jsonl.driver.json; pack_aa/runs/20260722T063101Z_81a39ac0feb4d05b_ctau1_mixed/events.truth.jsonl.driver.json; pack_aa/runs/20260722T065715Z_c3ffb47e5a2c9cb7_ctau1000_mixed/events.truth.jsonl.driver.json; pack_aa/runs/20260722T071846Z_660021fb118f5f92_ctau1_bb/events.truth.jsonl.driver.json; pack_aa/runs/20260722T030635Z_606d8d2b4004cd81_ctau1000_gamma_gamma/events.truth.jsonl.driver.json; pack_aa/runs/20260722T030007Z_8f2b4ab5d4724eed_ctau1_mixed/events.truth.jsonl.driver.json; pack_aa/runs/20260722T065656Z_606d8d2b4004cd81_ctau1000_gamma_gamma/events.truth.jsonl.driver.json; pack_aa/runs/20260722T030616Z_a26c4736e2d2a28f_ctau1000_bb/events.truth.jsonl.driver.json; pack_aa/runs/20260722T065809Z_81a39ac0feb4d05b_ctau1_mixed/events.truth.jsonl.driver.json; pack_aa/runs/20260722T031215Z_248d339eedaede90_ctau50000_mixed/events.truth.jsonl.driver.json; pack_aa/runs/20260722T031019Z_c3ffb47e5a2c9cb7_ctau1000_mixed/events.truth.jsonl.driver.json; pack_aa/runs/aa2_ab/true/events.truth.jsonl.driver.json; pack_aa/runs/aa2_ab/false/events.truth.jsonl.driver.json; pack_aa/runs/20260722T071924Z_c50900cc55623ce4_ctau1_mixed/events.truth.jsonl.driver.json; pack_aa/runs/aa7_adapter_smoke/events.truth.jsonl.driver.json; pack_aa/runs/20260722T030201Z_a26c4736e2d2a28f_ctau1000_bb/events.truth.jsonl.driver.json; pack_aa/runs/20260722T063637Z_a26c4736e2d2a28f_ctau1000_bb/events.truth.jsonl.driver.json; pack_aa/runs/20260722T024640Z_2876a1054a402148_ctau1_gamma_gamma/events.truth.jsonl.driver.json; pack_aa/runs/20260722T072001Z_b3f66512c7b91693_ctau50000_gamma_gamma/events.truth.jsonl.driver.json; pack_aa/runs/20260722T064413Z_832152aad3bbc905_ctau1_gamma_gamma/events.truth.jsonl.driver.json; pack_aa/runs/20260722T030335Z_81a39ac0feb4d05b_ctau1_mixed/events.truth.jsonl.driver.json; pack_aa/runs/20260722T030316Z_832152aad3bbc905_ctau1_gamma_gamma/events.truth.jsonl.driver.json; pack_aa/runs/20260722T063920Z_832152aad3bbc905_ctau1_gamma_gamma/events.truth.jsonl.driver.json; pack_aa/runs/20260722T063902Z_284a5a239282faa1_ctau1_bb/events.truth.jsonl.driver.json; pack_aa/runs/cycle2_adapter_smoke/events.truth.jsonl.driver.json; pack_aa/runs/20260722T064300Z_a26c4736e2d2a28f_ctau1000_bb/events.truth.jsonl.driver.json; pack_aa/runs/20260722T071941Z_9db01cdd5f1bc783_ctau50000_bb/events.truth.jsonl.driver.json; pack_aa/runs/20260722T024329Z_2876a1054a402148_ctau1_gamma_gamma/events.truth.jsonl.driver.json; pack_aa/runs/20260722T031115Z_81a39ac0feb4d05b_ctau1_mixed/events.truth.jsonl.driver.json; pack_aa/runs/20260722T025924Z_ae7e2484805df12f_ctau1_bb/events.truth.jsonl.driver.json; pack_aa/runs/20260722T030823Z_d084dd020a55e309_ctau50000_bb/events.truth.jsonl.driver.json; pack_aa/runs/20260722T063938Z_81a39ac0feb4d05b_ctau1_mixed/events.truth.jsonl.driver.json; pack_aa/runs/20260722T030742Z_832152aad3bbc905_ctau1_gamma_gamma/events.truth.jsonl.driver.json; pack_aa/runs/20260722T024444Z_2876a1054a402148_ctau1_gamma_gamma/events.truth.jsonl.driver.json; pack_aa/runs/20260722T065845Z_88a9a1cad5920b09_ctau50000_gamma_gamma/events.truth.jsonl.driver.json; pack_aa/runs/20260722T063734Z_c3ffb47e5a2c9cb7_ctau1000_mixed/events.truth.jsonl.driver.json; pack_aa/runs/20260722T030718Z_284a5a239282faa1_ctau1_bb/events.truth.jsonl.driver.json; pack_aa/runs/20260722T064431Z_81a39ac0feb4d05b_ctau1_mixed/events.truth.jsonl.driver.json; pack_aa/runs/20260722T063808Z_a26c4736e2d2a28f_ctau1000_bb/events.truth.jsonl.driver.json; pack_aa/runs/20260722T063826Z_606d8d2b4004cd81_ctau1000_gamma_gamma/events.truth.jsonl.driver.json; pack_aa/runs/20260722T024828Z_2876a1054a402148_ctau1_gamma_gamma/events.truth.jsonl.driver.json; pack_aa/runs/20260722T030239Z_c3ffb47e5a2c9cb7_ctau1000_mixed/events.truth.jsonl.driver.json; pack_aa/runs/20260722T072019Z_79ba74fb49c2f8c4_ctau50000_mixed/events.truth.jsonl.driver.json
PACK_AA_EVENT_BUNDLE_VALIDATION.md	11	scratch/pack_aa_event_bundle_20260722T092243Z_4_clean/PACK_AA_EVENT_BUNDLE_VALIDATION.md; scratch/pack_aa_event_bundle_20260722T090049Z_4_clean/PACK_AA_EVENT_BUNDLE_VALIDATION.md; scratch/pack_aa_event_bundle_20260722T092243Z_2_clean/PACK_AA_EVENT_BUNDLE_VALIDATION.md; scratch/pack_aa_event_bundle_20260722T092243Z_5_clean/PACK_AA_EVENT_BUNDLE_VALIDATION.md; releases/pack_aa/event_samples/20260722T092243Z_1/PACK_AA_EVENT_BUNDLE_VALIDATION.md; releases/pack_aa/event_samples/20260722T090049Z_4/PACK_AA_EVENT_BUNDLE_VALIDATION.md; releases/pack_aa/event_samples/20260722T092243Z/PACK_AA_EVENT_BUNDLE_VALIDATION.md; releases/pack_aa/event_samples/20260722T092243Z_3/PACK_AA_EVENT_BUNDLE_VALIDATION.md; releases/pack_aa/event_samples/20260722T092243Z_4/PACK_AA_EVENT_BUNDLE_VALIDATION.md; releases/pack_aa/event_samples/20260722T092243Z_5/PACK_AA_EVENT_BUNDLE_VALIDATION.md; releases/pack_aa/event_samples/20260722T092243Z_2/PACK_AA_EVENT_BUNDLE_VALIDATION.md
PACK_AA_EVENT_BUNDLE_CHECKSUMS.sha256	10	scratch/pack_aa_event_bundle_20260722T092243Z_4_clean/PACK_AA_EVENT_BUNDLE_CHECKSUMS.sha256; scratch/pack_aa_event_bundle_20260722T090049Z_4_clean/PACK_AA_EVENT_BUNDLE_CHECKSUMS.sha256; scratch/pack_aa_event_bundle_20260722T092243Z_2_clean/PACK_AA_EVENT_BUNDLE_CHECKSUMS.sha256; scratch/pack_aa_event_bundle_20260722T092243Z_5_clean/PACK_AA_EVENT_BUNDLE_CHECKSUMS.sha256; releases/pack_aa/event_samples/20260722T092243Z_1/PACK_AA_EVENT_BUNDLE_CHECKSUMS.sha256; releases/pack_aa/event_samples/20260722T090049Z_4/PACK_AA_EVENT_BUNDLE_CHECKSUMS.sha256; releases/pack_aa/event_samples/20260722T092243Z/PACK_AA_EVENT_BUNDLE_CHECKSUMS.sha256; releases/pack_aa/event_samples/20260722T092243Z_4/PACK_AA_EVENT_BUNDLE_CHECKSUMS.sha256; releases/pack_aa/event_samples/20260722T092243Z_5/PACK_AA_EVENT_BUNDLE_CHECKSUMS.sha256; releases/pack_aa/event_samples/20260722T092243Z_2/PACK_AA_EVENT_BUNDLE_CHECKSUMS.sha256
PACK_AA_EVENT_SAMPLE_CATALOG.csv	10	scratch/pack_aa_event_bundle_20260722T092243Z_4_clean/PACK_AA_EVENT_SAMPLE_CATALOG.csv; scratch/pack_aa_event_bundle_20260722T090049Z_4_clean/PACK_AA_EVENT_SAMPLE_CATALOG.csv; scratch/pack_aa_event_bundle_20260722T092243Z_2_clean/PACK_AA_EVENT_SAMPLE_CATALOG.csv; scratch/pack_aa_event_bundle_20260722T092243Z_5_clean/PACK_AA_EVENT_SAMPLE_CATALOG.csv; releases/pack_aa/event_samples/20260722T092243Z_1/PACK_AA_EVENT_SAMPLE_CATALOG.csv; releases/pack_aa/event_samples/20260722T090049Z_4/PACK_AA_EVENT_SAMPLE_CATALOG.csv; releases/pack_aa/event_samples/20260722T092243Z/PACK_AA_EVENT_SAMPLE_CATALOG.csv; releases/pack_aa/event_samples/20260722T092243Z_4/PACK_AA_EVENT_SAMPLE_CATALOG.csv; releases/pack_aa/event_samples/20260722T092243Z_5/PACK_AA_EVENT_SAMPLE_CATALOG.csv; releases/pack_aa/event_samples/20260722T092243Z_2/PACK_AA_EVENT_SAMPLE_CATALOG.csv
PACK_AA_EVENT_BUNDLE_RESEARCHER_BRIEF.md	11	scratch/pack_aa_event_bundle_20260722T092243Z_4_clean/PACK_AA_EVENT_BUNDLE_RESEARCHER_BRIEF.md; scratch/pack_aa_event_bundle_20260722T090049Z_4_clean/PACK_AA_EVENT_BUNDLE_RESEARCHER_BRIEF.md; scratch/pack_aa_event_bundle_20260722T092243Z_2_clean/PACK_AA_EVENT_BUNDLE_RESEARCHER_BRIEF.md; scratch/pack_aa_event_bundle_20260722T092243Z_5_clean/PACK_AA_EVENT_BUNDLE_RESEARCHER_BRIEF.md; releases/pack_aa/event_samples/20260722T092243Z_1/PACK_AA_EVENT_BUNDLE_RESEARCHER_BRIEF.md; releases/pack_aa/event_samples/20260722T090049Z_4/PACK_AA_EVENT_BUNDLE_RESEARCHER_BRIEF.md; releases/pack_aa/event_samples/20260722T092243Z/PACK_AA_EVENT_BUNDLE_RESEARCHER_BRIEF.md; releases/pack_aa/event_samples/20260722T092243Z_3/PACK_AA_EVENT_BUNDLE_RESEARCHER_BRIEF.md; releases/pack_aa/event_samples/20260722T092243Z_4/PACK_AA_EVENT_BUNDLE_RESEARCHER_BRIEF.md; releases/pack_aa/event_samples/20260722T092243Z_5/PACK_AA_EVENT_BUNDLE_RESEARCHER_BRIEF.md; releases/pack_aa/event_samples/20260722T092243Z_2/PACK_AA_EVENT_BUNDLE_RESEARCHER_BRIEF.md
PACK_AA_EVENT_BUNDLE_VALIDATION.json	10	scratch/pack_aa_event_bundle_20260722T092243Z_4_clean/PACK_AA_EVENT_BUNDLE_VALIDATION.json; scratch/pack_aa_event_bundle_20260722T090049Z_4_clean/PACK_AA_EVENT_BUNDLE_VALIDATION.json; scratch/pack_aa_event_bundle_20260722T092243Z_2_clean/PACK_AA_EVENT_BUNDLE_VALIDATION.json; scratch/pack_aa_event_bundle_20260722T092243Z_5_clean/PACK_AA_EVENT_BUNDLE_VALIDATION.json; releases/pack_aa/event_samples/20260722T092243Z_1/PACK_AA_EVENT_BUNDLE_VALIDATION.json; releases/pack_aa/event_samples/20260722T090049Z_4/PACK_AA_EVENT_BUNDLE_VALIDATION.json; releases/pack_aa/event_samples/20260722T092243Z/PACK_AA_EVENT_BUNDLE_VALIDATION.json; releases/pack_aa/event_samples/20260722T092243Z_4/PACK_AA_EVENT_BUNDLE_VALIDATION.json; releases/pack_aa/event_samples/20260722T092243Z_5/PACK_AA_EVENT_BUNDLE_VALIDATION.json; releases/pack_aa/event_samples/20260722T092243Z_2/PACK_AA_EVENT_BUNDLE_VALIDATION.json
PACK_AA_EVENT_SAMPLE_CATALOG.md	11	scratch/pack_aa_event_bundle_20260722T092243Z_4_clean/PACK_AA_EVENT_SAMPLE_CATALOG.md; scratch/pack_aa_event_bundle_20260722T090049Z_4_clean/PACK_AA_EVENT_SAMPLE_CATALOG.md; scratch/pack_aa_event_bundle_20260722T092243Z_2_clean/PACK_AA_EVENT_SAMPLE_CATALOG.md; scratch/pack_aa_event_bundle_20260722T092243Z_5_clean/PACK_AA_EVENT_SAMPLE_CATALOG.md; releases/pack_aa/event_samples/20260722T092243Z_1/PACK_AA_EVENT_SAMPLE_CATALOG.md; releases/pack_aa/event_samples/20260722T090049Z_4/PACK_AA_EVENT_SAMPLE_CATALOG.md; releases/pack_aa/event_samples/20260722T092243Z/PACK_AA_EVENT_SAMPLE_CATALOG.md; releases/pack_aa/event_samples/20260722T092243Z_3/PACK_AA_EVENT_SAMPLE_CATALOG.md; releases/pack_aa/event_samples/20260722T092243Z_4/PACK_AA_EVENT_SAMPLE_CATALOG.md; releases/pack_aa/event_samples/20260722T092243Z_5/PACK_AA_EVENT_SAMPLE_CATALOG.md; releases/pack_aa/event_samples/20260722T092243Z_2/PACK_AA_EVENT_SAMPLE_CATALOG.md
PACK_AA_EVENT_BUNDLE_MANIFEST.json	10	scratch/pack_aa_event_bundle_20260722T092243Z_4_clean/PACK_AA_EVENT_BUNDLE_MANIFEST.json; scratch/pack_aa_event_bundle_20260722T090049Z_4_clean/PACK_AA_EVENT_BUNDLE_MANIFEST.json; scratch/pack_aa_event_bundle_20260722T092243Z_2_clean/PACK_AA_EVENT_BUNDLE_MANIFEST.json; scratch/pack_aa_event_bundle_20260722T092243Z_5_clean/PACK_AA_EVENT_BUNDLE_MANIFEST.json; releases/pack_aa/event_samples/20260722T092243Z_1/PACK_AA_EVENT_BUNDLE_MANIFEST.json; releases/pack_aa/event_samples/20260722T090049Z_4/PACK_AA_EVENT_BUNDLE_MANIFEST.json; releases/pack_aa/event_samples/20260722T092243Z/PACK_AA_EVENT_BUNDLE_MANIFEST.json; releases/pack_aa/event_samples/20260722T092243Z_4/PACK_AA_EVENT_BUNDLE_MANIFEST.json; releases/pack_aa/event_samples/20260722T092243Z_5/PACK_AA_EVENT_BUNDLE_MANIFEST.json; releases/pack_aa/event_samples/20260722T092243Z_2/PACK_AA_EVENT_BUNDLE_MANIFEST.json
bb_event_0001.txt	11	scratch/pack_aa_event_bundle_20260722T092243Z_4_clean/events_inspected/bb_event_0001.txt; scratch/pack_aa_event_bundle_20260722T090049Z_4_clean/events_inspected/bb_event_0001.txt; scratch/pack_aa_event_bundle_20260722T092243Z_2_clean/events_inspected/bb_event_0001.txt; scratch/pack_aa_event_bundle_20260722T092243Z_5_clean/events_inspected/bb_event_0001.txt; releases/pack_aa/event_samples/20260722T092243Z_1/events_inspected/bb_event_0001.txt; releases/pack_aa/event_samples/20260722T090049Z_4/events_inspected/bb_event_0001.txt; releases/pack_aa/event_samples/20260722T092243Z/events_inspected/bb_event_0001.txt; releases/pack_aa/event_samples/20260722T092243Z_3/events_inspected/bb_event_0001.txt; releases/pack_aa/event_samples/20260722T092243Z_4/events_inspected/bb_event_0001.txt; releases/pack_aa/event_samples/20260722T092243Z_5/events_inspected/bb_event_0001.txt; releases/pack_aa/event_samples/20260722T092243Z_2/events_inspected/bb_event_0001.txt
long_lived_event_0001.txt	11	scratch/pack_aa_event_bundle_20260722T092243Z_4_clean/events_inspected/long_lived_event_0001.txt; scratch/pack_aa_event_bundle_20260722T090049Z_4_clean/events_inspected/long_lived_event_0001.txt; scratch/pack_aa_event_bundle_20260722T092243Z_2_clean/events_inspected/long_lived_event_0001.txt; scratch/pack_aa_event_bundle_20260722T092243Z_5_clean/events_inspected/long_lived_event_0001.txt; releases/pack_aa/event_samples/20260722T092243Z_1/events_inspected/long_lived_event_0001.txt; releases/pack_aa/event_samples/20260722T090049Z_4/events_inspected/long_lived_event_0001.txt; releases/pack_aa/event_samples/20260722T092243Z/events_inspected/long_lived_event_0001.txt; releases/pack_aa/event_samples/20260722T092243Z_3/events_inspected/long_lived_event_0001.txt; releases/pack_aa/event_samples/20260722T092243Z_4/events_inspected/long_lived_event_0001.txt; releases/pack_aa/event_samples/20260722T092243Z_5/events_inspected/long_lived_event_0001.txt; releases/pack_aa/event_samples/20260722T092243Z_2/events_inspected/long_lived_event_0001.txt
gamma_gamma_event_0001.txt	12	scratch/pack_aa_event_bundle_20260722T092243Z_4_clean/events_inspected/gamma_gamma_event_0001.txt; scratch/pack_aa_event_bundle_20260722T090049Z_4_clean/events_inspected/gamma_gamma_event_0001.txt; scratch/pack_aa_event_bundle_20260722T092243Z_2_clean/events_inspected/gamma_gamma_event_0001.txt; scratch/pack_aa_event_bundle_20260722T092243Z_5_clean/events_inspected/gamma_gamma_event_0001.txt; releases/pack_aa/event_samples/20260722T092243Z_1/events_inspected/gamma_gamma_event_0001.txt; releases/pack_aa/event_samples/20260722T090049Z_4/events_inspected/gamma_gamma_event_0001.txt; releases/pack_aa/event_samples/20260722T092243Z/events_inspected/gamma_gamma_event_0001.txt; releases/pack_aa/event_samples/20260722T092243Z_3/events_inspected/gamma_gamma_event_0001.txt; releases/pack_aa/event_samples/20260722T092243Z_4/events_inspected/gamma_gamma_event_0001.txt; releases/pack_aa/event_samples/20260722T090049Z_3/events_inspected/gamma_gamma_event_0001.txt; releases/pack_aa/event_samples/20260722T092243Z_5/events_inspected/gamma_gamma_event_0001.txt; releases/pack_aa/event_samples/20260722T092243Z_2/events_inspected/gamma_gamma_event_0001.txt
mixed_event_0001.txt	11	scratch/pack_aa_event_bundle_20260722T092243Z_4_clean/events_inspected/mixed_event_0001.txt; scratch/pack_aa_event_bundle_20260722T090049Z_4_clean/events_inspected/mixed_event_0001.txt; scratch/pack_aa_event_bundle_20260722T092243Z_2_clean/events_inspected/mixed_event_0001.txt; scratch/pack_aa_event_bundle_20260722T092243Z_5_clean/events_inspected/mixed_event_0001.txt; releases/pack_aa/event_samples/20260722T092243Z_1/events_inspected/mixed_event_0001.txt; releases/pack_aa/event_samples/20260722T090049Z_4/events_inspected/mixed_event_0001.txt; releases/pack_aa/event_samples/20260722T092243Z/events_inspected/mixed_event_0001.txt; releases/pack_aa/event_samples/20260722T092243Z_3/events_inspected/mixed_event_0001.txt; releases/pack_aa/event_samples/20260722T092243Z_4/events_inspected/mixed_event_0001.txt; releases/pack_aa/event_samples/20260722T092243Z_5/events_inspected/mixed_event_0001.txt; releases/pack_aa/event_samples/20260722T092243Z_2/events_inspected/mixed_event_0001.txt
config.yaml	191	scratch/pack_aa_event_bundle_20260722T092243Z_4_clean/samples/9db01cdd5f1bc783/config.yaml; scratch/pack_aa_event_bundle_20260722T092243Z_4_clean/samples/660021fb118f5f92/config.yaml; scratch/pack_aa_event_bundle_20260722T092243Z_4_clean/samples/fcd9ff83da939385/config.yaml; scratch/pack_aa_event_bundle_20260722T092243Z_4_clean/samples/79ba74fb49c2f8c4/config.yaml; scratch/pack_aa_event_bundle_20260722T092243Z_4_clean/samples/c50900cc55623ce4/config.yaml; scratch/pack_aa_event_bundle_20260722T092243Z_4_clean/samples/4ad3896b59cb0d92/config.yaml; scratch/pack_aa_event_bundle_20260722T092243Z_4_clean/samples/743390d495cb995c/config.yaml; scratch/pack_aa_event_bundle_20260722T092243Z_4_clean/samples/b3f66512c7b91693/config.yaml; scratch/pack_aa_event_bundle_20260722T092243Z_4_clean/samples/7d6ffaa5822da03f/config.yaml; scratch/pack_aa_event_bundle_20260722T090049Z_4_clean/samples/9db01cdd5f1bc783/config.yaml; scratch/pack_aa_event_bundle_20260722T090049Z_4_clean/samples/660021fb118f5f92/config.yaml; scratch/pack_aa_event_bundle_20260722T090049Z_4_clean/samples/fcd9ff83da939385/config.yaml; scratch/pack_aa_event_bundle_20260722T090049Z_4_clean/samples/79ba74fb49c2f8c4/config.yaml; scratch/pack_aa_event_bundle_20260722T090049Z_4_clean/samples/c50900cc55623ce4/config.yaml; scratch/pack_aa_event_bundle_20260722T090049Z_4_clean/samples/4ad3896b59cb0d92/config.yaml; scratch/pack_aa_event_bundle_20260722T090049Z_4_clean/samples/743390d495cb995c/config.yaml; scratch/pack_aa_event_bundle_20260722T090049Z_4_clean/samples/b3f66512c7b91693/config.yaml; scratch/pack_aa_event_bundle_20260722T090049Z_4_clean/samples/7d6ffaa5822da03f/config.yaml; scratch/pack_aa_event_bundle_20260722T092243Z_2_clean/samples/9db01cdd5f1bc783/config.yaml; scratch/pack_aa_event_bundle_20260722T092243Z_2_clean/samples/660021fb118f5f92/config.yaml; scratch/pack_aa_event_bundle_20260722T092243Z_2_clean/samples/fcd9ff83da939385/config.yaml; scratch/pack_aa_event_bundle_20260722T092243Z_2_clean/samples/79ba74fb49c2f8c4/config.yaml; scratch/pack_aa_event_bundle_20260722T092243Z_2_clean/samples/c50900cc55623ce4/config.yaml; scratch/pack_aa_event_bundle_20260722T092243Z_2_clean/samples/4ad3896b59cb0d92/config.yaml; scratch/pack_aa_event_bundle_20260722T092243Z_2_clean/samples/743390d495cb995c/config.yaml; scratch/pack_aa_event_bundle_20260722T092243Z_2_clean/samples/b3f66512c7b91693/config.yaml; scratch/pack_aa_event_bundle_20260722T092243Z_2_clean/samples/7d6ffaa5822da03f/config.yaml; scratch/pack_aa_event_bundle_20260722T092243Z_5_clean/samples/9db01cdd5f1bc783/config.yaml; scratch/pack_aa_event_bundle_20260722T092243Z_5_clean/samples/660021fb118f5f92/config.yaml; scratch/pack_aa_event_bundle_20260722T092243Z_5_clean/samples/fcd9ff83da939385/config.yaml; scratch/pack_aa_event_bundle_20260722T092243Z_5_clean/samples/79ba74fb49c2f8c4/config.yaml; scratch/pack_aa_event_bundle_20260722T092243Z_5_clean/samples/c50900cc55623ce4/config.yaml; scratch/pack_aa_event_bundle_20260722T092243Z_5_clean/samples/4ad3896b59cb0d92/config.yaml; scratch/pack_aa_event_bundle_20260722T092243Z_5_clean/samples/743390d495cb995c/config.yaml; scratch/pack_aa_event_bundle_20260722T092243Z_5_clean/samples/b3f66512c7b91693/config.yaml; scratch/pack_aa_event_bundle_20260722T092243Z_5_clean/samples/7d6ffaa5822da03f/config.yaml; pack_aa/runs/20260722T065903Z_248d339eedaede90_ctau50000_mixed/config.yaml; pack_aa/runs/20260722T064356Z_284a5a239282faa1_ctau1_bb/config.yaml; pack_aa/runs/20260722T025650Z_ae7e2484805df12f_ctau1_bb/config.yaml; pack_aa/runs/20260722T063654Z_606d8d2b4004cd81_ctau1000_gamma_gamma/config.yaml; pack_aa/runs/20260722T031155Z_88a9a1cad5920b09_ctau50000_gamma_gamma/config.yaml; pack_aa/runs/20260722T071905Z_7d6ffaa5822da03f_ctau1_gamma_gamma/config.yaml; pack_aa/runs/20260722T064015Z_88a9a1cad5920b09_ctau50000_gamma_gamma/config.yaml; pack_aa/runs/20260722T063713Z_c3ffb47e5a2c9cb7_ctau1000_mixed/config.yaml; pack_aa/runs/20260722T071828Z_743390d495cb995c_ctau1000_mixed/config.yaml; pack_aa/runs/20260722T030354Z_d084dd020a55e309_ctau50000_bb/config.yaml; pack_aa/runs/20260722T031135Z_d084dd020a55e309_ctau50000_bb/config.yaml; pack_aa/runs/20260722T071750Z_fcd9ff83da939385_ctau1000_bb/config.yaml; pack_aa/runs/20260722T030804Z_81a39ac0feb4d05b_ctau1_mixed/config.yaml; pack_aa/runs/20260722T063844Z_c3ffb47e5a2c9cb7_ctau1000_mixed/config.yaml; pack_aa/runs/20260722T025624Z_2876a1054a402148_ctau1_gamma_gamma/config.yaml; pack_aa/runs/20260722T024601Z_2876a1054a402148_ctau1_gamma_gamma/config.yaml; pack_aa/runs/20260722T065732Z_284a5a239282faa1_ctau1_bb/config.yaml; pack_aa/runs/20260722T064527Z_248d339eedaede90_ctau50000_mixed/config.yaml; pack_aa/runs/20260722T030220Z_606d8d2b4004cd81_ctau1000_gamma_gamma/config.yaml; pack_aa/runs/20260722T030843Z_88a9a1cad5920b09_ctau50000_gamma_gamma/config.yaml; pack_aa/runs/20260722T065826Z_d084dd020a55e309_ctau50000_bb/config.yaml; pack_aa/runs/20260722T065751Z_832152aad3bbc905_ctau1_gamma_gamma/config.yaml; pack_aa/runs/20260722T063749Z_832152aad3bbc905_ctau1_gamma_gamma/config.yaml; pack_aa/runs/20260722T031056Z_832152aad3bbc905_ctau1_gamma_gamma/config.yaml; pack_aa/runs/20260722T063730Z_284a5a239282faa1_ctau1_bb/config.yaml; pack_aa/runs/20260722T065638Z_a26c4736e2d2a28f_ctau1000_bb/config.yaml; pack_aa/runs/20260722T064450Z_d084dd020a55e309_ctau50000_bb/config.yaml; pack_aa/runs/20260722T064337Z_c3ffb47e5a2c9cb7_ctau1000_mixed/config.yaml; pack_aa/runs/20260722T064319Z_606d8d2b4004cd81_ctau1000_gamma_gamma/config.yaml; pack_aa/runs/20260722T031000Z_606d8d2b4004cd81_ctau1000_gamma_gamma/config.yaml; pack_aa/runs/20260722T064032Z_248d339eedaede90_ctau50000_mixed/config.yaml; pack_aa/runs/20260722T071808Z_4ad3896b59cb0d92_ctau1000_gamma_gamma/config.yaml; pack_aa/runs/20260722T030432Z_248d339eedaede90_ctau50000_mixed/config.yaml; pack_aa/runs/20260722T024929Z_2876a1054a402148_ctau1_gamma_gamma/config.yaml; pack_aa/runs/20260722T030413Z_88a9a1cad5920b09_ctau50000_gamma_gamma/config.yaml; pack_aa/runs/20260722T030657Z_c3ffb47e5a2c9cb7_ctau1000_mixed/config.yaml; pack_aa/runs/20260722T063956Z_d084dd020a55e309_ctau50000_bb/config.yaml; pack_aa/runs/20260722T030257Z_284a5a239282faa1_ctau1_bb/config.yaml; pack_aa/runs/20260722T071705Z_7d6ffaa5822da03f_ctau1_gamma_gamma/config.yaml; pack_aa/runs/20260722T031037Z_284a5a239282faa1_ctau1_bb/config.yaml; pack_aa/runs/20260722T030942Z_a26c4736e2d2a28f_ctau1000_bb/config.yaml; pack_aa/runs/20260722T030901Z_248d339eedaede90_ctau50000_mixed/config.yaml; pack_aa/runs/20260722T064508Z_88a9a1cad5920b09_ctau50000_gamma_gamma/config.yaml; pack_aa/runs/20260722T063101Z_81a39ac0feb4d05b_ctau1_mixed/config.yaml; pack_aa/runs/20260722T024310Z_2876a1054a402148_ctau1_gamma_gamma/config.yaml; pack_aa/runs/20260722T065715Z_c3ffb47e5a2c9cb7_ctau1000_mixed/config.yaml; pack_aa/runs/20260722T071846Z_660021fb118f5f92_ctau1_bb/config.yaml; pack_aa/runs/20260722T030635Z_606d8d2b4004cd81_ctau1000_gamma_gamma/config.yaml; pack_aa/runs/20260722T030007Z_8f2b4ab5d4724eed_ctau1_mixed/config.yaml; pack_aa/runs/20260722T065656Z_606d8d2b4004cd81_ctau1000_gamma_gamma/config.yaml; pack_aa/runs/20260722T030616Z_a26c4736e2d2a28f_ctau1000_bb/config.yaml; pack_aa/runs/20260722T065809Z_81a39ac0feb4d05b_ctau1_mixed/config.yaml; pack_aa/runs/20260722T031215Z_248d339eedaede90_ctau50000_mixed/config.yaml; pack_aa/runs/20260722T031019Z_c3ffb47e5a2c9cb7_ctau1000_mixed/config.yaml; pack_aa/runs/20260722T071924Z_c50900cc55623ce4_ctau1_mixed/config.yaml; pack_aa/runs/20260722T030201Z_a26c4736e2d2a28f_ctau1000_bb/config.yaml; pack_aa/runs/20260722T063637Z_a26c4736e2d2a28f_ctau1000_bb/config.yaml; pack_aa/runs/20260722T024640Z_2876a1054a402148_ctau1_gamma_gamma/config.yaml; pack_aa/runs/20260722T072001Z_b3f66512c7b91693_ctau50000_gamma_gamma/config.yaml; pack_aa/runs/20260722T064413Z_832152aad3bbc905_ctau1_gamma_gamma/config.yaml; pack_aa/runs/20260722T030335Z_81a39ac0feb4d05b_ctau1_mixed/config.yaml; pack_aa/runs/20260722T030316Z_832152aad3bbc905_ctau1_gamma_gamma/config.yaml; pack_aa/runs/20260722T063920Z_832152aad3bbc905_ctau1_gamma_gamma/config.yaml; pack_aa/runs/20260722T063902Z_284a5a239282faa1_ctau1_bb/config.yaml; pack_aa/runs/20260722T064300Z_a26c4736e2d2a28f_ctau1000_bb/config.yaml; pack_aa/runs/20260722T071941Z_9db01cdd5f1bc783_ctau50000_bb/config.yaml; pack_aa/runs/20260722T024329Z_2876a1054a402148_ctau1_gamma_gamma/config.yaml; pack_aa/runs/20260722T031115Z_81a39ac0feb4d05b_ctau1_mixed/config.yaml; pack_aa/runs/20260722T025924Z_ae7e2484805df12f_ctau1_bb/config.yaml; pack_aa/runs/20260722T030823Z_d084dd020a55e309_ctau50000_bb/config.yaml; pack_aa/runs/20260722T063938Z_81a39ac0feb4d05b_ctau1_mixed/config.yaml; pack_aa/runs/20260722T030742Z_832152aad3bbc905_ctau1_gamma_gamma/config.yaml; pack_aa/runs/20260722T024444Z_2876a1054a402148_ctau1_gamma_gamma/config.yaml; pack_aa/runs/20260722T065845Z_88a9a1cad5920b09_ctau50000_gamma_gamma/config.yaml; pack_aa/runs/20260722T063734Z_c3ffb47e5a2c9cb7_ctau1000_mixed/config.yaml; pack_aa/runs/20260722T030718Z_284a5a239282faa1_ctau1_bb/config.yaml; pack_aa/runs/20260722T064431Z_81a39ac0feb4d05b_ctau1_mixed/config.yaml; pack_aa/runs/20260722T063808Z_81a39ac0feb4d05b_ctau1_mixed/config.yaml; pack_aa/runs/20260722T063808Z_a26c4736e2d2a28f_ctau1000_bb/config.yaml; pack_aa/runs/20260722T063826Z_606d8d2b4004cd81_ctau1000_gamma_gamma/config.yaml; pack_aa/runs/20260722T024828Z_2876a1054a402148_ctau1_gamma_gamma/config.yaml; pack_aa/runs/20260722T030239Z_c3ffb47e5a2c9cb7_ctau1000_mixed/config.yaml; pack_aa/runs/20260722T072019Z_79ba74fb49c2f8c4_ctau50000_mixed/config.yaml; releases/pack_aa/event_samples/20260722T092243Z_1/samples/9db01cdd5f1bc783/config.yaml; releases/pack_aa/event_samples/20260722T092243Z_1/samples/660021fb118f5f92/config.yaml; releases/pack_aa/event_samples/20260722T092243Z_1/samples/fcd9ff83da939385/config.yaml; releases/pack_aa/event_samples/20260722T092243Z_1/samples/79ba74fb49c2f8c4/config.yaml; releases/pack_aa/event_samples/20260722T092243Z_1/samples/c50900cc55623ce4/config.yaml; releases/pack_aa/event_samples/20260722T092243Z_1/samples/4ad3896b59cb0d92/config.yaml; releases/pack_aa/event_samples/20260722T092243Z_1/samples/743390d495cb995c/config.yaml; releases/pack_aa/event_samples/20260722T092243Z_1/samples/b3f66512c7b91693/config.yaml; releases/pack_aa/event_samples/20260722T092243Z_1/samples/7d6ffaa5822da03f/config.yaml; releases/pack_aa/event_samples/20260722T090049Z_4/samples/9db01cdd5f1bc783/config.yaml; releases/pack_aa/event_samples/20260722T090049Z_4/samples/660021fb118f5f92/config.yaml; releases/pack_aa/event_samples/20260722T090049Z_4/samples/fcd9ff83da939385/config.yaml; releases/pack_aa/event_samples/20260722T090049Z_4/samples/79ba74fb49c2f8c4/config.yaml; releases/pack_aa/event_samples/20260722T090049Z_4/samples/c50900cc55623ce4/config.yaml; releases/pack_aa/event_samples/20260722T090049Z_4/samples/4ad3896b59cb0d92/config.yaml; releases/pack_aa/event_samples/20260722T090049Z_4/samples/743390d495cb995c/config.yaml; releases/pack_aa/event_samples/20260722T090049Z_4/samples/b3f66512c7b91693/config.yaml; releases/pack_aa/event_samples/20260722T090049Z_4/samples/7d6ffaa5822da03f/config.yaml; releases/pack_aa/event_samples/20260722T092243Z/samples/9db01cdd5f1bc783/config.yaml; releases/pack_aa/event_samples/20260722T092243Z/samples/660021fb118f5f92/config.yaml; releases/pack_aa/event_samples/20260722T092243Z/samples/fcd9ff83da939385/config.yaml; releases/pack_aa/event_samples/20260722T092243Z/samples/79ba74fb49c2f8c4/config.yaml; releases/pack_aa/event_samples/20260722T092243Z/samples/c50900cc55623ce4/config.yaml; releases/pack_aa/event_samples/20260722T092243Z/samples/4ad3896b59cb0d92/config.yaml; releases/pack_aa/event_samples/20260722T092243Z/samples/743390d495cb995c/config.yaml; releases/pack_aa/event_samples/20260722T092243Z/samples/b3f66512c7b91693/config.yaml; releases/pack_aa/event_samples/20260722T092243Z/samples/7d6ffaa5822da03f/config.yaml; releases/pack_aa/event_samples/20260722T092243Z_3/samples/9db01cdd5f1bc783/config.yaml; releases/pack_aa/event_samples/20260722T092243Z_3/samples/660021fb118f5f92/config.yaml; releases/pack_aa/event_samples/20260722T092243Z_3/samples/fcd9ff83da939385/config.yaml; releases/pack_aa/event_samples/20260722T092243Z_3/samples/79ba74fb49c2f8c4/config.yaml; releases/pack_aa/event_samples/20260722T092243Z_3/samples/c50900cc55623ce4/config.yaml; releases/pack_aa/event_samples/20260722T092243Z_3/samples/4ad3896b59cb0d92/config.yaml; releases/pack_aa/event_samples/20260722T092243Z_3/samples/743390d495cb995c/config.yaml; releases/pack_aa/event_samples/20260722T092243Z_3/samples/b3f66512c7b91693/config.yaml; releases/pack_aa/event_samples/20260722T092243Z_3/samples/7d6ffaa5822da03f/config.yaml; releases/pack_aa/event_samples/20260722T092243Z_4/samples/9db01cdd5f1bc783/config.yaml; releases/pack_aa/event_samples/20260722T092243Z_4/samples/660021fb118f5f92/config.yaml; releases/pack_aa/event_samples/20260722T092243Z_4/samples/fcd9ff83da939385/config.yaml; releases/pack_aa/event_samples/20260722T092243Z_4/samples/79ba74fb49c2f8c4/config.yaml; releases/pack_aa/event_samples/20260722T092243Z_4/samples/c50900cc55623ce4/config.yaml; releases/pack_aa/event_samples/20260722T092243Z_4/samples/4ad3896b59cb0d92/config.yaml; releases/pack_aa/event_samples/20260722T092243Z_4/samples/743390d495cb995c/config.yaml; releases/pack_aa/event_samples/20260722T092243Z_4/samples/b3f66512c7b91693/config.yaml; releases/pack_aa/event_samples/20260722T092243Z_4/samples/7d6ffaa5822da03f/config.yaml; releases/pack_aa/event_samples/20260722T090049Z_3/samples/9db01cdd5f1bc783/config.yaml; releases/pack_aa/event_samples/20260722T090049Z_3/samples/660021fb118f5f92/config.yaml; releases/pack_aa/event_samples/20260722T090049Z_3/samples/fcd9ff83da939385/config.yaml; releases/pack_aa/event_samples/20260722T090049Z_3/samples/79ba74fb49c2f8c4/config.yaml; releases/pack_aa/event_samples/20260722T090049Z_3/samples/c50900cc55623ce4/config.yaml; releases/pack_aa/event_samples/20260722T090049Z_3/samples/4ad3896b59cb0d92/config.yaml; releases/pack_aa/event_samples/20260722T090049Z_3/samples/743390d495cb995c/config.yaml; releases/pack_aa/event_samples/20260722T090049Z_3/samples/b3f66512c7b91693/config.yaml; releases/pack_aa/event_samples/20260722T090049Z_3/samples/7d6ffaa5822da03f/config.yaml; releases/pack_aa/event_samples/20260722T092243Z_5/samples/9db01cdd5f1bc783/config.yaml; releases/pack_aa/event_samples/20260722T092243Z_5/samples/660021fb118f5f92/config.yaml; releases/pack_aa/event_samples/20260722T092243Z_5/samples/fcd9ff83da939385/config.yaml; releases/pack_aa/event_samples/20260722T092243Z_5/samples/79ba74fb49c2f8c4/config.yaml; releases/pack_aa/event_samples/20260722T092243Z_5/samples/c50900cc55623ce4/config.yaml; releases/pack_aa/event_samples/20260722T092243Z_5/samples/4ad3896b59cb0d92/config.yaml; releases/pack_aa/event_samples/20260722T092243Z_5/samples/743390d495cb995c/config.yaml; releases/pack_aa/event_samples/20260722T092243Z_5/samples/b3f66512c7b91693/config.yaml; releases/pack_aa/event_samples/20260722T092243Z_5/samples/7d6ffaa5822da03f/config.yaml; releases/pack_aa/event_samples/20260722T092243Z_2/samples/9db01cdd5f1bc783/config.yaml; releases/pack_aa/event_samples/20260722T092243Z_2/samples/660021fb118f5f92/config.yaml; releases/pack_aa/event_samples/20260722T092243Z_2/samples/fcd9ff83da939385/config.yaml; releases/pack_aa/event_samples/20260722T092243Z_2/samples/79ba74fb49c2f8c4/config.yaml; releases/pack_aa/event_samples/20260722T092243Z_2/samples/c50900cc55623ce4/config.yaml; releases/pack_aa/event_samples/20260722T092243Z_2/samples/4ad3896b59cb0d92/config.yaml; releases/pack_aa/event_samples/20260722T092243Z_2/samples/743390d495cb995c/config.yaml; releases/pack_aa/event_samples/20260722T092243Z_2/samples/b3f66512c7b91693/config.yaml; releases/pack_aa/event_samples/20260722T092243Z_2/samples/7d6ffaa5822da03f/config.yaml
aa6_production_preservation_report.json	189	scratch/pack_aa_event_bundle_20260722T092243Z_4_clean/samples/9db01cdd5f1bc783/aa6_production_preservation_report.json; scratch/pack_aa_event_bundle_20260722T092243Z_4_clean/samples/660021fb118f5f92/aa6_production_preservation_report.json; scratch/pack_aa_event_bundle_20260722T092243Z_4_clean/samples/fcd9ff83da939385/aa6_production_preservation_report.json; scratch/pack_aa_event_bundle_20260722T092243Z_4_clean/samples/79ba74fb49c2f8c4/aa6_production_preservation_report.json; scratch/pack_aa_event_bundle_20260722T092243Z_4_clean/samples/c50900cc55623ce4/aa6_production_preservation_report.json; scratch/pack_aa_event_bundle_20260722T092243Z_4_clean/samples/4ad3896b59cb0d92/aa6_production_preservation_report.json; scratch/pack_aa_event_bundle_20260722T092243Z_4_clean/samples/743390d495cb995c/aa6_production_preservation_report.json; scratch/pack_aa_event_bundle_20260722T092243Z_4_clean/samples/b3f66512c7b91693/aa6_production_preservation_report.json; scratch/pack_aa_event_bundle_20260722T092243Z_4_clean/samples/7d6ffaa5822da03f/aa6_production_preservation_report.json; scratch/pack_aa_event_bundle_20260722T090049Z_4_clean/samples/9db01cdd5f1bc783/aa6_production_preservation_report.json; scratch/pack_aa_event_bundle_20260722T090049Z_4_clean/samples/660021fb118f5f92/aa6_production_preservation_report.json; scratch/pack_aa_event_bundle_20260722T090049Z_4_clean/samples/fcd9ff83da939385/aa6_production_preservation_report.json; scratch/pack_aa_event_bundle_20260722T090049Z_4_clean/samples/79ba74fb49c2f8c4/aa6_production_preservation_report.json; scratch/pack_aa_event_bundle_20260722T090049Z_4_clean/samples/c50900cc55623ce4/aa6_production_preservation_report.json; scratch/pack_aa_event_bundle_20260722T090049Z_4_clean/samples/4ad3896b59cb0d92/aa6_production_preservation_report.json; scratch/pack_aa_event_bundle_20260722T090049Z_4_clean/samples/743390d495cb995c/aa6_production_preservation_report.json; scratch/pack_aa_event_bundle_20260722T090049Z_4_clean/samples/b3f66512c7b91693/aa6_production_preservation_report.json; scratch/pack_aa_event_bundle_20260722T090049Z_4_clean/samples/7d6ffaa5822da03f/aa6_production_preservation_report.json; scratch/pack_aa_event_bundle_20260722T092243Z_2_clean/samples/9db01cdd5f1bc783/aa6_production_preservation_report.json; scratch/pack_aa_event_bundle_20260722T092243Z_2_clean/samples/660021fb118f5f92/aa6_production_preservation_report.json; scratch/pack_aa_event_bundle_20260722T092243Z_2_clean/samples/fcd9ff83da939385/aa6_production_preservation_report.json; scratch/pack_aa_event_bundle_20260722T092243Z_2_clean/samples/79ba74fb49c2f8c4/aa6_production_preservation_report.json; scratch/pack_aa_event_bundle_20260722T092243Z_2_clean/samples/c50900cc55623ce4/aa6_production_preservation_report.json; scratch/pack_aa_event_bundle_20260722T092243Z_2_clean/samples/4ad3896b59cb0d92/aa6_production_preservation_report.json; scratch/pack_aa_event_bundle_20260722T092243Z_2_clean/samples/743390d495cb995c/aa6_production_preservation_report.json; scratch/pack_aa_event_bundle_20260722T092243Z_2_clean/samples/b3f66512c7b91693/aa6_production_preservation_report.json; scratch/pack_aa_event_bundle_20260722T092243Z_2_clean/samples/7d6ffaa5822da03f/aa6_production_preservation_report.json; scratch/pack_aa_event_bundle_20260722T092243Z_5_clean/samples/9db01cdd5f1bc783/aa6_production_preservation_report.json; scratch/pack_aa_event_bundle_20260722T092243Z_5_clean/samples/660021fb118f5f92/aa6_production_preservation_report.json; scratch/pack_aa_event_bundle_20260722T092243Z_5_clean/samples/fcd9ff83da939385/aa6_production_preservation_report.json; scratch/pack_aa_event_bundle_20260722T092243Z_5_clean/samples/79ba74fb49c2f8c4/aa6_production_preservation_report.json; scratch/pack_aa_event_bundle_20260722T092243Z_5_clean/samples/c50900cc55623ce4/aa6_production_preservation_report.json; scratch/pack_aa_event_bundle_20260722T092243Z_5_clean/samples/4ad3896b59cb0d92/aa6_production_preservation_report.json; scratch/pack_aa_event_bundle_20260722T092243Z_5_clean/samples/743390d495cb995c/aa6_production_preservation_report.json; scratch/pack_aa_event_bundle_20260722T092243Z_5_clean/samples/b3f66512c7b91693/aa6_production_preservation_report.json; scratch/pack_aa_event_bundle_20260722T092243Z_5_clean/samples/7d6ffaa5822da03f/aa6_production_preservation_report.json; pack_aa/runs/20260722T065903Z_248d339eedaede90_ctau50000_mixed/aa6_production_preservation_report.json; pack_aa/runs/20260722T064356Z_284a5a239282faa1_ctau1_bb/aa6_production_preservation_report.json; pack_aa/runs/20260722T025650Z_ae7e2484805df12f_ctau1_bb/aa6_production_preservation_report.json; pack_aa/runs/20260722T063654Z_606d8d2b4004cd81_ctau1000_gamma_gamma/aa6_production_preservation_report.json; pack_aa/runs/20260722T031155Z_88a9a1cad5920b09_ctau50000_gamma_gamma/aa6_production_preservation_report.json; pack_aa/runs/20260722T071905Z_7d6ffaa5822da03f_ctau1_gamma_gamma/aa6_production_preservation_report.json; pack_aa/runs/20260722T064015Z_88a9a1cad5920b09_ctau50000_gamma_gamma/aa6_production_preservation_report.json; pack_aa/runs/20260722T063713Z_c3ffb47e5a2c9cb7_ctau1000_mixed/aa6_production_preservation_report.json; pack_aa/runs/20260722T071828Z_743390d495cb995c_ctau1000_mixed/aa6_production_preservation_report.json; pack_aa/runs/20260722T030354Z_d084dd020a55e309_ctau50000_bb/aa6_production_preservation_report.json; pack_aa/runs/20260722T031135Z_d084dd020a55e309_ctau50000_bb/aa6_production_preservation_report.json; pack_aa/runs/20260722T071750Z_fcd9ff83da939385_ctau1000_bb/aa6_production_preservation_report.json; pack_aa/runs/20260722T030804Z_81a39ac0feb4d05b_ctau1_mixed/aa6_production_preservation_report.json; pack_aa/runs/20260722T063844Z_c3ffb47e5a2c9cb7_ctau1000_mixed/aa6_production_preservation_report.json; pack_aa/runs/20260722T025624Z_2876a1054a402148_ctau1_gamma_gamma/aa6_production_preservation_report.json; pack_aa/runs/20260722T024601Z_2876a1054a402148_ctau1_gamma_gamma/aa6_production_preservation_report.json; pack_aa/runs/20260722T065732Z_284a5a239282faa1_ctau1_bb/aa6_production_preservation_report.json; pack_aa/runs/20260722T064527Z_248d339eedaede90_ctau50000_mixed/aa6_production_preservation_report.json; pack_aa/runs/20260722T030220Z_606d8d2b4004cd81_ctau1000_gamma_gamma/aa6_production_preservation_report.json; pack_aa/runs/20260722T030843Z_88a9a1cad5920b09_ctau50000_gamma_gamma/aa6_production_preservation_report.json; pack_aa/runs/20260722T065826Z_d084dd020a55e309_ctau50000_bb/aa6_production_preservation_report.json; pack_aa/runs/20260722T065751Z_832152aad3bbc905_ctau1_gamma_gamma/aa6_production_preservation_report.json; pack_aa/runs/20260722T063749Z_832152aad3bbc905_ctau1_gamma_gamma/aa6_production_preservation_report.json; pack_aa/runs/20260722T031056Z_832152aad3bbc905_ctau1_gamma_gamma/aa6_production_preservation_report.json; pack_aa/runs/20260722T063730Z_284a5a239282faa1_ctau1_bb/aa6_production_preservation_report.json; pack_aa/runs/20260722T065638Z_a26c4736e2d2a28f_ctau1000_bb/aa6_production_preservation_report.json; pack_aa/runs/20260722T064450Z_d084dd020a55e309_ctau50000_bb/aa6_production_preservation_report.json; pack_aa/runs/20260722T064337Z_c3ffb47e5a2c9cb7_ctau1000_mixed/aa6_production_preservation_report.json; pack_aa/runs/20260722T064319Z_606d8d2b4004cd81_ctau1000_gamma_gamma/aa6_production_preservation_report.json; pack_aa/runs/20260722T031000Z_606d8d2b4004cd81_ctau1000_gamma_gamma/aa6_production_preservation_report.json; pack_aa/runs/20260722T064032Z_248d339eedaede90_ctau50000_mixed/aa6_production_preservation_report.json; pack_aa/runs/20260722T071808Z_4ad3896b59cb0d92_ctau1000_gamma_gamma/aa6_production_preservation_report.json; pack_aa/runs/20260722T030432Z_248d339eedaede90_ctau50000_mixed/aa6_production_preservation_report.json; pack_aa/runs/20260722T024929Z_2876a1054a402148_ctau1_gamma_gamma/aa6_production_preservation_report.json; pack_aa/runs/20260722T030413Z_88a9a1cad5920b09_ctau50000_gamma_gamma/aa6_production_preservation_report.json; pack_aa/runs/20260722T030657Z_c3ffb47e5a2c9cb7_ctau1000_mixed/aa6_production_preservation_report.json; pack_aa/runs/20260722T063956Z_d084dd020a55e309_ctau50000_bb/aa6_production_preservation_report.json; pack_aa/runs/20260722T030257Z_284a5a239282faa1_ctau1_bb/aa6_production_preservation_report.json; pack_aa/runs/20260722T071705Z_7d6ffaa5822da03f_ctau1_gamma_gamma/aa6_production_preservation_report.json; pack_aa/runs/20260722T031037Z_284a5a239282faa1_ctau1_bb/aa6_production_preservation_report.json; pack_aa/runs/20260722T030942Z_a26c4736e2d2a28f_ctau1000_bb/aa6_production_preservation_report.json; pack_aa/runs/20260722T030901Z_248d339eedaede90_ctau50000_mixed/aa6_production_preservation_report.json; pack_aa/runs/20260722T064508Z_88a9a1cad5920b09_ctau50000_gamma_gamma/aa6_production_preservation_report.json; pack_aa/runs/20260722T063101Z_81a39ac0feb4d05b_ctau1_mixed/aa6_production_preservation_report.json; pack_aa/runs/20260722T065715Z_c3ffb47e5a2c9cb7_ctau1000_mixed/aa6_production_preservation_report.json; pack_aa/runs/20260722T071846Z_660021fb118f5f92_ctau1_bb/aa6_production_preservation_report.json; pack_aa/runs/20260722T030635Z_606d8d2b4004cd81_ctau1000_gamma_gamma/aa6_production_preservation_report.json; pack_aa/runs/20260722T030007Z_8f2b4ab5d4724eed_ctau1_mixed/aa6_production_preservation_report.json; pack_aa/runs/20260722T065656Z_606d8d2b4004cd81_ctau1000_gamma_gamma/aa6_production_preservation_report.json; pack_aa/runs/20260722T030616Z_a26c4736e2d2a28f_ctau1000_bb/aa6_production_preservation_report.json; pack_aa/runs/20260722T065809Z_81a39ac0feb4d05b_ctau1_mixed/aa6_production_preservation_report.json; pack_aa/runs/20260722T031215Z_248d339eedaede90_ctau50000_mixed/aa6_production_preservation_report.json; pack_aa/runs/20260722T031019Z_c3ffb47e5a2c9cb7_ctau1000_mixed/aa6_production_preservation_report.json; pack_aa/runs/20260722T071924Z_c50900cc55623ce4_ctau1_mixed/aa6_production_preservation_report.json; pack_aa/runs/20260722T030201Z_a26c4736e2d2a28f_ctau1000_bb/aa6_production_preservation_report.json; pack_aa/runs/20260722T063637Z_a26c4736e2d2a28f_ctau1000_bb/aa6_production_preservation_report.json; pack_aa/runs/20260722T024640Z_2876a1054a402148_ctau1_gamma_gamma/aa6_production_preservation_report.json; pack_aa/runs/20260722T072001Z_b3f66512c7b91693_ctau50000_gamma_gamma/aa6_production_preservation_report.json; pack_aa/runs/20260722T064413Z_832152aad3bbc905_ctau1_gamma_gamma/aa6_production_preservation_report.json; pack_aa/runs/20260722T030335Z_81a39ac0feb4d05b_ctau1_mixed/aa6_production_preservation_report.json; pack_aa/runs/20260722T030316Z_832152aad3bbc905_ctau1_gamma_gamma/aa6_production_preservation_report.json; pack_aa/runs/20260722T063920Z_832152aad3bbc905_ctau1_gamma_gamma/aa6_production_preservation_report.json; pack_aa/runs/20260722T063902Z_284a5a239282faa1_ctau1_bb/aa6_production_preservation_report.json; pack_aa/runs/20260722T064300Z_a26c4736e2d2a28f_ctau1000_bb/aa6_production_preservation_report.json; pack_aa/runs/20260722T071941Z_9db01cdd5f1bc783_ctau50000_bb/aa6_production_preservation_report.json; pack_aa/runs/20260722T024329Z_2876a1054a402148_ctau1_gamma_gamma/aa6_production_preservation_report.json; pack_aa/runs/20260722T031115Z_81a39ac0feb4d05b_ctau1_mixed/aa6_production_preservation_report.json; pack_aa/runs/20260722T025924Z_ae7e2484805df12f_ctau1_bb/aa6_production_preservation_report.json; pack_aa/runs/20260722T030823Z_d084dd020a55e309_ctau50000_bb/aa6_production_preservation_report.json; pack_aa/runs/20260722T063938Z_81a39ac0feb4d05b_ctau1_mixed/aa6_production_preservation_report.json; pack_aa/runs/20260722T030742Z_832152aad3bbc905_ctau1_gamma_gamma/aa6_production_preservation_report.json; pack_aa/runs/20260722T024444Z_2876a1054a402148_ctau1_gamma_gamma/aa6_production_preservation_report.json; pack_aa/runs/20260722T065845Z_88a9a1cad5920b09_ctau50000_gamma_gamma/aa6_production_preservation_report.json; pack_aa/runs/20260722T063734Z_c3ffb47e5a2c9cb7_ctau1000_mixed/aa6_production_preservation_report.json; pack_aa/runs/20260722T030718Z_284a5a239282faa1_ctau1_bb/aa6_production_preservation_report.json; pack_aa/runs/20260722T064431Z_81a39ac0feb4d05b_ctau1_mixed/aa6_production_preservation_report.json; pack_aa/runs/20260722T063808Z_a26c4736e2d2a28f_ctau1000_bb/aa6_production_preservation_report.json; pack_aa/runs/20260722T063826Z_606d8d2b4004cd81_ctau1000_gamma_gamma/aa6_production_preservation_report.json; pack_aa/runs/20260722T024828Z_2876a1054a402148_ctau1_gamma_gamma/aa6_production_preservation_report.json; pack_aa/runs/20260722T030239Z_c3ffb47e5a2c9cb7_ctau1000_mixed/aa6_production_preservation_report.json; pack_aa/runs/20260722T072019Z_79ba74fb49c2f8c4_ctau50000_mixed/aa6_production_preservation_report.json; releases/pack_aa/event_samples/20260722T092243Z_1/samples/9db01cdd5f1bc783/aa6_production_preservation_report.json; releases/pack_aa/event_samples/20260722T092243Z_1/samples/660021fb118f5f92/aa6_production_preservation_report.json; releases/pack_aa/event_samples/20260722T092243Z_1/samples/fcd9ff83da939385/aa6_production_preservation_report.json; releases/pack_aa/event_samples/20260722T092243Z_1/samples/79ba74fb49c2f8c4/aa6_production_preservation_report.json; releases/pack_aa/event_samples/20260722T092243Z_1/samples/c50900cc55623ce4/aa6_production_preservation_report.json; releases/pack_aa/event_samples/20260722T092243Z_1/samples/4ad3896b59cb0d92/aa6_production_preservation_report.json; releases/pack_aa/event_samples/20260722T092243Z_1/samples/743390d495cb995c/aa6_production_preservation_report.json; releases/pack_aa/event_samples/20260722T092243Z_1/samples/b3f66512c7b91693/aa6_production_preservation_report.json; releases/pack_aa/event_samples/20260722T092243Z_1/samples/7d6ffaa5822da03f/aa6_production_preservation_report.json; releases/pack_aa/event_samples/20260722T090049Z_4/samples/9db01cdd5f1bc783/aa6_production_preservation_report.json; releases/pack_aa/event_samples/20260722T090049Z_4/samples/660021fb118f5f92/aa6_production_preservation_report.json; releases/pack_aa/event_samples/20260722T090049Z_4/samples/fcd9ff83da939385/aa6_production_preservation_report.json; releases/pack_aa/event_samples/20260722T090049Z_4/samples/79ba74fb49c2f8c4/aa6_production_preservation_report.json; releases/pack_aa/event_samples/20260722T090049Z_4/samples/c50900cc55623ce4/aa6_production_preservation_report.json; releases/pack_aa/event_samples/20260722T090049Z_4/samples/4ad3896b59cb0d92/aa6_production_preservation_report.json; releases/pack_aa/event_samples/20260722T090049Z_4/samples/743390d495cb995c/aa6_production_preservation_report.json; releases/pack_aa/event_samples/20260722T090049Z_4/samples/b3f66512c7b91693/aa6_production_preservation_report.json; releases/pack_aa/event_samples/20260722T090049Z_4/samples/7d6ffaa5822da03f/aa6_production_preservation_report.json; releases/pack_aa/event_samples/20260722T092243Z/samples/9db01cdd5f1bc783/aa6_production_preservation_report.json; releases/pack_aa/event_samples/20260722T092243Z/samples/660021fb118f5f92/aa6_production_preservation_report.json; releases/pack_aa/event_samples/20260722T092243Z/samples/fcd9ff83da939385/aa6_production_preservation_report.json; releases/pack_aa/event_samples/20260722T092243Z/samples/79ba74fb49c2f8c4/aa6_production_preservation_report.json; releases/pack_aa/event_samples/20260722T092243Z/samples/c50900cc55623ce4/aa6_production_preservation_report.json; releases/pack_aa/event_samples/20260722T092243Z/samples/4ad3896b59cb0d92/aa6_production_preservation_report.json; releases/pack_aa/event_samples/20260722T092243Z/samples/743390d495cb995c/aa6_production_preservation_report.json; releases/pack_aa/event_samples/20260722T092243Z/samples/b3f66512c7b91693/aa6_production_preservation_report.json; releases/pack_aa/event_samples/20260722T092243Z/samples/7d6ffaa5822da03f/aa6_production_preservation_report.json; releases/pack_aa/event_samples/20260722T092243Z_3/samples/9db01cdd5f1bc783/aa6_production_preservation_report.json; releases/pack_aa/event_samples/20260722T092243Z_3/samples/660021fb118f5f92/aa6_production_preservation_report.json; releases/pack_aa/event_samples/20260722T092243Z_3/samples/fcd9ff83da939385/aa6_production_preservation_report.json; releases/pack_aa/event_samples/20260722T092243Z_3/samples/79ba74fb49c2f8c4/aa6_production_preservation_report.json; releases/pack_aa/event_samples/20260722T092243Z_3/samples/c50900cc55623ce4/aa6_production_preservation_report.json; releases/pack_aa/event_samples/20260722T092243Z_3/samples/4ad3896b59cb0d92/aa6_production_preservation_report.json; releases/pack_aa/event_samples/20260722T092243Z_3/samples/743390d495cb995c/aa6_production_preservation_report.json; releases/pack_aa/event_samples/20260722T092243Z_3/samples/b3f66512c7b91693/aa6_production_preservation_report.json; releases/pack_aa/event_samples/20260722T092243Z_3/samples/7d6ffaa5822da03f/aa6_production_preservation_report.json; releases/pack_aa/event_samples/20260722T092243Z_4/samples/9db01cdd5f1bc783/aa6_production_preservation_report.json; releases/pack_aa/event_samples/20260722T092243Z_4/samples/660021fb118f5f92/aa6_production_preservation_report.json; releases/pack_aa/event_samples/20260722T092243Z_4/samples/fcd9ff83da939385/aa6_production_preservation_report.json; releases/pack_aa/event_samples/20260722T092243Z_4/samples/79ba74fb49c2f8c4/aa6_production_preservation_report.json; releases/pack_aa/event_samples/20260722T092243Z_4/samples/c50900cc55623ce4/aa6_production_preservation_report.json; releases/pack_aa/event_samples/20260722T092243Z_4/samples/4ad3896b59cb0d92/aa6_production_preservation_report.json; releases/pack_aa/event_samples/20260722T092243Z_4/samples/743390d495cb995c/aa6_production_preservation_report.json; releases/pack_aa/event_samples/20260722T092243Z_4/samples/b3f66512c7b91693/aa6_production_preservation_report.json; releases/pack_aa/event_samples/20260722T092243Z_4/samples/7d6ffaa5822da03f/aa6_production_preservation_report.json; releases/pack_aa/event_samples/20260722T090049Z_3/samples/9db01cdd5f1bc783/aa6_production_preservation_report.json; releases/pack_aa/event_samples/20260722T090049Z_3/samples/660021fb118f5f92/aa6_production_preservation_report.json; releases/pack_aa/event_samples/20260722T090049Z_3/samples/fcd9ff83da939385/aa6_production_preservation_report.json; releases/pack_aa/event_samples/20260722T090049Z_3/samples/79ba74fb49c2f8c4/aa6_production_preservation_report.json; releases/pack_aa/event_samples/20260722T090049Z_3/samples/c50900cc55623ce4/aa6_production_preservation_report.json; releases/pack_aa/event_samples/20260722T090049Z_3/samples/4ad3896b59cb0d92/aa6_production_preservation_report.json; releases/pack_aa/event_samples/20260722T090049Z_3/samples/743390d495cb995c/aa6_production_preservation_report.json; releases/pack_aa/event_samples/20260722T090049Z_3/samples/b3f66512c7b91693/aa6_production_preservation_report.json; releases/pack_aa/event_samples/20260722T090049Z_3/samples/7d6ffaa5822da03f/aa6_production_preservation_report.json; releases/pack_aa/event_samples/20260722T092243Z_5/samples/9db01cdd5f1bc783/aa6_production_preservation_report.json; releases/pack_aa/event_samples/20260722T092243Z_5/samples/660021fb118f5f92/aa6_production_preservation_report.json; releases/pack_aa/event_samples/20260722T092243Z_5/samples/fcd9ff83da939385/aa6_production_preservation_report.json; releases/pack_aa/event_samples/20260722T092243Z_5/samples/79ba74fb49c2f8c4/aa6_production_preservation_report.json; releases/pack_aa/event_samples/20260722T092243Z_5/samples/c50900cc55623ce4/aa6_production_preservation_report.json; releases/pack_aa/event_samples/20260722T092243Z_5/samples/4ad3896b59cb0d92/aa6_production_preservation_report.json; releases/pack_aa/event_samples/20260722T092243Z_5/samples/743390d495cb995c/aa6_production_preservation_report.json; releases/pack_aa/event_samples/20260722T092243Z_5/samples/b3f66512c7b91693/aa6_production_preservation_report.json; releases/pack_aa/event_samples/20260722T092243Z_5/samples/7d6ffaa5822da03f/aa6_production_preservation_report.json; releases/pack_aa/event_samples/20260722T092243Z_2/samples/9db01cdd5f1bc783/aa6_production_preservation_report.json; releases/pack_aa/event_samples/20260722T092243Z_2/samples/660021fb118f5f92/aa6_production_preservation_report.json; releases/pack_aa/event_samples/20260722T092243Z_2/samples/fcd9ff83da939385/aa6_production_preservation_report.json; releases/pack_aa/event_samples/20260722T092243Z_2/samples/79ba74fb49c2f8c4/aa6_production_preservation_report.json; releases/pack_aa/event_samples/20260722T092243Z_2/samples/c50900cc55623ce4/aa6_production_preservation_report.json; releases/pack_aa/event_samples/20260722T092243Z_2/samples/4ad3896b59cb0d92/aa6_production_preservation_report.json; releases/pack_aa/event_samples/20260722T092243Z_2/samples/743390d495cb995c/aa6_production_preservation_report.json; releases/pack_aa/event_samples/20260722T092243Z_2/samples/b3f66512c7b91693/aa6_production_preservation_report.json; releases/pack_aa/event_samples/20260722T092243Z_2/samples/7d6ffaa5822da03f/aa6_production_preservation_report.json
input_hashes.json	108	scratch/pack_aa_event_bundle_20260722T092243Z_4_clean/samples/9db01cdd5f1bc783/input_hashes.json; scratch/pack_aa_event_bundle_20260722T092243Z_4_clean/samples/660021fb118f5f92/input_hashes.json; scratch/pack_aa_event_bundle_20260722T092243Z_4_clean/samples/fcd9ff83da939385/input_hashes.json; scratch/pack_aa_event_bundle_20260722T092243Z_4_clean/samples/79ba74fb49c2f8c4/input_hashes.json; scratch/pack_aa_event_bundle_20260722T092243Z_4_clean/samples/c50900cc55623ce4/input_hashes.json; scratch/pack_aa_event_bundle_20260722T092243Z_4_clean/samples/4ad3896b59cb0d92/input_hashes.json; scratch/pack_aa_event_bundle_20260722T092243Z_4_clean/samples/743390d495cb995c/input_hashes.json; scratch/pack_aa_event_bundle_20260722T092243Z_4_clean/samples/b3f66512c7b91693/input_hashes.json; scratch/pack_aa_event_bundle_20260722T092243Z_4_clean/samples/7d6ffaa5822da03f/input_hashes.json; scratch/pack_aa_event_bundle_20260722T090049Z_4_clean/samples/9db01cdd5f1bc783/input_hashes.json; scratch/pack_aa_event_bundle_20260722T090049Z_4_clean/samples/660021fb118f5f92/input_hashes.json; scratch/pack_aa_event_bundle_20260722T090049Z_4_clean/samples/fcd9ff83da939385/input_hashes.json; scratch/pack_aa_event_bundle_20260722T090049Z_4_clean/samples/79ba74fb49c2f8c4/input_hashes.json; scratch/pack_aa_event_bundle_20260722T090049Z_4_clean/samples/c50900cc55623ce4/input_hashes.json; scratch/pack_aa_event_bundle_20260722T090049Z_4_clean/samples/4ad3896b59cb0d92/input_hashes.json; scratch/pack_aa_event_bundle_20260722T090049Z_4_clean/samples/743390d495cb995c/input_hashes.json; scratch/pack_aa_event_bundle_20260722T090049Z_4_clean/samples/b3f66512c7b91693/input_hashes.json; scratch/pack_aa_event_bundle_20260722T090049Z_4_clean/samples/7d6ffaa5822da03f/input_hashes.json; scratch/pack_aa_event_bundle_20260722T092243Z_2_clean/samples/9db01cdd5f1bc783/input_hashes.json; scratch/pack_aa_event_bundle_20260722T092243Z_2_clean/samples/660021fb118f5f92/input_hashes.json; scratch/pack_aa_event_bundle_20260722T092243Z_2_clean/samples/fcd9ff83da939385/input_hashes.json; scratch/pack_aa_event_bundle_20260722T092243Z_2_clean/samples/79ba74fb49c2f8c4/input_hashes.json; scratch/pack_aa_event_bundle_20260722T092243Z_2_clean/samples/c50900cc55623ce4/input_hashes.json; scratch/pack_aa_event_bundle_20260722T092243Z_2_clean/samples/4ad3896b59cb0d92/input_hashes.json; scratch/pack_aa_event_bundle_20260722T092243Z_2_clean/samples/743390d495cb995c/input_hashes.json; scratch/pack_aa_event_bundle_20260722T092243Z_2_clean/samples/b3f66512c7b91693/input_hashes.json; scratch/pack_aa_event_bundle_20260722T092243Z_2_clean/samples/7d6ffaa5822da03f/input_hashes.json; scratch/pack_aa_event_bundle_20260722T092243Z_5_clean/samples/9db01cdd5f1bc783/input_hashes.json; scratch/pack_aa_event_bundle_20260722T092243Z_5_clean/samples/660021fb118f5f92/input_hashes.json; scratch/pack_aa_event_bundle_20260722T092243Z_5_clean/samples/fcd9ff83da939385/input_hashes.json; scratch/pack_aa_event_bundle_20260722T092243Z_5_clean/samples/79ba74fb49c2f8c4/input_hashes.json; scratch/pack_aa_event_bundle_20260722T092243Z_5_clean/samples/c50900cc55623ce4/input_hashes.json; scratch/pack_aa_event_bundle_20260722T092243Z_5_clean/samples/4ad3896b59cb0d92/input_hashes.json; scratch/pack_aa_event_bundle_20260722T092243Z_5_clean/samples/743390d495cb995c/input_hashes.json; scratch/pack_aa_event_bundle_20260722T092243Z_5_clean/samples/b3f66512c7b91693/input_hashes.json; scratch/pack_aa_event_bundle_20260722T092243Z_5_clean/samples/7d6ffaa5822da03f/input_hashes.json; releases/pack_aa/event_samples/20260722T092243Z_1/samples/9db01cdd5f1bc783/input_hashes.json; releases/pack_aa/event_samples/20260722T092243Z_1/samples/660021fb118f5f92/input_hashes.json; releases/pack_aa/event_samples/20260722T092243Z_1/samples/fcd9ff83da939385/input_hashes.json; releases/pack_aa/event_samples/20260722T092243Z_1/samples/79ba74fb49c2f8c4/input_hashes.json; releases/pack_aa/event_samples/20260722T092243Z_1/samples/c50900cc55623ce4/input_hashes.json; releases/pack_aa/event_samples/20260722T092243Z_1/samples/4ad3896b59cb0d92/input_hashes.json; releases/pack_aa/event_samples/20260722T092243Z_1/samples/743390d495cb995c/input_hashes.json; releases/pack_aa/event_samples/20260722T092243Z_1/samples/b3f66512c7b91693/input_hashes.json; releases/pack_aa/event_samples/20260722T092243Z_1/samples/7d6ffaa5822da03f/input_hashes.json; releases/pack_aa/event_samples/20260722T090049Z_4/samples/9db01cdd5f1bc783/input_hashes.json; releases/pack_aa/event_samples/20260722T090049Z_4/samples/660021fb118f5f92/input_hashes.json; releases/pack_aa/event_samples/20260722T090049Z_4/samples/fcd9ff83da939385/input_hashes.json; releases/pack_aa/event_samples/20260722T090049Z_4/samples/79ba74fb49c2f8c4/input_hashes.json; releases/pack_aa/event_samples/20260722T090049Z_4/samples/c50900cc55623ce4/input_hashes.json; releases/pack_aa/event_samples/20260722T090049Z_4/samples/4ad3896b59cb0d92/input_hashes.json; releases/pack_aa/event_samples/20260722T090049Z_4/samples/743390d495cb995c/input_hashes.json; releases/pack_aa/event_samples/20260722T090049Z_4/samples/b3f66512c7b91693/input_hashes.json; releases/pack_aa/event_samples/20260722T090049Z_4/samples/7d6ffaa5822da03f/input_hashes.json; releases/pack_aa/event_samples/20260722T092243Z/samples/9db01cdd5f1bc783/input_hashes.json; releases/pack_aa/event_samples/20260722T092243Z/samples/660021fb118f5f92/input_hashes.json; releases/pack_aa/event_samples/20260722T092243Z/samples/fcd9ff83da939385/input_hashes.json; releases/pack_aa/event_samples/20260722T092243Z/samples/79ba74fb49c2f8c4/input_hashes.json; releases/pack_aa/event_samples/20260722T092243Z/samples/c50900cc55623ce4/input_hashes.json; releases/pack_aa/event_samples/20260722T092243Z/samples/4ad3896b59cb0d92/input_hashes.json; releases/pack_aa/event_samples/20260722T092243Z/samples/743390d495cb995c/input_hashes.json; releases/pack_aa/event_samples/20260722T092243Z/samples/b3f66512c7b91693/input_hashes.json; releases/pack_aa/event_samples/20260722T092243Z/samples/7d6ffaa5822da03f/input_hashes.json; releases/pack_aa/event_samples/20260722T092243Z_3/samples/9db01cdd5f1bc783/input_hashes.json; releases/pack_aa/event_samples/20260722T092243Z_3/samples/660021fb118f5f92/input_hashes.json; releases/pack_aa/event_samples/20260722T092243Z_3/samples/fcd9ff83da939385/input_hashes.json; releases/pack_aa/event_samples/20260722T092243Z_3/samples/79ba74fb49c2f8c4/input_hashes.json; releases/pack_aa/event_samples/20260722T092243Z_3/samples/c50900cc55623ce4/input_hashes.json; releases/pack_aa/event_samples/20260722T092243Z_3/samples/4ad3896b59cb0d92/input_hashes.json; releases/pack_aa/event_samples/20260722T092243Z_3/samples/743390d495cb995c/input_hashes.json; releases/pack_aa/event_samples/20260722T092243Z_3/samples/b3f66512c7b91693/input_hashes.json; releases/pack_aa/event_samples/20260722T092243Z_3/samples/7d6ffaa5822da03f/input_hashes.json; releases/pack_aa/event_samples/20260722T092243Z_4/samples/9db01cdd5f1bc783/input_hashes.json; releases/pack_aa/event_samples/20260722T092243Z_4/samples/660021fb118f5f92/input_hashes.json; releases/pack_aa/event_samples/20260722T092243Z_4/samples/fcd9ff83da939385/input_hashes.json; releases/pack_aa/event_samples/20260722T092243Z_4/samples/79ba74fb49c2f8c4/input_hashes.json; releases/pack_aa/event_samples/20260722T092243Z_4/samples/c50900cc55623ce4/input_hashes.json; releases/pack_aa/event_samples/20260722T092243Z_4/samples/4ad3896b59cb0d92/input_hashes.json; releases/pack_aa/event_samples/20260722T092243Z_4/samples/743390d495cb995c/input_hashes.json; releases/pack_aa/event_samples/20260722T092243Z_4/samples/b3f66512c7b91693/input_hashes.json; releases/pack_aa/event_samples/20260722T092243Z_4/samples/7d6ffaa5822da03f/input_hashes.json; releases/pack_aa/event_samples/20260722T090049Z_3/samples/9db01cdd5f1bc783/input_hashes.json; releases/pack_aa/event_samples/20260722T090049Z_3/samples/660021fb118f5f92/input_hashes.json; releases/pack_aa/event_samples/20260722T090049Z_3/samples/fcd9ff83da939385/input_hashes.json; releases/pack_aa/event_samples/20260722T090049Z_3/samples/79ba74fb49c2f8c4/input_hashes.json; releases/pack_aa/event_samples/20260722T090049Z_3/samples/c50900cc55623ce4/input_hashes.json; releases/pack_aa/event_samples/20260722T090049Z_3/samples/4ad3896b59cb0d92/input_hashes.json; releases/pack_aa/event_samples/20260722T090049Z_3/samples/743390d495cb995c/input_hashes.json; releases/pack_aa/event_samples/20260722T090049Z_3/samples/b3f66512c7b91693/input_hashes.json; releases/pack_aa/event_samples/20260722T090049Z_3/samples/7d6ffaa5822da03f/input_hashes.json; releases/pack_aa/event_samples/20260722T092243Z_5/samples/9db01cdd5f1bc783/input_hashes.json; releases/pack_aa/event_samples/20260722T092243Z_5/samples/660021fb118f5f92/input_hashes.json; releases/pack_aa/event_samples/20260722T092243Z_5/samples/fcd9ff83da939385/input_hashes.json; releases/pack_aa/event_samples/20260722T092243Z_5/samples/79ba74fb49c2f8c4/input_hashes.json; releases/pack_aa/event_samples/20260722T092243Z_5/samples/c50900cc55623ce4/input_hashes.json; releases/pack_aa/event_samples/20260722T092243Z_5/samples/4ad3896b59cb0d92/input_hashes.json; releases/pack_aa/event_samples/20260722T092243Z_5/samples/743390d495cb995c/input_hashes.json; releases/pack_aa/event_samples/20260722T092243Z_5/samples/b3f66512c7b91693/input_hashes.json; releases/pack_aa/event_samples/20260722T092243Z_5/samples/7d6ffaa5822da03f/input_hashes.json; releases/pack_aa/event_samples/20260722T092243Z_2/samples/9db01cdd5f1bc783/input_hashes.json; releases/pack_aa/event_samples/20260722T092243Z_2/samples/660021fb118f5f92/input_hashes.json; releases/pack_aa/event_samples/20260722T092243Z_2/samples/fcd9ff83da939385/input_hashes.json; releases/pack_aa/event_samples/20260722T092243Z_2/samples/79ba74fb49c2f8c4/input_hashes.json; releases/pack_aa/event_samples/20260722T092243Z_2/samples/c50900cc55623ce4/input_hashes.json; releases/pack_aa/event_samples/20260722T092243Z_2/samples/4ad3896b59cb0d92/input_hashes.json; releases/pack_aa/event_samples/20260722T092243Z_2/samples/743390d495cb995c/input_hashes.json; releases/pack_aa/event_samples/20260722T092243Z_2/samples/b3f66512c7b91693/input_hashes.json; releases/pack_aa/event_samples/20260722T092243Z_2/samples/7d6ffaa5822da03f/input_hashes.json
run_summary.json	189	scratch/pack_aa_event_bundle_20260722T092243Z_4_clean/samples/9db01cdd5f1bc783/run_summary.json; scratch/pack_aa_event_bundle_20260722T092243Z_4_clean/samples/660021fb118f5f92/run_summary.json; scratch/pack_aa_event_bundle_20260722T092243Z_4_clean/samples/fcd9ff83da939385/run_summary.json; scratch/pack_aa_event_bundle_20260722T092243Z_4_clean/samples/79ba74fb49c2f8c4/run_summary.json; scratch/pack_aa_event_bundle_20260722T092243Z_4_clean/samples/c50900cc55623ce4/run_summary.json; scratch/pack_aa_event_bundle_20260722T092243Z_4_clean/samples/4ad3896b59cb0d92/run_summary.json; scratch/pack_aa_event_bundle_20260722T092243Z_4_clean/samples/743390d495cb995c/run_summary.json; scratch/pack_aa_event_bundle_20260722T092243Z_4_clean/samples/b3f66512c7b91693/run_summary.json; scratch/pack_aa_event_bundle_20260722T092243Z_4_clean/samples/7d6ffaa5822da03f/run_summary.json; scratch/pack_aa_event_bundle_20260722T090049Z_4_clean/samples/9db01cdd5f1bc783/run_summary.json; scratch/pack_aa_event_bundle_20260722T090049Z_4_clean/samples/660021fb118f5f92/run_summary.json; scratch/pack_aa_event_bundle_20260722T090049Z_4_clean/samples/fcd9ff83da939385/run_summary.json; scratch/pack_aa_event_bundle_20260722T090049Z_4_clean/samples/79ba74fb49c2f8c4/run_summary.json; scratch/pack_aa_event_bundle_20260722T090049Z_4_clean/samples/c50900cc55623ce4/run_summary.json; scratch/pack_aa_event_bundle_20260722T090049Z_4_clean/samples/4ad3896b59cb0d92/run_summary.json; scratch/pack_aa_event_bundle_20260722T090049Z_4_clean/samples/743390d495cb995c/run_summary.json; scratch/pack_aa_event_bundle_20260722T090049Z_4_clean/samples/b3f66512c7b91693/run_summary.json; scratch/pack_aa_event_bundle_20260722T090049Z_4_clean/samples/7d6ffaa5822da03f/run_summary.json; scratch/pack_aa_event_bundle_20260722T092243Z_2_clean/samples/9db01cdd5f1bc783/run_summary.json; scratch/pack_aa_event_bundle_20260722T092243Z_2_clean/samples/660021fb118f5f92/run_summary.json; scratch/pack_aa_event_bundle_20260722T092243Z_2_clean/samples/fcd9ff83da939385/run_summary.json; scratch/pack_aa_event_bundle_20260722T092243Z_2_clean/samples/79ba74fb49c2f8c4/run_summary.json; scratch/pack_aa_event_bundle_20260722T092243Z_2_clean/samples/c50900cc55623ce4/run_summary.json; scratch/pack_aa_event_bundle_20260722T092243Z_2_clean/samples/4ad3896b59cb0d92/run_summary.json; scratch/pack_aa_event_bundle_20260722T092243Z_2_clean/samples/743390d495cb995c/run_summary.json; scratch/pack_aa_event_bundle_20260722T092243Z_2_clean/samples/b3f66512c7b91693/run_summary.json; scratch/pack_aa_event_bundle_20260722T092243Z_2_clean/samples/7d6ffaa5822da03f/run_summary.json; scratch/pack_aa_event_bundle_20260722T092243Z_5_clean/samples/9db01cdd5f1bc783/run_summary.json; scratch/pack_aa_event_bundle_20260722T092243Z_5_clean/samples/660021fb118f5f92/run_summary.json; scratch/pack_aa_event_bundle_20260722T092243Z_5_clean/samples/fcd9ff83da939385/run_summary.json; scratch/pack_aa_event_bundle_20260722T092243Z_5_clean/samples/79ba74fb49c2f8c4/run_summary.json; scratch/pack_aa_event_bundle_20260722T092243Z_5_clean/samples/c50900cc55623ce4/run_summary.json; scratch/pack_aa_event_bundle_20260722T092243Z_5_clean/samples/4ad3896b59cb0d92/run_summary.json; scratch/pack_aa_event_bundle_20260722T092243Z_5_clean/samples/743390d495cb995c/run_summary.json; scratch/pack_aa_event_bundle_20260722T092243Z_5_clean/samples/b3f66512c7b91693/run_summary.json; scratch/pack_aa_event_bundle_20260722T092243Z_5_clean/samples/7d6ffaa5822da03f/run_summary.json; pack_aa/runs/20260722T065903Z_248d339eedaede90_ctau50000_mixed/run_summary.json; pack_aa/runs/20260722T064356Z_284a5a239282faa1_ctau1_bb/run_summary.json; pack_aa/runs/20260722T025650Z_ae7e2484805df12f_ctau1_bb/run_summary.json; pack_aa/runs/20260722T063654Z_606d8d2b4004cd81_ctau1000_gamma_gamma/run_summary.json; pack_aa/runs/20260722T031155Z_88a9a1cad5920b09_ctau50000_gamma_gamma/run_summary.json; pack_aa/runs/20260722T071905Z_7d6ffaa5822da03f_ctau1_gamma_gamma/run_summary.json; pack_aa/runs/20260722T064015Z_88a9a1cad5920b09_ctau50000_gamma_gamma/run_summary.json; pack_aa/runs/20260722T063713Z_c3ffb47e5a2c9cb7_ctau1000_mixed/run_summary.json; pack_aa/runs/20260722T071828Z_743390d495cb995c_ctau1000_mixed/run_summary.json; pack_aa/runs/20260722T030354Z_d084dd020a55e309_ctau50000_bb/run_summary.json; pack_aa/runs/20260722T031135Z_d084dd020a55e309_ctau50000_bb/run_summary.json; pack_aa/runs/20260722T071750Z_fcd9ff83da939385_ctau1000_bb/run_summary.json; pack_aa/runs/20260722T030804Z_81a39ac0feb4d05b_ctau1_mixed/run_summary.json; pack_aa/runs/20260722T063844Z_c3ffb47e5a2c9cb7_ctau1000_mixed/run_summary.json; pack_aa/runs/20260722T025624Z_2876a1054a402148_ctau1_gamma_gamma/run_summary.json; pack_aa/runs/20260722T024601Z_2876a1054a402148_ctau1_gamma_gamma/run_summary.json; pack_aa/runs/20260722T065732Z_284a5a239282faa1_ctau1_bb/run_summary.json; pack_aa/runs/20260722T064527Z_248d339eedaede90_ctau50000_mixed/run_summary.json; pack_aa/runs/20260722T030220Z_606d8d2b4004cd81_ctau1000_gamma_gamma/run_summary.json; pack_aa/runs/20260722T030843Z_88a9a1cad5920b09_ctau50000_gamma_gamma/run_summary.json; pack_aa/runs/20260722T065826Z_d084dd020a55e309_ctau50000_bb/run_summary.json; pack_aa/runs/20260722T065751Z_832152aad3bbc905_ctau1_gamma_gamma/run_summary.json; pack_aa/runs/20260722T063749Z_832152aad3bbc905_ctau1_gamma_gamma/run_summary.json; pack_aa/runs/20260722T031056Z_832152aad3bbc905_ctau1_gamma_gamma/run_summary.json; pack_aa/runs/20260722T063730Z_284a5a239282faa1_ctau1_bb/run_summary.json; pack_aa/runs/20260722T065638Z_a26c4736e2d2a28f_ctau1000_bb/run_summary.json; pack_aa/runs/20260722T064450Z_d084dd020a55e309_ctau50000_bb/run_summary.json; pack_aa/runs/20260722T064337Z_c3ffb47e5a2c9cb7_ctau1000_mixed/run_summary.json; pack_aa/runs/20260722T064319Z_606d8d2b4004cd81_ctau1000_gamma_gamma/run_summary.json; pack_aa/runs/20260722T031000Z_606d8d2b4004cd81_ctau1000_gamma_gamma/run_summary.json; pack_aa/runs/20260722T064032Z_248d339eedaede90_ctau50000_mixed/run_summary.json; pack_aa/runs/20260722T071808Z_4ad3896b59cb0d92_ctau1000_gamma_gamma/run_summary.json; pack_aa/runs/20260722T030432Z_248d339eedaede90_ctau50000_mixed/run_summary.json; pack_aa/runs/20260722T024929Z_2876a1054a402148_ctau1_gamma_gamma/run_summary.json; pack_aa/runs/20260722T030413Z_88a9a1cad5920b09_ctau50000_gamma_gamma/run_summary.json; pack_aa/runs/20260722T030657Z_c3ffb47e5a2c9cb7_ctau1000_mixed/run_summary.json; pack_aa/runs/20260722T063956Z_d084dd020a55e309_ctau50000_bb/run_summary.json; pack_aa/runs/20260722T030257Z_284a5a239282faa1_ctau1_bb/run_summary.json; pack_aa/runs/20260722T071705Z_7d6ffaa5822da03f_ctau1_gamma_gamma/run_summary.json; pack_aa/runs/20260722T031037Z_284a5a239282faa1_ctau1_bb/run_summary.json; pack_aa/runs/20260722T030942Z_a26c4736e2d2a28f_ctau1000_bb/run_summary.json; pack_aa/runs/20260722T030901Z_248d339eedaede90_ctau50000_mixed/run_summary.json; pack_aa/runs/20260722T064508Z_88a9a1cad5920b09_ctau50000_gamma_gamma/run_summary.json; pack_aa/runs/20260722T063101Z_81a39ac0feb4d05b_ctau1_mixed/run_summary.json; pack_aa/runs/20260722T065715Z_c3ffb47e5a2c9cb7_ctau1000_mixed/run_summary.json; pack_aa/runs/20260722T071846Z_660021fb118f5f92_ctau1_bb/run_summary.json; pack_aa/runs/20260722T030635Z_606d8d2b4004cd81_ctau1000_gamma_gamma/run_summary.json; pack_aa/runs/20260722T030007Z_8f2b4ab5d4724eed_ctau1_mixed/run_summary.json; pack_aa/runs/20260722T065656Z_606d8d2b4004cd81_ctau1000_gamma_gamma/run_summary.json; pack_aa/runs/20260722T030616Z_a26c4736e2d2a28f_ctau1000_bb/run_summary.json; pack_aa/runs/20260722T065809Z_81a39ac0feb4d05b_ctau1_mixed/run_summary.json; pack_aa/runs/20260722T031215Z_248d339eedaede90_ctau50000_mixed/run_summary.json; pack_aa/runs/20260722T031019Z_c3ffb47e5a2c9cb7_ctau1000_mixed/run_summary.json; pack_aa/runs/20260722T071924Z_c50900cc55623ce4_ctau1_mixed/run_summary.json; pack_aa/runs/20260722T030201Z_a26c4736e2d2a28f_ctau1000_bb/run_summary.json; pack_aa/runs/20260722T063637Z_a26c4736e2d2a28f_ctau1000_bb/run_summary.json; pack_aa/runs/20260722T024640Z_2876a1054a402148_ctau1_gamma_gamma/run_summary.json; pack_aa/runs/20260722T072001Z_b3f66512c7b91693_ctau50000_gamma_gamma/run_summary.json; pack_aa/runs/20260722T064413Z_832152aad3bbc905_ctau1_gamma_gamma/run_summary.json; pack_aa/runs/20260722T030335Z_81a39ac0feb4d05b_ctau1_mixed/run_summary.json; pack_aa/runs/20260722T030316Z_832152aad3bbc905_ctau1_gamma_gamma/run_summary.json; pack_aa/runs/20260722T063920Z_832152aad3bbc905_ctau1_gamma_gamma/run_summary.json; pack_aa/runs/20260722T063902Z_284a5a239282faa1_ctau1_bb/run_summary.json; pack_aa/runs/20260722T064300Z_a26c4736e2d2a28f_ctau1000_bb/run_summary.json; pack_aa/runs/20260722T071941Z_9db01cdd5f1bc783_ctau50000_bb/run_summary.json; pack_aa/runs/20260722T024329Z_2876a1054a402148_ctau1_gamma_gamma/run_summary.json; pack_aa/runs/20260722T031115Z_81a39ac0feb4d05b_ctau1_mixed/run_summary.json; pack_aa/runs/20260722T025924Z_ae7e2484805df12f_ctau1_bb/run_summary.json; pack_aa/runs/20260722T030823Z_d084dd020a55e309_ctau50000_bb/run_summary.json; pack_aa/runs/20260722T063938Z_81a39ac0feb4d05b_ctau1_mixed/run_summary.json; pack_aa/runs/20260722T030742Z_832152aad3bbc905_ctau1_gamma_gamma/run_summary.json; pack_aa/runs/20260722T024444Z_2876a1054a402148_ctau1_gamma_gamma/run_summary.json; pack_aa/runs/20260722T065845Z_88a9a1cad5920b09_ctau50000_gamma_gamma/run_summary.json; pack_aa/runs/20260722T063734Z_c3ffb47e5a2c9cb7_ctau1000_mixed/run_summary.json; pack_aa/runs/20260722T030718Z_284a5a239282faa1_ctau1_bb/run_summary.json; pack_aa/runs/20260722T064431Z_81a39ac0feb4d05b_ctau1_mixed/run_summary.json; pack_aa/runs/20260722T063808Z_a26c4736e2d2a28f_ctau1000_bb/run_summary.json; pack_aa/runs/20260722T063826Z_606d8d2b4004cd81_ctau1000_gamma_gamma/run_summary.json; pack_aa/runs/20260722T024828Z_2876a1054a402148_ctau1_gamma_gamma/run_summary.json; pack_aa/runs/20260722T030239Z_c3ffb47e5a2c9cb7_ctau1000_mixed/run_summary.json; pack_aa/runs/20260722T072019Z_79ba74fb49c2f8c4_ctau50000_mixed/run_summary.json; releases/pack_aa/event_samples/20260722T092243Z_1/samples/9db01cdd5f1bc783/run_summary.json; releases/pack_aa/event_samples/20260722T092243Z_1/samples/660021fb118f5f92/run_summary.json; releases/pack_aa/event_samples/20260722T092243Z_1/samples/fcd9ff83da939385/run_summary.json; releases/pack_aa/event_samples/20260722T092243Z_1/samples/79ba74fb49c2f8c4/run_summary.json; releases/pack_aa/event_samples/20260722T092243Z_1/samples/c50900cc55623ce4/run_summary.json; releases/pack_aa/event_samples/20260722T092243Z_1/samples/4ad3896b59cb0d92/run_summary.json; releases/pack_aa/event_samples/20260722T092243Z_1/samples/743390d495cb995c/run_summary.json; releases/pack_aa/event_samples/20260722T092243Z_1/samples/b3f66512c7b91693/run_summary.json; releases/pack_aa/event_samples/20260722T092243Z_1/samples/7d6ffaa5822da03f/run_summary.json; releases/pack_aa/event_samples/20260722T090049Z_4/samples/9db01cdd5f1bc783/run_summary.json; releases/pack_aa/event_samples/20260722T090049Z_4/samples/660021fb118f5f92/run_summary.json; releases/pack_aa/event_samples/20260722T090049Z_4/samples/fcd9ff83da939385/run_summary.json; releases/pack_aa/event_samples/20260722T090049Z_4/samples/79ba74fb49c2f8c4/run_summary.json; releases/pack_aa/event_samples/20260722T090049Z_4/samples/c50900cc55623ce4/run_summary.json; releases/pack_aa/event_samples/20260722T090049Z_4/samples/4ad3896b59cb0d92/run_summary.json; releases/pack_aa/event_samples/20260722T090049Z_4/samples/743390d495cb995c/run_summary.json; releases/pack_aa/event_samples/20260722T090049Z_4/samples/b3f66512c7b91693/run_summary.json; releases/pack_aa/event_samples/20260722T090049Z_4/samples/7d6ffaa5822da03f/run_summary.json; releases/pack_aa/event_samples/20260722T092243Z/samples/9db01cdd5f1bc783/run_summary.json; releases/pack_aa/event_samples/20260722T092243Z/samples/660021fb118f5f92/run_summary.json; releases/pack_aa/event_samples/20260722T092243Z/samples/fcd9ff83da939385/run_summary.json; releases/pack_aa/event_samples/20260722T092243Z/samples/79ba74fb49c2f8c4/run_summary.json; releases/pack_aa/event_samples/20260722T092243Z/samples/c50900cc55623ce4/run_summary.json; releases/pack_aa/event_samples/20260722T092243Z/samples/4ad3896b59cb0d92/run_summary.json; releases/pack_aa/event_samples/20260722T092243Z/samples/743390d495cb995c/run_summary.json; releases/pack_aa/event_samples/20260722T092243Z/samples/b3f66512c7b91693/run_summary.json; releases/pack_aa/event_samples/20260722T092243Z/samples/7d6ffaa5822da03f/run_summary.json; releases/pack_aa/event_samples/20260722T092243Z_3/samples/9db01cdd5f1bc783/run_summary.json; releases/pack_aa/event_samples/20260722T092243Z_3/samples/660021fb118f5f92/run_summary.json; releases/pack_aa/event_samples/20260722T092243Z_3/samples/fcd9ff83da939385/run_summary.json; releases/pack_aa/event_samples/20260722T092243Z_3/samples/79ba74fb49c2f8c4/run_summary.json; releases/pack_aa/event_samples/20260722T092243Z_3/samples/c50900cc55623ce4/run_summary.json; releases/pack_aa/event_samples/20260722T092243Z_3/samples/4ad3896b59cb0d92/run_summary.json; releases/pack_aa/event_samples/20260722T092243Z_3/samples/743390d495cb995c/run_summary.json; releases/pack_aa/event_samples/20260722T092243Z_3/samples/b3f66512c7b91693/run_summary.json; releases/pack_aa/event_samples/20260722T092243Z_3/samples/7d6ffaa5822da03f/run_summary.json; releases/pack_aa/event_samples/20260722T092243Z_4/samples/9db01cdd5f1bc783/run_summary.json; releases/pack_aa/event_samples/20260722T092243Z_4/samples/660021fb118f5f92/run_summary.json; releases/pack_aa/event_samples/20260722T092243Z_4/samples/fcd9ff83da939385/run_summary.json; releases/pack_aa/event_samples/20260722T092243Z_4/samples/79ba74fb49c2f8c4/run_summary.json; releases/pack_aa/event_samples/20260722T092243Z_4/samples/c50900cc55623ce4/run_summary.json; releases/pack_aa/event_samples/20260722T092243Z_4/samples/4ad3896b59cb0d92/run_summary.json; releases/pack_aa/event_samples/20260722T092243Z_4/samples/743390d495cb995c/run_summary.json; releases/pack_aa/event_samples/20260722T092243Z_4/samples/b3f66512c7b91693/run_summary.json; releases/pack_aa/event_samples/20260722T092243Z_4/samples/7d6ffaa5822da03f/run_summary.json; releases/pack_aa/event_samples/20260722T090049Z_3/samples/9db01cdd5f1bc783/run_summary.json; releases/pack_aa/event_samples/20260722T090049Z_3/samples/660021fb118f5f92/run_summary.json; releases/pack_aa/event_samples/20260722T090049Z_3/samples/fcd9ff83da939385/run_summary.json; releases/pack_aa/event_samples/20260722T090049Z_3/samples/79ba74fb49c2f8c4/run_summary.json; releases/pack_aa/event_samples/20260722T090049Z_3/samples/c50900cc55623ce4/run_summary.json; releases/pack_aa/event_samples/20260722T090049Z_3/samples/4ad3896b59cb0d92/run_summary.json; releases/pack_aa/event_samples/20260722T090049Z_3/samples/743390d495cb995c/run_summary.json; releases/pack_aa/event_samples/20260722T090049Z_3/samples/b3f66512c7b91693/run_summary.json; releases/pack_aa/event_samples/20260722T090049Z_3/samples/7d6ffaa5822da03f/run_summary.json; releases/pack_aa/event_samples/20260722T092243Z_5/samples/9db01cdd5f1bc783/run_summary.json; releases/pack_aa/event_samples/20260722T092243Z_5/samples/660021fb118f5f92/run_summary.json; releases/pack_aa/event_samples/20260722T092243Z_5/samples/fcd9ff83da939385/run_summary.json; releases/pack_aa/event_samples/20260722T092243Z_5/samples/79ba74fb49c2f8c4/run_summary.json; releases/pack_aa/event_samples/20260722T092243Z_5/samples/c50900cc55623ce4/run_summary.json; releases/pack_aa/event_samples/20260722T092243Z_5/samples/4ad3896b59cb0d92/run_summary.json; releases/pack_aa/event_samples/20260722T092243Z_5/samples/743390d495cb995c/run_summary.json; releases/pack_aa/event_samples/20260722T092243Z_5/samples/b3f66512c7b91693/run_summary.json; releases/pack_aa/event_samples/20260722T092243Z_5/samples/7d6ffaa5822da03f/run_summary.json; releases/pack_aa/event_samples/20260722T092243Z_2/samples/9db01cdd5f1bc783/run_summary.json; releases/pack_aa/event_samples/20260722T092243Z_2/samples/660021fb118f5f92/run_summary.json; releases/pack_aa/event_samples/20260722T092243Z_2/samples/fcd9ff83da939385/run_summary.json; releases/pack_aa/event_samples/20260722T092243Z_2/samples/79ba74fb49c2f8c4/run_summary.json; releases/pack_aa/event_samples/20260722T092243Z_2/samples/c50900cc55623ce4/run_summary.json; releases/pack_aa/event_samples/20260722T092243Z_2/samples/4ad3896b59cb0d92/run_summary.json; releases/pack_aa/event_samples/20260722T092243Z_2/samples/743390d495cb995c/run_summary.json; releases/pack_aa/event_samples/20260722T092243Z_2/samples/b3f66512c7b91693/run_summary.json; releases/pack_aa/event_samples/20260722T092243Z_2/samples/7d6ffaa5822da03f/run_summary.json
aa4_lifetime_closure.json	189	scratch/pack_aa_event_bundle_20260722T092243Z_4_clean/samples/9db01cdd5f1bc783/aa4_lifetime_closure.json; scratch/pack_aa_event_bundle_20260722T092243Z_4_clean/samples/660021fb118f5f92/aa4_lifetime_closure.json; scratch/pack_aa_event_bundle_20260722T092243Z_4_clean/samples/fcd9ff83da939385/aa4_lifetime_closure.json; scratch/pack_aa_event_bundle_20260722T092243Z_4_clean/samples/79ba74fb49c2f8c4/aa4_lifetime_closure.json; scratch/pack_aa_event_bundle_20260722T092243Z_4_clean/samples/c50900cc55623ce4/aa4_lifetime_closure.json; scratch/pack_aa_event_bundle_20260722T092243Z_4_clean/samples/4ad3896b59cb0d92/aa4_lifetime_closure.json; scratch/pack_aa_event_bundle_20260722T092243Z_4_clean/samples/743390d495cb995c/aa4_lifetime_closure.json; scratch/pack_aa_event_bundle_20260722T092243Z_4_clean/samples/b3f66512c7b91693/aa4_lifetime_closure.json; scratch/pack_aa_event_bundle_20260722T092243Z_4_clean/samples/7d6ffaa5822da03f/aa4_lifetime_closure.json; scratch/pack_aa_event_bundle_20260722T090049Z_4_clean/samples/9db01cdd5f1bc783/aa4_lifetime_closure.json; scratch/pack_aa_event_bundle_20260722T090049Z_4_clean/samples/660021fb118f5f92/aa4_lifetime_closure.json; scratch/pack_aa_event_bundle_20260722T090049Z_4_clean/samples/fcd9ff83da939385/aa4_lifetime_closure.json; scratch/pack_aa_event_bundle_20260722T090049Z_4_clean/samples/79ba74fb49c2f8c4/aa4_lifetime_closure.json; scratch/pack_aa_event_bundle_20260722T090049Z_4_clean/samples/c50900cc55623ce4/aa4_lifetime_closure.json; scratch/pack_aa_event_bundle_20260722T090049Z_4_clean/samples/4ad3896b59cb0d92/aa4_lifetime_closure.json; scratch/pack_aa_event_bundle_20260722T090049Z_4_clean/samples/743390d495cb995c/aa4_lifetime_closure.json; scratch/pack_aa_event_bundle_20260722T090049Z_4_clean/samples/b3f66512c7b91693/aa4_lifetime_closure.json; scratch/pack_aa_event_bundle_20260722T090049Z_4_clean/samples/7d6ffaa5822da03f/aa4_lifetime_closure.json; scratch/pack_aa_event_bundle_20260722T092243Z_2_clean/samples/9db01cdd5f1bc783/aa4_lifetime_closure.json; scratch/pack_aa_event_bundle_20260722T092243Z_2_clean/samples/660021fb118f5f92/aa4_lifetime_closure.json; scratch/pack_aa_event_bundle_20260722T092243Z_2_clean/samples/fcd9ff83da939385/aa4_lifetime_closure.json; scratch/pack_aa_event_bundle_20260722T092243Z_2_clean/samples/79ba74fb49c2f8c4/aa4_lifetime_closure.json; scratch/pack_aa_event_bundle_20260722T092243Z_2_clean/samples/c50900cc55623ce4/aa4_lifetime_closure.json; scratch/pack_aa_event_bundle_20260722T092243Z_2_clean/samples/4ad3896b59cb0d92/aa4_lifetime_closure.json; scratch/pack_aa_event_bundle_20260722T092243Z_2_clean/samples/743390d495cb995c/aa4_lifetime_closure.json; scratch/pack_aa_event_bundle_20260722T092243Z_2_clean/samples/b3f66512c7b91693/aa4_lifetime_closure.json; scratch/pack_aa_event_bundle_20260722T092243Z_2_clean/samples/7d6ffaa5822da03f/aa4_lifetime_closure.json; scratch/pack_aa_event_bundle_20260722T092243Z_5_clean/samples/9db01cdd5f1bc783/aa4_lifetime_closure.json; scratch/pack_aa_event_bundle_20260722T092243Z_5_clean/samples/660021fb118f5f92/aa4_lifetime_closure.json; scratch/pack_aa_event_bundle_20260722T092243Z_5_clean/samples/fcd9ff83da939385/aa4_lifetime_closure.json; scratch/pack_aa_event_bundle_20260722T092243Z_5_clean/samples/79ba74fb49c2f8c4/aa4_lifetime_closure.json; scratch/pack_aa_event_bundle_20260722T092243Z_5_clean/samples/c50900cc55623ce4/aa4_lifetime_closure.json; scratch/pack_aa_event_bundle_20260722T092243Z_5_clean/samples/4ad3896b59cb0d92/aa4_lifetime_closure.json; scratch/pack_aa_event_bundle_20260722T092243Z_5_clean/samples/743390d495cb995c/aa4_lifetime_closure.json; scratch/pack_aa_event_bundle_20260722T092243Z_5_clean/samples/b3f66512c7b91693/aa4_lifetime_closure.json; scratch/pack_aa_event_bundle_20260722T092243Z_5_clean/samples/7d6ffaa5822da03f/aa4_lifetime_closure.json; pack_aa/runs/20260722T065903Z_248d339eedaede90_ctau50000_mixed/aa4_lifetime_closure.json; pack_aa/runs/20260722T064356Z_284a5a239282faa1_ctau1_bb/aa4_lifetime_closure.json; pack_aa/runs/20260722T025650Z_ae7e2484805df12f_ctau1_bb/aa4_lifetime_closure.json; pack_aa/runs/20260722T063654Z_606d8d2b4004cd81_ctau1000_gamma_gamma/aa4_lifetime_closure.json; pack_aa/runs/20260722T031155Z_88a9a1cad5920b09_ctau50000_gamma_gamma/aa4_lifetime_closure.json; pack_aa/runs/20260722T071905Z_7d6ffaa5822da03f_ctau1_gamma_gamma/aa4_lifetime_closure.json; pack_aa/runs/20260722T064015Z_88a9a1cad5920b09_ctau50000_gamma_gamma/aa4_lifetime_closure.json; pack_aa/runs/20260722T063713Z_c3ffb47e5a2c9cb7_ctau1000_mixed/aa4_lifetime_closure.json; pack_aa/runs/20260722T071828Z_743390d495cb995c_ctau1000_mixed/aa4_lifetime_closure.json; pack_aa/runs/20260722T030354Z_d084dd020a55e309_ctau50000_bb/aa4_lifetime_closure.json; pack_aa/runs/20260722T031135Z_d084dd020a55e309_ctau50000_bb/aa4_lifetime_closure.json; pack_aa/runs/20260722T071750Z_fcd9ff83da939385_ctau1000_bb/aa4_lifetime_closure.json; pack_aa/runs/20260722T030804Z_81a39ac0feb4d05b_ctau1_mixed/aa4_lifetime_closure.json; pack_aa/runs/20260722T063844Z_c3ffb47e5a2c9cb7_ctau1000_mixed/aa4_lifetime_closure.json; pack_aa/runs/20260722T025624Z_2876a1054a402148_ctau1_gamma_gamma/aa4_lifetime_closure.json; pack_aa/runs/20260722T024601Z_2876a1054a402148_ctau1_gamma_gamma/aa4_lifetime_closure.json; pack_aa/runs/20260722T065732Z_284a5a239282faa1_ctau1_bb/aa4_lifetime_closure.json; pack_aa/runs/20260722T064527Z_248d339eedaede90_ctau50000_mixed/aa4_lifetime_closure.json; pack_aa/runs/20260722T030220Z_606d8d2b4004cd81_ctau1000_gamma_gamma/aa4_lifetime_closure.json; pack_aa/runs/20260722T030843Z_88a9a1cad5920b09_ctau50000_gamma_gamma/aa4_lifetime_closure.json; pack_aa/runs/20260722T065826Z_d084dd020a55e309_ctau50000_bb/aa4_lifetime_closure.json; pack_aa/runs/20260722T065751Z_832152aad3bbc905_ctau1_gamma_gamma/aa4_lifetime_closure.json; pack_aa/runs/20260722T063749Z_832152aad3bbc905_ctau1_gamma_gamma/aa4_lifetime_closure.json; pack_aa/runs/20260722T031056Z_832152aad3bbc905_ctau1_gamma_gamma/aa4_lifetime_closure.json; pack_aa/runs/20260722T063730Z_284a5a239282faa1_ctau1_bb/aa4_lifetime_closure.json; pack_aa/runs/20260722T065638Z_a26c4736e2d2a28f_ctau1000_bb/aa4_lifetime_closure.json; pack_aa/runs/20260722T064450Z_d084dd020a55e309_ctau50000_bb/aa4_lifetime_closure.json; pack_aa/runs/20260722T064337Z_c3ffb47e5a2c9cb7_ctau1000_mixed/aa4_lifetime_closure.json; pack_aa/runs/20260722T064319Z_606d8d2b4004cd81_ctau1000_gamma_gamma/aa4_lifetime_closure.json; pack_aa/runs/20260722T031000Z_606d8d2b4004cd81_ctau1000_gamma_gamma/aa4_lifetime_closure.json; pack_aa/runs/20260722T064032Z_248d339eedaede90_ctau50000_mixed/aa4_lifetime_closure.json; pack_aa/runs/20260722T071808Z_4ad3896b59cb0d92_ctau1000_gamma_gamma/aa4_lifetime_closure.json; pack_aa/runs/20260722T030432Z_248d339eedaede90_ctau50000_mixed/aa4_lifetime_closure.json; pack_aa/runs/20260722T024929Z_2876a1054a402148_ctau1_gamma_gamma/aa4_lifetime_closure.json; pack_aa/runs/20260722T030413Z_88a9a1cad5920b09_ctau50000_gamma_gamma/aa4_lifetime_closure.json; pack_aa/runs/20260722T030657Z_c3ffb47e5a2c9cb7_ctau1000_mixed/aa4_lifetime_closure.json; pack_aa/runs/20260722T063956Z_d084dd020a55e309_ctau50000_bb/aa4_lifetime_closure.json; pack_aa/runs/20260722T030257Z_284a5a239282faa1_ctau1_bb/aa4_lifetime_closure.json; pack_aa/runs/20260722T071705Z_7d6ffaa5822da03f_ctau1_gamma_gamma/aa4_lifetime_closure.json; pack_aa/runs/20260722T031037Z_284a5a239282faa1_ctau1_bb/aa4_lifetime_closure.json; pack_aa/runs/20260722T030942Z_a26c4736e2d2a28f_ctau1000_bb/aa4_lifetime_closure.json; pack_aa/runs/20260722T030901Z_248d339eedaede90_ctau50000_mixed/aa4_lifetime_closure.json; pack_aa/runs/20260722T064508Z_88a9a1cad5920b09_ctau50000_gamma_gamma/aa4_lifetime_closure.json; pack_aa/runs/20260722T063101Z_81a39ac0feb4d05b_ctau1_mixed/aa4_lifetime_closure.json; pack_aa/runs/20260722T065715Z_c3ffb47e5a2c9cb7_ctau1000_mixed/aa4_lifetime_closure.json; pack_aa/runs/20260722T071846Z_660021fb118f5f92_ctau1_bb/aa4_lifetime_closure.json; pack_aa/runs/20260722T030635Z_606d8d2b4004cd81_ctau1000_gamma_gamma/aa4_lifetime_closure.json; pack_aa/runs/20260722T030007Z_8f2b4ab5d4724eed_ctau1_mixed/aa4_lifetime_closure.json; pack_aa/runs/20260722T065656Z_606d8d2b4004cd81_ctau1000_gamma_gamma/aa4_lifetime_closure.json; pack_aa/runs/20260722T030616Z_a26c4736e2d2a28f_ctau1000_bb/aa4_lifetime_closure.json; pack_aa/runs/20260722T065809Z_81a39ac0feb4d05b_ctau1_mixed/aa4_lifetime_closure.json; pack_aa/runs/20260722T031215Z_248d339eedaede90_ctau50000_mixed/aa4_lifetime_closure.json; pack_aa/runs/20260722T031019Z_c3ffb47e5a2c9cb7_ctau1000_mixed/aa4_lifetime_closure.json; pack_aa/runs/20260722T071924Z_c50900cc55623ce4_ctau1_mixed/aa4_lifetime_closure.json; pack_aa/runs/20260722T030201Z_a26c4736e2d2a28f_ctau1000_bb/aa4_lifetime_closure.json; pack_aa/runs/20260722T063637Z_a26c4736e2d2a28f_ctau1000_bb/aa4_lifetime_closure.json; pack_aa/runs/20260722T024640Z_2876a1054a402148_ctau1_gamma_gamma/aa4_lifetime_closure.json; pack_aa/runs/20260722T072001Z_b3f66512c7b91693_ctau50000_gamma_gamma/aa4_lifetime_closure.json; pack_aa/runs/20260722T064413Z_832152aad3bbc905_ctau1_gamma_gamma/aa4_lifetime_closure.json; pack_aa/runs/20260722T030335Z_81a39ac0feb4d05b_ctau1_mixed/aa4_lifetime_closure.json; pack_aa/runs/20260722T030316Z_832152aad3bbc905_ctau1_gamma_gamma/aa4_lifetime_closure.json; pack_aa/runs/20260722T063920Z_832152aad3bbc905_ctau1_gamma_gamma/aa4_lifetime_closure.json; pack_aa/runs/20260722T063902Z_284a5a239282faa1_ctau1_bb/aa4_lifetime_closure.json; pack_aa/runs/20260722T064300Z_a26c4736e2d2a28f_ctau1000_bb/aa4_lifetime_closure.json; pack_aa/runs/20260722T071941Z_9db01cdd5f1bc783_ctau50000_bb/aa4_lifetime_closure.json; pack_aa/runs/20260722T024329Z_2876a1054a402148_ctau1_gamma_gamma/aa4_lifetime_closure.json; pack_aa/runs/20260722T031115Z_81a39ac0feb4d05b_ctau1_mixed/aa4_lifetime_closure.json; pack_aa/runs/20260722T025924Z_ae7e2484805df12f_ctau1_bb/aa4_lifetime_closure.json; pack_aa/runs/20260722T030823Z_d084dd020a55e309_ctau50000_bb/aa4_lifetime_closure.json; pack_aa/runs/20260722T063938Z_81a39ac0feb4d05b_ctau1_mixed/aa4_lifetime_closure.json; pack_aa/runs/20260722T030742Z_832152aad3bbc905_ctau1_gamma_gamma/aa4_lifetime_closure.json; pack_aa/runs/20260722T024444Z_2876a1054a402148_ctau1_gamma_gamma/aa4_lifetime_closure.json; pack_aa/runs/20260722T065845Z_88a9a1cad5920b09_ctau50000_gamma_gamma/aa4_lifetime_closure.json; pack_aa/runs/20260722T063734Z_c3ffb47e5a2c9cb7_ctau1000_mixed/aa4_lifetime_closure.json; pack_aa/runs/20260722T030718Z_284a5a239282faa1_ctau1_bb/aa4_lifetime_closure.json; pack_aa/runs/20260722T064431Z_81a39ac0feb4d05b_ctau1_mixed/aa4_lifetime_closure.json; pack_aa/runs/20260722T063808Z_a26c4736e2d2a28f_ctau1000_bb/aa4_lifetime_closure.json; pack_aa/runs/20260722T063826Z_606d8d2b4004cd81_ctau1000_gamma_gamma/aa4_lifetime_closure.json; pack_aa/runs/20260722T024828Z_2876a1054a402148_ctau1_gamma_gamma/aa4_lifetime_closure.json; pack_aa/runs/20260722T030239Z_c3ffb47e5a2c9cb7_ctau1000_mixed/aa4_lifetime_closure.json; pack_aa/runs/20260722T072019Z_79ba74fb49c2f8c4_ctau50000_mixed/aa4_lifetime_closure.json; releases/pack_aa/event_samples/20260722T092243Z_1/samples/9db01cdd5f1bc783/aa4_lifetime_closure.json; releases/pack_aa/event_samples/20260722T092243Z_1/samples/660021fb118f5f92/aa4_lifetime_closure.json; releases/pack_aa/event_samples/20260722T092243Z_1/samples/fcd9ff83da939385/aa4_lifetime_closure.json; releases/pack_aa/event_samples/20260722T092243Z_1/samples/79ba74fb49c2f8c4/aa4_lifetime_closure.json; releases/pack_aa/event_samples/20260722T092243Z_1/samples/c50900cc55623ce4/aa4_lifetime_closure.json; releases/pack_aa/event_samples/20260722T092243Z_1/samples/4ad3896b59cb0d92/aa4_lifetime_closure.json; releases/pack_aa/event_samples/20260722T092243Z_1/samples/743390d495cb995c/aa4_lifetime_closure.json; releases/pack_aa/event_samples/20260722T092243Z_1/samples/b3f66512c7b91693/aa4_lifetime_closure.json; releases/pack_aa/event_samples/20260722T092243Z_1/samples/7d6ffaa5822da03f/aa4_lifetime_closure.json; releases/pack_aa/event_samples/20260722T090049Z_4/samples/9db01cdd5f1bc783/aa4_lifetime_closure.json; releases/pack_aa/event_samples/20260722T090049Z_4/samples/660021fb118f5f92/aa4_lifetime_closure.json; releases/pack_aa/event_samples/20260722T090049Z_4/samples/fcd9ff83da939385/aa4_lifetime_closure.json; releases/pack_aa/event_samples/20260722T090049Z_4/samples/79ba74fb49c2f8c4/aa4_lifetime_closure.json; releases/pack_aa/event_samples/20260722T090049Z_4/samples/c50900cc55623ce4/aa4_lifetime_closure.json; releases/pack_aa/event_samples/20260722T090049Z_4/samples/4ad3896b59cb0d92/aa4_lifetime_closure.json; releases/pack_aa/event_samples/20260722T090049Z_4/samples/743390d495cb995c/aa4_lifetime_closure.json; releases/pack_aa/event_samples/20260722T090049Z_4/samples/b3f66512c7b91693/aa4_lifetime_closure.json; releases/pack_aa/event_samples/20260722T090049Z_4/samples/7d6ffaa5822da03f/aa4_lifetime_closure.json; releases/pack_aa/event_samples/20260722T092243Z/samples/9db01cdd5f1bc783/aa4_lifetime_closure.json; releases/pack_aa/event_samples/20260722T092243Z/samples/660021fb118f5f92/aa4_lifetime_closure.json; releases/pack_aa/event_samples/20260722T092243Z/samples/fcd9ff83da939385/aa4_lifetime_closure.json; releases/pack_aa/event_samples/20260722T092243Z/samples/79ba74fb49c2f8c4/aa4_lifetime_closure.json; releases/pack_aa/event_samples/20260722T092243Z/samples/c50900cc55623ce4/aa4_lifetime_closure.json; releases/pack_aa/event_samples/20260722T092243Z/samples/4ad3896b59cb0d92/aa4_lifetime_closure.json; releases/pack_aa/event_samples/20260722T092243Z/samples/743390d495cb995c/aa4_lifetime_closure.json; releases/pack_aa/event_samples/20260722T092243Z/samples/b3f66512c7b91693/aa4_lifetime_closure.json; releases/pack_aa/event_samples/20260722T092243Z/samples/7d6ffaa5822da03f/aa4_lifetime_closure.json; releases/pack_aa/event_samples/20260722T092243Z_3/samples/9db01cdd5f1bc783/aa4_lifetime_closure.json; releases/pack_aa/event_samples/20260722T092243Z_3/samples/660021fb118f5f92/aa4_lifetime_closure.json; releases/pack_aa/event_samples/20260722T092243Z_3/samples/fcd9ff83da939385/aa4_lifetime_closure.json; releases/pack_aa/event_samples/20260722T092243Z_3/samples/79ba74fb49c2f8c4/aa4_lifetime_closure.json; releases/pack_aa/event_samples/20260722T092243Z_3/samples/c50900cc55623ce4/aa4_lifetime_closure.json; releases/pack_aa/event_samples/20260722T092243Z_3/samples/4ad3896b59cb0d92/aa4_lifetime_closure.json; releases/pack_aa/event_samples/20260722T092243Z_3/samples/743390d495cb995c/aa4_lifetime_closure.json; releases/pack_aa/event_samples/20260722T092243Z_3/samples/b3f66512c7b91693/aa4_lifetime_closure.json; releases/pack_aa/event_samples/20260722T092243Z_3/samples/7d6ffaa5822da03f/aa4_lifetime_closure.json; releases/pack_aa/event_samples/20260722T092243Z_4/samples/9db01cdd5f1bc783/aa4_lifetime_closure.json; releases/pack_aa/event_samples/20260722T092243Z_4/samples/660021fb118f5f92/aa4_lifetime_closure.json; releases/pack_aa/event_samples/20260722T092243Z_4/samples/fcd9ff83da939385/aa4_lifetime_closure.json; releases/pack_aa/event_samples/20260722T092243Z_4/samples/79ba74fb49c2f8c4/aa4_lifetime_closure.json; releases/pack_aa/event_samples/20260722T092243Z_4/samples/c50900cc55623ce4/aa4_lifetime_closure.json; releases/pack_aa/event_samples/20260722T092243Z_4/samples/4ad3896b59cb0d92/aa4_lifetime_closure.json; releases/pack_aa/event_samples/20260722T092243Z_4/samples/743390d495cb995c/aa4_lifetime_closure.json; releases/pack_aa/event_samples/20260722T092243Z_4/samples/b3f66512c7b91693/aa4_lifetime_closure.json; releases/pack_aa/event_samples/20260722T092243Z_4/samples/7d6ffaa5822da03f/aa4_lifetime_closure.json; releases/pack_aa/event_samples/20260722T090049Z_3/samples/9db01cdd5f1bc783/aa4_lifetime_closure.json; releases/pack_aa/event_samples/20260722T090049Z_3/samples/660021fb118f5f92/aa4_lifetime_closure.json; releases/pack_aa/event_samples/20260722T090049Z_3/samples/fcd9ff83da939385/aa4_lifetime_closure.json; releases/pack_aa/event_samples/20260722T090049Z_3/samples/79ba74fb49c2f8c4/aa4_lifetime_closure.json; releases/pack_aa/event_samples/20260722T090049Z_3/samples/c50900cc55623ce4/aa4_lifetime_closure.json; releases/pack_aa/event_samples/20260722T090049Z_3/samples/4ad3896b59cb0d92/aa4_lifetime_closure.json; releases/pack_aa/event_samples/20260722T090049Z_3/samples/743390d495cb995c/aa4_lifetime_closure.json; releases/pack_aa/event_samples/20260722T090049Z_3/samples/b3f66512c7b91693/aa4_lifetime_closure.json; releases/pack_aa/event_samples/20260722T090049Z_3/samples/7d6ffaa5822da03f/aa4_lifetime_closure.json; releases/pack_aa/event_samples/20260722T092243Z_5/samples/9db01cdd5f1bc783/aa4_lifetime_closure.json; releases/pack_aa/event_samples/20260722T092243Z_5/samples/660021fb118f5f92/aa4_lifetime_closure.json; releases/pack_aa/event_samples/20260722T092243Z_5/samples/fcd9ff83da939385/aa4_lifetime_closure.json; releases/pack_aa/event_samples/20260722T092243Z_5/samples/79ba74fb49c2f8c4/aa4_lifetime_closure.json; releases/pack_aa/event_samples/20260722T092243Z_5/samples/c50900cc55623ce4/aa4_lifetime_closure.json; releases/pack_aa/event_samples/20260722T092243Z_5/samples/4ad3896b59cb0d92/aa4_lifetime_closure.json; releases/pack_aa/event_samples/20260722T092243Z_5/samples/743390d495cb995c/aa4_lifetime_closure.json; releases/pack_aa/event_samples/20260722T092243Z_5/samples/b3f66512c7b91693/aa4_lifetime_closure.json; releases/pack_aa/event_samples/20260722T092243Z_5/samples/7d6ffaa5822da03f/aa4_lifetime_closure.json; releases/pack_aa/event_samples/20260722T092243Z_2/samples/9db01cdd5f1bc783/aa4_lifetime_closure.json; releases/pack_aa/event_samples/20260722T092243Z_2/samples/660021fb118f5f92/aa4_lifetime_closure.json; releases/pack_aa/event_samples/20260722T092243Z_2/samples/fcd9ff83da939385/aa4_lifetime_closure.json; releases/pack_aa/event_samples/20260722T092243Z_2/samples/79ba74fb49c2f8c4/aa4_lifetime_closure.json; releases/pack_aa/event_samples/20260722T092243Z_2/samples/c50900cc55623ce4/aa4_lifetime_closure.json; releases/pack_aa/event_samples/20260722T092243Z_2/samples/4ad3896b59cb0d92/aa4_lifetime_closure.json; releases/pack_aa/event_samples/20260722T092243Z_2/samples/743390d495cb995c/aa4_lifetime_closure.json; releases/pack_aa/event_samples/20260722T092243Z_2/samples/b3f66512c7b91693/aa4_lifetime_closure.json; releases/pack_aa/event_samples/20260722T092243Z_2/samples/7d6ffaa5822da03f/aa4_lifetime_closure.json
aa5_branching_fraction_table.json	189	scratch/pack_aa_event_bundle_20260722T092243Z_4_clean/samples/9db01cdd5f1bc783/aa5_branching_fraction_table.json; scratch/pack_aa_event_bundle_20260722T092243Z_4_clean/samples/660021fb118f5f92/aa5_branching_fraction_table.json; scratch/pack_aa_event_bundle_20260722T092243Z_4_clean/samples/fcd9ff83da939385/aa5_branching_fraction_table.json; scratch/pack_aa_event_bundle_20260722T092243Z_4_clean/samples/79ba74fb49c2f8c4/aa5_branching_fraction_table.json; scratch/pack_aa_event_bundle_20260722T092243Z_4_clean/samples/c50900cc55623ce4/aa5_branching_fraction_table.json; scratch/pack_aa_event_bundle_20260722T092243Z_4_clean/samples/4ad3896b59cb0d92/aa5_branching_fraction_table.json; scratch/pack_aa_event_bundle_20260722T092243Z_4_clean/samples/743390d495cb995c/aa5_branching_fraction_table.json; scratch/pack_aa_event_bundle_20260722T092243Z_4_clean/samples/b3f66512c7b91693/aa5_branching_fraction_table.json; scratch/pack_aa_event_bundle_20260722T092243Z_4_clean/samples/7d6ffaa5822da03f/aa5_branching_fraction_table.json; scratch/pack_aa_event_bundle_20260722T090049Z_4_clean/samples/9db01cdd5f1bc783/aa5_branching_fraction_table.json; scratch/pack_aa_event_bundle_20260722T090049Z_4_clean/samples/660021fb118f5f92/aa5_branching_fraction_table.json; scratch/pack_aa_event_bundle_20260722T090049Z_4_clean/samples/fcd9ff83da939385/aa5_branching_fraction_table.json; scratch/pack_aa_event_bundle_20260722T090049Z_4_clean/samples/79ba74fb49c2f8c4/aa5_branching_fraction_table.json; scratch/pack_aa_event_bundle_20260722T090049Z_4_clean/samples/c50900cc55623ce4/aa5_branching_fraction_table.json; scratch/pack_aa_event_bundle_20260722T090049Z_4_clean/samples/4ad3896b59cb0d92/aa5_branching_fraction_table.json; scratch/pack_aa_event_bundle_20260722T090049Z_4_clean/samples/743390d495cb995c/aa5_branching_fraction_table.json; scratch/pack_aa_event_bundle_20260722T090049Z_4_clean/samples/b3f66512c7b91693/aa5_branching_fraction_table.json; scratch/pack_aa_event_bundle_20260722T090049Z_4_clean/samples/7d6ffaa5822da03f/aa5_branching_fraction_table.json; scratch/pack_aa_event_bundle_20260722T092243Z_2_clean/samples/9db01cdd5f1bc783/aa5_branching_fraction_table.json; scratch/pack_aa_event_bundle_20260722T092243Z_2_clean/samples/660021fb118f5f92/aa5_branching_fraction_table.json; scratch/pack_aa_event_bundle_20260722T092243Z_2_clean/samples/fcd9ff83da939385/aa5_branching_fraction_table.json; scratch/pack_aa_event_bundle_20260722T092243Z_2_clean/samples/79ba74fb49c2f8c4/aa5_branching_fraction_table.json; scratch/pack_aa_event_bundle_20260722T092243Z_2_clean/samples/c50900cc55623ce4/aa5_branching_fraction_table.json; scratch/pack_aa_event_bundle_20260722T092243Z_2_clean/samples/4ad3896b59cb0d92/aa5_branching_fraction_table.json; scratch/pack_aa_event_bundle_20260722T092243Z_2_clean/samples/743390d495cb995c/aa5_branching_fraction_table.json; scratch/pack_aa_event_bundle_20260722T092243Z_2_clean/samples/b3f66512c7b91693/aa5_branching_fraction_table.json; scratch/pack_aa_event_bundle_20260722T092243Z_2_clean/samples/7d6ffaa5822da03f/aa5_branching_fraction_table.json; scratch/pack_aa_event_bundle_20260722T092243Z_5_clean/samples/9db01cdd5f1bc783/aa5_branching_fraction_table.json; scratch/pack_aa_event_bundle_20260722T092243Z_5_clean/samples/660021fb118f5f92/aa5_branching_fraction_table.json; scratch/pack_aa_event_bundle_20260722T092243Z_5_clean/samples/fcd9ff83da939385/aa5_branching_fraction_table.json; scratch/pack_aa_event_bundle_20260722T092243Z_5_clean/samples/79ba74fb49c2f8c4/aa5_branching_fraction_table.json; scratch/pack_aa_event_bundle_20260722T092243Z_5_clean/samples/c50900cc55623ce4/aa5_branching_fraction_table.json; scratch/pack_aa_event_bundle_20260722T092243Z_5_clean/samples/4ad3896b59cb0d92/aa5_branching_fraction_table.json; scratch/pack_aa_event_bundle_20260722T092243Z_5_clean/samples/743390d495cb995c/aa5_branching_fraction_table.json; scratch/pack_aa_event_bundle_20260722T092243Z_5_clean/samples/b3f66512c7b91693/aa5_branching_fraction_table.json; scratch/pack_aa_event_bundle_20260722T092243Z_5_clean/samples/7d6ffaa5822da03f/aa5_branching_fraction_table.json; pack_aa/runs/20260722T065903Z_248d339eedaede90_ctau50000_mixed/aa5_branching_fraction_table.json; pack_aa/runs/20260722T064356Z_284a5a239282faa1_ctau1_bb/aa5_branching_fraction_table.json; pack_aa/runs/20260722T025650Z_ae7e2484805df12f_ctau1_bb/aa5_branching_fraction_table.json; pack_aa/runs/20260722T063654Z_606d8d2b4004cd81_ctau1000_gamma_gamma/aa5_branching_fraction_table.json; pack_aa/runs/20260722T031155Z_88a9a1cad5920b09_ctau50000_gamma_gamma/aa5_branching_fraction_table.json; pack_aa/runs/20260722T071905Z_7d6ffaa5822da03f_ctau1_gamma_gamma/aa5_branching_fraction_table.json; pack_aa/runs/20260722T064015Z_88a9a1cad5920b09_ctau50000_gamma_gamma/aa5_branching_fraction_table.json; pack_aa/runs/20260722T063713Z_c3ffb47e5a2c9cb7_ctau1000_mixed/aa5_branching_fraction_table.json; pack_aa/runs/20260722T071828Z_743390d495cb995c_ctau1000_mixed/aa5_branching_fraction_table.json; pack_aa/runs/20260722T030354Z_d084dd020a55e309_ctau50000_bb/aa5_branching_fraction_table.json; pack_aa/runs/20260722T031135Z_d084dd020a55e309_ctau50000_bb/aa5_branching_fraction_table.json; pack_aa/runs/20260722T071750Z_fcd9ff83da939385_ctau1000_bb/aa5_branching_fraction_table.json; pack_aa/runs/20260722T030804Z_81a39ac0feb4d05b_ctau1_mixed/aa5_branching_fraction_table.json; pack_aa/runs/20260722T063844Z_c3ffb47e5a2c9cb7_ctau1000_mixed/aa5_branching_fraction_table.json; pack_aa/runs/20260722T025624Z_2876a1054a402148_ctau1_gamma_gamma/aa5_branching_fraction_table.json; pack_aa/runs/20260722T024601Z_2876a1054a402148_ctau1_gamma_gamma/aa5_branching_fraction_table.json; pack_aa/runs/20260722T065732Z_284a5a239282faa1_ctau1_bb/aa5_branching_fraction_table.json; pack_aa/runs/20260722T064527Z_248d339eedaede90_ctau50000_mixed/aa5_branching_fraction_table.json; pack_aa/runs/20260722T030220Z_606d8d2b4004cd81_ctau1000_gamma_gamma/aa5_branching_fraction_table.json; pack_aa/runs/20260722T030843Z_88a9a1cad5920b09_ctau50000_gamma_gamma/aa5_branching_fraction_table.json; pack_aa/runs/20260722T065826Z_d084dd020a55e309_ctau50000_bb/aa5_branching_fraction_table.json; pack_aa/runs/20260722T065751Z_832152aad3bbc905_ctau1_gamma_gamma/aa5_branching_fraction_table.json; pack_aa/runs/20260722T063749Z_832152aad3bbc905_ctau1_gamma_gamma/aa5_branching_fraction_table.json; pack_aa/runs/20260722T031056Z_832152aad3bbc905_ctau1_gamma_gamma/aa5_branching_fraction_table.json; pack_aa/runs/20260722T063730Z_284a5a239282faa1_ctau1_bb/aa5_branching_fraction_table.json; pack_aa/runs/20260722T065638Z_a26c4736e2d2a28f_ctau1000_bb/aa5_branching_fraction_table.json; pack_aa/runs/20260722T064450Z_d084dd020a55e309_ctau50000_bb/aa5_branching_fraction_table.json; pack_aa/runs/20260722T064337Z_c3ffb47e5a2c9cb7_ctau1000_mixed/aa5_branching_fraction_table.json; pack_aa/runs/20260722T064319Z_606d8d2b4004cd81_ctau1000_gamma_gamma/aa5_branching_fraction_table.json; pack_aa/runs/20260722T031000Z_606d8d2b4004cd81_ctau1000_gamma_gamma/aa5_branching_fraction_table.json; pack_aa/runs/20260722T064032Z_248d339eedaede90_ctau50000_mixed/aa5_branching_fraction_table.json; pack_aa/runs/20260722T071808Z_4ad3896b59cb0d92_ctau1000_gamma_gamma/aa5_branching_fraction_table.json; pack_aa/runs/20260722T030432Z_248d339eedaede90_ctau50000_mixed/aa5_branching_fraction_table.json; pack_aa/runs/20260722T024929Z_2876a1054a402148_ctau1_gamma_gamma/aa5_branching_fraction_table.json; pack_aa/runs/20260722T030413Z_88a9a1cad5920b09_ctau50000_gamma_gamma/aa5_branching_fraction_table.json; pack_aa/runs/20260722T030657Z_c3ffb47e5a2c9cb7_ctau1000_mixed/aa5_branching_fraction_table.json; pack_aa/runs/20260722T063956Z_d084dd020a55e309_ctau50000_bb/aa5_branching_fraction_table.json; pack_aa/runs/20260722T030257Z_284a5a239282faa1_ctau1_bb/aa5_branching_fraction_table.json; pack_aa/runs/20260722T071705Z_7d6ffaa5822da03f_ctau1_gamma_gamma/aa5_branching_fraction_table.json; pack_aa/runs/20260722T031037Z_284a5a239282faa1_ctau1_bb/aa5_branching_fraction_table.json; pack_aa/runs/20260722T030942Z_a26c4736e2d2a28f_ctau1000_bb/aa5_branching_fraction_table.json; pack_aa/runs/20260722T030901Z_248d339eedaede90_ctau50000_mixed/aa5_branching_fraction_table.json; pack_aa/runs/20260722T064508Z_88a9a1cad5920b09_ctau50000_gamma_gamma/aa5_branching_fraction_table.json; pack_aa/runs/20260722T063101Z_81a39ac0feb4d05b_ctau1_mixed/aa5_branching_fraction_table.json; pack_aa/runs/20260722T065715Z_c3ffb47e5a2c9cb7_ctau1000_mixed/aa5_branching_fraction_table.json; pack_aa/runs/20260722T071846Z_660021fb118f5f92_ctau1_bb/aa5_branching_fraction_table.json; pack_aa/runs/20260722T030635Z_606d8d2b4004cd81_ctau1000_gamma_gamma/aa5_branching_fraction_table.json; pack_aa/runs/20260722T030007Z_8f2b4ab5d4724eed_ctau1_mixed/aa5_branching_fraction_table.json; pack_aa/runs/20260722T065656Z_606d8d2b4004cd81_ctau1000_gamma_gamma/aa5_branching_fraction_table.json; pack_aa/runs/20260722T030616Z_a26c4736e2d2a28f_ctau1000_bb/aa5_branching_fraction_table.json; pack_aa/runs/20260722T065809Z_81a39ac0feb4d05b_ctau1_mixed/aa5_branching_fraction_table.json; pack_aa/runs/20260722T031215Z_248d339eedaede90_ctau50000_mixed/aa5_branching_fraction_table.json; pack_aa/runs/20260722T031019Z_c3ffb47e5a2c9cb7_ctau1000_mixed/aa5_branching_fraction_table.json; pack_aa/runs/20260722T071924Z_c50900cc55623ce4_ctau1_mixed/aa5_branching_fraction_table.json; pack_aa/runs/20260722T030201Z_a26c4736e2d2a28f_ctau1000_bb/aa5_branching_fraction_table.json; pack_aa/runs/20260722T063637Z_a26c4736e2d2a28f_ctau1000_bb/aa5_branching_fraction_table.json; pack_aa/runs/20260722T024640Z_2876a1054a402148_ctau1_gamma_gamma/aa5_branching_fraction_table.json; pack_aa/runs/20260722T072001Z_b3f66512c7b91693_ctau50000_gamma_gamma/aa5_branching_fraction_table.json; pack_aa/runs/20260722T064413Z_832152aad3bbc905_ctau1_gamma_gamma/aa5_branching_fraction_table.json; pack_aa/runs/20260722T030335Z_81a39ac0feb4d05b_ctau1_mixed/aa5_branching_fraction_table.json; pack_aa/runs/20260722T030316Z_832152aad3bbc905_ctau1_gamma_gamma/aa5_branching_fraction_table.json; pack_aa/runs/20260722T063920Z_832152aad3bbc905_ctau1_gamma_gamma/aa5_branching_fraction_table.json; pack_aa/runs/20260722T063902Z_284a5a239282faa1_ctau1_bb/aa5_branching_fraction_table.json; pack_aa/runs/20260722T064300Z_a26c4736e2d2a28f_ctau1000_bb/aa5_branching_fraction_table.json; pack_aa/runs/20260722T071941Z_9db01cdd5f1bc783_ctau50000_bb/aa5_branching_fraction_table.json; pack_aa/runs/20260722T024329Z_2876a1054a402148_ctau1_gamma_gamma/aa5_branching_fraction_table.json; pack_aa/runs/20260722T031115Z_81a39ac0feb4d05b_ctau1_mixed/aa5_branching_fraction_table.json; pack_aa/runs/20260722T025924Z_ae7e2484805df12f_ctau1_bb/aa5_branching_fraction_table.json; pack_aa/runs/20260722T030823Z_d084dd020a55e309_ctau50000_bb/aa5_branching_fraction_table.json; pack_aa/runs/20260722T063938Z_81a39ac0feb4d05b_ctau1_mixed/aa5_branching_fraction_table.json; pack_aa/runs/20260722T030742Z_832152aad3bbc905_ctau1_gamma_gamma/aa5_branching_fraction_table.json; pack_aa/runs/20260722T024444Z_2876a1054a402148_ctau1_gamma_gamma/aa5_branching_fraction_table.json; pack_aa/runs/20260722T065845Z_88a9a1cad5920b09_ctau50000_gamma_gamma/aa5_branching_fraction_table.json; pack_aa/runs/20260722T063734Z_c3ffb47e5a2c9cb7_ctau1000_mixed/aa5_branching_fraction_table.json; pack_aa/runs/20260722T030718Z_284a5a239282faa1_ctau1_bb/aa5_branching_fraction_table.json; pack_aa/runs/20260722T064431Z_81a39ac0feb4d05b_ctau1_mixed/aa5_branching_fraction_table.json; pack_aa/runs/20260722T063808Z_a26c4736e2d2a28f_ctau1000_bb/aa5_branching_fraction_table.json; pack_aa/runs/20260722T063826Z_606d8d2b4004cd81_ctau1000_gamma_gamma/aa5_branching_fraction_table.json; pack_aa/runs/20260722T024828Z_2876a1054a402148_ctau1_gamma_gamma/aa5_branching_fraction_table.json; pack_aa/runs/20260722T030239Z_c3ffb47e5a2c9cb7_ctau1000_mixed/aa5_branching_fraction_table.json; pack_aa/runs/20260722T072019Z_79ba74fb49c2f8c4_ctau50000_mixed/aa5_branching_fraction_table.json; releases/pack_aa/event_samples/20260722T092243Z_1/samples/9db01cdd5f1bc783/aa5_branching_fraction_table.json; releases/pack_aa/event_samples/20260722T092243Z_1/samples/660021fb118f5f92/aa5_branching_fraction_table.json; releases/pack_aa/event_samples/20260722T092243Z_1/samples/fcd9ff83da939385/aa5_branching_fraction_table.json; releases/pack_aa/event_samples/20260722T092243Z_1/samples/79ba74fb49c2f8c4/aa5_branching_fraction_table.json; releases/pack_aa/event_samples/20260722T092243Z_1/samples/c50900cc55623ce4/aa5_branching_fraction_table.json; releases/pack_aa/event_samples/20260722T092243Z_1/samples/4ad3896b59cb0d92/aa5_branching_fraction_table.json; releases/pack_aa/event_samples/20260722T092243Z_1/samples/743390d495cb995c/aa5_branching_fraction_table.json; releases/pack_aa/event_samples/20260722T092243Z_1/samples/b3f66512c7b91693/aa5_branching_fraction_table.json; releases/pack_aa/event_samples/20260722T092243Z_1/samples/7d6ffaa5822da03f/aa5_branching_fraction_table.json; releases/pack_aa/event_samples/20260722T090049Z_4/samples/9db01cdd5f1bc783/aa5_branching_fraction_table.json; releases/pack_aa/event_samples/20260722T090049Z_4/samples/660021fb118f5f92/aa5_branching_fraction_table.json; releases/pack_aa/event_samples/20260722T090049Z_4/samples/fcd9ff83da939385/aa5_branching_fraction_table.json; releases/pack_aa/event_samples/20260722T090049Z_4/samples/79ba74fb49c2f8c4/aa5_branching_fraction_table.json; releases/pack_aa/event_samples/20260722T090049Z_4/samples/c50900cc55623ce4/aa5_branching_fraction_table.json; releases/pack_aa/event_samples/20260722T090049Z_4/samples/4ad3896b59cb0d92/aa5_branching_fraction_table.json; releases/pack_aa/event_samples/20260722T090049Z_4/samples/743390d495cb995c/aa5_branching_fraction_table.json; releases/pack_aa/event_samples/20260722T090049Z_4/samples/b3f66512c7b91693/aa5_branching_fraction_table.json; releases/pack_aa/event_samples/20260722T090049Z_4/samples/7d6ffaa5822da03f/aa5_branching_fraction_table.json; releases/pack_aa/event_samples/20260722T092243Z/samples/9db01cdd5f1bc783/aa5_branching_fraction_table.json; releases/pack_aa/event_samples/20260722T092243Z/samples/660021fb118f5f92/aa5_branching_fraction_table.json; releases/pack_aa/event_samples/20260722T092243Z/samples/fcd9ff83da939385/aa5_branching_fraction_table.json; releases/pack_aa/event_samples/20260722T092243Z/samples/79ba74fb49c2f8c4/aa5_branching_fraction_table.json; releases/pack_aa/event_samples/20260722T092243Z/samples/c50900cc55623ce4/aa5_branching_fraction_table.json; releases/pack_aa/event_samples/20260722T092243Z/samples/4ad3896b59cb0d92/aa5_branching_fraction_table.json; releases/pack_aa/event_samples/20260722T092243Z/samples/743390d495cb995c/aa5_branching_fraction_table.json; releases/pack_aa/event_samples/20260722T092243Z/samples/b3f66512c7b91693/aa5_branching_fraction_table.json; releases/pack_aa/event_samples/20260722T092243Z/samples/7d6ffaa5822da03f/aa5_branching_fraction_table.json; releases/pack_aa/event_samples/20260722T092243Z_3/samples/9db01cdd5f1bc783/aa5_branching_fraction_table.json; releases/pack_aa/event_samples/20260722T092243Z_3/samples/660021fb118f5f92/aa5_branching_fraction_table.json; releases/pack_aa/event_samples/20260722T092243Z_3/samples/fcd9ff83da939385/aa5_branching_fraction_table.json; releases/pack_aa/event_samples/20260722T092243Z_3/samples/79ba74fb49c2f8c4/aa5_branching_fraction_table.json; releases/pack_aa/event_samples/20260722T092243Z_3/samples/c50900cc55623ce4/aa5_branching_fraction_table.json; releases/pack_aa/event_samples/20260722T092243Z_3/samples/4ad3896b59cb0d92/aa5_branching_fraction_table.json; releases/pack_aa/event_samples/20260722T092243Z_3/samples/743390d495cb995c/aa5_branching_fraction_table.json; releases/pack_aa/event_samples/20260722T092243Z_3/samples/b3f66512c7b91693/aa5_branching_fraction_table.json; releases/pack_aa/event_samples/20260722T092243Z_3/samples/7d6ffaa5822da03f/aa5_branching_fraction_table.json; releases/pack_aa/event_samples/20260722T092243Z_4/samples/9db01cdd5f1bc783/aa5_branching_fraction_table.json; releases/pack_aa/event_samples/20260722T092243Z_4/samples/660021fb118f5f92/aa5_branching_fraction_table.json; releases/pack_aa/event_samples/20260722T092243Z_4/samples/fcd9ff83da939385/aa5_branching_fraction_table.json; releases/pack_aa/event_samples/20260722T092243Z_4/samples/79ba74fb49c2f8c4/aa5_branching_fraction_table.json; releases/pack_aa/event_samples/20260722T092243Z_4/samples/c50900cc55623ce4/aa5_branching_fraction_table.json; releases/pack_aa/event_samples/20260722T092243Z_4/samples/4ad3896b59cb0d92/aa5_branching_fraction_table.json; releases/pack_aa/event_samples/20260722T092243Z_4/samples/743390d495cb995c/aa5_branching_fraction_table.json; releases/pack_aa/event_samples/20260722T092243Z_4/samples/b3f66512c7b91693/aa5_branching_fraction_table.json; releases/pack_aa/event_samples/20260722T092243Z_4/samples/7d6ffaa5822da03f/aa5_branching_fraction_table.json; releases/pack_aa/event_samples/20260722T090049Z_3/samples/9db01cdd5f1bc783/aa5_branching_fraction_table.json; releases/pack_aa/event_samples/20260722T090049Z_3/samples/660021fb118f5f92/aa5_branching_fraction_table.json; releases/pack_aa/event_samples/20260722T090049Z_3/samples/fcd9ff83da939385/aa5_branching_fraction_table.json; releases/pack_aa/event_samples/20260722T090049Z_3/samples/79ba74fb49c2f8c4/aa5_branching_fraction_table.json; releases/pack_aa/event_samples/20260722T090049Z_3/samples/c50900cc55623ce4/aa5_branching_fraction_table.json; releases/pack_aa/event_samples/20260722T090049Z_3/samples/4ad3896b59cb0d92/aa5_branching_fraction_table.json; releases/pack_aa/event_samples/20260722T090049Z_3/samples/743390d495cb995c/aa5_branching_fraction_table.json; releases/pack_aa/event_samples/20260722T090049Z_3/samples/b3f66512c7b91693/aa5_branching_fraction_table.json; releases/pack_aa/event_samples/20260722T090049Z_3/samples/7d6ffaa5822da03f/aa5_branching_fraction_table.json; releases/pack_aa/event_samples/20260722T092243Z_5/samples/9db01cdd5f1bc783/aa5_branching_fraction_table.json; releases/pack_aa/event_samples/20260722T092243Z_5/samples/660021fb118f5f92/aa5_branching_fraction_table.json; releases/pack_aa/event_samples/20260722T092243Z_5/samples/fcd9ff83da939385/aa5_branching_fraction_table.json; releases/pack_aa/event_samples/20260722T092243Z_5/samples/79ba74fb49c2f8c4/aa5_branching_fraction_table.json; releases/pack_aa/event_samples/20260722T092243Z_5/samples/c50900cc55623ce4/aa5_branching_fraction_table.json; releases/pack_aa/event_samples/20260722T092243Z_5/samples/4ad3896b59cb0d92/aa5_branching_fraction_table.json; releases/pack_aa/event_samples/20260722T092243Z_5/samples/743390d495cb995c/aa5_branching_fraction_table.json; releases/pack_aa/event_samples/20260722T092243Z_5/samples/b3f66512c7b91693/aa5_branching_fraction_table.json; releases/pack_aa/event_samples/20260722T092243Z_5/samples/7d6ffaa5822da03f/aa5_branching_fraction_table.json; releases/pack_aa/event_samples/20260722T092243Z_2/samples/9db01cdd5f1bc783/aa5_branching_fraction_table.json; releases/pack_aa/event_samples/20260722T092243Z_2/samples/660021fb118f5f92/aa5_branching_fraction_table.json; releases/pack_aa/event_samples/20260722T092243Z_2/samples/fcd9ff83da939385/aa5_branching_fraction_table.json; releases/pack_aa/event_samples/20260722T092243Z_2/samples/79ba74fb49c2f8c4/aa5_branching_fraction_table.json; releases/pack_aa/event_samples/20260722T092243Z_2/samples/c50900cc55623ce4/aa5_branching_fraction_table.json; releases/pack_aa/event_samples/20260722T092243Z_2/samples/4ad3896b59cb0d92/aa5_branching_fraction_table.json; releases/pack_aa/event_samples/20260722T092243Z_2/samples/743390d495cb995c/aa5_branching_fraction_table.json; releases/pack_aa/event_samples/20260722T092243Z_2/samples/b3f66512c7b91693/aa5_branching_fraction_table.json; releases/pack_aa/event_samples/20260722T092243Z_2/samples/7d6ffaa5822da03f/aa5_branching_fraction_table.json
aa0_provenance_check.json	192	scratch/pack_aa_event_bundle_20260722T092243Z_4_clean/samples/9db01cdd5f1bc783/aa0_provenance_check.json; scratch/pack_aa_event_bundle_20260722T092243Z_4_clean/samples/660021fb118f5f92/aa0_provenance_check.json; scratch/pack_aa_event_bundle_20260722T092243Z_4_clean/samples/fcd9ff83da939385/aa0_provenance_check.json; scratch/pack_aa_event_bundle_20260722T092243Z_4_clean/samples/79ba74fb49c2f8c4/aa0_provenance_check.json; scratch/pack_aa_event_bundle_20260722T092243Z_4_clean/samples/c50900cc55623ce4/aa0_provenance_check.json; scratch/pack_aa_event_bundle_20260722T092243Z_4_clean/samples/4ad3896b59cb0d92/aa0_provenance_check.json; scratch/pack_aa_event_bundle_20260722T092243Z_4_clean/samples/743390d495cb995c/aa0_provenance_check.json; scratch/pack_aa_event_bundle_20260722T092243Z_4_clean/samples/b3f66512c7b91693/aa0_provenance_check.json; scratch/pack_aa_event_bundle_20260722T092243Z_4_clean/samples/7d6ffaa5822da03f/aa0_provenance_check.json; scratch/pack_aa_event_bundle_20260722T090049Z_4_clean/samples/9db01cdd5f1bc783/aa0_provenance_check.json; scratch/pack_aa_event_bundle_20260722T090049Z_4_clean/samples/660021fb118f5f92/aa0_provenance_check.json; scratch/pack_aa_event_bundle_20260722T090049Z_4_clean/samples/fcd9ff83da939385/aa0_provenance_check.json; scratch/pack_aa_event_bundle_20260722T090049Z_4_clean/samples/79ba74fb49c2f8c4/aa0_provenance_check.json; scratch/pack_aa_event_bundle_20260722T090049Z_4_clean/samples/c50900cc55623ce4/aa0_provenance_check.json; scratch/pack_aa_event_bundle_20260722T090049Z_4_clean/samples/4ad3896b59cb0d92/aa0_provenance_check.json; scratch/pack_aa_event_bundle_20260722T090049Z_4_clean/samples/743390d495cb995c/aa0_provenance_check.json; scratch/pack_aa_event_bundle_20260722T090049Z_4_clean/samples/b3f66512c7b91693/aa0_provenance_check.json; scratch/pack_aa_event_bundle_20260722T090049Z_4_clean/samples/7d6ffaa5822da03f/aa0_provenance_check.json; scratch/pack_aa_event_bundle_20260722T092243Z_2_clean/samples/9db01cdd5f1bc783/aa0_provenance_check.json; scratch/pack_aa_event_bundle_20260722T092243Z_2_clean/samples/660021fb118f5f92/aa0_provenance_check.json; scratch/pack_aa_event_bundle_20260722T092243Z_2_clean/samples/fcd9ff83da939385/aa0_provenance_check.json; scratch/pack_aa_event_bundle_20260722T092243Z_2_clean/samples/79ba74fb49c2f8c4/aa0_provenance_check.json; scratch/pack_aa_event_bundle_20260722T092243Z_2_clean/samples/c50900cc55623ce4/aa0_provenance_check.json; scratch/pack_aa_event_bundle_20260722T092243Z_2_clean/samples/4ad3896b59cb0d92/aa0_provenance_check.json; scratch/pack_aa_event_bundle_20260722T092243Z_2_clean/samples/743390d495cb995c/aa0_provenance_check.json; scratch/pack_aa_event_bundle_20260722T092243Z_2_clean/samples/b3f66512c7b91693/aa0_provenance_check.json; scratch/pack_aa_event_bundle_20260722T092243Z_2_clean/samples/7d6ffaa5822da03f/aa0_provenance_check.json; scratch/pack_aa_event_bundle_20260722T092243Z_5_clean/samples/9db01cdd5f1bc783/aa0_provenance_check.json; scratch/pack_aa_event_bundle_20260722T092243Z_5_clean/samples/660021fb118f5f92/aa0_provenance_check.json; scratch/pack_aa_event_bundle_20260722T092243Z_5_clean/samples/fcd9ff83da939385/aa0_provenance_check.json; scratch/pack_aa_event_bundle_20260722T092243Z_5_clean/samples/79ba74fb49c2f8c4/aa0_provenance_check.json; scratch/pack_aa_event_bundle_20260722T092243Z_5_clean/samples/c50900cc55623ce4/aa0_provenance_check.json; scratch/pack_aa_event_bundle_20260722T092243Z_5_clean/samples/4ad3896b59cb0d92/aa0_provenance_check.json; scratch/pack_aa_event_bundle_20260722T092243Z_5_clean/samples/743390d495cb995c/aa0_provenance_check.json; scratch/pack_aa_event_bundle_20260722T092243Z_5_clean/samples/b3f66512c7b91693/aa0_provenance_check.json; scratch/pack_aa_event_bundle_20260722T092243Z_5_clean/samples/7d6ffaa5822da03f/aa0_provenance_check.json; pack_aa/validation/aa0_provenance_check.json; pack_aa/runs/20260722T065903Z_248d339eedaede90_ctau50000_mixed/aa0_provenance_check.json; pack_aa/runs/20260722T064356Z_284a5a239282faa1_ctau1_bb/aa0_provenance_check.json; pack_aa/runs/20260722T025650Z_ae7e2484805df12f_ctau1_bb/aa0_provenance_check.json; pack_aa/runs/20260722T063654Z_606d8d2b4004cd81_ctau1000_gamma_gamma/aa0_provenance_check.json; pack_aa/runs/20260722T031155Z_88a9a1cad5920b09_ctau50000_gamma_gamma/aa0_provenance_check.json; pack_aa/runs/20260722T071905Z_7d6ffaa5822da03f_ctau1_gamma_gamma/aa0_provenance_check.json; pack_aa/runs/20260722T064015Z_88a9a1cad5920b09_ctau50000_gamma_gamma/aa0_provenance_check.json; pack_aa/runs/20260722T063713Z_c3ffb47e5a2c9cb7_ctau1000_mixed/aa0_provenance_check.json; pack_aa/runs/20260722T071828Z_743390d495cb995c_ctau1000_mixed/aa0_provenance_check.json; pack_aa/runs/20260722T030354Z_d084dd020a55e309_ctau50000_bb/aa0_provenance_check.json; pack_aa/runs/20260722T031135Z_d084dd020a55e309_ctau50000_bb/aa0_provenance_check.json; pack_aa/runs/20260722T071750Z_fcd9ff83da939385_ctau1000_bb/aa0_provenance_check.json; pack_aa/runs/20260722T030804Z_81a39ac0feb4d05b_ctau1_mixed/aa0_provenance_check.json; pack_aa/runs/20260722T063844Z_c3ffb47e5a2c9cb7_ctau1000_mixed/aa0_provenance_check.json; pack_aa/runs/20260722T025624Z_2876a1054a402148_ctau1_gamma_gamma/aa0_provenance_check.json; pack_aa/runs/20260722T024601Z_2876a1054a402148_ctau1_gamma_gamma/aa0_provenance_check.json; pack_aa/runs/20260722T065732Z_284a5a239282faa1_ctau1_bb/aa0_provenance_check.json; pack_aa/runs/20260722T064527Z_248d339eedaede90_ctau50000_mixed/aa0_provenance_check.json; pack_aa/runs/20260722T030220Z_606d8d2b4004cd81_ctau1000_gamma_gamma/aa0_provenance_check.json; pack_aa/runs/20260722T030843Z_88a9a1cad5920b09_ctau50000_gamma_gamma/aa0_provenance_check.json; pack_aa/runs/20260722T065826Z_d084dd020a55e309_ctau50000_bb/aa0_provenance_check.json; pack_aa/runs/20260722T065751Z_832152aad3bbc905_ctau1_gamma_gamma/aa0_provenance_check.json; pack_aa/runs/20260722T063749Z_832152aad3bbc905_ctau1_gamma_gamma/aa0_provenance_check.json; pack_aa/runs/20260722T031056Z_832152aad3bbc905_ctau1_gamma_gamma/aa0_provenance_check.json; pack_aa/runs/20260722T063730Z_284a5a239282faa1_ctau1_bb/aa0_provenance_check.json; pack_aa/runs/20260722T065638Z_a26c4736e2d2a28f_ctau1000_bb/aa0_provenance_check.json; pack_aa/runs/20260722T064450Z_d084dd020a55e309_ctau50000_bb/aa0_provenance_check.json; pack_aa/runs/20260722T064337Z_c3ffb47e5a2c9cb7_ctau1000_mixed/aa0_provenance_check.json; pack_aa/runs/20260722T064319Z_606d8d2b4004cd81_ctau1000_gamma_gamma/aa0_provenance_check.json; pack_aa/runs/20260722T031000Z_606d8d2b4004cd81_ctau1000_gamma_gamma/aa0_provenance_check.json; pack_aa/runs/20260722T064032Z_248d339eedaede90_ctau50000_mixed/aa0_provenance_check.json; pack_aa/runs/20260722T071808Z_4ad3896b59cb0d92_ctau1000_gamma_gamma/aa0_provenance_check.json; pack_aa/runs/20260722T030432Z_248d339eedaede90_ctau50000_mixed/aa0_provenance_check.json; pack_aa/runs/20260722T024929Z_2876a1054a402148_ctau1_gamma_gamma/aa0_provenance_check.json; pack_aa/runs/20260722T030413Z_88a9a1cad5920b09_ctau50000_gamma_gamma/aa0_provenance_check.json; pack_aa/runs/20260722T030657Z_c3ffb47e5a2c9cb7_ctau1000_mixed/aa0_provenance_check.json; pack_aa/runs/20260722T063956Z_d084dd020a55e309_ctau50000_bb/aa0_provenance_check.json; pack_aa/runs/20260722T030257Z_284a5a239282faa1_ctau1_bb/aa0_provenance_check.json; pack_aa/runs/20260722T071705Z_7d6ffaa5822da03f_ctau1_gamma_gamma/aa0_provenance_check.json; pack_aa/runs/20260722T031037Z_284a5a239282faa1_ctau1_bb/aa0_provenance_check.json; pack_aa/runs/20260722T030942Z_a26c4736e2d2a28f_ctau1000_bb/aa0_provenance_check.json; pack_aa/runs/20260722T030901Z_248d339eedaede90_ctau50000_mixed/aa0_provenance_check.json; pack_aa/runs/20260722T064508Z_88a9a1cad5920b09_ctau50000_gamma_gamma/aa0_provenance_check.json; pack_aa/runs/20260722T063101Z_81a39ac0feb4d05b_ctau1_mixed/aa0_provenance_check.json; pack_aa/runs/20260722T024310Z_2876a1054a402148_ctau1_gamma_gamma/aa0_provenance_check.json; pack_aa/runs/20260722T065715Z_c3ffb47e5a2c9cb7_ctau1000_mixed/aa0_provenance_check.json; pack_aa/runs/20260722T071846Z_660021fb118f5f92_ctau1_bb/aa0_provenance_check.json; pack_aa/runs/20260722T030635Z_606d8d2b4004cd81_ctau1000_gamma_gamma/aa0_provenance_check.json; pack_aa/runs/20260722T030007Z_8f2b4ab5d4724eed_ctau1_mixed/aa0_provenance_check.json; pack_aa/runs/20260722T065656Z_606d8d2b4004cd81_ctau1000_gamma_gamma/aa0_provenance_check.json; pack_aa/runs/20260722T030616Z_a26c4736e2d2a28f_ctau1000_bb/aa0_provenance_check.json; pack_aa/runs/20260722T065809Z_81a39ac0feb4d05b_ctau1_mixed/aa0_provenance_check.json; pack_aa/runs/20260722T031215Z_248d339eedaede90_ctau50000_mixed/aa0_provenance_check.json; pack_aa/runs/20260722T031019Z_c3ffb47e5a2c9cb7_ctau1000_mixed/aa0_provenance_check.json; pack_aa/runs/20260722T071924Z_c50900cc55623ce4_ctau1_mixed/aa0_provenance_check.json; pack_aa/runs/20260722T030201Z_a26c4736e2d2a28f_ctau1000_bb/aa0_provenance_check.json; pack_aa/runs/20260722T063637Z_a26c4736e2d2a28f_ctau1000_bb/aa0_provenance_check.json; pack_aa/runs/20260722T024640Z_2876a1054a402148_ctau1_gamma_gamma/aa0_provenance_check.json; pack_aa/runs/20260722T072001Z_b3f66512c7b91693_ctau50000_gamma_gamma/aa0_provenance_check.json; pack_aa/runs/20260722T064413Z_832152aad3bbc905_ctau1_gamma_gamma/aa0_provenance_check.json; pack_aa/runs/20260722T030335Z_81a39ac0feb4d05b_ctau1_mixed/aa0_provenance_check.json; pack_aa/runs/20260722T030316Z_832152aad3bbc905_ctau1_gamma_gamma/aa0_provenance_check.json; pack_aa/runs/20260722T063920Z_832152aad3bbc905_ctau1_gamma_gamma/aa0_provenance_check.json; pack_aa/runs/20260722T063902Z_284a5a239282faa1_ctau1_bb/aa0_provenance_check.json; pack_aa/runs/20260722T064300Z_a26c4736e2d2a28f_ctau1000_bb/aa0_provenance_check.json; pack_aa/runs/20260722T071941Z_9db01cdd5f1bc783_ctau50000_bb/aa0_provenance_check.json; pack_aa/runs/20260722T024329Z_2876a1054a402148_ctau1_gamma_gamma/aa0_provenance_check.json; pack_aa/runs/20260722T031115Z_81a39ac0feb4d05b_ctau1_mixed/aa0_provenance_check.json; pack_aa/runs/20260722T025924Z_ae7e2484805df12f_ctau1_bb/aa0_provenance_check.json; pack_aa/runs/20260722T030823Z_d084dd020a55e309_ctau50000_bb/aa0_provenance_check.json; pack_aa/runs/20260722T063938Z_81a39ac0feb4d05b_ctau1_mixed/aa0_provenance_check.json; pack_aa/runs/20260722T030742Z_832152aad3bbc905_ctau1_gamma_gamma/aa0_provenance_check.json; pack_aa/runs/20260722T024444Z_2876a1054a402148_ctau1_gamma_gamma/aa0_provenance_check.json; pack_aa/runs/20260722T065845Z_88a9a1cad5920b09_ctau50000_gamma_gamma/aa0_provenance_check.json; pack_aa/runs/20260722T063734Z_c3ffb47e5a2c9cb7_ctau1000_mixed/aa0_provenance_check.json; pack_aa/runs/20260722T030718Z_284a5a239282faa1_ctau1_bb/aa0_provenance_check.json; pack_aa/runs/20260722T064431Z_81a39ac0feb4d05b_ctau1_mixed/aa0_provenance_check.json; pack_aa/runs/20260722T063808Z_81a39ac0feb4d05b_ctau1_mixed/aa0_provenance_check.json; pack_aa/runs/20260722T063808Z_a26c4736e2d2a28f_ctau1000_bb/aa0_provenance_check.json; pack_aa/runs/20260722T063826Z_606d8d2b4004cd81_ctau1000_gamma_gamma/aa0_provenance_check.json; pack_aa/runs/20260722T024828Z_2876a1054a402148_ctau1_gamma_gamma/aa0_provenance_check.json; pack_aa/runs/20260722T030239Z_c3ffb47e5a2c9cb7_ctau1000_mixed/aa0_provenance_check.json; pack_aa/runs/20260722T072019Z_79ba74fb49c2f8c4_ctau50000_mixed/aa0_provenance_check.json; releases/pack_aa/event_samples/20260722T092243Z_1/samples/9db01cdd5f1bc783/aa0_provenance_check.json; releases/pack_aa/event_samples/20260722T092243Z_1/samples/660021fb118f5f92/aa0_provenance_check.json; releases/pack_aa/event_samples/20260722T092243Z_1/samples/fcd9ff83da939385/aa0_provenance_check.json; releases/pack_aa/event_samples/20260722T092243Z_1/samples/79ba74fb49c2f8c4/aa0_provenance_check.json; releases/pack_aa/event_samples/20260722T092243Z_1/samples/c50900cc55623ce4/aa0_provenance_check.json; releases/pack_aa/event_samples/20260722T092243Z_1/samples/4ad3896b59cb0d92/aa0_provenance_check.json; releases/pack_aa/event_samples/20260722T092243Z_1/samples/743390d495cb995c/aa0_provenance_check.json; releases/pack_aa/event_samples/20260722T092243Z_1/samples/b3f66512c7b91693/aa0_provenance_check.json; releases/pack_aa/event_samples/20260722T092243Z_1/samples/7d6ffaa5822da03f/aa0_provenance_check.json; releases/pack_aa/event_samples/20260722T090049Z_4/samples/9db01cdd5f1bc783/aa0_provenance_check.json; releases/pack_aa/event_samples/20260722T090049Z_4/samples/660021fb118f5f92/aa0_provenance_check.json; releases/pack_aa/event_samples/20260722T090049Z_4/samples/fcd9ff83da939385/aa0_provenance_check.json; releases/pack_aa/event_samples/20260722T090049Z_4/samples/79ba74fb49c2f8c4/aa0_provenance_check.json; releases/pack_aa/event_samples/20260722T090049Z_4/samples/c50900cc55623ce4/aa0_provenance_check.json; releases/pack_aa/event_samples/20260722T090049Z_4/samples/4ad3896b59cb0d92/aa0_provenance_check.json; releases/pack_aa/event_samples/20260722T090049Z_4/samples/743390d495cb995c/aa0_provenance_check.json; releases/pack_aa/event_samples/20260722T090049Z_4/samples/b3f66512c7b91693/aa0_provenance_check.json; releases/pack_aa/event_samples/20260722T090049Z_4/samples/7d6ffaa5822da03f/aa0_provenance_check.json; releases/pack_aa/event_samples/20260722T092243Z/samples/9db01cdd5f1bc783/aa0_provenance_check.json; releases/pack_aa/event_samples/20260722T092243Z/samples/660021fb118f5f92/aa0_provenance_check.json; releases/pack_aa/event_samples/20260722T092243Z/samples/fcd9ff83da939385/aa0_provenance_check.json; releases/pack_aa/event_samples/20260722T092243Z/samples/79ba74fb49c2f8c4/aa0_provenance_check.json; releases/pack_aa/event_samples/20260722T092243Z/samples/c50900cc55623ce4/aa0_provenance_check.json; releases/pack_aa/event_samples/20260722T092243Z/samples/4ad3896b59cb0d92/aa0_provenance_check.json; releases/pack_aa/event_samples/20260722T092243Z/samples/743390d495cb995c/aa0_provenance_check.json; releases/pack_aa/event_samples/20260722T092243Z/samples/b3f66512c7b91693/aa0_provenance_check.json; releases/pack_aa/event_samples/20260722T092243Z/samples/7d6ffaa5822da03f/aa0_provenance_check.json; releases/pack_aa/event_samples/20260722T092243Z_3/samples/9db01cdd5f1bc783/aa0_provenance_check.json; releases/pack_aa/event_samples/20260722T092243Z_3/samples/660021fb118f5f92/aa0_provenance_check.json; releases/pack_aa/event_samples/20260722T092243Z_3/samples/fcd9ff83da939385/aa0_provenance_check.json; releases/pack_aa/event_samples/20260722T092243Z_3/samples/79ba74fb49c2f8c4/aa0_provenance_check.json; releases/pack_aa/event_samples/20260722T092243Z_3/samples/c50900cc55623ce4/aa0_provenance_check.json; releases/pack_aa/event_samples/20260722T092243Z_3/samples/4ad3896b59cb0d92/aa0_provenance_check.json; releases/pack_aa/event_samples/20260722T092243Z_3/samples/743390d495cb995c/aa0_provenance_check.json; releases/pack_aa/event_samples/20260722T092243Z_3/samples/b3f66512c7b91693/aa0_provenance_check.json; releases/pack_aa/event_samples/20260722T092243Z_3/samples/7d6ffaa5822da03f/aa0_provenance_check.json; releases/pack_aa/event_samples/20260722T092243Z_4/samples/9db01cdd5f1bc783/aa0_provenance_check.json; releases/pack_aa/event_samples/20260722T092243Z_4/samples/660021fb118f5f92/aa0_provenance_check.json; releases/pack_aa/event_samples/20260722T092243Z_4/samples/fcd9ff83da939385/aa0_provenance_check.json; releases/pack_aa/event_samples/20260722T092243Z_4/samples/79ba74fb49c2f8c4/aa0_provenance_check.json; releases/pack_aa/event_samples/20260722T092243Z_4/samples/c50900cc55623ce4/aa0_provenance_check.json; releases/pack_aa/event_samples/20260722T092243Z_4/samples/4ad3896b59cb0d92/aa0_provenance_check.json; releases/pack_aa/event_samples/20260722T092243Z_4/samples/743390d495cb995c/aa0_provenance_check.json; releases/pack_aa/event_samples/20260722T092243Z_4/samples/b3f66512c7b91693/aa0_provenance_check.json; releases/pack_aa/event_samples/20260722T092243Z_4/samples/7d6ffaa5822da03f/aa0_provenance_check.json; releases/pack_aa/event_samples/20260722T090049Z_3/samples/9db01cdd5f1bc783/aa0_provenance_check.json; releases/pack_aa/event_samples/20260722T090049Z_3/samples/660021fb118f5f92/aa0_provenance_check.json; releases/pack_aa/event_samples/20260722T090049Z_3/samples/fcd9ff83da939385/aa0_provenance_check.json; releases/pack_aa/event_samples/20260722T090049Z_3/samples/79ba74fb49c2f8c4/aa0_provenance_check.json; releases/pack_aa/event_samples/20260722T090049Z_3/samples/c50900cc55623ce4/aa0_provenance_check.json; releases/pack_aa/event_samples/20260722T090049Z_3/samples/4ad3896b59cb0d92/aa0_provenance_check.json; releases/pack_aa/event_samples/20260722T090049Z_3/samples/743390d495cb995c/aa0_provenance_check.json; releases/pack_aa/event_samples/20260722T090049Z_3/samples/b3f66512c7b91693/aa0_provenance_check.json; releases/pack_aa/event_samples/20260722T090049Z_3/samples/7d6ffaa5822da03f/aa0_provenance_check.json; releases/pack_aa/event_samples/20260722T092243Z_5/samples/9db01cdd5f1bc783/aa0_provenance_check.json; releases/pack_aa/event_samples/20260722T092243Z_5/samples/660021fb118f5f92/aa0_provenance_check.json; releases/pack_aa/event_samples/20260722T092243Z_5/samples/fcd9ff83da939385/aa0_provenance_check.json; releases/pack_aa/event_samples/20260722T092243Z_5/samples/79ba74fb49c2f8c4/aa0_provenance_check.json; releases/pack_aa/event_samples/20260722T092243Z_5/samples/c50900cc55623ce4/aa0_provenance_check.json; releases/pack_aa/event_samples/20260722T092243Z_5/samples/4ad3896b59cb0d92/aa0_provenance_check.json; releases/pack_aa/event_samples/20260722T092243Z_5/samples/743390d495cb995c/aa0_provenance_check.json; releases/pack_aa/event_samples/20260722T092243Z_5/samples/b3f66512c7b91693/aa0_provenance_check.json; releases/pack_aa/event_samples/20260722T092243Z_5/samples/7d6ffaa5822da03f/aa0_provenance_check.json; releases/pack_aa/event_samples/20260722T092243Z_2/samples/9db01cdd5f1bc783/aa0_provenance_check.json; releases/pack_aa/event_samples/20260722T092243Z_2/samples/660021fb118f5f92/aa0_provenance_check.json; releases/pack_aa/event_samples/20260722T092243Z_2/samples/fcd9ff83da939385/aa0_provenance_check.json; releases/pack_aa/event_samples/20260722T092243Z_2/samples/79ba74fb49c2f8c4/aa0_provenance_check.json; releases/pack_aa/event_samples/20260722T092243Z_2/samples/c50900cc55623ce4/aa0_provenance_check.json; releases/pack_aa/event_samples/20260722T092243Z_2/samples/4ad3896b59cb0d92/aa0_provenance_check.json; releases/pack_aa/event_samples/20260722T092243Z_2/samples/743390d495cb995c/aa0_provenance_check.json; releases/pack_aa/event_samples/20260722T092243Z_2/samples/b3f66512c7b91693/aa0_provenance_check.json; releases/pack_aa/event_samples/20260722T092243Z_2/samples/7d6ffaa5822da03f/aa0_provenance_check.json
aa1_config_validation_report.json	191	scratch/pack_aa_event_bundle_20260722T092243Z_4_clean/samples/9db01cdd5f1bc783/aa1_config_validation_report.json; scratch/pack_aa_event_bundle_20260722T092243Z_4_clean/samples/660021fb118f5f92/aa1_config_validation_report.json; scratch/pack_aa_event_bundle_20260722T092243Z_4_clean/samples/fcd9ff83da939385/aa1_config_validation_report.json; scratch/pack_aa_event_bundle_20260722T092243Z_4_clean/samples/79ba74fb49c2f8c4/aa1_config_validation_report.json; scratch/pack_aa_event_bundle_20260722T092243Z_4_clean/samples/c50900cc55623ce4/aa1_config_validation_report.json; scratch/pack_aa_event_bundle_20260722T092243Z_4_clean/samples/4ad3896b59cb0d92/aa1_config_validation_report.json; scratch/pack_aa_event_bundle_20260722T092243Z_4_clean/samples/743390d495cb995c/aa1_config_validation_report.json; scratch/pack_aa_event_bundle_20260722T092243Z_4_clean/samples/b3f66512c7b91693/aa1_config_validation_report.json; scratch/pack_aa_event_bundle_20260722T092243Z_4_clean/samples/7d6ffaa5822da03f/aa1_config_validation_report.json; scratch/pack_aa_event_bundle_20260722T090049Z_4_clean/samples/9db01cdd5f1bc783/aa1_config_validation_report.json; scratch/pack_aa_event_bundle_20260722T090049Z_4_clean/samples/660021fb118f5f92/aa1_config_validation_report.json; scratch/pack_aa_event_bundle_20260722T090049Z_4_clean/samples/fcd9ff83da939385/aa1_config_validation_report.json; scratch/pack_aa_event_bundle_20260722T090049Z_4_clean/samples/79ba74fb49c2f8c4/aa1_config_validation_report.json; scratch/pack_aa_event_bundle_20260722T090049Z_4_clean/samples/c50900cc55623ce4/aa1_config_validation_report.json; scratch/pack_aa_event_bundle_20260722T090049Z_4_clean/samples/4ad3896b59cb0d92/aa1_config_validation_report.json; scratch/pack_aa_event_bundle_20260722T090049Z_4_clean/samples/743390d495cb995c/aa1_config_validation_report.json; scratch/pack_aa_event_bundle_20260722T090049Z_4_clean/samples/b3f66512c7b91693/aa1_config_validation_report.json; scratch/pack_aa_event_bundle_20260722T090049Z_4_clean/samples/7d6ffaa5822da03f/aa1_config_validation_report.json; scratch/pack_aa_event_bundle_20260722T092243Z_2_clean/samples/9db01cdd5f1bc783/aa1_config_validation_report.json; scratch/pack_aa_event_bundle_20260722T092243Z_2_clean/samples/660021fb118f5f92/aa1_config_validation_report.json; scratch/pack_aa_event_bundle_20260722T092243Z_2_clean/samples/fcd9ff83da939385/aa1_config_validation_report.json; scratch/pack_aa_event_bundle_20260722T092243Z_2_clean/samples/79ba74fb49c2f8c4/aa1_config_validation_report.json; scratch/pack_aa_event_bundle_20260722T092243Z_2_clean/samples/c50900cc55623ce4/aa1_config_validation_report.json; scratch/pack_aa_event_bundle_20260722T092243Z_2_clean/samples/4ad3896b59cb0d92/aa1_config_validation_report.json; scratch/pack_aa_event_bundle_20260722T092243Z_2_clean/samples/743390d495cb995c/aa1_config_validation_report.json; scratch/pack_aa_event_bundle_20260722T092243Z_2_clean/samples/b3f66512c7b91693/aa1_config_validation_report.json; scratch/pack_aa_event_bundle_20260722T092243Z_2_clean/samples/7d6ffaa5822da03f/aa1_config_validation_report.json; scratch/pack_aa_event_bundle_20260722T092243Z_5_clean/samples/9db01cdd5f1bc783/aa1_config_validation_report.json; scratch/pack_aa_event_bundle_20260722T092243Z_5_clean/samples/660021fb118f5f92/aa1_config_validation_report.json; scratch/pack_aa_event_bundle_20260722T092243Z_5_clean/samples/fcd9ff83da939385/aa1_config_validation_report.json; scratch/pack_aa_event_bundle_20260722T092243Z_5_clean/samples/79ba74fb49c2f8c4/aa1_config_validation_report.json; scratch/pack_aa_event_bundle_20260722T092243Z_5_clean/samples/c50900cc55623ce4/aa1_config_validation_report.json; scratch/pack_aa_event_bundle_20260722T092243Z_5_clean/samples/4ad3896b59cb0d92/aa1_config_validation_report.json; scratch/pack_aa_event_bundle_20260722T092243Z_5_clean/samples/743390d495cb995c/aa1_config_validation_report.json; scratch/pack_aa_event_bundle_20260722T092243Z_5_clean/samples/b3f66512c7b91693/aa1_config_validation_report.json; scratch/pack_aa_event_bundle_20260722T092243Z_5_clean/samples/7d6ffaa5822da03f/aa1_config_validation_report.json; pack_aa/runs/20260722T065903Z_248d339eedaede90_ctau50000_mixed/aa1_config_validation_report.json; pack_aa/runs/20260722T064356Z_284a5a239282faa1_ctau1_bb/aa1_config_validation_report.json; pack_aa/runs/20260722T025650Z_ae7e2484805df12f_ctau1_bb/aa1_config_validation_report.json; pack_aa/runs/20260722T063654Z_606d8d2b4004cd81_ctau1000_gamma_gamma/aa1_config_validation_report.json; pack_aa/runs/20260722T031155Z_88a9a1cad5920b09_ctau50000_gamma_gamma/aa1_config_validation_report.json; pack_aa/runs/20260722T071905Z_7d6ffaa5822da03f_ctau1_gamma_gamma/aa1_config_validation_report.json; pack_aa/runs/20260722T064015Z_88a9a1cad5920b09_ctau50000_gamma_gamma/aa1_config_validation_report.json; pack_aa/runs/20260722T063713Z_c3ffb47e5a2c9cb7_ctau1000_mixed/aa1_config_validation_report.json; pack_aa/runs/20260722T071828Z_743390d495cb995c_ctau1000_mixed/aa1_config_validation_report.json; pack_aa/runs/20260722T030354Z_d084dd020a55e309_ctau50000_bb/aa1_config_validation_report.json; pack_aa/runs/20260722T031135Z_d084dd020a55e309_ctau50000_bb/aa1_config_validation_report.json; pack_aa/runs/20260722T071750Z_fcd9ff83da939385_ctau1000_bb/aa1_config_validation_report.json; pack_aa/runs/20260722T030804Z_81a39ac0feb4d05b_ctau1_mixed/aa1_config_validation_report.json; pack_aa/runs/20260722T063844Z_c3ffb47e5a2c9cb7_ctau1000_mixed/aa1_config_validation_report.json; pack_aa/runs/20260722T025624Z_2876a1054a402148_ctau1_gamma_gamma/aa1_config_validation_report.json; pack_aa/runs/20260722T024601Z_2876a1054a402148_ctau1_gamma_gamma/aa1_config_validation_report.json; pack_aa/runs/20260722T065732Z_284a5a239282faa1_ctau1_bb/aa1_config_validation_report.json; pack_aa/runs/20260722T064527Z_248d339eedaede90_ctau50000_mixed/aa1_config_validation_report.json; pack_aa/runs/20260722T030220Z_606d8d2b4004cd81_ctau1000_gamma_gamma/aa1_config_validation_report.json; pack_aa/runs/20260722T030843Z_88a9a1cad5920b09_ctau50000_gamma_gamma/aa1_config_validation_report.json; pack_aa/runs/20260722T065826Z_d084dd020a55e309_ctau50000_bb/aa1_config_validation_report.json; pack_aa/runs/20260722T065751Z_832152aad3bbc905_ctau1_gamma_gamma/aa1_config_validation_report.json; pack_aa/runs/20260722T063749Z_832152aad3bbc905_ctau1_gamma_gamma/aa1_config_validation_report.json; pack_aa/runs/20260722T031056Z_832152aad3bbc905_ctau1_gamma_gamma/aa1_config_validation_report.json; pack_aa/runs/20260722T063730Z_284a5a239282faa1_ctau1_bb/aa1_config_validation_report.json; pack_aa/runs/20260722T065638Z_a26c4736e2d2a28f_ctau1000_bb/aa1_config_validation_report.json; pack_aa/runs/20260722T064450Z_d084dd020a55e309_ctau50000_bb/aa1_config_validation_report.json; pack_aa/runs/20260722T064337Z_c3ffb47e5a2c9cb7_ctau1000_mixed/aa1_config_validation_report.json; pack_aa/runs/20260722T064319Z_606d8d2b4004cd81_ctau1000_gamma_gamma/aa1_config_validation_report.json; pack_aa/runs/20260722T031000Z_606d8d2b4004cd81_ctau1000_gamma_gamma/aa1_config_validation_report.json; pack_aa/runs/20260722T064032Z_248d339eedaede90_ctau50000_mixed/aa1_config_validation_report.json; pack_aa/runs/20260722T071808Z_4ad3896b59cb0d92_ctau1000_gamma_gamma/aa1_config_validation_report.json; pack_aa/runs/20260722T030432Z_248d339eedaede90_ctau50000_mixed/aa1_config_validation_report.json; pack_aa/runs/20260722T024929Z_2876a1054a402148_ctau1_gamma_gamma/aa1_config_validation_report.json; pack_aa/runs/20260722T030413Z_88a9a1cad5920b09_ctau50000_gamma_gamma/aa1_config_validation_report.json; pack_aa/runs/20260722T030657Z_c3ffb47e5a2c9cb7_ctau1000_mixed/aa1_config_validation_report.json; pack_aa/runs/20260722T063956Z_d084dd020a55e309_ctau50000_bb/aa1_config_validation_report.json; pack_aa/runs/20260722T030257Z_284a5a239282faa1_ctau1_bb/aa1_config_validation_report.json; pack_aa/runs/20260722T071705Z_7d6ffaa5822da03f_ctau1_gamma_gamma/aa1_config_validation_report.json; pack_aa/runs/20260722T031037Z_284a5a239282faa1_ctau1_bb/aa1_config_validation_report.json; pack_aa/runs/20260722T030942Z_a26c4736e2d2a28f_ctau1000_bb/aa1_config_validation_report.json; pack_aa/runs/20260722T030901Z_248d339eedaede90_ctau50000_mixed/aa1_config_validation_report.json; pack_aa/runs/20260722T064508Z_88a9a1cad5920b09_ctau50000_gamma_gamma/aa1_config_validation_report.json; pack_aa/runs/20260722T063101Z_81a39ac0feb4d05b_ctau1_mixed/aa1_config_validation_report.json; pack_aa/runs/20260722T024310Z_2876a1054a402148_ctau1_gamma_gamma/aa1_config_validation_report.json; pack_aa/runs/20260722T065715Z_c3ffb47e5a2c9cb7_ctau1000_mixed/aa1_config_validation_report.json; pack_aa/runs/20260722T071846Z_660021fb118f5f92_ctau1_bb/aa1_config_validation_report.json; pack_aa/runs/20260722T030635Z_606d8d2b4004cd81_ctau1000_gamma_gamma/aa1_config_validation_report.json; pack_aa/runs/20260722T030007Z_8f2b4ab5d4724eed_ctau1_mixed/aa1_config_validation_report.json; pack_aa/runs/20260722T065656Z_606d8d2b4004cd81_ctau1000_gamma_gamma/aa1_config_validation_report.json; pack_aa/runs/20260722T030616Z_a26c4736e2d2a28f_ctau1000_bb/aa1_config_validation_report.json; pack_aa/runs/20260722T065809Z_81a39ac0feb4d05b_ctau1_mixed/aa1_config_validation_report.json; pack_aa/runs/20260722T031215Z_248d339eedaede90_ctau50000_mixed/aa1_config_validation_report.json; pack_aa/runs/20260722T031019Z_c3ffb47e5a2c9cb7_ctau1000_mixed/aa1_config_validation_report.json; pack_aa/runs/20260722T071924Z_c50900cc55623ce4_ctau1_mixed/aa1_config_validation_report.json; pack_aa/runs/20260722T030201Z_a26c4736e2d2a28f_ctau1000_bb/aa1_config_validation_report.json; pack_aa/runs/20260722T063637Z_a26c4736e2d2a28f_ctau1000_bb/aa1_config_validation_report.json; pack_aa/runs/20260722T024640Z_2876a1054a402148_ctau1_gamma_gamma/aa1_config_validation_report.json; pack_aa/runs/20260722T072001Z_b3f66512c7b91693_ctau50000_gamma_gamma/aa1_config_validation_report.json; pack_aa/runs/20260722T064413Z_832152aad3bbc905_ctau1_gamma_gamma/aa1_config_validation_report.json; pack_aa/runs/20260722T030335Z_81a39ac0feb4d05b_ctau1_mixed/aa1_config_validation_report.json; pack_aa/runs/20260722T030316Z_832152aad3bbc905_ctau1_gamma_gamma/aa1_config_validation_report.json; pack_aa/runs/20260722T063920Z_832152aad3bbc905_ctau1_gamma_gamma/aa1_config_validation_report.json; pack_aa/runs/20260722T063902Z_284a5a239282faa1_ctau1_bb/aa1_config_validation_report.json; pack_aa/runs/20260722T064300Z_a26c4736e2d2a28f_ctau1000_bb/aa1_config_validation_report.json; pack_aa/runs/20260722T071941Z_9db01cdd5f1bc783_ctau50000_bb/aa1_config_validation_report.json; pack_aa/runs/20260722T024329Z_2876a1054a402148_ctau1_gamma_gamma/aa1_config_validation_report.json; pack_aa/runs/20260722T031115Z_81a39ac0feb4d05b_ctau1_mixed/aa1_config_validation_report.json; pack_aa/runs/20260722T025924Z_ae7e2484805df12f_ctau1_bb/aa1_config_validation_report.json; pack_aa/runs/20260722T030823Z_d084dd020a55e309_ctau50000_bb/aa1_config_validation_report.json; pack_aa/runs/20260722T063938Z_81a39ac0feb4d05b_ctau1_mixed/aa1_config_validation_report.json; pack_aa/runs/20260722T030742Z_832152aad3bbc905_ctau1_gamma_gamma/aa1_config_validation_report.json; pack_aa/runs/20260722T024444Z_2876a1054a402148_ctau1_gamma_gamma/aa1_config_validation_report.json; pack_aa/runs/20260722T065845Z_88a9a1cad5920b09_ctau50000_gamma_gamma/aa1_config_validation_report.json; pack_aa/runs/20260722T063734Z_c3ffb47e5a2c9cb7_ctau1000_mixed/aa1_config_validation_report.json; pack_aa/runs/20260722T030718Z_284a5a239282faa1_ctau1_bb/aa1_config_validation_report.json; pack_aa/runs/20260722T064431Z_81a39ac0feb4d05b_ctau1_mixed/aa1_config_validation_report.json; pack_aa/runs/20260722T063808Z_81a39ac0feb4d05b_ctau1_mixed/aa1_config_validation_report.json; pack_aa/runs/20260722T063808Z_a26c4736e2d2a28f_ctau1000_bb/aa1_config_validation_report.json; pack_aa/runs/20260722T063826Z_606d8d2b4004cd81_ctau1000_gamma_gamma/aa1_config_validation_report.json; pack_aa/runs/20260722T024828Z_2876a1054a402148_ctau1_gamma_gamma/aa1_config_validation_report.json; pack_aa/runs/20260722T030239Z_c3ffb47e5a2c9cb7_ctau1000_mixed/aa1_config_validation_report.json; pack_aa/runs/20260722T072019Z_79ba74fb49c2f8c4_ctau50000_mixed/aa1_config_validation_report.json; releases/pack_aa/event_samples/20260722T092243Z_1/samples/9db01cdd5f1bc783/aa1_config_validation_report.json; releases/pack_aa/event_samples/20260722T092243Z_1/samples/660021fb118f5f92/aa1_config_validation_report.json; releases/pack_aa/event_samples/20260722T092243Z_1/samples/fcd9ff83da939385/aa1_config_validation_report.json; releases/pack_aa/event_samples/20260722T092243Z_1/samples/79ba74fb49c2f8c4/aa1_config_validation_report.json; releases/pack_aa/event_samples/20260722T092243Z_1/samples/c50900cc55623ce4/aa1_config_validation_report.json; releases/pack_aa/event_samples/20260722T092243Z_1/samples/4ad3896b59cb0d92/aa1_config_validation_report.json; releases/pack_aa/event_samples/20260722T092243Z_1/samples/743390d495cb995c/aa1_config_validation_report.json; releases/pack_aa/event_samples/20260722T092243Z_1/samples/b3f66512c7b91693/aa1_config_validation_report.json; releases/pack_aa/event_samples/20260722T092243Z_1/samples/7d6ffaa5822da03f/aa1_config_validation_report.json; releases/pack_aa/event_samples/20260722T090049Z_4/samples/9db01cdd5f1bc783/aa1_config_validation_report.json; releases/pack_aa/event_samples/20260722T090049Z_4/samples/660021fb118f5f92/aa1_config_validation_report.json; releases/pack_aa/event_samples/20260722T090049Z_4/samples/fcd9ff83da939385/aa1_config_validation_report.json; releases/pack_aa/event_samples/20260722T090049Z_4/samples/79ba74fb49c2f8c4/aa1_config_validation_report.json; releases/pack_aa/event_samples/20260722T090049Z_4/samples/c50900cc55623ce4/aa1_config_validation_report.json; releases/pack_aa/event_samples/20260722T090049Z_4/samples/4ad3896b59cb0d92/aa1_config_validation_report.json; releases/pack_aa/event_samples/20260722T090049Z_4/samples/743390d495cb995c/aa1_config_validation_report.json; releases/pack_aa/event_samples/20260722T090049Z_4/samples/b3f66512c7b91693/aa1_config_validation_report.json; releases/pack_aa/event_samples/20260722T090049Z_4/samples/7d6ffaa5822da03f/aa1_config_validation_report.json; releases/pack_aa/event_samples/20260722T092243Z/samples/9db01cdd5f1bc783/aa1_config_validation_report.json; releases/pack_aa/event_samples/20260722T092243Z/samples/660021fb118f5f92/aa1_config_validation_report.json; releases/pack_aa/event_samples/20260722T092243Z/samples/fcd9ff83da939385/aa1_config_validation_report.json; releases/pack_aa/event_samples/20260722T092243Z/samples/79ba74fb49c2f8c4/aa1_config_validation_report.json; releases/pack_aa/event_samples/20260722T092243Z/samples/c50900cc55623ce4/aa1_config_validation_report.json; releases/pack_aa/event_samples/20260722T092243Z/samples/4ad3896b59cb0d92/aa1_config_validation_report.json; releases/pack_aa/event_samples/20260722T092243Z/samples/743390d495cb995c/aa1_config_validation_report.json; releases/pack_aa/event_samples/20260722T092243Z/samples/b3f66512c7b91693/aa1_config_validation_report.json; releases/pack_aa/event_samples/20260722T092243Z/samples/7d6ffaa5822da03f/aa1_config_validation_report.json; releases/pack_aa/event_samples/20260722T092243Z_3/samples/9db01cdd5f1bc783/aa1_config_validation_report.json; releases/pack_aa/event_samples/20260722T092243Z_3/samples/660021fb118f5f92/aa1_config_validation_report.json; releases/pack_aa/event_samples/20260722T092243Z_3/samples/fcd9ff83da939385/aa1_config_validation_report.json; releases/pack_aa/event_samples/20260722T092243Z_3/samples/79ba74fb49c2f8c4/aa1_config_validation_report.json; releases/pack_aa/event_samples/20260722T092243Z_3/samples/c50900cc55623ce4/aa1_config_validation_report.json; releases/pack_aa/event_samples/20260722T092243Z_3/samples/4ad3896b59cb0d92/aa1_config_validation_report.json; releases/pack_aa/event_samples/20260722T092243Z_3/samples/743390d495cb995c/aa1_config_validation_report.json; releases/pack_aa/event_samples/20260722T092243Z_3/samples/b3f66512c7b91693/aa1_config_validation_report.json; releases/pack_aa/event_samples/20260722T092243Z_3/samples/7d6ffaa5822da03f/aa1_config_validation_report.json; releases/pack_aa/event_samples/20260722T092243Z_4/samples/9db01cdd5f1bc783/aa1_config_validation_report.json; releases/pack_aa/event_samples/20260722T092243Z_4/samples/660021fb118f5f92/aa1_config_validation_report.json; releases/pack_aa/event_samples/20260722T092243Z_4/samples/fcd9ff83da939385/aa1_config_validation_report.json; releases/pack_aa/event_samples/20260722T092243Z_4/samples/79ba74fb49c2f8c4/aa1_config_validation_report.json; releases/pack_aa/event_samples/20260722T092243Z_4/samples/c50900cc55623ce4/aa1_config_validation_report.json; releases/pack_aa/event_samples/20260722T092243Z_4/samples/4ad3896b59cb0d92/aa1_config_validation_report.json; releases/pack_aa/event_samples/20260722T092243Z_4/samples/743390d495cb995c/aa1_config_validation_report.json; releases/pack_aa/event_samples/20260722T092243Z_4/samples/b3f66512c7b91693/aa1_config_validation_report.json; releases/pack_aa/event_samples/20260722T092243Z_4/samples/7d6ffaa5822da03f/aa1_config_validation_report.json; releases/pack_aa/event_samples/20260722T090049Z_3/samples/9db01cdd5f1bc783/aa1_config_validation_report.json; releases/pack_aa/event_samples/20260722T090049Z_3/samples/660021fb118f5f92/aa1_config_validation_report.json; releases/pack_aa/event_samples/20260722T090049Z_3/samples/fcd9ff83da939385/aa1_config_validation_report.json; releases/pack_aa/event_samples/20260722T090049Z_3/samples/79ba74fb49c2f8c4/aa1_config_validation_report.json; releases/pack_aa/event_samples/20260722T090049Z_3/samples/c50900cc55623ce4/aa1_config_validation_report.json; releases/pack_aa/event_samples/20260722T090049Z_3/samples/4ad3896b59cb0d92/aa1_config_validation_report.json; releases/pack_aa/event_samples/20260722T090049Z_3/samples/743390d495cb995c/aa1_config_validation_report.json; releases/pack_aa/event_samples/20260722T090049Z_3/samples/b3f66512c7b91693/aa1_config_validation_report.json; releases/pack_aa/event_samples/20260722T090049Z_3/samples/7d6ffaa5822da03f/aa1_config_validation_report.json; releases/pack_aa/event_samples/20260722T092243Z_5/samples/9db01cdd5f1bc783/aa1_config_validation_report.json; releases/pack_aa/event_samples/20260722T092243Z_5/samples/660021fb118f5f92/aa1_config_validation_report.json; releases/pack_aa/event_samples/20260722T092243Z_5/samples/fcd9ff83da939385/aa1_config_validation_report.json; releases/pack_aa/event_samples/20260722T092243Z_5/samples/79ba74fb49c2f8c4/aa1_config_validation_report.json; releases/pack_aa/event_samples/20260722T092243Z_5/samples/c50900cc55623ce4/aa1_config_validation_report.json; releases/pack_aa/event_samples/20260722T092243Z_5/samples/4ad3896b59cb0d92/aa1_config_validation_report.json; releases/pack_aa/event_samples/20260722T092243Z_5/samples/743390d495cb995c/aa1_config_validation_report.json; releases/pack_aa/event_samples/20260722T092243Z_5/samples/b3f66512c7b91693/aa1_config_validation_report.json; releases/pack_aa/event_samples/20260722T092243Z_5/samples/7d6ffaa5822da03f/aa1_config_validation_report.json; releases/pack_aa/event_samples/20260722T092243Z_2/samples/9db01cdd5f1bc783/aa1_config_validation_report.json; releases/pack_aa/event_samples/20260722T092243Z_2/samples/660021fb118f5f92/aa1_config_validation_report.json; releases/pack_aa/event_samples/20260722T092243Z_2/samples/fcd9ff83da939385/aa1_config_validation_report.json; releases/pack_aa/event_samples/20260722T092243Z_2/samples/79ba74fb49c2f8c4/aa1_config_validation_report.json; releases/pack_aa/event_samples/20260722T092243Z_2/samples/c50900cc55623ce4/aa1_config_validation_report.json; releases/pack_aa/event_samples/20260722T092243Z_2/samples/4ad3896b59cb0d92/aa1_config_validation_report.json; releases/pack_aa/event_samples/20260722T092243Z_2/samples/743390d495cb995c/aa1_config_validation_report.json; releases/pack_aa/event_samples/20260722T092243Z_2/samples/b3f66512c7b91693/aa1_config_validation_report.json; releases/pack_aa/event_samples/20260722T092243Z_2/samples/7d6ffaa5822da03f/aa1_config_validation_report.json
events.truth.driver.meta.json	108	scratch/pack_aa_event_bundle_20260722T092243Z_4_clean/samples/9db01cdd5f1bc783/events.truth.driver.meta.json; scratch/pack_aa_event_bundle_20260722T092243Z_4_clean/samples/660021fb118f5f92/events.truth.driver.meta.json; scratch/pack_aa_event_bundle_20260722T092243Z_4_clean/samples/fcd9ff83da939385/events.truth.driver.meta.json; scratch/pack_aa_event_bundle_20260722T092243Z_4_clean/samples/79ba74fb49c2f8c4/events.truth.driver.meta.json; scratch/pack_aa_event_bundle_20260722T092243Z_4_clean/samples/c50900cc55623ce4/events.truth.driver.meta.json; scratch/pack_aa_event_bundle_20260722T092243Z_4_clean/samples/4ad3896b59cb0d92/events.truth.driver.meta.json; scratch/pack_aa_event_bundle_20260722T092243Z_4_clean/samples/743390d495cb995c/events.truth.driver.meta.json; scratch/pack_aa_event_bundle_20260722T092243Z_4_clean/samples/b3f66512c7b91693/events.truth.driver.meta.json; scratch/pack_aa_event_bundle_20260722T092243Z_4_clean/samples/7d6ffaa5822da03f/events.truth.driver.meta.json; scratch/pack_aa_event_bundle_20260722T090049Z_4_clean/samples/9db01cdd5f1bc783/events.truth.driver.meta.json; scratch/pack_aa_event_bundle_20260722T090049Z_4_clean/samples/660021fb118f5f92/events.truth.driver.meta.json; scratch/pack_aa_event_bundle_20260722T090049Z_4_clean/samples/fcd9ff83da939385/events.truth.driver.meta.json; scratch/pack_aa_event_bundle_20260722T090049Z_4_clean/samples/79ba74fb49c2f8c4/events.truth.driver.meta.json; scratch/pack_aa_event_bundle_20260722T090049Z_4_clean/samples/c50900cc55623ce4/events.truth.driver.meta.json; scratch/pack_aa_event_bundle_20260722T090049Z_4_clean/samples/4ad3896b59cb0d92/events.truth.driver.meta.json; scratch/pack_aa_event_bundle_20260722T090049Z_4_clean/samples/743390d495cb995c/events.truth.driver.meta.json; scratch/pack_aa_event_bundle_20260722T090049Z_4_clean/samples/b3f66512c7b91693/events.truth.driver.meta.json; scratch/pack_aa_event_bundle_20260722T090049Z_4_clean/samples/7d6ffaa5822da03f/events.truth.driver.meta.json; scratch/pack_aa_event_bundle_20260722T092243Z_2_clean/samples/9db01cdd5f1bc783/events.truth.driver.meta.json; scratch/pack_aa_event_bundle_20260722T092243Z_2_clean/samples/660021fb118f5f92/events.truth.driver.meta.json; scratch/pack_aa_event_bundle_20260722T092243Z_2_clean/samples/fcd9ff83da939385/events.truth.driver.meta.json; scratch/pack_aa_event_bundle_20260722T092243Z_2_clean/samples/79ba74fb49c2f8c4/events.truth.driver.meta.json; scratch/pack_aa_event_bundle_20260722T092243Z_2_clean/samples/c50900cc55623ce4/events.truth.driver.meta.json; scratch/pack_aa_event_bundle_20260722T092243Z_2_clean/samples/4ad3896b59cb0d92/events.truth.driver.meta.json; scratch/pack_aa_event_bundle_20260722T092243Z_2_clean/samples/743390d495cb995c/events.truth.driver.meta.json; scratch/pack_aa_event_bundle_20260722T092243Z_2_clean/samples/b3f66512c7b91693/events.truth.driver.meta.json; scratch/pack_aa_event_bundle_20260722T092243Z_2_clean/samples/7d6ffaa5822da03f/events.truth.driver.meta.json; scratch/pack_aa_event_bundle_20260722T092243Z_5_clean/samples/9db01cdd5f1bc783/events.truth.driver.meta.json; scratch/pack_aa_event_bundle_20260722T092243Z_5_clean/samples/660021fb118f5f92/events.truth.driver.meta.json; scratch/pack_aa_event_bundle_20260722T092243Z_5_clean/samples/fcd9ff83da939385/events.truth.driver.meta.json; scratch/pack_aa_event_bundle_20260722T092243Z_5_clean/samples/79ba74fb49c2f8c4/events.truth.driver.meta.json; scratch/pack_aa_event_bundle_20260722T092243Z_5_clean/samples/c50900cc55623ce4/events.truth.driver.meta.json; scratch/pack_aa_event_bundle_20260722T092243Z_5_clean/samples/4ad3896b59cb0d92/events.truth.driver.meta.json; scratch/pack_aa_event_bundle_20260722T092243Z_5_clean/samples/743390d495cb995c/events.truth.driver.meta.json; scratch/pack_aa_event_bundle_20260722T092243Z_5_clean/samples/b3f66512c7b91693/events.truth.driver.meta.json; scratch/pack_aa_event_bundle_20260722T092243Z_5_clean/samples/7d6ffaa5822da03f/events.truth.driver.meta.json; releases/pack_aa/event_samples/20260722T092243Z_1/samples/9db01cdd5f1bc783/events.truth.driver.meta.json; releases/pack_aa/event_samples/20260722T092243Z_1/samples/660021fb118f5f92/events.truth.driver.meta.json; releases/pack_aa/event_samples/20260722T092243Z_1/samples/fcd9ff83da939385/events.truth.driver.meta.json; releases/pack_aa/event_samples/20260722T092243Z_1/samples/79ba74fb49c2f8c4/events.truth.driver.meta.json; releases/pack_aa/event_samples/20260722T092243Z_1/samples/c50900cc55623ce4/events.truth.driver.meta.json; releases/pack_aa/event_samples/20260722T092243Z_1/samples/4ad3896b59cb0d92/events.truth.driver.meta.json; releases/pack_aa/event_samples/20260722T092243Z_1/samples/743390d495cb995c/events.truth.driver.meta.json; releases/pack_aa/event_samples/20260722T092243Z_1/samples/b3f66512c7b91693/events.truth.driver.meta.json; releases/pack_aa/event_samples/20260722T092243Z_1/samples/7d6ffaa5822da03f/events.truth.driver.meta.json; releases/pack_aa/event_samples/20260722T090049Z_4/samples/9db01cdd5f1bc783/events.truth.driver.meta.json; releases/pack_aa/event_samples/20260722T090049Z_4/samples/660021fb118f5f92/events.truth.driver.meta.json; releases/pack_aa/event_samples/20260722T090049Z_4/samples/fcd9ff83da939385/events.truth.driver.meta.json; releases/pack_aa/event_samples/20260722T090049Z_4/samples/79ba74fb49c2f8c4/events.truth.driver.meta.json; releases/pack_aa/event_samples/20260722T090049Z_4/samples/c50900cc55623ce4/events.truth.driver.meta.json; releases/pack_aa/event_samples/20260722T090049Z_4/samples/4ad3896b59cb0d92/events.truth.driver.meta.json; releases/pack_aa/event_samples/20260722T090049Z_4/samples/743390d495cb995c/events.truth.driver.meta.json; releases/pack_aa/event_samples/20260722T090049Z_4/samples/b3f66512c7b91693/events.truth.driver.meta.json; releases/pack_aa/event_samples/20260722T090049Z_4/samples/7d6ffaa5822da03f/events.truth.driver.meta.json; releases/pack_aa/event_samples/20260722T092243Z/samples/9db01cdd5f1bc783/events.truth.driver.meta.json; releases/pack_aa/event_samples/20260722T092243Z/samples/660021fb118f5f92/events.truth.driver.meta.json; releases/pack_aa/event_samples/20260722T092243Z/samples/fcd9ff83da939385/events.truth.driver.meta.json; releases/pack_aa/event_samples/20260722T092243Z/samples/79ba74fb49c2f8c4/events.truth.driver.meta.json; releases/pack_aa/event_samples/20260722T092243Z/samples/c50900cc55623ce4/events.truth.driver.meta.json; releases/pack_aa/event_samples/20260722T092243Z/samples/4ad3896b59cb0d92/events.truth.driver.meta.json; releases/pack_aa/event_samples/20260722T092243Z/samples/743390d495cb995c/events.truth.driver.meta.json; releases/pack_aa/event_samples/20260722T092243Z/samples/b3f66512c7b91693/events.truth.driver.meta.json; releases/pack_aa/event_samples/20260722T092243Z/samples/7d6ffaa5822da03f/events.truth.driver.meta.json; releases/pack_aa/event_samples/20260722T092243Z_3/samples/9db01cdd5f1bc783/events.truth.driver.meta.json; releases/pack_aa/event_samples/20260722T092243Z_3/samples/660021fb118f5f92/events.truth.driver.meta.json; releases/pack_aa/event_samples/20260722T092243Z_3/samples/fcd9ff83da939385/events.truth.driver.meta.json; releases/pack_aa/event_samples/20260722T092243Z_3/samples/79ba74fb49c2f8c4/events.truth.driver.meta.json; releases/pack_aa/event_samples/20260722T092243Z_3/samples/c50900cc55623ce4/events.truth.driver.meta.json; releases/pack_aa/event_samples/20260722T092243Z_3/samples/4ad3896b59cb0d92/events.truth.driver.meta.json; releases/pack_aa/event_samples/20260722T092243Z_3/samples/743390d495cb995c/events.truth.driver.meta.json; releases/pack_aa/event_samples/20260722T092243Z_3/samples/b3f66512c7b91693/events.truth.driver.meta.json; releases/pack_aa/event_samples/20260722T092243Z_3/samples/7d6ffaa5822da03f/events.truth.driver.meta.json; releases/pack_aa/event_samples/20260722T092243Z_4/samples/9db01cdd5f1bc783/events.truth.driver.meta.json; releases/pack_aa/event_samples/20260722T092243Z_4/samples/660021fb118f5f92/events.truth.driver.meta.json; releases/pack_aa/event_samples/20260722T092243Z_4/samples/fcd9ff83da939385/events.truth.driver.meta.json; releases/pack_aa/event_samples/20260722T092243Z_4/samples/79ba74fb49c2f8c4/events.truth.driver.meta.json; releases/pack_aa/event_samples/20260722T092243Z_4/samples/c50900cc55623ce4/events.truth.driver.meta.json; releases/pack_aa/event_samples/20260722T092243Z_4/samples/4ad3896b59cb0d92/events.truth.driver.meta.json; releases/pack_aa/event_samples/20260722T092243Z_4/samples/743390d495cb995c/events.truth.driver.meta.json; releases/pack_aa/event_samples/20260722T092243Z_4/samples/b3f66512c7b91693/events.truth.driver.meta.json; releases/pack_aa/event_samples/20260722T092243Z_4/samples/7d6ffaa5822da03f/events.truth.driver.meta.json; releases/pack_aa/event_samples/20260722T090049Z_3/samples/9db01cdd5f1bc783/events.truth.driver.meta.json; releases/pack_aa/event_samples/20260722T090049Z_3/samples/660021fb118f5f92/events.truth.driver.meta.json; releases/pack_aa/event_samples/20260722T090049Z_3/samples/fcd9ff83da939385/events.truth.driver.meta.json; releases/pack_aa/event_samples/20260722T090049Z_3/samples/79ba74fb49c2f8c4/events.truth.driver.meta.json; releases/pack_aa/event_samples/20260722T090049Z_3/samples/c50900cc55623ce4/events.truth.driver.meta.json; releases/pack_aa/event_samples/20260722T090049Z_3/samples/4ad3896b59cb0d92/events.truth.driver.meta.json; releases/pack_aa/event_samples/20260722T090049Z_3/samples/743390d495cb995c/events.truth.driver.meta.json; releases/pack_aa/event_samples/20260722T090049Z_3/samples/b3f66512c7b91693/events.truth.driver.meta.json; releases/pack_aa/event_samples/20260722T090049Z_3/samples/7d6ffaa5822da03f/events.truth.driver.meta.json; releases/pack_aa/event_samples/20260722T092243Z_5/samples/9db01cdd5f1bc783/events.truth.driver.meta.json; releases/pack_aa/event_samples/20260722T092243Z_5/samples/660021fb118f5f92/events.truth.driver.meta.json; releases/pack_aa/event_samples/20260722T092243Z_5/samples/fcd9ff83da939385/events.truth.driver.meta.json; releases/pack_aa/event_samples/20260722T092243Z_5/samples/79ba74fb49c2f8c4/events.truth.driver.meta.json; releases/pack_aa/event_samples/20260722T092243Z_5/samples/c50900cc55623ce4/events.truth.driver.meta.json; releases/pack_aa/event_samples/20260722T092243Z_5/samples/4ad3896b59cb0d92/events.truth.driver.meta.json; releases/pack_aa/event_samples/20260722T092243Z_5/samples/743390d495cb995c/events.truth.driver.meta.json; releases/pack_aa/event_samples/20260722T092243Z_5/samples/b3f66512c7b91693/events.truth.driver.meta.json; releases/pack_aa/event_samples/20260722T092243Z_5/samples/7d6ffaa5822da03f/events.truth.driver.meta.json; releases/pack_aa/event_samples/20260722T092243Z_2/samples/9db01cdd5f1bc783/events.truth.driver.meta.json; releases/pack_aa/event_samples/20260722T092243Z_2/samples/660021fb118f5f92/events.truth.driver.meta.json; releases/pack_aa/event_samples/20260722T092243Z_2/samples/fcd9ff83da939385/events.truth.driver.meta.json; releases/pack_aa/event_samples/20260722T092243Z_2/samples/79ba74fb49c2f8c4/events.truth.driver.meta.json; releases/pack_aa/event_samples/20260722T092243Z_2/samples/c50900cc55623ce4/events.truth.driver.meta.json; releases/pack_aa/event_samples/20260722T092243Z_2/samples/4ad3896b59cb0d92/events.truth.driver.meta.json; releases/pack_aa/event_samples/20260722T092243Z_2/samples/743390d495cb995c/events.truth.driver.meta.json; releases/pack_aa/event_samples/20260722T092243Z_2/samples/b3f66512c7b91693/events.truth.driver.meta.json; releases/pack_aa/event_samples/20260722T092243Z_2/samples/7d6ffaa5822da03f/events.truth.driver.meta.json
driver_command.txt	108	scratch/pack_aa_event_bundle_20260722T092243Z_4_clean/samples/9db01cdd5f1bc783/driver_command.txt; scratch/pack_aa_event_bundle_20260722T092243Z_4_clean/samples/660021fb118f5f92/driver_command.txt; scratch/pack_aa_event_bundle_20260722T092243Z_4_clean/samples/fcd9ff83da939385/driver_command.txt; scratch/pack_aa_event_bundle_20260722T092243Z_4_clean/samples/79ba74fb49c2f8c4/driver_command.txt; scratch/pack_aa_event_bundle_20260722T092243Z_4_clean/samples/c50900cc55623ce4/driver_command.txt; scratch/pack_aa_event_bundle_20260722T092243Z_4_clean/samples/4ad3896b59cb0d92/driver_command.txt; scratch/pack_aa_event_bundle_20260722T092243Z_4_clean/samples/743390d495cb995c/driver_command.txt; scratch/pack_aa_event_bundle_20260722T092243Z_4_clean/samples/b3f66512c7b91693/driver_command.txt; scratch/pack_aa_event_bundle_20260722T092243Z_4_clean/samples/7d6ffaa5822da03f/driver_command.txt; scratch/pack_aa_event_bundle_20260722T090049Z_4_clean/samples/9db01cdd5f1bc783/driver_command.txt; scratch/pack_aa_event_bundle_20260722T090049Z_4_clean/samples/660021fb118f5f92/driver_command.txt; scratch/pack_aa_event_bundle_20260722T090049Z_4_clean/samples/fcd9ff83da939385/driver_command.txt; scratch/pack_aa_event_bundle_20260722T090049Z_4_clean/samples/79ba74fb49c2f8c4/driver_command.txt; scratch/pack_aa_event_bundle_20260722T090049Z_4_clean/samples/c50900cc55623ce4/driver_command.txt; scratch/pack_aa_event_bundle_20260722T090049Z_4_clean/samples/4ad3896b59cb0d92/driver_command.txt; scratch/pack_aa_event_bundle_20260722T090049Z_4_clean/samples/743390d495cb995c/driver_command.txt; scratch/pack_aa_event_bundle_20260722T090049Z_4_clean/samples/b3f66512c7b91693/driver_command.txt; scratch/pack_aa_event_bundle_20260722T090049Z_4_clean/samples/7d6ffaa5822da03f/driver_command.txt; scratch/pack_aa_event_bundle_20260722T092243Z_2_clean/samples/9db01cdd5f1bc783/driver_command.txt; scratch/pack_aa_event_bundle_20260722T092243Z_2_clean/samples/660021fb118f5f92/driver_command.txt; scratch/pack_aa_event_bundle_20260722T092243Z_2_clean/samples/fcd9ff83da939385/driver_command.txt; scratch/pack_aa_event_bundle_20260722T092243Z_2_clean/samples/79ba74fb49c2f8c4/driver_command.txt; scratch/pack_aa_event_bundle_20260722T092243Z_2_clean/samples/c50900cc55623ce4/driver_command.txt; scratch/pack_aa_event_bundle_20260722T092243Z_2_clean/samples/4ad3896b59cb0d92/driver_command.txt; scratch/pack_aa_event_bundle_20260722T092243Z_2_clean/samples/743390d495cb995c/driver_command.txt; scratch/pack_aa_event_bundle_20260722T092243Z_2_clean/samples/b3f66512c7b91693/driver_command.txt; scratch/pack_aa_event_bundle_20260722T092243Z_2_clean/samples/7d6ffaa5822da03f/driver_command.txt; scratch/pack_aa_event_bundle_20260722T092243Z_5_clean/samples/9db01cdd5f1bc783/driver_command.txt; scratch/pack_aa_event_bundle_20260722T092243Z_5_clean/samples/660021fb118f5f92/driver_command.txt; scratch/pack_aa_event_bundle_20260722T092243Z_5_clean/samples/fcd9ff83da939385/driver_command.txt; scratch/pack_aa_event_bundle_20260722T092243Z_5_clean/samples/79ba74fb49c2f8c4/driver_command.txt; scratch/pack_aa_event_bundle_20260722T092243Z_5_clean/samples/c50900cc55623ce4/driver_command.txt; scratch/pack_aa_event_bundle_20260722T092243Z_5_clean/samples/4ad3896b59cb0d92/driver_command.txt; scratch/pack_aa_event_bundle_20260722T092243Z_5_clean/samples/743390d495cb995c/driver_command.txt; scratch/pack_aa_event_bundle_20260722T092243Z_5_clean/samples/b3f66512c7b91693/driver_command.txt; scratch/pack_aa_event_bundle_20260722T092243Z_5_clean/samples/7d6ffaa5822da03f/driver_command.txt; releases/pack_aa/event_samples/20260722T092243Z_1/samples/9db01cdd5f1bc783/driver_command.txt; releases/pack_aa/event_samples/20260722T092243Z_1/samples/660021fb118f5f92/driver_command.txt; releases/pack_aa/event_samples/20260722T092243Z_1/samples/fcd9ff83da939385/driver_command.txt; releases/pack_aa/event_samples/20260722T092243Z_1/samples/79ba74fb49c2f8c4/driver_command.txt; releases/pack_aa/event_samples/20260722T092243Z_1/samples/c50900cc55623ce4/driver_command.txt; releases/pack_aa/event_samples/20260722T092243Z_1/samples/4ad3896b59cb0d92/driver_command.txt; releases/pack_aa/event_samples/20260722T092243Z_1/samples/743390d495cb995c/driver_command.txt; releases/pack_aa/event_samples/20260722T092243Z_1/samples/b3f66512c7b91693/driver_command.txt; releases/pack_aa/event_samples/20260722T092243Z_1/samples/7d6ffaa5822da03f/driver_command.txt; releases/pack_aa/event_samples/20260722T090049Z_4/samples/9db01cdd5f1bc783/driver_command.txt; releases/pack_aa/event_samples/20260722T090049Z_4/samples/660021fb118f5f92/driver_command.txt; releases/pack_aa/event_samples/20260722T090049Z_4/samples/fcd9ff83da939385/driver_command.txt; releases/pack_aa/event_samples/20260722T090049Z_4/samples/79ba74fb49c2f8c4/driver_command.txt; releases/pack_aa/event_samples/20260722T090049Z_4/samples/c50900cc55623ce4/driver_command.txt; releases/pack_aa/event_samples/20260722T090049Z_4/samples/4ad3896b59cb0d92/driver_command.txt; releases/pack_aa/event_samples/20260722T090049Z_4/samples/743390d495cb995c/driver_command.txt; releases/pack_aa/event_samples/20260722T090049Z_4/samples/b3f66512c7b91693/driver_command.txt; releases/pack_aa/event_samples/20260722T090049Z_4/samples/7d6ffaa5822da03f/driver_command.txt; releases/pack_aa/event_samples/20260722T092243Z/samples/9db01cdd5f1bc783/driver_command.txt; releases/pack_aa/event_samples/20260722T092243Z/samples/660021fb118f5f92/driver_command.txt; releases/pack_aa/event_samples/20260722T092243Z/samples/fcd9ff83da939385/driver_command.txt; releases/pack_aa/event_samples/20260722T092243Z/samples/79ba74fb49c2f8c4/driver_command.txt; releases/pack_aa/event_samples/20260722T092243Z/samples/c50900cc55623ce4/driver_command.txt; releases/pack_aa/event_samples/20260722T092243Z/samples/4ad3896b59cb0d92/driver_command.txt; releases/pack_aa/event_samples/20260722T092243Z/samples/743390d495cb995c/driver_command.txt; releases/pack_aa/event_samples/20260722T092243Z/samples/b3f66512c7b91693/driver_command.txt; releases/pack_aa/event_samples/20260722T092243Z/samples/7d6ffaa5822da03f/driver_command.txt; releases/pack_aa/event_samples/20260722T092243Z_3/samples/9db01cdd5f1bc783/driver_command.txt; releases/pack_aa/event_samples/20260722T092243Z_3/samples/660021fb118f5f92/driver_command.txt; releases/pack_aa/event_samples/20260722T092243Z_3/samples/fcd9ff83da939385/driver_command.txt; releases/pack_aa/event_samples/20260722T092243Z_3/samples/79ba74fb49c2f8c4/driver_command.txt; releases/pack_aa/event_samples/20260722T092243Z_3/samples/c50900cc55623ce4/driver_command.txt; releases/pack_aa/event_samples/20260722T092243Z_3/samples/4ad3896b59cb0d92/driver_command.txt; releases/pack_aa/event_samples/20260722T092243Z_3/samples/743390d495cb995c/driver_command.txt; releases/pack_aa/event_samples/20260722T092243Z_3/samples/b3f66512c7b91693/driver_command.txt; releases/pack_aa/event_samples/20260722T092243Z_3/samples/7d6ffaa5822da03f/driver_command.txt; releases/pack_aa/event_samples/20260722T092243Z_4/samples/9db01cdd5f1bc783/driver_command.txt; releases/pack_aa/event_samples/20260722T092243Z_4/samples/660021fb118f5f92/driver_command.txt; releases/pack_aa/event_samples/20260722T092243Z_4/samples/fcd9ff83da939385/driver_command.txt; releases/pack_aa/event_samples/20260722T092243Z_4/samples/79ba74fb49c2f8c4/driver_command.txt; releases/pack_aa/event_samples/20260722T092243Z_4/samples/c50900cc55623ce4/driver_command.txt; releases/pack_aa/event_samples/20260722T092243Z_4/samples/4ad3896b59cb0d92/driver_command.txt; releases/pack_aa/event_samples/20260722T092243Z_4/samples/743390d495cb995c/driver_command.txt; releases/pack_aa/event_samples/20260722T092243Z_4/samples/b3f66512c7b91693/driver_command.txt; releases/pack_aa/event_samples/20260722T092243Z_4/samples/7d6ffaa5822da03f/driver_command.txt; releases/pack_aa/event_samples/20260722T090049Z_3/samples/9db01cdd5f1bc783/driver_command.txt; releases/pack_aa/event_samples/20260722T090049Z_3/samples/660021fb118f5f92/driver_command.txt; releases/pack_aa/event_samples/20260722T090049Z_3/samples/fcd9ff83da939385/driver_command.txt; releases/pack_aa/event_samples/20260722T090049Z_3/samples/79ba74fb49c2f8c4/driver_command.txt; releases/pack_aa/event_samples/20260722T090049Z_3/samples/c50900cc55623ce4/driver_command.txt; releases/pack_aa/event_samples/20260722T090049Z_3/samples/4ad3896b59cb0d92/driver_command.txt; releases/pack_aa/event_samples/20260722T090049Z_3/samples/743390d495cb995c/driver_command.txt; releases/pack_aa/event_samples/20260722T090049Z_3/samples/b3f66512c7b91693/driver_command.txt; releases/pack_aa/event_samples/20260722T090049Z_3/samples/7d6ffaa5822da03f/driver_command.txt; releases/pack_aa/event_samples/20260722T092243Z_5/samples/9db01cdd5f1bc783/driver_command.txt; releases/pack_aa/event_samples/20260722T092243Z_5/samples/660021fb118f5f92/driver_command.txt; releases/pack_aa/event_samples/20260722T092243Z_5/samples/fcd9ff83da939385/driver_command.txt; releases/pack_aa/event_samples/20260722T092243Z_5/samples/79ba74fb49c2f8c4/driver_command.txt; releases/pack_aa/event_samples/20260722T092243Z_5/samples/c50900cc55623ce4/driver_command.txt; releases/pack_aa/event_samples/20260722T092243Z_5/samples/4ad3896b59cb0d92/driver_command.txt; releases/pack_aa/event_samples/20260722T092243Z_5/samples/743390d495cb995c/driver_command.txt; releases/pack_aa/event_samples/20260722T092243Z_5/samples/b3f66512c7b91693/driver_command.txt; releases/pack_aa/event_samples/20260722T092243Z_5/samples/7d6ffaa5822da03f/driver_command.txt; releases/pack_aa/event_samples/20260722T092243Z_2/samples/9db01cdd5f1bc783/driver_command.txt; releases/pack_aa/event_samples/20260722T092243Z_2/samples/660021fb118f5f92/driver_command.txt; releases/pack_aa/event_samples/20260722T092243Z_2/samples/fcd9ff83da939385/driver_command.txt; releases/pack_aa/event_samples/20260722T092243Z_2/samples/79ba74fb49c2f8c4/driver_command.txt; releases/pack_aa/event_samples/20260722T092243Z_2/samples/c50900cc55623ce4/driver_command.txt; releases/pack_aa/event_samples/20260722T092243Z_2/samples/4ad3896b59cb0d92/driver_command.txt; releases/pack_aa/event_samples/20260722T092243Z_2/samples/743390d495cb995c/driver_command.txt; releases/pack_aa/event_samples/20260722T092243Z_2/samples/b3f66512c7b91693/driver_command.txt; releases/pack_aa/event_samples/20260722T092243Z_2/samples/7d6ffaa5822da03f/driver_command.txt
REVIEW_LEDGER.json	3	pack_aa/mission/REVIEW_LEDGER.json; studies/pack_a_seed_mc/mission/REVIEW_LEDGER.json; pack_b/mission/REVIEW_LEDGER.json
BLOCKERS.md	3	pack_aa/mission/BLOCKERS.md; studies/pack_a_seed_mc/mission/BLOCKERS.md; pack_b/mission/BLOCKERS.md
COMMAND_LEDGER.tsv	3	pack_aa/mission/COMMAND_LEDGER.tsv; studies/pack_a_seed_mc/mission/COMMAND_LEDGER.tsv; pack_b/mission/COMMAND_LEDGER.tsv
MISSION_STATE.json	3	pack_aa/mission/MISSION_STATE.json; studies/pack_a_seed_mc/mission/MISSION_STATE.json; pack_b/mission/MISSION_STATE.json
DECISIONS_LOCKED.yaml	3	pack_aa/mission/DECISIONS_LOCKED.yaml; studies/pack_a_seed_mc/mission/DECISIONS_LOCKED.yaml; pack_b/mission/DECISIONS_LOCKED.yaml
pack-aa	2	pack_aa/bin/pack-aa; bin/pack-aa
events.truth.driver.log	88	pack_aa/runs/20260722T065903Z_248d339eedaede90_ctau50000_mixed/events.truth.driver.log; pack_aa/runs/20260722T064356Z_284a5a239282faa1_ctau1_bb/events.truth.driver.log; pack_aa/runs/20260722T025650Z_ae7e2484805df12f_ctau1_bb/events.truth.driver.log; pack_aa/runs/20260722T063654Z_606d8d2b4004cd81_ctau1000_gamma_gamma/events.truth.driver.log; pack_aa/runs/20260722T031155Z_88a9a1cad5920b09_ctau50000_gamma_gamma/events.truth.driver.log; pack_aa/runs/20260722T071905Z_7d6ffaa5822da03f_ctau1_gamma_gamma/events.truth.driver.log; pack_aa/runs/20260722T064015Z_88a9a1cad5920b09_ctau50000_gamma_gamma/events.truth.driver.log; pack_aa/runs/20260722T063713Z_c3ffb47e5a2c9cb7_ctau1000_mixed/events.truth.driver.log; pack_aa/runs/20260722T071828Z_743390d495cb995c_ctau1000_mixed/events.truth.driver.log; pack_aa/runs/20260722T030354Z_d084dd020a55e309_ctau50000_bb/events.truth.driver.log; pack_aa/runs/20260722T031135Z_d084dd020a55e309_ctau50000_bb/events.truth.driver.log; pack_aa/runs/20260722T071750Z_fcd9ff83da939385_ctau1000_bb/events.truth.driver.log; pack_aa/runs/20260722T030804Z_81a39ac0feb4d05b_ctau1_mixed/events.truth.driver.log; pack_aa/runs/20260722T063844Z_c3ffb47e5a2c9cb7_ctau1000_mixed/events.truth.driver.log; pack_aa/runs/20260722T025624Z_2876a1054a402148_ctau1_gamma_gamma/events.truth.driver.log; pack_aa/runs/20260722T024601Z_2876a1054a402148_ctau1_gamma_gamma/events.truth.driver.log; pack_aa/runs/20260722T065732Z_284a5a239282faa1_ctau1_bb/events.truth.driver.log; pack_aa/runs/20260722T064527Z_248d339eedaede90_ctau50000_mixed/events.truth.driver.log; pack_aa/runs/20260722T030220Z_606d8d2b4004cd81_ctau1000_gamma_gamma/events.truth.driver.log; pack_aa/runs/20260722T030843Z_88a9a1cad5920b09_ctau50000_gamma_gamma/events.truth.driver.log; pack_aa/runs/20260722T065826Z_d084dd020a55e309_ctau50000_bb/events.truth.driver.log; pack_aa/runs/20260722T065751Z_832152aad3bbc905_ctau1_gamma_gamma/events.truth.driver.log; pack_aa/runs/20260722T063749Z_832152aad3bbc905_ctau1_gamma_gamma/events.truth.driver.log; pack_aa/runs/20260722T031056Z_832152aad3bbc905_ctau1_gamma_gamma/events.truth.driver.log; pack_aa/runs/20260722T063730Z_284a5a239282faa1_ctau1_bb/events.truth.driver.log; pack_aa/runs/20260722T065638Z_a26c4736e2d2a28f_ctau1000_bb/events.truth.driver.log; pack_aa/runs/20260722T064450Z_d084dd020a55e309_ctau50000_bb/events.truth.driver.log; pack_aa/runs/20260722T064337Z_c3ffb47e5a2c9cb7_ctau1000_mixed/events.truth.driver.log; pack_aa/runs/20260722T064319Z_606d8d2b4004cd81_ctau1000_gamma_gamma/events.truth.driver.log; pack_aa/runs/20260722T031000Z_606d8d2b4004cd81_ctau1000_gamma_gamma/events.truth.driver.log; pack_aa/runs/20260722T064032Z_248d339eedaede90_ctau50000_mixed/events.truth.driver.log; pack_aa/runs/20260722T071808Z_4ad3896b59cb0d92_ctau1000_gamma_gamma/events.truth.driver.log; pack_aa/runs/20260722T030432Z_248d339eedaede90_ctau50000_mixed/events.truth.driver.log; pack_aa/runs/20260722T024929Z_2876a1054a402148_ctau1_gamma_gamma/events.truth.driver.log; pack_aa/runs/20260722T030413Z_88a9a1cad5920b09_ctau50000_gamma_gamma/events.truth.driver.log; pack_aa/runs/20260722T030657Z_c3ffb47e5a2c9cb7_ctau1000_mixed/events.truth.driver.log; pack_aa/runs/20260722T063956Z_d084dd020a55e309_ctau50000_bb/events.truth.driver.log; pack_aa/runs/20260722T030257Z_284a5a239282faa1_ctau1_bb/events.truth.driver.log; pack_aa/runs/20260722T071705Z_7d6ffaa5822da03f_ctau1_gamma_gamma/events.truth.driver.log; pack_aa/runs/20260722T031037Z_284a5a239282faa1_ctau1_bb/events.truth.driver.log; pack_aa/runs/20260722T030942Z_a26c4736e2d2a28f_ctau1000_bb/events.truth.driver.log; pack_aa/runs/20260722T030901Z_248d339eedaede90_ctau50000_mixed/events.truth.driver.log; pack_aa/runs/aa2_pure/ctau_1_gamma_gamma/events.truth.driver.log; pack_aa/runs/aa2_pure/ctau_1_bb/events.truth.driver.log; pack_aa/runs/20260722T064508Z_88a9a1cad5920b09_ctau50000_gamma_gamma/events.truth.driver.log; pack_aa/runs/20260722T063101Z_81a39ac0feb4d05b_ctau1_mixed/events.truth.driver.log; pack_aa/runs/20260722T065715Z_c3ffb47e5a2c9cb7_ctau1000_mixed/events.truth.driver.log; pack_aa/runs/20260722T071846Z_660021fb118f5f92_ctau1_bb/events.truth.driver.log; pack_aa/runs/20260722T030635Z_606d8d2b4004cd81_ctau1000_gamma_gamma/events.truth.driver.log; pack_aa/runs/20260722T030007Z_8f2b4ab5d4724eed_ctau1_mixed/events.truth.driver.log; pack_aa/runs/20260722T065656Z_606d8d2b4004cd81_ctau1000_gamma_gamma/events.truth.driver.log; pack_aa/runs/20260722T030616Z_a26c4736e2d2a28f_ctau1000_bb/events.truth.driver.log; pack_aa/runs/20260722T065809Z_81a39ac0feb4d05b_ctau1_mixed/events.truth.driver.log; pack_aa/runs/20260722T031215Z_248d339eedaede90_ctau50000_mixed/events.truth.driver.log; pack_aa/runs/20260722T031019Z_c3ffb47e5a2c9cb7_ctau1000_mixed/events.truth.driver.log; pack_aa/runs/aa2_ab/true/events.truth.driver.log; pack_aa/runs/aa2_ab/false/events.truth.driver.log; pack_aa/runs/20260722T071924Z_c50900cc55623ce4_ctau1_mixed/events.truth.driver.log; pack_aa/runs/aa7_adapter_smoke/events.truth.driver.log; pack_aa/runs/20260722T030201Z_a26c4736e2d2a28f_ctau1000_bb/events.truth.driver.log; pack_aa/runs/20260722T063637Z_a26c4736e2d2a28f_ctau1000_bb/events.truth.driver.log; pack_aa/runs/20260722T024640Z_2876a1054a402148_ctau1_gamma_gamma/events.truth.driver.log; pack_aa/runs/20260722T072001Z_b3f66512c7b91693_ctau50000_gamma_gamma/events.truth.driver.log; pack_aa/runs/20260722T064413Z_832152aad3bbc905_ctau1_gamma_gamma/events.truth.driver.log; pack_aa/runs/20260722T030335Z_81a39ac0feb4d05b_ctau1_mixed/events.truth.driver.log; pack_aa/runs/20260722T030316Z_832152aad3bbc905_ctau1_gamma_gamma/events.truth.driver.log; pack_aa/runs/20260722T063920Z_832152aad3bbc905_ctau1_gamma_gamma/events.truth.driver.log; pack_aa/runs/20260722T063902Z_284a5a239282faa1_ctau1_bb/events.truth.driver.log; pack_aa/runs/cycle2_adapter_smoke/events.truth.driver.log; pack_aa/runs/20260722T064300Z_a26c4736e2d2a28f_ctau1000_bb/events.truth.driver.log; pack_aa/runs/20260722T071941Z_9db01cdd5f1bc783_ctau50000_bb/events.truth.driver.log; pack_aa/runs/20260722T024329Z_2876a1054a402148_ctau1_gamma_gamma/events.truth.driver.log; pack_aa/runs/20260722T031115Z_81a39ac0feb4d05b_ctau1_mixed/events.truth.driver.log; pack_aa/runs/20260722T025924Z_ae7e2484805df12f_ctau1_bb/events.truth.driver.log; pack_aa/runs/20260722T030823Z_d084dd020a55e309_ctau50000_bb/events.truth.driver.log; pack_aa/runs/20260722T063938Z_81a39ac0feb4d05b_ctau1_mixed/events.truth.driver.log; pack_aa/runs/20260722T030742Z_832152aad3bbc905_ctau1_gamma_gamma/events.truth.driver.log; pack_aa/runs/20260722T024444Z_2876a1054a402148_ctau1_gamma_gamma/events.truth.driver.log; pack_aa/runs/20260722T065845Z_88a9a1cad5920b09_ctau50000_gamma_gamma/events.truth.driver.log; pack_aa/runs/20260722T063734Z_c3ffb47e5a2c9cb7_ctau1000_mixed/events.truth.driver.log; pack_aa/runs/20260722T030718Z_284a5a239282faa1_ctau1_bb/events.truth.driver.log; pack_aa/runs/20260722T064431Z_81a39ac0feb4d05b_ctau1_mixed/events.truth.driver.log; pack_aa/runs/20260722T063808Z_81a39ac0feb4d05b_ctau1_mixed/events.truth.driver.log; pack_aa/runs/20260722T063808Z_a26c4736e2d2a28f_ctau1000_bb/events.truth.driver.log; pack_aa/runs/20260722T063826Z_606d8d2b4004cd81_ctau1000_gamma_gamma/events.truth.driver.log; pack_aa/runs/20260722T024828Z_2876a1054a402148_ctau1_gamma_gamma/events.truth.driver.log; pack_aa/runs/20260722T030239Z_c3ffb47e5a2c9cb7_ctau1000_mixed/events.truth.driver.log; pack_aa/runs/20260722T072019Z_79ba74fb49c2f8c4_ctau50000_mixed/events.truth.driver.log
CACHEDIR.TAG	2	.pytest_cache/CACHEDIR.TAG; archive/superseded/.pack_a_native_clean/pi_ufo_baseline_v1_runtimefix/.pytest_cache/CACHEDIR.TAG
nodeids	2	.pytest_cache/v/cache/nodeids; archive/superseded/.pack_a_native_clean/pi_ufo_baseline_v1_runtimefix/.pytest_cache/v/cache/nodeids
REVIEW.json	10	review/cycle_2/REVIEW.json; review/event_bundle_cycle_2/REVIEW.json; review/event_bundle_cycle_1/REVIEW.json; review/event_bundle_cycle_3/REVIEW.json; review/cycle_1/REVIEW.json; review/event_bundle_cycle_4/REVIEW.json; review/cycle_3/REVIEW.json; review/pack_a_seed_mc/20260722T093054Z/cycle_1/REVIEW.json; review/cycle_4/REVIEW.json; integration/consolidation_20260723T062842Z/review/cycle_1/REVIEW.json
REVIEW.md	10	review/cycle_2/REVIEW.md; review/event_bundle_cycle_2/REVIEW.md; review/event_bundle_cycle_1/REVIEW.md; review/event_bundle_cycle_3/REVIEW.md; review/cycle_1/REVIEW.md; review/event_bundle_cycle_4/REVIEW.md; review/cycle_3/REVIEW.md; review/pack_a_seed_mc/20260722T093054Z/cycle_1/REVIEW.md; review/cycle_4/REVIEW.md; integration/consolidation_20260723T062842Z/review/cycle_1/REVIEW.md
CORRECTION_PROMPT.md	4	review/event_bundle_cycle_2/CORRECTION_PROMPT.md; review/event_bundle_cycle_1/CORRECTION_PROMPT.md; review/event_bundle_cycle_3/CORRECTION_PROMPT.md; review/cycle_1/CORRECTION_PROMPT.md
review_report.md	2	review/pack_b/20260722T092951Z/review_report.md; review/pack_b/20260722T091121Z/review_report.md
PACK_A_MC_PRESENTATION_VALUES.json	2	studies/pack_a_seed_mc/presentation/PACK_A_MC_PRESENTATION_VALUES.json; artifacts/pack_a_seed_mc/20260722T093054Z/presentation_handoff/PACK_A_MC_PRESENTATION_VALUES.json
PACK_A_MC_SLIDE_PATCH.tex	2	studies/pack_a_seed_mc/presentation/PACK_A_MC_SLIDE_PATCH.tex; artifacts/pack_a_seed_mc/20260722T093054Z/presentation_handoff/PACK_A_MC_SLIDE_PATCH.tex
PACK_A_MC_PRESENTATION_CORRECTION_PROMPT.md	2	studies/pack_a_seed_mc/presentation/PACK_A_MC_PRESENTATION_CORRECTION_PROMPT.md; artifacts/pack_a_seed_mc/20260722T093054Z/presentation_handoff/PACK_A_MC_PRESENTATION_CORRECTION_PROMPT.md
PACK_A_MC_PRESENTATION_HANDOFF.md	2	studies/pack_a_seed_mc/presentation/PACK_A_MC_PRESENTATION_HANDOFF.md; artifacts/pack_a_seed_mc/20260722T093054Z/presentation_handoff/PACK_A_MC_PRESENTATION_HANDOFF.md
__init__.py	17	studies/pack_a_seed_mc/src/pack_a_seed_mc/__init__.py; archive/superseded/.pack_a_native_clean/pi_ufo_baseline_v1_runtimefix/model/LLscalar_v3_UFO_runtime/__init__.py; archive/superseded/.pack_a_native_clean/pi_ufo_baseline_v1_runtimefix/build/A_PI_NATIVE_200/MG5_PROC/bin/internal/__init__.py; archive/superseded/.pack_a_native_clean/pi_ufo_baseline_v1_runtimefix/build/A_PI_NATIVE_200/MG5_PROC/bin/internal/ufomodel/__init__.py; archive/superseded/.pack_a_native_clean/pi_ufo_baseline_v1_runtimefix/vendor/LLscalar_v3_UFO_original/__init__.py; releases/pack_a/scientific_validation/external_validation_a/pi_ufo_baseline_v1/model/LLscalar_v3_UFO_runtime/__init__.py; releases/pack_a/scientific_validation/external_validation_a/pi_ufo_baseline_v1/build/point_000001/MG5_PROC/bin/internal/__init__.py; releases/pack_a/scientific_validation/external_validation_a/pi_ufo_baseline_v1/build/point_000001/MG5_PROC/bin/internal/ufomodel/__init__.py; releases/pack_a/scientific_validation/external_validation_a/pi_ufo_baseline_v1/vendor/LLscalar_v3_UFO_original/__init__.py; runs/A_PI_NATIVE/pi_ufo_baseline_v1/model/LLscalar_v3_UFO_runtime/__init__.py; runs/A_PI_NATIVE/pi_ufo_baseline_v1/build/A_PI_NATIVE_200/MG5_PROC/bin/internal/__init__.py; runs/A_PI_NATIVE/pi_ufo_baseline_v1/build/A_PI_NATIVE_200/MG5_PROC/bin/internal/ufomodel/__init__.py; runs/A_PI_NATIVE/pi_ufo_baseline_v1/vendor/LLscalar_v3_UFO_original/__init__.py; runs/A_PI_NATIVE_RUNTIMEFIX/pi_ufo_baseline_v1/model/LLscalar_v3_UFO_runtime/__init__.py; runs/A_PI_NATIVE_RUNTIMEFIX/pi_ufo_baseline_v1/build/A_PI_NATIVE_200/MG5_PROC/bin/internal/__init__.py; runs/A_PI_NATIVE_RUNTIMEFIX/pi_ufo_baseline_v1/build/A_PI_NATIVE_200/MG5_PROC/bin/internal/ufomodel/__init__.py; runs/A_PI_NATIVE_RUNTIMEFIX/pi_ufo_baseline_v1/vendor/LLscalar_v3_UFO_original/__init__.py
__init__.cpython-312.pyc	4	studies/pack_a_seed_mc/src/pack_a_seed_mc/__pycache__/__init__.cpython-312.pyc; archive/superseded/.pack_a_native_clean/pi_ufo_baseline_v1_runtimefix/model/LLscalar_v3_UFO_runtime/__pycache__/__init__.cpython-312.pyc; releases/pack_a/scientific_validation/external_validation_a/pi_ufo_baseline_v1/model/LLscalar_v3_UFO_runtime/__pycache__/__init__.cpython-312.pyc; runs/A_PI_NATIVE/pi_ufo_baseline_v1/model/LLscalar_v3_UFO_runtime/__pycache__/__init__.cpython-312.pyc
PROVENANCE.md	4	archive/superseded/.pack_a_native_clean/pi_ufo_baseline_v1_runtimefix/PROVENANCE.md; releases/pack_a/scientific_validation/external_validation_a/pi_ufo_baseline_v1/PROVENANCE.md; runs/A_PI_NATIVE/pi_ufo_baseline_v1/PROVENANCE.md; runs/A_PI_NATIVE_RUNTIMEFIX/pi_ufo_baseline_v1/PROVENANCE.md
KNOWN_LIMITATIONS.md	4	archive/superseded/.pack_a_native_clean/pi_ufo_baseline_v1_runtimefix/KNOWN_LIMITATIONS.md; releases/pack_a/scientific_validation/external_validation_a/pi_ufo_baseline_v1/KNOWN_LIMITATIONS.md; runs/A_PI_NATIVE/pi_ufo_baseline_v1/KNOWN_LIMITATIONS.md; runs/A_PI_NATIVE_RUNTIMEFIX/pi_ufo_baseline_v1/KNOWN_LIMITATIONS.md
requirements.txt	4	archive/superseded/.pack_a_native_clean/pi_ufo_baseline_v1_runtimefix/requirements.txt; releases/pack_a/scientific_validation/external_validation_a/pi_ufo_baseline_v1/requirements.txt; runs/A_PI_NATIVE/pi_ufo_baseline_v1/requirements.txt; runs/A_PI_NATIVE_RUNTIMEFIX/pi_ufo_baseline_v1/requirements.txt
MODEL_CARD.md	4	archive/superseded/.pack_a_native_clean/pi_ufo_baseline_v1_runtimefix/MODEL_CARD.md; releases/pack_a/scientific_validation/external_validation_a/pi_ufo_baseline_v1/MODEL_CARD.md; runs/A_PI_NATIVE/pi_ufo_baseline_v1/MODEL_CARD.md; runs/A_PI_NATIVE_RUNTIMEFIX/pi_ufo_baseline_v1/MODEL_CARD.md
py.py	3	archive/superseded/.pack_a_native_clean/pi_ufo_baseline_v1_runtimefix/py.py; releases/pack_a/scientific_validation/external_validation_a/pi_ufo_baseline_v1/py.py; runs/A_PI_NATIVE/pi_ufo_baseline_v1/py.py
manifest.json	4	archive/superseded/.pack_a_native_clean/pi_ufo_baseline_v1_runtimefix/manifest.json; releases/pack_a/scientific_validation/external_validation_a/pi_ufo_baseline_v1/manifest.json; runs/A_PI_NATIVE/pi_ufo_baseline_v1/manifest.json; runs/A_PI_NATIVE_RUNTIMEFIX/pi_ufo_baseline_v1/manifest.json
CHANGELOG.md	4	archive/superseded/.pack_a_native_clean/pi_ufo_baseline_v1_runtimefix/CHANGELOG.md; releases/pack_a/scientific_validation/external_validation_a/pi_ufo_baseline_v1/CHANGELOG.md; runs/A_PI_NATIVE/pi_ufo_baseline_v1/CHANGELOG.md; runs/A_PI_NATIVE_RUNTIMEFIX/pi_ufo_baseline_v1/CHANGELOG.md
point_000001.yaml	4	archive/superseded/.pack_a_native_clean/pi_ufo_baseline_v1_runtimefix/points/point_000001.yaml; releases/pack_a/scientific_validation/external_validation_a/pi_ufo_baseline_v1/points/point_000001.yaml; runs/A_PI_NATIVE/pi_ufo_baseline_v1/points/point_000001.yaml; runs/A_PI_NATIVE_RUNTIMEFIX/pi_ufo_baseline_v1/points/point_000001.yaml
A_PI_NATIVE_200.yaml	2	archive/superseded/.pack_a_native_clean/pi_ufo_baseline_v1_runtimefix/points/A_PI_NATIVE_200.yaml; runs/A_PI_NATIVE_RUNTIMEFIX/pi_ufo_baseline_v1/points/A_PI_NATIVE_200.yaml
STATIC_VALIDATION.json	4	archive/superseded/.pack_a_native_clean/pi_ufo_baseline_v1_runtimefix/validation/STATIC_VALIDATION.json; releases/pack_a/scientific_validation/external_validation_a/pi_ufo_baseline_v1/validation/STATIC_VALIDATION.json; runs/A_PI_NATIVE/pi_ufo_baseline_v1/validation/STATIC_VALIDATION.json; runs/A_PI_NATIVE_RUNTIMEFIX/pi_ufo_baseline_v1/validation/STATIC_VALIDATION.json
EXTERNAL_RUNTIME_STATUS.md	4	archive/superseded/.pack_a_native_clean/pi_ufo_baseline_v1_runtimefix/validation/EXTERNAL_RUNTIME_STATUS.md; releases/pack_a/scientific_validation/external_validation_a/pi_ufo_baseline_v1/validation/EXTERNAL_RUNTIME_STATUS.md; runs/A_PI_NATIVE/pi_ufo_baseline_v1/validation/EXTERNAL_RUNTIME_STATUS.md; runs/A_PI_NATIVE_RUNTIMEFIX/pi_ufo_baseline_v1/validation/EXTERNAL_RUNTIME_STATUS.md
pythia_llp_smoke.cc	5	archive/superseded/.pack_a_native_clean/pi_ufo_baseline_v1_runtimefix/validation/pythia_llp_smoke.cc; releases/pack_b/candidates/20260722T091121Z/pythia_llp_smoke.cc; releases/pack_a/scientific_validation/external_validation_a/pi_ufo_baseline_v1/validation/pythia_llp_smoke.cc; runs/A_PI_NATIVE/pi_ufo_baseline_v1/validation/pythia_llp_smoke.cc; runs/A_PI_NATIVE_RUNTIMEFIX/pi_ufo_baseline_v1/validation/pythia_llp_smoke.cc
AB_STATIC_REGRESSION.json	4	archive/superseded/.pack_a_native_clean/pi_ufo_baseline_v1_runtimefix/validation/AB_STATIC_REGRESSION.json; releases/pack_a/scientific_validation/external_validation_a/pi_ufo_baseline_v1/validation/AB_STATIC_REGRESSION.json; runs/A_PI_NATIVE/pi_ufo_baseline_v1/validation/AB_STATIC_REGRESSION.json; runs/A_PI_NATIVE_RUNTIMEFIX/pi_ufo_baseline_v1/validation/AB_STATIC_REGRESSION.json
provenance_inventory.json	4	archive/superseded/.pack_a_native_clean/pi_ufo_baseline_v1_runtimefix/validation/provenance_inventory.json; releases/pack_a/scientific_validation/external_validation_a/pi_ufo_baseline_v1/validation/provenance_inventory.json; runs/A_PI_NATIVE/pi_ufo_baseline_v1/validation/provenance_inventory.json; runs/A_PI_NATIVE_RUNTIMEFIX/pi_ufo_baseline_v1/validation/provenance_inventory.json
RECAST_ADAPTER.md	4	archive/superseded/.pack_a_native_clean/pi_ufo_baseline_v1_runtimefix/validation/RECAST_ADAPTER.md; releases/pack_a/scientific_validation/external_validation_a/pi_ufo_baseline_v1/validation/RECAST_ADAPTER.md; runs/A_PI_NATIVE/pi_ufo_baseline_v1/validation/RECAST_ADAPTER.md; runs/A_PI_NATIVE_RUNTIMEFIX/pi_ufo_baseline_v1/validation/RECAST_ADAPTER.md
UFO_HASH_MANIFEST.json	4	archive/superseded/.pack_a_native_clean/pi_ufo_baseline_v1_runtimefix/validation/source_material/UFO_HASH_MANIFEST.json; releases/pack_a/scientific_validation/external_validation_a/pi_ufo_baseline_v1/validation/source_material/UFO_HASH_MANIFEST.json; runs/A_PI_NATIVE/pi_ufo_baseline_v1/validation/source_material/UFO_HASH_MANIFEST.json; runs/A_PI_NATIVE_RUNTIMEFIX/pi_ufo_baseline_v1/validation/source_material/UFO_HASH_MANIFEST.json
2HDMC_COUPLING_TRACE.md	4	archive/superseded/.pack_a_native_clean/pi_ufo_baseline_v1_runtimefix/validation/source_material/2HDMC_COUPLING_TRACE.md; releases/pack_a/scientific_validation/external_validation_a/pi_ufo_baseline_v1/validation/source_material/2HDMC_COUPLING_TRACE.md; runs/A_PI_NATIVE/pi_ufo_baseline_v1/validation/source_material/2HDMC_COUPLING_TRACE.md; runs/A_PI_NATIVE_RUNTIMEFIX/pi_ufo_baseline_v1/validation/source_material/2HDMC_COUPLING_TRACE.md
UFO_SCIENTIFIC_DIFF.md	4	archive/superseded/.pack_a_native_clean/pi_ufo_baseline_v1_runtimefix/validation/source_material/UFO_SCIENTIFIC_DIFF.md; releases/pack_a/scientific_validation/external_validation_a/pi_ufo_baseline_v1/validation/source_material/UFO_SCIENTIFIC_DIFF.md; runs/A_PI_NATIVE/pi_ufo_baseline_v1/validation/source_material/UFO_SCIENTIFIC_DIFF.md; runs/A_PI_NATIVE_RUNTIMEFIX/pi_ufo_baseline_v1/validation/source_material/UFO_SCIENTIFIC_DIFF.md
LLSCALAR_V3_MODEL_CARD.md	4	archive/superseded/.pack_a_native_clean/pi_ufo_baseline_v1_runtimefix/validation/source_material/LLSCALAR_V3_MODEL_CARD.md; releases/pack_a/scientific_validation/external_validation_a/pi_ufo_baseline_v1/validation/source_material/LLSCALAR_V3_MODEL_CARD.md; runs/A_PI_NATIVE/pi_ufo_baseline_v1/validation/source_material/LLSCALAR_V3_MODEL_CARD.md; runs/A_PI_NATIVE_RUNTIMEFIX/pi_ufo_baseline_v1/validation/source_material/LLSCALAR_V3_MODEL_CARD.md
VERSION_DECISION.md	4	archive/superseded/.pack_a_native_clean/pi_ufo_baseline_v1_runtimefix/validation/source_material/VERSION_DECISION.md; releases/pack_a/scientific_validation/external_validation_a/pi_ufo_baseline_v1/validation/source_material/VERSION_DECISION.md; runs/A_PI_NATIVE/pi_ufo_baseline_v1/validation/source_material/VERSION_DECISION.md; runs/A_PI_NATIVE_RUNTIMEFIX/pi_ufo_baseline_v1/validation/source_material/VERSION_DECISION.md
PhysScanWithFixings.cpp	4	archive/superseded/.pack_a_native_clean/pi_ufo_baseline_v1_runtimefix/validation/source_material/PhysScanWithFixings.cpp; releases/pack_a/scientific_validation/external_validation_a/pi_ufo_baseline_v1/validation/source_material/PhysScanWithFixings.cpp; runs/A_PI_NATIVE/pi_ufo_baseline_v1/validation/source_material/PhysScanWithFixings.cpp; runs/A_PI_NATIVE_RUNTIMEFIX/pi_ufo_baseline_v1/validation/source_material/PhysScanWithFixings.cpp
UFO_AUDIT_ADDENDUM_20260716.md	4	archive/superseded/.pack_a_native_clean/pi_ufo_baseline_v1_runtimefix/validation/source_material/UFO_AUDIT_ADDENDUM_20260716.md; releases/pack_a/scientific_validation/external_validation_a/pi_ufo_baseline_v1/validation/source_material/UFO_AUDIT_ADDENDUM_20260716.md; runs/A_PI_NATIVE/pi_ufo_baseline_v1/validation/source_material/UFO_AUDIT_ADDENDUM_20260716.md; runs/A_PI_NATIVE_RUNTIMEFIX/pi_ufo_baseline_v1/validation/source_material/UFO_AUDIT_ADDENDUM_20260716.md
MADGRAPH_SMOKE_REPORT.md	4	archive/superseded/.pack_a_native_clean/pi_ufo_baseline_v1_runtimefix/validation/source_material/MADGRAPH_SMOKE_REPORT.md; releases/pack_a/scientific_validation/external_validation_a/pi_ufo_baseline_v1/validation/source_material/MADGRAPH_SMOKE_REPORT.md; runs/A_PI_NATIVE/pi_ufo_baseline_v1/validation/source_material/MADGRAPH_SMOKE_REPORT.md; runs/A_PI_NATIVE_RUNTIMEFIX/pi_ufo_baseline_v1/validation/source_material/MADGRAPH_SMOKE_REPORT.md
writer.log	4	archive/superseded/.pack_a_native_clean/pi_ufo_baseline_v1_runtimefix/validation/logs/writer.log; releases/pack_a/scientific_validation/external_validation_a/pi_ufo_baseline_v1/validation/logs/writer.log; runs/A_PI_NATIVE/pi_ufo_baseline_v1/validation/logs/writer.log; runs/A_PI_NATIVE_RUNTIMEFIX/pi_ufo_baseline_v1/validation/logs/writer.log
compileall.log	4	archive/superseded/.pack_a_native_clean/pi_ufo_baseline_v1_runtimefix/validation/logs/compileall.log; releases/pack_a/scientific_validation/external_validation_a/pi_ufo_baseline_v1/validation/logs/compileall.log; runs/A_PI_NATIVE/pi_ufo_baseline_v1/validation/logs/compileall.log; runs/A_PI_NATIVE_RUNTIMEFIX/pi_ufo_baseline_v1/validation/logs/compileall.log
standalone_param_card.dat	4	archive/superseded/.pack_a_native_clean/pi_ufo_baseline_v1_runtimefix/validation/logs/standalone_param_card.dat; releases/pack_a/scientific_validation/external_validation_a/pi_ufo_baseline_v1/validation/logs/standalone_param_card.dat; runs/A_PI_NATIVE/pi_ufo_baseline_v1/validation/logs/standalone_param_card.dat; runs/A_PI_NATIVE_RUNTIMEFIX/pi_ufo_baseline_v1/validation/logs/standalone_param_card.dat
static_tests.log	5	archive/superseded/.pack_a_native_clean/pi_ufo_baseline_v1_runtimefix/validation/logs/static_tests.log; releases/pack_a/scientific_validation/external_validation_a/pi_ufo_baseline_v1/validation/logs/static_tests.log; runs/A_PI_NATIVE/pi_ufo_baseline_v1/validation/logs/static_tests.log; runs/A_PI_NATIVE/pi_ufo_baseline_v1/build/A_PI_NATIVE_200/static_tests.log; runs/A_PI_NATIVE_RUNTIMEFIX/pi_ufo_baseline_v1/validation/logs/static_tests.log
unittest.log	4	archive/superseded/.pack_a_native_clean/pi_ufo_baseline_v1_runtimefix/validation/logs/unittest.log; releases/pack_a/scientific_validation/external_validation_a/pi_ufo_baseline_v1/validation/logs/unittest.log; runs/A_PI_NATIVE/pi_ufo_baseline_v1/validation/logs/unittest.log; runs/A_PI_NATIVE_RUNTIMEFIX/pi_ufo_baseline_v1/validation/logs/unittest.log
shell_syntax.log	4	archive/superseded/.pack_a_native_clean/pi_ufo_baseline_v1_runtimefix/validation/logs/shell_syntax.log; releases/pack_a/scientific_validation/external_validation_a/pi_ufo_baseline_v1/validation/logs/shell_syntax.log; runs/A_PI_NATIVE/pi_ufo_baseline_v1/validation/logs/shell_syntax.log; runs/A_PI_NATIVE_RUNTIMEFIX/pi_ufo_baseline_v1/validation/logs/shell_syntax.log
build_point.log	4	archive/superseded/.pack_a_native_clean/pi_ufo_baseline_v1_runtimefix/validation/logs/build_point.log; releases/pack_a/scientific_validation/external_validation_a/pi_ufo_baseline_v1/validation/logs/build_point.log; runs/A_PI_NATIVE/pi_ufo_baseline_v1/validation/logs/build_point.log; runs/A_PI_NATIVE_RUNTIMEFIX/pi_ufo_baseline_v1/validation/logs/build_point.log
CT_couplings.py	12	archive/superseded/.pack_a_native_clean/pi_ufo_baseline_v1_runtimefix/model/LLscalar_v3_UFO_runtime/CT_couplings.py; archive/superseded/.pack_a_native_clean/pi_ufo_baseline_v1_runtimefix/build/A_PI_NATIVE_200/MG5_PROC/bin/internal/ufomodel/CT_couplings.py; archive/superseded/.pack_a_native_clean/pi_ufo_baseline_v1_runtimefix/vendor/LLscalar_v3_UFO_original/CT_couplings.py; releases/pack_a/scientific_validation/external_validation_a/pi_ufo_baseline_v1/model/LLscalar_v3_UFO_runtime/CT_couplings.py; releases/pack_a/scientific_validation/external_validation_a/pi_ufo_baseline_v1/build/point_000001/MG5_PROC/bin/internal/ufomodel/CT_couplings.py; releases/pack_a/scientific_validation/external_validation_a/pi_ufo_baseline_v1/vendor/LLscalar_v3_UFO_original/CT_couplings.py; runs/A_PI_NATIVE/pi_ufo_baseline_v1/model/LLscalar_v3_UFO_runtime/CT_couplings.py; runs/A_PI_NATIVE/pi_ufo_baseline_v1/build/A_PI_NATIVE_200/MG5_PROC/bin/internal/ufomodel/CT_couplings.py; runs/A_PI_NATIVE/pi_ufo_baseline_v1/vendor/LLscalar_v3_UFO_original/CT_couplings.py; runs/A_PI_NATIVE_RUNTIMEFIX/pi_ufo_baseline_v1/model/LLscalar_v3_UFO_runtime/CT_couplings.py; runs/A_PI_NATIVE_RUNTIMEFIX/pi_ufo_baseline_v1/build/A_PI_NATIVE_200/MG5_PROC/bin/internal/ufomodel/CT_couplings.py; runs/A_PI_NATIVE_RUNTIMEFIX/pi_ufo_baseline_v1/vendor/LLscalar_v3_UFO_original/CT_couplings.py
decays.py	12	archive/superseded/.pack_a_native_clean/pi_ufo_baseline_v1_runtimefix/model/LLscalar_v3_UFO_runtime/decays.py; archive/superseded/.pack_a_native_clean/pi_ufo_baseline_v1_runtimefix/build/A_PI_NATIVE_200/MG5_PROC/bin/internal/ufomodel/decays.py; archive/superseded/.pack_a_native_clean/pi_ufo_baseline_v1_runtimefix/vendor/LLscalar_v3_UFO_original/decays.py; releases/pack_a/scientific_validation/external_validation_a/pi_ufo_baseline_v1/model/LLscalar_v3_UFO_runtime/decays.py; releases/pack_a/scientific_validation/external_validation_a/pi_ufo_baseline_v1/build/point_000001/MG5_PROC/bin/internal/ufomodel/decays.py; releases/pack_a/scientific_validation/external_validation_a/pi_ufo_baseline_v1/vendor/LLscalar_v3_UFO_original/decays.py; runs/A_PI_NATIVE/pi_ufo_baseline_v1/model/LLscalar_v3_UFO_runtime/decays.py; runs/A_PI_NATIVE/pi_ufo_baseline_v1/build/A_PI_NATIVE_200/MG5_PROC/bin/internal/ufomodel/decays.py; runs/A_PI_NATIVE/pi_ufo_baseline_v1/vendor/LLscalar_v3_UFO_original/decays.py; runs/A_PI_NATIVE_RUNTIMEFIX/pi_ufo_baseline_v1/model/LLscalar_v3_UFO_runtime/decays.py; runs/A_PI_NATIVE_RUNTIMEFIX/pi_ufo_baseline_v1/build/A_PI_NATIVE_200/MG5_PROC/bin/internal/ufomodel/decays.py; runs/A_PI_NATIVE_RUNTIMEFIX/pi_ufo_baseline_v1/vendor/LLscalar_v3_UFO_original/decays.py
couplings.py	12	archive/superseded/.pack_a_native_clean/pi_ufo_baseline_v1_runtimefix/model/LLscalar_v3_UFO_runtime/couplings.py; archive/superseded/.pack_a_native_clean/pi_ufo_baseline_v1_runtimefix/build/A_PI_NATIVE_200/MG5_PROC/bin/internal/ufomodel/couplings.py; archive/superseded/.pack_a_native_clean/pi_ufo_baseline_v1_runtimefix/vendor/LLscalar_v3_UFO_original/couplings.py; releases/pack_a/scientific_validation/external_validation_a/pi_ufo_baseline_v1/model/LLscalar_v3_UFO_runtime/couplings.py; releases/pack_a/scientific_validation/external_validation_a/pi_ufo_baseline_v1/build/point_000001/MG5_PROC/bin/internal/ufomodel/couplings.py; releases/pack_a/scientific_validation/external_validation_a/pi_ufo_baseline_v1/vendor/LLscalar_v3_UFO_original/couplings.py; runs/A_PI_NATIVE/pi_ufo_baseline_v1/model/LLscalar_v3_UFO_runtime/couplings.py; runs/A_PI_NATIVE/pi_ufo_baseline_v1/build/A_PI_NATIVE_200/MG5_PROC/bin/internal/ufomodel/couplings.py; runs/A_PI_NATIVE/pi_ufo_baseline_v1/vendor/LLscalar_v3_UFO_original/couplings.py; runs/A_PI_NATIVE_RUNTIMEFIX/pi_ufo_baseline_v1/model/LLscalar_v3_UFO_runtime/couplings.py; runs/A_PI_NATIVE_RUNTIMEFIX/pi_ufo_baseline_v1/build/A_PI_NATIVE_200/MG5_PROC/bin/internal/ufomodel/couplings.py; runs/A_PI_NATIVE_RUNTIMEFIX/pi_ufo_baseline_v1/vendor/LLscalar_v3_UFO_original/couplings.py
py3_model.pkl	12	archive/superseded/.pack_a_native_clean/pi_ufo_baseline_v1_runtimefix/model/LLscalar_v3_UFO_runtime/py3_model.pkl; archive/superseded/.pack_a_native_clean/pi_ufo_baseline_v1_runtimefix/build/A_PI_NATIVE_200/MG5_PROC/bin/internal/ufomodel/py3_model.pkl; archive/superseded/.pack_a_native_clean/pi_ufo_baseline_v1_runtimefix/vendor/LLscalar_v3_UFO_original/py3_model.pkl; releases/pack_a/scientific_validation/external_validation_a/pi_ufo_baseline_v1/model/LLscalar_v3_UFO_runtime/py3_model.pkl; releases/pack_a/scientific_validation/external_validation_a/pi_ufo_baseline_v1/build/point_000001/MG5_PROC/bin/internal/ufomodel/py3_model.pkl; releases/pack_a/scientific_validation/external_validation_a/pi_ufo_baseline_v1/vendor/LLscalar_v3_UFO_original/py3_model.pkl; runs/A_PI_NATIVE/pi_ufo_baseline_v1/model/LLscalar_v3_UFO_runtime/py3_model.pkl; runs/A_PI_NATIVE/pi_ufo_baseline_v1/build/A_PI_NATIVE_200/MG5_PROC/bin/internal/ufomodel/py3_model.pkl; runs/A_PI_NATIVE/pi_ufo_baseline_v1/vendor/LLscalar_v3_UFO_original/py3_model.pkl; runs/A_PI_NATIVE_RUNTIMEFIX/pi_ufo_baseline_v1/model/LLscalar_v3_UFO_runtime/py3_model.pkl; runs/A_PI_NATIVE_RUNTIMEFIX/pi_ufo_baseline_v1/build/A_PI_NATIVE_200/MG5_PROC/bin/internal/ufomodel/py3_model.pkl; runs/A_PI_NATIVE_RUNTIMEFIX/pi_ufo_baseline_v1/vendor/LLscalar_v3_UFO_original/py3_model.pkl
function_library.py	14	archive/superseded/.pack_a_native_clean/pi_ufo_baseline_v1_runtimefix/model/LLscalar_v3_UFO_runtime/function_library.py; archive/superseded/.pack_a_native_clean/pi_ufo_baseline_v1_runtimefix/build/A_PI_NATIVE_200/MG5_PROC/bin/internal/ufomodel/function_library.py; archive/superseded/.pack_a_native_clean/pi_ufo_baseline_v1_runtimefix/vendor/LLscalar_v3_UFO_original/function_library.py; archive/superseded/.pack_a_native_clean/pi_ufo_baseline_v1_runtimefix/tests/fixtures/mini_model/function_library.py; releases/pack_a/scientific_validation/external_validation_a/pi_ufo_baseline_v1/model/LLscalar_v3_UFO_runtime/function_library.py; releases/pack_a/scientific_validation/external_validation_a/pi_ufo_baseline_v1/build/point_000001/MG5_PROC/bin/internal/ufomodel/function_library.py; releases/pack_a/scientific_validation/external_validation_a/pi_ufo_baseline_v1/vendor/LLscalar_v3_UFO_original/function_library.py; runs/A_PI_NATIVE/pi_ufo_baseline_v1/model/LLscalar_v3_UFO_runtime/function_library.py; runs/A_PI_NATIVE/pi_ufo_baseline_v1/build/A_PI_NATIVE_200/MG5_PROC/bin/internal/ufomodel/function_library.py; runs/A_PI_NATIVE/pi_ufo_baseline_v1/vendor/LLscalar_v3_UFO_original/function_library.py; runs/A_PI_NATIVE_RUNTIMEFIX/pi_ufo_baseline_v1/model/LLscalar_v3_UFO_runtime/function_library.py; runs/A_PI_NATIVE_RUNTIMEFIX/pi_ufo_baseline_v1/build/A_PI_NATIVE_200/MG5_PROC/bin/internal/ufomodel/function_library.py; runs/A_PI_NATIVE_RUNTIMEFIX/pi_ufo_baseline_v1/vendor/LLscalar_v3_UFO_original/function_library.py; runs/A_PI_NATIVE_RUNTIMEFIX/pi_ufo_baseline_v1/tests/fixtures/mini_model/function_library.py
vertices.py	12	archive/superseded/.pack_a_native_clean/pi_ufo_baseline_v1_runtimefix/model/LLscalar_v3_UFO_runtime/vertices.py; archive/superseded/.pack_a_native_clean/pi_ufo_baseline_v1_runtimefix/build/A_PI_NATIVE_200/MG5_PROC/bin/internal/ufomodel/vertices.py; archive/superseded/.pack_a_native_clean/pi_ufo_baseline_v1_runtimefix/vendor/LLscalar_v3_UFO_original/vertices.py; releases/pack_a/scientific_validation/external_validation_a/pi_ufo_baseline_v1/model/LLscalar_v3_UFO_runtime/vertices.py; releases/pack_a/scientific_validation/external_validation_a/pi_ufo_baseline_v1/build/point_000001/MG5_PROC/bin/internal/ufomodel/vertices.py; releases/pack_a/scientific_validation/external_validation_a/pi_ufo_baseline_v1/vendor/LLscalar_v3_UFO_original/vertices.py; runs/A_PI_NATIVE/pi_ufo_baseline_v1/model/LLscalar_v3_UFO_runtime/vertices.py; runs/A_PI_NATIVE/pi_ufo_baseline_v1/build/A_PI_NATIVE_200/MG5_PROC/bin/internal/ufomodel/vertices.py; runs/A_PI_NATIVE/pi_ufo_baseline_v1/vendor/LLscalar_v3_UFO_original/vertices.py; runs/A_PI_NATIVE_RUNTIMEFIX/pi_ufo_baseline_v1/model/LLscalar_v3_UFO_runtime/vertices.py; runs/A_PI_NATIVE_RUNTIMEFIX/pi_ufo_baseline_v1/build/A_PI_NATIVE_200/MG5_PROC/bin/internal/ufomodel/vertices.py; runs/A_PI_NATIVE_RUNTIMEFIX/pi_ufo_baseline_v1/vendor/LLscalar_v3_UFO_original/vertices.py
form_factors.py	12	archive/superseded/.pack_a_native_clean/pi_ufo_baseline_v1_runtimefix/model/LLscalar_v3_UFO_runtime/form_factors.py; archive/superseded/.pack_a_native_clean/pi_ufo_baseline_v1_runtimefix/build/A_PI_NATIVE_200/MG5_PROC/bin/internal/ufomodel/form_factors.py; archive/superseded/.pack_a_native_clean/pi_ufo_baseline_v1_runtimefix/vendor/LLscalar_v3_UFO_original/form_factors.py; releases/pack_a/scientific_validation/external_validation_a/pi_ufo_baseline_v1/model/LLscalar_v3_UFO_runtime/form_factors.py; releases/pack_a/scientific_validation/external_validation_a/pi_ufo_baseline_v1/build/point_000001/MG5_PROC/bin/internal/ufomodel/form_factors.py; releases/pack_a/scientific_validation/external_validation_a/pi_ufo_baseline_v1/vendor/LLscalar_v3_UFO_original/form_factors.py; runs/A_PI_NATIVE/pi_ufo_baseline_v1/model/LLscalar_v3_UFO_runtime/form_factors.py; runs/A_PI_NATIVE/pi_ufo_baseline_v1/build/A_PI_NATIVE_200/MG5_PROC/bin/internal/ufomodel/form_factors.py; runs/A_PI_NATIVE/pi_ufo_baseline_v1/vendor/LLscalar_v3_UFO_original/form_factors.py; runs/A_PI_NATIVE_RUNTIMEFIX/pi_ufo_baseline_v1/model/LLscalar_v3_UFO_runtime/form_factors.py; runs/A_PI_NATIVE_RUNTIMEFIX/pi_ufo_baseline_v1/build/A_PI_NATIVE_200/MG5_PROC/bin/internal/ufomodel/form_factors.py; runs/A_PI_NATIVE_RUNTIMEFIX/pi_ufo_baseline_v1/vendor/LLscalar_v3_UFO_original/form_factors.py
write_param_card.py	12	archive/superseded/.pack_a_native_clean/pi_ufo_baseline_v1_runtimefix/model/LLscalar_v3_UFO_runtime/write_param_card.py; archive/superseded/.pack_a_native_clean/pi_ufo_baseline_v1_runtimefix/build/A_PI_NATIVE_200/MG5_PROC/bin/internal/ufomodel/write_param_card.py; archive/superseded/.pack_a_native_clean/pi_ufo_baseline_v1_runtimefix/vendor/LLscalar_v3_UFO_original/write_param_card.py; releases/pack_a/scientific_validation/external_validation_a/pi_ufo_baseline_v1/model/LLscalar_v3_UFO_runtime/write_param_card.py; releases/pack_a/scientific_validation/external_validation_a/pi_ufo_baseline_v1/build/point_000001/MG5_PROC/bin/internal/ufomodel/write_param_card.py; releases/pack_a/scientific_validation/external_validation_a/pi_ufo_baseline_v1/vendor/LLscalar_v3_UFO_original/write_param_card.py; runs/A_PI_NATIVE/pi_ufo_baseline_v1/model/LLscalar_v3_UFO_runtime/write_param_card.py; runs/A_PI_NATIVE/pi_ufo_baseline_v1/build/A_PI_NATIVE_200/MG5_PROC/bin/internal/ufomodel/write_param_card.py; runs/A_PI_NATIVE/pi_ufo_baseline_v1/vendor/LLscalar_v3_UFO_original/write_param_card.py; runs/A_PI_NATIVE_RUNTIMEFIX/pi_ufo_baseline_v1/model/LLscalar_v3_UFO_runtime/write_param_card.py; runs/A_PI_NATIVE_RUNTIMEFIX/pi_ufo_baseline_v1/build/A_PI_NATIVE_200/MG5_PROC/bin/internal/ufomodel/write_param_card.py; runs/A_PI_NATIVE_RUNTIMEFIX/pi_ufo_baseline_v1/vendor/LLscalar_v3_UFO_original/write_param_card.py
propagators.py	12	archive/superseded/.pack_a_native_clean/pi_ufo_baseline_v1_runtimefix/model/LLscalar_v3_UFO_runtime/propagators.py; archive/superseded/.pack_a_native_clean/pi_ufo_baseline_v1_runtimefix/build/A_PI_NATIVE_200/MG5_PROC/bin/internal/ufomodel/propagators.py; archive/superseded/.pack_a_native_clean/pi_ufo_baseline_v1_runtimefix/vendor/LLscalar_v3_UFO_original/propagators.py; releases/pack_a/scientific_validation/external_validation_a/pi_ufo_baseline_v1/model/LLscalar_v3_UFO_runtime/propagators.py; releases/pack_a/scientific_validation/external_validation_a/pi_ufo_baseline_v1/build/point_000001/MG5_PROC/bin/internal/ufomodel/propagators.py; releases/pack_a/scientific_validation/external_validation_a/pi_ufo_baseline_v1/vendor/LLscalar_v3_UFO_original/propagators.py; runs/A_PI_NATIVE/pi_ufo_baseline_v1/model/LLscalar_v3_UFO_runtime/propagators.py; runs/A_PI_NATIVE/pi_ufo_baseline_v1/build/A_PI_NATIVE_200/MG5_PROC/bin/internal/ufomodel/propagators.py; runs/A_PI_NATIVE/pi_ufo_baseline_v1/vendor/LLscalar_v3_UFO_original/propagators.py; runs/A_PI_NATIVE_RUNTIMEFIX/pi_ufo_baseline_v1/model/LLscalar_v3_UFO_runtime/propagators.py; runs/A_PI_NATIVE_RUNTIMEFIX/pi_ufo_baseline_v1/build/A_PI_NATIVE_200/MG5_PROC/bin/internal/ufomodel/propagators.py; runs/A_PI_NATIVE_RUNTIMEFIX/pi_ufo_baseline_v1/vendor/LLscalar_v3_UFO_original/propagators.py
coupling_orders.py	12	archive/superseded/.pack_a_native_clean/pi_ufo_baseline_v1_runtimefix/model/LLscalar_v3_UFO_runtime/coupling_orders.py; archive/superseded/.pack_a_native_clean/pi_ufo_baseline_v1_runtimefix/build/A_PI_NATIVE_200/MG5_PROC/bin/internal/ufomodel/coupling_orders.py; archive/superseded/.pack_a_native_clean/pi_ufo_baseline_v1_runtimefix/vendor/LLscalar_v3_UFO_original/coupling_orders.py; releases/pack_a/scientific_validation/external_validation_a/pi_ufo_baseline_v1/model/LLscalar_v3_UFO_runtime/coupling_orders.py; releases/pack_a/scientific_validation/external_validation_a/pi_ufo_baseline_v1/build/point_000001/MG5_PROC/bin/internal/ufomodel/coupling_orders.py; releases/pack_a/scientific_validation/external_validation_a/pi_ufo_baseline_v1/vendor/LLscalar_v3_UFO_original/coupling_orders.py; runs/A_PI_NATIVE/pi_ufo_baseline_v1/model/LLscalar_v3_UFO_runtime/coupling_orders.py; runs/A_PI_NATIVE/pi_ufo_baseline_v1/build/A_PI_NATIVE_200/MG5_PROC/bin/internal/ufomodel/coupling_orders.py; runs/A_PI_NATIVE/pi_ufo_baseline_v1/vendor/LLscalar_v3_UFO_original/coupling_orders.py; runs/A_PI_NATIVE_RUNTIMEFIX/pi_ufo_baseline_v1/model/LLscalar_v3_UFO_runtime/coupling_orders.py; runs/A_PI_NATIVE_RUNTIMEFIX/pi_ufo_baseline_v1/build/A_PI_NATIVE_200/MG5_PROC/bin/internal/ufomodel/coupling_orders.py; runs/A_PI_NATIVE_RUNTIMEFIX/pi_ufo_baseline_v1/vendor/LLscalar_v3_UFO_original/coupling_orders.py
object_library.py	14	archive/superseded/.pack_a_native_clean/pi_ufo_baseline_v1_runtimefix/model/LLscalar_v3_UFO_runtime/object_library.py; archive/superseded/.pack_a_native_clean/pi_ufo_baseline_v1_runtimefix/build/A_PI_NATIVE_200/MG5_PROC/bin/internal/ufomodel/object_library.py; archive/superseded/.pack_a_native_clean/pi_ufo_baseline_v1_runtimefix/vendor/LLscalar_v3_UFO_original/object_library.py; archive/superseded/.pack_a_native_clean/pi_ufo_baseline_v1_runtimefix/tests/fixtures/mini_model/object_library.py; releases/pack_a/scientific_validation/external_validation_a/pi_ufo_baseline_v1/model/LLscalar_v3_UFO_runtime/object_library.py; releases/pack_a/scientific_validation/external_validation_a/pi_ufo_baseline_v1/build/point_000001/MG5_PROC/bin/internal/ufomodel/object_library.py; releases/pack_a/scientific_validation/external_validation_a/pi_ufo_baseline_v1/vendor/LLscalar_v3_UFO_original/object_library.py; runs/A_PI_NATIVE/pi_ufo_baseline_v1/model/LLscalar_v3_UFO_runtime/object_library.py; runs/A_PI_NATIVE/pi_ufo_baseline_v1/build/A_PI_NATIVE_200/MG5_PROC/bin/internal/ufomodel/object_library.py; runs/A_PI_NATIVE/pi_ufo_baseline_v1/vendor/LLscalar_v3_UFO_original/object_library.py; runs/A_PI_NATIVE_RUNTIMEFIX/pi_ufo_baseline_v1/model/LLscalar_v3_UFO_runtime/object_library.py; runs/A_PI_NATIVE_RUNTIMEFIX/pi_ufo_baseline_v1/build/A_PI_NATIVE_200/MG5_PROC/bin/internal/ufomodel/object_library.py; runs/A_PI_NATIVE_RUNTIMEFIX/pi_ufo_baseline_v1/vendor/LLscalar_v3_UFO_original/object_library.py; runs/A_PI_NATIVE_RUNTIMEFIX/pi_ufo_baseline_v1/tests/fixtures/mini_model/object_library.py
lorentz.py	12	archive/superseded/.pack_a_native_clean/pi_ufo_baseline_v1_runtimefix/model/LLscalar_v3_UFO_runtime/lorentz.py; archive/superseded/.pack_a_native_clean/pi_ufo_baseline_v1_runtimefix/build/A_PI_NATIVE_200/MG5_PROC/bin/internal/ufomodel/lorentz.py; archive/superseded/.pack_a_native_clean/pi_ufo_baseline_v1_runtimefix/vendor/LLscalar_v3_UFO_original/lorentz.py; releases/pack_a/scientific_validation/external_validation_a/pi_ufo_baseline_v1/model/LLscalar_v3_UFO_runtime/lorentz.py; releases/pack_a/scientific_validation/external_validation_a/pi_ufo_baseline_v1/build/point_000001/MG5_PROC/bin/internal/ufomodel/lorentz.py; releases/pack_a/scientific_validation/external_validation_a/pi_ufo_baseline_v1/vendor/LLscalar_v3_UFO_original/lorentz.py; runs/A_PI_NATIVE/pi_ufo_baseline_v1/model/LLscalar_v3_UFO_runtime/lorentz.py; runs/A_PI_NATIVE/pi_ufo_baseline_v1/build/A_PI_NATIVE_200/MG5_PROC/bin/internal/ufomodel/lorentz.py; runs/A_PI_NATIVE/pi_ufo_baseline_v1/vendor/LLscalar_v3_UFO_original/lorentz.py; runs/A_PI_NATIVE_RUNTIMEFIX/pi_ufo_baseline_v1/model/LLscalar_v3_UFO_runtime/lorentz.py; runs/A_PI_NATIVE_RUNTIMEFIX/pi_ufo_baseline_v1/build/A_PI_NATIVE_200/MG5_PROC/bin/internal/ufomodel/lorentz.py; runs/A_PI_NATIVE_RUNTIMEFIX/pi_ufo_baseline_v1/vendor/LLscalar_v3_UFO_original/lorentz.py
object_library.cpython-312.pyc	6	archive/superseded/.pack_a_native_clean/pi_ufo_baseline_v1_runtimefix/model/LLscalar_v3_UFO_runtime/__pycache__/object_library.cpython-312.pyc; archive/superseded/.pack_a_native_clean/pi_ufo_baseline_v1_runtimefix/build/A_PI_NATIVE_200/MG5_PROC/bin/internal/ufomodel/__pycache__/object_library.cpython-312.pyc; archive/superseded/.pack_a_native_clean/pi_ufo_baseline_v1_runtimefix/tests/fixtures/mini_model/__pycache__/object_library.cpython-312.pyc; releases/pack_a/scientific_validation/external_validation_a/pi_ufo_baseline_v1/model/LLscalar_v3_UFO_runtime/__pycache__/object_library.cpython-312.pyc; runs/A_PI_NATIVE/pi_ufo_baseline_v1/model/LLscalar_v3_UFO_runtime/__pycache__/object_library.cpython-312.pyc; runs/A_PI_NATIVE/pi_ufo_baseline_v1/build/A_PI_NATIVE_200/MG5_PROC/bin/internal/ufomodel/__pycache__/object_library.cpython-312.pyc
couplings.cpython-312.pyc	3	archive/superseded/.pack_a_native_clean/pi_ufo_baseline_v1_runtimefix/model/LLscalar_v3_UFO_runtime/__pycache__/couplings.cpython-312.pyc; releases/pack_a/scientific_validation/external_validation_a/pi_ufo_baseline_v1/model/LLscalar_v3_UFO_runtime/__pycache__/couplings.cpython-312.pyc; runs/A_PI_NATIVE/pi_ufo_baseline_v1/model/LLscalar_v3_UFO_runtime/__pycache__/couplings.cpython-312.pyc
lorentz.cpython-312.pyc	3	archive/superseded/.pack_a_native_clean/pi_ufo_baseline_v1_runtimefix/model/LLscalar_v3_UFO_runtime/__pycache__/lorentz.cpython-312.pyc; releases/pack_a/scientific_validation/external_validation_a/pi_ufo_baseline_v1/model/LLscalar_v3_UFO_runtime/__pycache__/lorentz.cpython-312.pyc; runs/A_PI_NATIVE/pi_ufo_baseline_v1/model/LLscalar_v3_UFO_runtime/__pycache__/lorentz.cpython-312.pyc
form_factors.cpython-312.pyc	3	archive/superseded/.pack_a_native_clean/pi_ufo_baseline_v1_runtimefix/model/LLscalar_v3_UFO_runtime/__pycache__/form_factors.cpython-312.pyc; releases/pack_a/scientific_validation/external_validation_a/pi_ufo_baseline_v1/model/LLscalar_v3_UFO_runtime/__pycache__/form_factors.cpython-312.pyc; runs/A_PI_NATIVE/pi_ufo_baseline_v1/model/LLscalar_v3_UFO_runtime/__pycache__/form_factors.cpython-312.pyc
decays.cpython-312.pyc	3	archive/superseded/.pack_a_native_clean/pi_ufo_baseline_v1_runtimefix/model/LLscalar_v3_UFO_runtime/__pycache__/decays.cpython-312.pyc; releases/pack_a/scientific_validation/external_validation_a/pi_ufo_baseline_v1/model/LLscalar_v3_UFO_runtime/__pycache__/decays.cpython-312.pyc; runs/A_PI_NATIVE/pi_ufo_baseline_v1/model/LLscalar_v3_UFO_runtime/__pycache__/decays.cpython-312.pyc
coupling_orders.cpython-312.pyc	3	archive/superseded/.pack_a_native_clean/pi_ufo_baseline_v1_runtimefix/model/LLscalar_v3_UFO_runtime/__pycache__/coupling_orders.cpython-312.pyc; releases/pack_a/scientific_validation/external_validation_a/pi_ufo_baseline_v1/model/LLscalar_v3_UFO_runtime/__pycache__/coupling_orders.cpython-312.pyc; runs/A_PI_NATIVE/pi_ufo_baseline_v1/model/LLscalar_v3_UFO_runtime/__pycache__/coupling_orders.cpython-312.pyc
propagators.cpython-312.pyc	3	archive/superseded/.pack_a_native_clean/pi_ufo_baseline_v1_runtimefix/model/LLscalar_v3_UFO_runtime/__pycache__/propagators.cpython-312.pyc; releases/pack_a/scientific_validation/external_validation_a/pi_ufo_baseline_v1/model/LLscalar_v3_UFO_runtime/__pycache__/propagators.cpython-312.pyc; runs/A_PI_NATIVE/pi_ufo_baseline_v1/model/LLscalar_v3_UFO_runtime/__pycache__/propagators.cpython-312.pyc
function_library.cpython-312.pyc	6	archive/superseded/.pack_a_native_clean/pi_ufo_baseline_v1_runtimefix/model/LLscalar_v3_UFO_runtime/__pycache__/function_library.cpython-312.pyc; archive/superseded/.pack_a_native_clean/pi_ufo_baseline_v1_runtimefix/build/A_PI_NATIVE_200/MG5_PROC/bin/internal/ufomodel/__pycache__/function_library.cpython-312.pyc; archive/superseded/.pack_a_native_clean/pi_ufo_baseline_v1_runtimefix/tests/fixtures/mini_model/__pycache__/function_library.cpython-312.pyc; releases/pack_a/scientific_validation/external_validation_a/pi_ufo_baseline_v1/model/LLscalar_v3_UFO_runtime/__pycache__/function_library.cpython-312.pyc; runs/A_PI_NATIVE/pi_ufo_baseline_v1/model/LLscalar_v3_UFO_runtime/__pycache__/function_library.cpython-312.pyc; runs/A_PI_NATIVE/pi_ufo_baseline_v1/build/A_PI_NATIVE_200/MG5_PROC/bin/internal/ufomodel/__pycache__/function_library.cpython-312.pyc
vertices.cpython-312.pyc	3	archive/superseded/.pack_a_native_clean/pi_ufo_baseline_v1_runtimefix/model/LLscalar_v3_UFO_runtime/__pycache__/vertices.cpython-312.pyc; releases/pack_a/scientific_validation/external_validation_a/pi_ufo_baseline_v1/model/LLscalar_v3_UFO_runtime/__pycache__/vertices.cpython-312.pyc; runs/A_PI_NATIVE/pi_ufo_baseline_v1/model/LLscalar_v3_UFO_runtime/__pycache__/vertices.cpython-312.pyc
particles.cpython-312.pyc	4	archive/superseded/.pack_a_native_clean/pi_ufo_baseline_v1_runtimefix/model/LLscalar_v3_UFO_runtime/__pycache__/particles.cpython-312.pyc; archive/superseded/.pack_a_native_clean/pi_ufo_baseline_v1_runtimefix/tests/fixtures/mini_model/__pycache__/particles.cpython-312.pyc; releases/pack_a/scientific_validation/external_validation_a/pi_ufo_baseline_v1/model/LLscalar_v3_UFO_runtime/__pycache__/particles.cpython-312.pyc; runs/A_PI_NATIVE/pi_ufo_baseline_v1/model/LLscalar_v3_UFO_runtime/__pycache__/particles.cpython-312.pyc
parameters.cpython-312.pyc	6	archive/superseded/.pack_a_native_clean/pi_ufo_baseline_v1_runtimefix/model/LLscalar_v3_UFO_runtime/__pycache__/parameters.cpython-312.pyc; archive/superseded/.pack_a_native_clean/pi_ufo_baseline_v1_runtimefix/build/A_PI_NATIVE_200/MG5_PROC/bin/internal/ufomodel/__pycache__/parameters.cpython-312.pyc; archive/superseded/.pack_a_native_clean/pi_ufo_baseline_v1_runtimefix/tests/fixtures/mini_model/__pycache__/parameters.cpython-312.pyc; releases/pack_a/scientific_validation/external_validation_a/pi_ufo_baseline_v1/model/LLscalar_v3_UFO_runtime/__pycache__/parameters.cpython-312.pyc; runs/A_PI_NATIVE/pi_ufo_baseline_v1/model/LLscalar_v3_UFO_runtime/__pycache__/parameters.cpython-312.pyc; runs/A_PI_NATIVE/pi_ufo_baseline_v1/build/A_PI_NATIVE_200/MG5_PROC/bin/internal/ufomodel/__pycache__/parameters.cpython-312.pyc
run_card.dat	11	archive/superseded/.pack_a_native_clean/pi_ufo_baseline_v1_runtimefix/build/A_PI_NATIVE_200/run_card.dat; archive/superseded/.pack_a_native_clean/pi_ufo_baseline_v1_runtimefix/build/A_PI_NATIVE_200/MG5_PROC/Cards/run_card.dat; archive/superseded/.pack_a_native_clean/pi_ufo_baseline_v1_runtimefix/build/point_000001/run_card.dat; releases/pack_a/scientific_validation/external_validation_a/pi_ufo_baseline_v1/build/point_000001/run_card.dat; releases/pack_a/scientific_validation/external_validation_a/pi_ufo_baseline_v1/build/point_000001/MG5_PROC/Cards/run_card.dat; runs/A_PI_NATIVE/pi_ufo_baseline_v1/build/A_PI_NATIVE_200/run_card.dat; runs/A_PI_NATIVE/pi_ufo_baseline_v1/build/A_PI_NATIVE_200/MG5_PROC/Cards/run_card.dat; runs/A_PI_NATIVE/pi_ufo_baseline_v1/build/point_000001/run_card.dat; runs/A_PI_NATIVE_RUNTIMEFIX/pi_ufo_baseline_v1/build/A_PI_NATIVE_200/run_card.dat; runs/A_PI_NATIVE_RUNTIMEFIX/pi_ufo_baseline_v1/build/A_PI_NATIVE_200/MG5_PROC/Cards/run_card.dat; runs/A_PI_NATIVE_RUNTIMEFIX/pi_ufo_baseline_v1/build/point_000001/run_card.dat
pythia8.cmnd	7	archive/superseded/.pack_a_native_clean/pi_ufo_baseline_v1_runtimefix/build/A_PI_NATIVE_200/pythia8.cmnd; archive/superseded/.pack_a_native_clean/pi_ufo_baseline_v1_runtimefix/build/point_000001/pythia8.cmnd; releases/pack_a/scientific_validation/external_validation_a/pi_ufo_baseline_v1/build/point_000001/pythia8.cmnd; runs/A_PI_NATIVE/pi_ufo_baseline_v1/build/A_PI_NATIVE_200/pythia8.cmnd; runs/A_PI_NATIVE/pi_ufo_baseline_v1/build/point_000001/pythia8.cmnd; runs/A_PI_NATIVE_RUNTIMEFIX/pi_ufo_baseline_v1/build/A_PI_NATIVE_200/pythia8.cmnd; runs/A_PI_NATIVE_RUNTIMEFIX/pi_ufo_baseline_v1/build/point_000001/pythia8.cmnd
decay.slha	8	archive/superseded/.pack_a_native_clean/pi_ufo_baseline_v1_runtimefix/build/A_PI_NATIVE_200/decay.slha; archive/superseded/.pack_a_native_clean/pi_ufo_baseline_v1_runtimefix/build/point_000001/decay.slha; releases/pack_b/candidates/20260722T091121Z/decay.slha; releases/pack_a/scientific_validation/external_validation_a/pi_ufo_baseline_v1/build/point_000001/decay.slha; runs/A_PI_NATIVE/pi_ufo_baseline_v1/build/A_PI_NATIVE_200/decay.slha; runs/A_PI_NATIVE/pi_ufo_baseline_v1/build/point_000001/decay.slha; runs/A_PI_NATIVE_RUNTIMEFIX/pi_ufo_baseline_v1/build/A_PI_NATIVE_200/decay.slha; runs/A_PI_NATIVE_RUNTIMEFIX/pi_ufo_baseline_v1/build/point_000001/decay.slha
events.lhe.gz	2	archive/superseded/.pack_a_native_clean/pi_ufo_baseline_v1_runtimefix/build/A_PI_NATIVE_200/events.lhe.gz; runs/A_PI_NATIVE_RUNTIMEFIX/pi_ufo_baseline_v1/build/A_PI_NATIVE_200/events.lhe.gz
point.json	8	archive/superseded/.pack_a_native_clean/pi_ufo_baseline_v1_runtimefix/build/A_PI_NATIVE_200/point.json; archive/superseded/.pack_a_native_clean/pi_ufo_baseline_v1_runtimefix/build/point_000001/point.json; releases/pack_b/candidates/20260722T091121Z/point.json; releases/pack_a/scientific_validation/external_validation_a/pi_ufo_baseline_v1/build/point_000001/point.json; runs/A_PI_NATIVE/pi_ufo_baseline_v1/build/A_PI_NATIVE_200/point.json; runs/A_PI_NATIVE/pi_ufo_baseline_v1/build/point_000001/point.json; runs/A_PI_NATIVE_RUNTIMEFIX/pi_ufo_baseline_v1/build/A_PI_NATIVE_200/point.json; runs/A_PI_NATIVE_RUNTIMEFIX/pi_ufo_baseline_v1/build/point_000001/point.json
proc_card.dat	7	archive/superseded/.pack_a_native_clean/pi_ufo_baseline_v1_runtimefix/build/A_PI_NATIVE_200/proc_card.dat; archive/superseded/.pack_a_native_clean/pi_ufo_baseline_v1_runtimefix/build/point_000001/proc_card.dat; releases/pack_a/scientific_validation/external_validation_a/pi_ufo_baseline_v1/build/point_000001/proc_card.dat; runs/A_PI_NATIVE/pi_ufo_baseline_v1/build/A_PI_NATIVE_200/proc_card.dat; runs/A_PI_NATIVE/pi_ufo_baseline_v1/build/point_000001/proc_card.dat; runs/A_PI_NATIVE_RUNTIMEFIX/pi_ufo_baseline_v1/build/A_PI_NATIVE_200/proc_card.dat; runs/A_PI_NATIVE_RUNTIMEFIX/pi_ufo_baseline_v1/build/point_000001/proc_card.dat
cross_section.json	2	archive/superseded/.pack_a_native_clean/pi_ufo_baseline_v1_runtimefix/build/A_PI_NATIVE_200/cross_section.json; runs/A_PI_NATIVE_RUNTIMEFIX/pi_ufo_baseline_v1/build/A_PI_NATIVE_200/cross_section.json
provenance.json	7	archive/superseded/.pack_a_native_clean/pi_ufo_baseline_v1_runtimefix/build/A_PI_NATIVE_200/provenance.json; archive/superseded/.pack_a_native_clean/pi_ufo_baseline_v1_runtimefix/build/point_000001/provenance.json; releases/pack_a/scientific_validation/external_validation_a/pi_ufo_baseline_v1/build/point_000001/provenance.json; runs/A_PI_NATIVE/pi_ufo_baseline_v1/build/A_PI_NATIVE_200/provenance.json; runs/A_PI_NATIVE/pi_ufo_baseline_v1/build/point_000001/provenance.json; runs/A_PI_NATIVE_RUNTIMEFIX/pi_ufo_baseline_v1/build/A_PI_NATIVE_200/provenance.json; runs/A_PI_NATIVE_RUNTIMEFIX/pi_ufo_baseline_v1/build/point_000001/provenance.json
lhe_report.json	2	archive/superseded/.pack_a_native_clean/pi_ufo_baseline_v1_runtimefix/build/A_PI_NATIVE_200/lhe_report.json; runs/A_PI_NATIVE_RUNTIMEFIX/pi_ufo_baseline_v1/build/A_PI_NATIVE_200/lhe_report.json
param_card.dat	18	archive/superseded/.pack_a_native_clean/pi_ufo_baseline_v1_runtimefix/build/A_PI_NATIVE_200/param_card.dat; archive/superseded/.pack_a_native_clean/pi_ufo_baseline_v1_runtimefix/build/A_PI_NATIVE_200/MG5_PROC/bin/internal/ufomodel/param_card.dat; archive/superseded/.pack_a_native_clean/pi_ufo_baseline_v1_runtimefix/build/A_PI_NATIVE_200/MG5_PROC/Cards/param_card.dat; archive/superseded/.pack_a_native_clean/pi_ufo_baseline_v1_runtimefix/build/point_000001/param_card.dat; archive/superseded/.pack_a_native_clean/pi_ufo_baseline_v1_runtimefix/vendor/LLscalar_v3_UFO_original/param_card.dat; releases/pack_a/scientific_validation/external_validation_a/pi_ufo_baseline_v1/build/point_000001/param_card.dat; releases/pack_a/scientific_validation/external_validation_a/pi_ufo_baseline_v1/build/point_000001/MG5_PROC/Cards/param_card.dat; releases/pack_a/scientific_validation/external_validation_a/pi_ufo_baseline_v1/vendor/LLscalar_v3_UFO_original/param_card.dat; runs/A_PI_NATIVE/pi_ufo_baseline_v1/build/A_PI_NATIVE_200/param_card.dat; runs/A_PI_NATIVE/pi_ufo_baseline_v1/build/A_PI_NATIVE_200/MG5_PROC/bin/internal/ufomodel/param_card.dat; runs/A_PI_NATIVE/pi_ufo_baseline_v1/build/A_PI_NATIVE_200/MG5_PROC/Cards/param_card.dat; runs/A_PI_NATIVE/pi_ufo_baseline_v1/build/point_000001/param_card.dat; runs/A_PI_NATIVE/pi_ufo_baseline_v1/vendor/LLscalar_v3_UFO_original/param_card.dat; runs/A_PI_NATIVE_RUNTIMEFIX/pi_ufo_baseline_v1/build/A_PI_NATIVE_200/param_card.dat; runs/A_PI_NATIVE_RUNTIMEFIX/pi_ufo_baseline_v1/build/A_PI_NATIVE_200/MG5_PROC/bin/internal/ufomodel/param_card.dat; runs/A_PI_NATIVE_RUNTIMEFIX/pi_ufo_baseline_v1/build/A_PI_NATIVE_200/MG5_PROC/Cards/param_card.dat; runs/A_PI_NATIVE_RUNTIMEFIX/pi_ufo_baseline_v1/build/point_000001/param_card.dat; runs/A_PI_NATIVE_RUNTIMEFIX/pi_ufo_baseline_v1/vendor/LLscalar_v3_UFO_original/param_card.dat
mg5_generate.log	4	archive/superseded/.pack_a_native_clean/pi_ufo_baseline_v1_runtimefix/build/A_PI_NATIVE_200/mg5_generate.log; releases/pack_a/scientific_validation/external_validation_a/pi_ufo_baseline_v1/build/point_000001/mg5_generate.log; runs/A_PI_NATIVE/pi_ufo_baseline_v1/build/A_PI_NATIVE_200/mg5_generate.log; runs/A_PI_NATIVE_RUNTIMEFIX/pi_ufo_baseline_v1/build/A_PI_NATIVE_200/mg5_generate.log
README.systematics	4	archive/superseded/.pack_a_native_clean/pi_ufo_baseline_v1_runtimefix/build/A_PI_NATIVE_200/MG5_PROC/README.systematics; releases/pack_a/scientific_validation/external_validation_a/pi_ufo_baseline_v1/build/point_000001/MG5_PROC/README.systematics; runs/A_PI_NATIVE/pi_ufo_baseline_v1/build/A_PI_NATIVE_200/MG5_PROC/README.systematics; runs/A_PI_NATIVE_RUNTIMEFIX/pi_ufo_baseline_v1/build/A_PI_NATIVE_200/MG5_PROC/README.systematics
TemplateVersion.txt	4	archive/superseded/.pack_a_native_clean/pi_ufo_baseline_v1_runtimefix/build/A_PI_NATIVE_200/MG5_PROC/TemplateVersion.txt; releases/pack_a/scientific_validation/external_validation_a/pi_ufo_baseline_v1/build/point_000001/MG5_PROC/TemplateVersion.txt; runs/A_PI_NATIVE/pi_ufo_baseline_v1/build/A_PI_NATIVE_200/MG5_PROC/TemplateVersion.txt; runs/A_PI_NATIVE_RUNTIMEFIX/pi_ufo_baseline_v1/build/A_PI_NATIVE_200/MG5_PROC/TemplateVersion.txt
index.html	4	archive/superseded/.pack_a_native_clean/pi_ufo_baseline_v1_runtimefix/build/A_PI_NATIVE_200/MG5_PROC/index.html; releases/pack_a/scientific_validation/external_validation_a/pi_ufo_baseline_v1/build/point_000001/MG5_PROC/index.html; runs/A_PI_NATIVE/pi_ufo_baseline_v1/build/A_PI_NATIVE_200/MG5_PROC/index.html; runs/A_PI_NATIVE_RUNTIMEFIX/pi_ufo_baseline_v1/build/A_PI_NATIVE_200/MG5_PROC/index.html
madevent.tar.gz	4	archive/superseded/.pack_a_native_clean/pi_ufo_baseline_v1_runtimefix/build/A_PI_NATIVE_200/MG5_PROC/madevent.tar.gz; releases/pack_a/scientific_validation/external_validation_a/pi_ufo_baseline_v1/build/point_000001/MG5_PROC/madevent.tar.gz; runs/A_PI_NATIVE/pi_ufo_baseline_v1/build/A_PI_NATIVE_200/MG5_PROC/madevent.tar.gz; runs/A_PI_NATIVE_RUNTIMEFIX/pi_ufo_baseline_v1/build/A_PI_NATIVE_200/MG5_PROC/madevent.tar.gz
MGMEVersion.txt	4	archive/superseded/.pack_a_native_clean/pi_ufo_baseline_v1_runtimefix/build/A_PI_NATIVE_200/MG5_PROC/MGMEVersion.txt; releases/pack_a/scientific_validation/external_validation_a/pi_ufo_baseline_v1/build/point_000001/MG5_PROC/MGMEVersion.txt; runs/A_PI_NATIVE/pi_ufo_baseline_v1/build/A_PI_NATIVE_200/MG5_PROC/MGMEVersion.txt; runs/A_PI_NATIVE_RUNTIMEFIX/pi_ufo_baseline_v1/build/A_PI_NATIVE_200/MG5_PROC/MGMEVersion.txt
crossx.html	7	archive/superseded/.pack_a_native_clean/pi_ufo_baseline_v1_runtimefix/build/A_PI_NATIVE_200/MG5_PROC/crossx.html; archive/superseded/.pack_a_native_clean/pi_ufo_baseline_v1_runtimefix/build/A_PI_NATIVE_200/MG5_PROC/HTML/crossx.html; releases/pack_a/scientific_validation/external_validation_a/pi_ufo_baseline_v1/build/point_000001/MG5_PROC/HTML/crossx.html; runs/A_PI_NATIVE/pi_ufo_baseline_v1/build/A_PI_NATIVE_200/MG5_PROC/crossx.html; runs/A_PI_NATIVE/pi_ufo_baseline_v1/build/A_PI_NATIVE_200/MG5_PROC/HTML/crossx.html; runs/A_PI_NATIVE_RUNTIMEFIX/pi_ufo_baseline_v1/build/A_PI_NATIVE_200/MG5_PROC/crossx.html; runs/A_PI_NATIVE_RUNTIMEFIX/pi_ufo_baseline_v1/build/A_PI_NATIVE_200/MG5_PROC/HTML/crossx.html
README	8	archive/superseded/.pack_a_native_clean/pi_ufo_baseline_v1_runtimefix/build/A_PI_NATIVE_200/MG5_PROC/README; archive/superseded/.pack_a_native_clean/pi_ufo_baseline_v1_runtimefix/build/A_PI_NATIVE_200/MG5_PROC/Cards/README; releases/pack_a/scientific_validation/external_validation_a/pi_ufo_baseline_v1/build/point_000001/MG5_PROC/README; releases/pack_a/scientific_validation/external_validation_a/pi_ufo_baseline_v1/build/point_000001/MG5_PROC/Cards/README; runs/A_PI_NATIVE/pi_ufo_baseline_v1/build/A_PI_NATIVE_200/MG5_PROC/README; runs/A_PI_NATIVE/pi_ufo_baseline_v1/build/A_PI_NATIVE_200/MG5_PROC/Cards/README; runs/A_PI_NATIVE_RUNTIMEFIX/pi_ufo_baseline_v1/build/A_PI_NATIVE_200/MG5_PROC/README; runs/A_PI_NATIVE_RUNTIMEFIX/pi_ufo_baseline_v1/build/A_PI_NATIVE_200/MG5_PROC/Cards/README
thinking.gif	4	archive/superseded/.pack_a_native_clean/pi_ufo_baseline_v1_runtimefix/build/A_PI_NATIVE_200/MG5_PROC/HTML/thinking.gif; releases/pack_a/scientific_validation/external_validation_a/pi_ufo_baseline_v1/build/point_000001/MG5_PROC/HTML/thinking.gif; runs/A_PI_NATIVE/pi_ufo_baseline_v1/build/A_PI_NATIVE_200/MG5_PROC/HTML/thinking.gif; runs/A_PI_NATIVE_RUNTIMEFIX/pi_ufo_baseline_v1/build/A_PI_NATIVE_200/MG5_PROC/HTML/thinking.gif
info.html	4	archive/superseded/.pack_a_native_clean/pi_ufo_baseline_v1_runtimefix/build/A_PI_NATIVE_200/MG5_PROC/HTML/info.html; releases/pack_a/scientific_validation/external_validation_a/pi_ufo_baseline_v1/build/point_000001/MG5_PROC/HTML/info.html; runs/A_PI_NATIVE/pi_ufo_baseline_v1/build/A_PI_NATIVE_200/MG5_PROC/HTML/info.html; runs/A_PI_NATIVE_RUNTIMEFIX/pi_ufo_baseline_v1/build/A_PI_NATIVE_200/MG5_PROC/HTML/info.html
info-default.html	4	archive/superseded/.pack_a_native_clean/pi_ufo_baseline_v1_runtimefix/build/A_PI_NATIVE_200/MG5_PROC/HTML/info-default.html; releases/pack_a/scientific_validation/external_validation_a/pi_ufo_baseline_v1/build/point_000001/MG5_PROC/HTML/info-default.html; runs/A_PI_NATIVE/pi_ufo_baseline_v1/build/A_PI_NATIVE_200/MG5_PROC/HTML/info-default.html; runs/A_PI_NATIVE_RUNTIMEFIX/pi_ufo_baseline_v1/build/A_PI_NATIVE_200/MG5_PROC/HTML/info-default.html
stop.jpg	4	archive/superseded/.pack_a_native_clean/pi_ufo_baseline_v1_runtimefix/build/A_PI_NATIVE_200/MG5_PROC/HTML/stop.jpg; releases/pack_a/scientific_validation/external_validation_a/pi_ufo_baseline_v1/build/point_000001/MG5_PROC/HTML/stop.jpg; runs/A_PI_NATIVE/pi_ufo_baseline_v1/build/A_PI_NATIVE_200/MG5_PROC/HTML/stop.jpg; runs/A_PI_NATIVE_RUNTIMEFIX/pi_ufo_baseline_v1/build/A_PI_NATIVE_200/MG5_PROC/HTML/stop.jpg
mgstyle.css	4	archive/superseded/.pack_a_native_clean/pi_ufo_baseline_v1_runtimefix/build/A_PI_NATIVE_200/MG5_PROC/HTML/mgstyle.css; releases/pack_a/scientific_validation/external_validation_a/pi_ufo_baseline_v1/build/point_000001/MG5_PROC/HTML/mgstyle.css; runs/A_PI_NATIVE/pi_ufo_baseline_v1/build/A_PI_NATIVE_200/MG5_PROC/HTML/mgstyle.css; runs/A_PI_NATIVE_RUNTIMEFIX/pi_ufo_baseline_v1/build/A_PI_NATIVE_200/MG5_PROC/HTML/mgstyle.css
sortable.js	4	archive/superseded/.pack_a_native_clean/pi_ufo_baseline_v1_runtimefix/build/A_PI_NATIVE_200/MG5_PROC/HTML/sortable.js; releases/pack_a/scientific_validation/external_validation_a/pi_ufo_baseline_v1/build/point_000001/MG5_PROC/HTML/sortable.js; runs/A_PI_NATIVE/pi_ufo_baseline_v1/build/A_PI_NATIVE_200/MG5_PROC/HTML/sortable.js; runs/A_PI_NATIVE_RUNTIMEFIX/pi_ufo_baseline_v1/build/A_PI_NATIVE_200/MG5_PROC/HTML/sortable.js
results.pkl	3	archive/superseded/.pack_a_native_clean/pi_ufo_baseline_v1_runtimefix/build/A_PI_NATIVE_200/MG5_PROC/HTML/results.pkl; runs/A_PI_NATIVE/pi_ufo_baseline_v1/build/A_PI_NATIVE_200/MG5_PROC/HTML/results.pkl; runs/A_PI_NATIVE_RUNTIMEFIX/pi_ufo_baseline_v1/build/A_PI_NATIVE_200/MG5_PROC/HTML/results.pkl
results.html	3	archive/superseded/.pack_a_native_clean/pi_ufo_baseline_v1_runtimefix/build/A_PI_NATIVE_200/MG5_PROC/HTML/smoke/results.html; runs/A_PI_NATIVE/pi_ufo_baseline_v1/build/A_PI_NATIVE_200/MG5_PROC/HTML/smoke2/results.html; runs/A_PI_NATIVE_RUNTIMEFIX/pi_ufo_baseline_v1/build/A_PI_NATIVE_200/MG5_PROC/HTML/smoke/results.html
refine.sh	4	archive/superseded/.pack_a_native_clean/pi_ufo_baseline_v1_runtimefix/build/A_PI_NATIVE_200/MG5_PROC/SubProcesses/refine.sh; releases/pack_a/scientific_validation/external_validation_a/pi_ufo_baseline_v1/build/point_000001/MG5_PROC/SubProcesses/refine.sh; runs/A_PI_NATIVE/pi_ufo_baseline_v1/build/A_PI_NATIVE_200/MG5_PROC/SubProcesses/refine.sh; runs/A_PI_NATIVE_RUNTIMEFIX/pi_ufo_baseline_v1/build/A_PI_NATIVE_200/MG5_PROC/SubProcesses/refine.sh
randinit	4	archive/superseded/.pack_a_native_clean/pi_ufo_baseline_v1_runtimefix/build/A_PI_NATIVE_200/MG5_PROC/SubProcesses/randinit; releases/pack_a/scientific_validation/external_validation_a/pi_ufo_baseline_v1/build/point_000001/MG5_PROC/SubProcesses/randinit; runs/A_PI_NATIVE/pi_ufo_baseline_v1/build/A_PI_NATIVE_200/MG5_PROC/SubProcesses/randinit; runs/A_PI_NATIVE_RUNTIMEFIX/pi_ufo_baseline_v1/build/A_PI_NATIVE_200/MG5_PROC/SubProcesses/randinit
proc_characteristics	4	archive/superseded/.pack_a_native_clean/pi_ufo_baseline_v1_runtimefix/build/A_PI_NATIVE_200/MG5_PROC/SubProcesses/proc_characteristics; releases/pack_a/scientific_validation/external_validation_a/pi_ufo_baseline_v1/build/point_000001/MG5_PROC/SubProcesses/proc_characteristics; runs/A_PI_NATIVE/pi_ufo_baseline_v1/build/A_PI_NATIVE_200/MG5_PROC/SubProcesses/proc_characteristics; runs/A_PI_NATIVE_RUNTIMEFIX/pi_ufo_baseline_v1/build/A_PI_NATIVE_200/MG5_PROC/SubProcesses/proc_characteristics
makefile	36	archive/superseded/.pack_a_native_clean/pi_ufo_baseline_v1_runtimefix/build/A_PI_NATIVE_200/MG5_PROC/SubProcesses/makefile; archive/superseded/.pack_a_native_clean/pi_ufo_baseline_v1_runtimefix/build/A_PI_NATIVE_200/MG5_PROC/Source/makefile; archive/superseded/.pack_a_native_clean/pi_ufo_baseline_v1_runtimefix/build/A_PI_NATIVE_200/MG5_PROC/Source/BIAS/ptj_bias/makefile; archive/superseded/.pack_a_native_clean/pi_ufo_baseline_v1_runtimefix/build/A_PI_NATIVE_200/MG5_PROC/Source/BIAS/dummy/makefile; archive/superseded/.pack_a_native_clean/pi_ufo_baseline_v1_runtimefix/build/A_PI_NATIVE_200/MG5_PROC/Source/DHELAS/makefile; archive/superseded/.pack_a_native_clean/pi_ufo_baseline_v1_runtimefix/build/A_PI_NATIVE_200/MG5_PROC/Source/CERNLIB/makefile; archive/superseded/.pack_a_native_clean/pi_ufo_baseline_v1_runtimefix/build/A_PI_NATIVE_200/MG5_PROC/Source/MODEL/makefile; archive/superseded/.pack_a_native_clean/pi_ufo_baseline_v1_runtimefix/build/A_PI_NATIVE_200/MG5_PROC/Source/PDF/makefile; archive/superseded/.pack_a_native_clean/pi_ufo_baseline_v1_runtimefix/build/A_PI_NATIVE_200/MG5_PROC/Source/PDF/gammaUPC/makefile; releases/pack_a/scientific_validation/external_validation_a/pi_ufo_baseline_v1/build/point_000001/MG5_PROC/SubProcesses/makefile; releases/pack_a/scientific_validation/external_validation_a/pi_ufo_baseline_v1/build/point_000001/MG5_PROC/Source/makefile; releases/pack_a/scientific_validation/external_validation_a/pi_ufo_baseline_v1/build/point_000001/MG5_PROC/Source/BIAS/ptj_bias/makefile; releases/pack_a/scientific_validation/external_validation_a/pi_ufo_baseline_v1/build/point_000001/MG5_PROC/Source/BIAS/dummy/makefile; releases/pack_a/scientific_validation/external_validation_a/pi_ufo_baseline_v1/build/point_000001/MG5_PROC/Source/DHELAS/makefile; releases/pack_a/scientific_validation/external_validation_a/pi_ufo_baseline_v1/build/point_000001/MG5_PROC/Source/CERNLIB/makefile; releases/pack_a/scientific_validation/external_validation_a/pi_ufo_baseline_v1/build/point_000001/MG5_PROC/Source/MODEL/makefile; releases/pack_a/scientific_validation/external_validation_a/pi_ufo_baseline_v1/build/point_000001/MG5_PROC/Source/PDF/makefile; releases/pack_a/scientific_validation/external_validation_a/pi_ufo_baseline_v1/build/point_000001/MG5_PROC/Source/PDF/gammaUPC/makefile; runs/A_PI_NATIVE/pi_ufo_baseline_v1/build/A_PI_NATIVE_200/MG5_PROC/SubProcesses/makefile; runs/A_PI_NATIVE/pi_ufo_baseline_v1/build/A_PI_NATIVE_200/MG5_PROC/Source/makefile; runs/A_PI_NATIVE/pi_ufo_baseline_v1/build/A_PI_NATIVE_200/MG5_PROC/Source/BIAS/ptj_bias/makefile; runs/A_PI_NATIVE/pi_ufo_baseline_v1/build/A_PI_NATIVE_200/MG5_PROC/Source/BIAS/dummy/makefile; runs/A_PI_NATIVE/pi_ufo_baseline_v1/build/A_PI_NATIVE_200/MG5_PROC/Source/DHELAS/makefile; runs/A_PI_NATIVE/pi_ufo_baseline_v1/build/A_PI_NATIVE_200/MG5_PROC/Source/CERNLIB/makefile; runs/A_PI_NATIVE/pi_ufo_baseline_v1/build/A_PI_NATIVE_200/MG5_PROC/Source/MODEL/makefile; runs/A_PI_NATIVE/pi_ufo_baseline_v1/build/A_PI_NATIVE_200/MG5_PROC/Source/PDF/makefile; runs/A_PI_NATIVE/pi_ufo_baseline_v1/build/A_PI_NATIVE_200/MG5_PROC/Source/PDF/gammaUPC/makefile; runs/A_PI_NATIVE_RUNTIMEFIX/pi_ufo_baseline_v1/build/A_PI_NATIVE_200/MG5_PROC/SubProcesses/makefile; runs/A_PI_NATIVE_RUNTIMEFIX/pi_ufo_baseline_v1/build/A_PI_NATIVE_200/MG5_PROC/Source/makefile; runs/A_PI_NATIVE_RUNTIMEFIX/pi_ufo_baseline_v1/build/A_PI_NATIVE_200/MG5_PROC/Source/BIAS/ptj_bias/makefile; runs/A_PI_NATIVE_RUNTIMEFIX/pi_ufo_baseline_v1/build/A_PI_NATIVE_200/MG5_PROC/Source/BIAS/dummy/makefile; runs/A_PI_NATIVE_RUNTIMEFIX/pi_ufo_baseline_v1/build/A_PI_NATIVE_200/MG5_PROC/Source/DHELAS/makefile; runs/A_PI_NATIVE_RUNTIMEFIX/pi_ufo_baseline_v1/build/A_PI_NATIVE_200/MG5_PROC/Source/CERNLIB/makefile; runs/A_PI_NATIVE_RUNTIMEFIX/pi_ufo_baseline_v1/build/A_PI_NATIVE_200/MG5_PROC/Source/MODEL/makefile; runs/A_PI_NATIVE_RUNTIMEFIX/pi_ufo_baseline_v1/build/A_PI_NATIVE_200/MG5_PROC/Source/PDF/makefile; runs/A_PI_NATIVE_RUNTIMEFIX/pi_ufo_baseline_v1/build/A_PI_NATIVE_200/MG5_PROC/Source/PDF/gammaUPC/makefile
reweight.f	4	archive/superseded/.pack_a_native_clean/pi_ufo_baseline_v1_runtimefix/build/A_PI_NATIVE_200/MG5_PROC/SubProcesses/reweight.f; releases/pack_a/scientific_validation/external_validation_a/pi_ufo_baseline_v1/build/point_000001/MG5_PROC/SubProcesses/reweight.f; runs/A_PI_NATIVE/pi_ufo_baseline_v1/build/A_PI_NATIVE_200/MG5_PROC/SubProcesses/reweight.f; runs/A_PI_NATIVE_RUNTIMEFIX/pi_ufo_baseline_v1/build/A_PI_NATIVE_200/MG5_PROC/SubProcesses/reweight.f
cuts.f	4	archive/superseded/.pack_a_native_clean/pi_ufo_baseline_v1_runtimefix/build/A_PI_NATIVE_200/MG5_PROC/SubProcesses/cuts.f; releases/pack_a/scientific_validation/external_validation_a/pi_ufo_baseline_v1/build/point_000001/MG5_PROC/SubProcesses/cuts.f; runs/A_PI_NATIVE/pi_ufo_baseline_v1/build/A_PI_NATIVE_200/MG5_PROC/SubProcesses/cuts.f; runs/A_PI_NATIVE_RUNTIMEFIX/pi_ufo_baseline_v1/build/A_PI_NATIVE_200/MG5_PROC/SubProcesses/cuts.f
cluster.inc	4	archive/superseded/.pack_a_native_clean/pi_ufo_baseline_v1_runtimefix/build/A_PI_NATIVE_200/MG5_PROC/SubProcesses/cluster.inc; releases/pack_a/scientific_validation/external_validation_a/pi_ufo_baseline_v1/build/point_000001/MG5_PROC/SubProcesses/cluster.inc; runs/A_PI_NATIVE/pi_ufo_baseline_v1/build/A_PI_NATIVE_200/MG5_PROC/SubProcesses/cluster.inc; runs/A_PI_NATIVE_RUNTIMEFIX/pi_ufo_baseline_v1/build/A_PI_NATIVE_200/MG5_PROC/SubProcesses/cluster.inc
sudakov.inc	4	archive/superseded/.pack_a_native_clean/pi_ufo_baseline_v1_runtimefix/build/A_PI_NATIVE_200/MG5_PROC/SubProcesses/sudakov.inc; releases/pack_a/scientific_validation/external_validation_a/pi_ufo_baseline_v1/build/point_000001/MG5_PROC/SubProcesses/sudakov.inc; runs/A_PI_NATIVE/pi_ufo_baseline_v1/build/A_PI_NATIVE_200/MG5_PROC/SubProcesses/sudakov.inc; runs/A_PI_NATIVE_RUNTIMEFIX/pi_ufo_baseline_v1/build/A_PI_NATIVE_200/MG5_PROC/SubProcesses/sudakov.inc
subproc.mg	4	archive/superseded/.pack_a_native_clean/pi_ufo_baseline_v1_runtimefix/build/A_PI_NATIVE_200/MG5_PROC/SubProcesses/subproc.mg; releases/pack_a/scientific_validation/external_validation_a/pi_ufo_baseline_v1/build/point_000001/MG5_PROC/SubProcesses/subproc.mg; runs/A_PI_NATIVE/pi_ufo_baseline_v1/build/A_PI_NATIVE_200/MG5_PROC/SubProcesses/subproc.mg; runs/A_PI_NATIVE_RUNTIMEFIX/pi_ufo_baseline_v1/build/A_PI_NATIVE_200/MG5_PROC/SubProcesses/subproc.mg
addmothers.f	4	archive/superseded/.pack_a_native_clean/pi_ufo_baseline_v1_runtimefix/build/A_PI_NATIVE_200/MG5_PROC/SubProcesses/addmothers.f; releases/pack_a/scientific_validation/external_validation_a/pi_ufo_baseline_v1/build/point_000001/MG5_PROC/SubProcesses/addmothers.f; runs/A_PI_NATIVE/pi_ufo_baseline_v1/build/A_PI_NATIVE_200/MG5_PROC/SubProcesses/addmothers.f; runs/A_PI_NATIVE_RUNTIMEFIX/pi_ufo_baseline_v1/build/A_PI_NATIVE_200/MG5_PROC/SubProcesses/addmothers.f
dummy_fct.f	4	archive/superseded/.pack_a_native_clean/pi_ufo_baseline_v1_runtimefix/build/A_PI_NATIVE_200/MG5_PROC/SubProcesses/dummy_fct.f; releases/pack_a/scientific_validation/external_validation_a/pi_ufo_baseline_v1/build/point_000001/MG5_PROC/SubProcesses/dummy_fct.f; runs/A_PI_NATIVE/pi_ufo_baseline_v1/build/A_PI_NATIVE_200/MG5_PROC/SubProcesses/dummy_fct.f; runs/A_PI_NATIVE_RUNTIMEFIX/pi_ufo_baseline_v1/build/A_PI_NATIVE_200/MG5_PROC/SubProcesses/dummy_fct.f
survey.sh	4	archive/superseded/.pack_a_native_clean/pi_ufo_baseline_v1_runtimefix/build/A_PI_NATIVE_200/MG5_PROC/SubProcesses/survey.sh; releases/pack_a/scientific_validation/external_validation_a/pi_ufo_baseline_v1/build/point_000001/MG5_PROC/SubProcesses/survey.sh; runs/A_PI_NATIVE/pi_ufo_baseline_v1/build/A_PI_NATIVE_200/MG5_PROC/SubProcesses/survey.sh; runs/A_PI_NATIVE_RUNTIMEFIX/pi_ufo_baseline_v1/build/A_PI_NATIVE_200/MG5_PROC/SubProcesses/survey.sh
done	4	archive/superseded/.pack_a_native_clean/pi_ufo_baseline_v1_runtimefix/build/A_PI_NATIVE_200/MG5_PROC/SubProcesses/done; releases/pack_a/scientific_validation/external_validation_a/pi_ufo_baseline_v1/build/point_000001/MG5_PROC/SubProcesses/done; runs/A_PI_NATIVE/pi_ufo_baseline_v1/build/A_PI_NATIVE_200/MG5_PROC/SubProcesses/done; runs/A_PI_NATIVE_RUNTIMEFIX/pi_ufo_baseline_v1/build/A_PI_NATIVE_200/MG5_PROC/SubProcesses/done
symmetry.f	4	archive/superseded/.pack_a_native_clean/pi_ufo_baseline_v1_runtimefix/build/A_PI_NATIVE_200/MG5_PROC/SubProcesses/symmetry.f; releases/pack_a/scientific_validation/external_validation_a/pi_ufo_baseline_v1/build/point_000001/MG5_PROC/SubProcesses/symmetry.f; runs/A_PI_NATIVE/pi_ufo_baseline_v1/build/A_PI_NATIVE_200/MG5_PROC/SubProcesses/symmetry.f; runs/A_PI_NATIVE_RUNTIMEFIX/pi_ufo_baseline_v1/build/A_PI_NATIVE_200/MG5_PROC/SubProcesses/symmetry.f
unwgt.f	4	archive/superseded/.pack_a_native_clean/pi_ufo_baseline_v1_runtimefix/build/A_PI_NATIVE_200/MG5_PROC/SubProcesses/unwgt.f; releases/pack_a/scientific_validation/external_validation_a/pi_ufo_baseline_v1/build/point_000001/MG5_PROC/SubProcesses/unwgt.f; runs/A_PI_NATIVE/pi_ufo_baseline_v1/build/A_PI_NATIVE_200/MG5_PROC/SubProcesses/unwgt.f; runs/A_PI_NATIVE_RUNTIMEFIX/pi_ufo_baseline_v1/build/A_PI_NATIVE_200/MG5_PROC/SubProcesses/unwgt.f
setcuts.f	4	archive/superseded/.pack_a_native_clean/pi_ufo_baseline_v1_runtimefix/build/A_PI_NATIVE_200/MG5_PROC/SubProcesses/setcuts.f; releases/pack_a/scientific_validation/external_validation_a/pi_ufo_baseline_v1/build/point_000001/MG5_PROC/SubProcesses/setcuts.f; runs/A_PI_NATIVE/pi_ufo_baseline_v1/build/A_PI_NATIVE_200/MG5_PROC/SubProcesses/setcuts.f; runs/A_PI_NATIVE_RUNTIMEFIX/pi_ufo_baseline_v1/build/A_PI_NATIVE_200/MG5_PROC/SubProcesses/setcuts.f
MGVersion.txt	4	archive/superseded/.pack_a_native_clean/pi_ufo_baseline_v1_runtimefix/build/A_PI_NATIVE_200/MG5_PROC/SubProcesses/MGVersion.txt; releases/pack_a/scientific_validation/external_validation_a/pi_ufo_baseline_v1/build/point_000001/MG5_PROC/SubProcesses/MGVersion.txt; runs/A_PI_NATIVE/pi_ufo_baseline_v1/build/A_PI_NATIVE_200/MG5_PROC/SubProcesses/MGVersion.txt; runs/A_PI_NATIVE_RUNTIMEFIX/pi_ufo_baseline_v1/build/A_PI_NATIVE_200/MG5_PROC/SubProcesses/MGVersion.txt
message.inc	4	archive/superseded/.pack_a_native_clean/pi_ufo_baseline_v1_runtimefix/build/A_PI_NATIVE_200/MG5_PROC/SubProcesses/message.inc; releases/pack_a/scientific_validation/external_validation_a/pi_ufo_baseline_v1/build/point_000001/MG5_PROC/SubProcesses/message.inc; runs/A_PI_NATIVE/pi_ufo_baseline_v1/build/A_PI_NATIVE_200/MG5_PROC/SubProcesses/message.inc; runs/A_PI_NATIVE_RUNTIMEFIX/pi_ufo_baseline_v1/build/A_PI_NATIVE_200/MG5_PROC/SubProcesses/message.inc
genps.f	4	archive/superseded/.pack_a_native_clean/pi_ufo_baseline_v1_runtimefix/build/A_PI_NATIVE_200/MG5_PROC/SubProcesses/genps.f; releases/pack_a/scientific_validation/external_validation_a/pi_ufo_baseline_v1/build/point_000001/MG5_PROC/SubProcesses/genps.f; runs/A_PI_NATIVE/pi_ufo_baseline_v1/build/A_PI_NATIVE_200/MG5_PROC/SubProcesses/genps.f; runs/A_PI_NATIVE_RUNTIMEFIX/pi_ufo_baseline_v1/build/A_PI_NATIVE_200/MG5_PROC/SubProcesses/genps.f
procdef_mg5.dat	4	archive/superseded/.pack_a_native_clean/pi_ufo_baseline_v1_runtimefix/build/A_PI_NATIVE_200/MG5_PROC/SubProcesses/procdef_mg5.dat; releases/pack_a/scientific_validation/external_validation_a/pi_ufo_baseline_v1/build/point_000001/MG5_PROC/SubProcesses/procdef_mg5.dat; runs/A_PI_NATIVE/pi_ufo_baseline_v1/build/A_PI_NATIVE_200/MG5_PROC/SubProcesses/procdef_mg5.dat; runs/A_PI_NATIVE_RUNTIMEFIX/pi_ufo_baseline_v1/build/A_PI_NATIVE_200/MG5_PROC/SubProcesses/procdef_mg5.dat
setscales.f	4	archive/superseded/.pack_a_native_clean/pi_ufo_baseline_v1_runtimefix/build/A_PI_NATIVE_200/MG5_PROC/SubProcesses/setscales.f; releases/pack_a/scientific_validation/external_validation_a/pi_ufo_baseline_v1/build/point_000001/MG5_PROC/SubProcesses/setscales.f; runs/A_PI_NATIVE/pi_ufo_baseline_v1/build/A_PI_NATIVE_200/MG5_PROC/SubProcesses/setscales.f; runs/A_PI_NATIVE_RUNTIMEFIX/pi_ufo_baseline_v1/build/A_PI_NATIVE_200/MG5_PROC/SubProcesses/setscales.f
initcluster.f	4	archive/superseded/.pack_a_native_clean/pi_ufo_baseline_v1_runtimefix/build/A_PI_NATIVE_200/MG5_PROC/SubProcesses/initcluster.f; releases/pack_a/scientific_validation/external_validation_a/pi_ufo_baseline_v1/build/point_000001/MG5_PROC/SubProcesses/initcluster.f; runs/A_PI_NATIVE/pi_ufo_baseline_v1/build/A_PI_NATIVE_200/MG5_PROC/SubProcesses/initcluster.f; runs/A_PI_NATIVE_RUNTIMEFIX/pi_ufo_baseline_v1/build/A_PI_NATIVE_200/MG5_PROC/SubProcesses/initcluster.f
cluster.f	4	archive/superseded/.pack_a_native_clean/pi_ufo_baseline_v1_runtimefix/build/A_PI_NATIVE_200/MG5_PROC/SubProcesses/cluster.f; releases/pack_a/scientific_validation/external_validation_a/pi_ufo_baseline_v1/build/point_000001/MG5_PROC/SubProcesses/cluster.f; runs/A_PI_NATIVE/pi_ufo_baseline_v1/build/A_PI_NATIVE_200/MG5_PROC/SubProcesses/cluster.f; runs/A_PI_NATIVE_RUNTIMEFIX/pi_ufo_baseline_v1/build/A_PI_NATIVE_200/MG5_PROC/SubProcesses/cluster.f
idenparts.f	4	archive/superseded/.pack_a_native_clean/pi_ufo_baseline_v1_runtimefix/build/A_PI_NATIVE_200/MG5_PROC/SubProcesses/idenparts.f; releases/pack_a/scientific_validation/external_validation_a/pi_ufo_baseline_v1/build/point_000001/MG5_PROC/SubProcesses/idenparts.f; runs/A_PI_NATIVE/pi_ufo_baseline_v1/build/A_PI_NATIVE_200/MG5_PROC/SubProcesses/idenparts.f; runs/A_PI_NATIVE_RUNTIMEFIX/pi_ufo_baseline_v1/build/A_PI_NATIVE_200/MG5_PROC/SubProcesses/idenparts.f
refine_splitted.sh	4	archive/superseded/.pack_a_native_clean/pi_ufo_baseline_v1_runtimefix/build/A_PI_NATIVE_200/MG5_PROC/SubProcesses/refine_splitted.sh; releases/pack_a/scientific_validation/external_validation_a/pi_ufo_baseline_v1/build/point_000001/MG5_PROC/SubProcesses/refine_splitted.sh; runs/A_PI_NATIVE/pi_ufo_baseline_v1/build/A_PI_NATIVE_200/MG5_PROC/SubProcesses/refine_splitted.sh; runs/A_PI_NATIVE_RUNTIMEFIX/pi_ufo_baseline_v1/build/A_PI_NATIVE_200/MG5_PROC/SubProcesses/refine_splitted.sh
myamp.f	4	archive/superseded/.pack_a_native_clean/pi_ufo_baseline_v1_runtimefix/build/A_PI_NATIVE_200/MG5_PROC/SubProcesses/myamp.f; releases/pack_a/scientific_validation/external_validation_a/pi_ufo_baseline_v1/build/point_000001/MG5_PROC/SubProcesses/myamp.f; runs/A_PI_NATIVE/pi_ufo_baseline_v1/build/A_PI_NATIVE_200/MG5_PROC/SubProcesses/myamp.f; runs/A_PI_NATIVE_RUNTIMEFIX/pi_ufo_baseline_v1/build/A_PI_NATIVE_200/MG5_PROC/SubProcesses/myamp.f
subproc.txt	4	archive/superseded/.pack_a_native_clean/pi_ufo_baseline_v1_runtimefix/build/A_PI_NATIVE_200/MG5_PROC/SubProcesses/subproc.txt; releases/pack_a/scientific_validation/external_validation_a/pi_ufo_baseline_v1/build/point_000001/MG5_PROC/SubProcesses/subproc.txt; runs/A_PI_NATIVE/pi_ufo_baseline_v1/build/A_PI_NATIVE_200/MG5_PROC/SubProcesses/subproc.txt; runs/A_PI_NATIVE_RUNTIMEFIX/pi_ufo_baseline_v1/build/A_PI_NATIVE_200/MG5_PROC/SubProcesses/subproc.txt
results.dat	9	archive/superseded/.pack_a_native_clean/pi_ufo_baseline_v1_runtimefix/build/A_PI_NATIVE_200/MG5_PROC/SubProcesses/results.dat; archive/superseded/.pack_a_native_clean/pi_ufo_baseline_v1_runtimefix/build/A_PI_NATIVE_200/MG5_PROC/SubProcesses/P1_gg_h2h2/Hel/results.dat; archive/superseded/.pack_a_native_clean/pi_ufo_baseline_v1_runtimefix/build/A_PI_NATIVE_200/MG5_PROC/SubProcesses/P1_gg_h2h2/G1.2/results.dat; runs/A_PI_NATIVE/pi_ufo_baseline_v1/build/A_PI_NATIVE_200/MG5_PROC/SubProcesses/results.dat; runs/A_PI_NATIVE/pi_ufo_baseline_v1/build/A_PI_NATIVE_200/MG5_PROC/SubProcesses/P1_gg_h2h2/Hel/results.dat; runs/A_PI_NATIVE/pi_ufo_baseline_v1/build/A_PI_NATIVE_200/MG5_PROC/SubProcesses/P1_gg_h2h2/G1.2/results.dat; runs/A_PI_NATIVE_RUNTIMEFIX/pi_ufo_baseline_v1/build/A_PI_NATIVE_200/MG5_PROC/SubProcesses/results.dat; runs/A_PI_NATIVE_RUNTIMEFIX/pi_ufo_baseline_v1/build/A_PI_NATIVE_200/MG5_PROC/SubProcesses/P1_gg_h2h2/Hel/results.dat; runs/A_PI_NATIVE_RUNTIMEFIX/pi_ufo_baseline_v1/build/A_PI_NATIVE_200/MG5_PROC/SubProcesses/P1_gg_h2h2/G1.2/results.dat
mg.sym	4	archive/superseded/.pack_a_native_clean/pi_ufo_baseline_v1_runtimefix/build/A_PI_NATIVE_200/MG5_PROC/SubProcesses/P1_gg_h2h2/mg.sym; releases/pack_a/scientific_validation/external_validation_a/pi_ufo_baseline_v1/build/point_000001/MG5_PROC/SubProcesses/P1_gg_h2h2/mg.sym; runs/A_PI_NATIVE/pi_ufo_baseline_v1/build/A_PI_NATIVE_200/MG5_PROC/SubProcesses/P1_gg_h2h2/mg.sym; runs/A_PI_NATIVE_RUNTIMEFIX/pi_ufo_baseline_v1/build/A_PI_NATIVE_200/MG5_PROC/SubProcesses/P1_gg_h2h2/mg.sym
decayBW.inc	4	archive/superseded/.pack_a_native_clean/pi_ufo_baseline_v1_runtimefix/build/A_PI_NATIVE_200/MG5_PROC/SubProcesses/P1_gg_h2h2/decayBW.inc; releases/pack_a/scientific_validation/external_validation_a/pi_ufo_baseline_v1/build/point_000001/MG5_PROC/SubProcesses/P1_gg_h2h2/decayBW.inc; runs/A_PI_NATIVE/pi_ufo_baseline_v1/build/A_PI_NATIVE_200/MG5_PROC/SubProcesses/P1_gg_h2h2/decayBW.inc; runs/A_PI_NATIVE_RUNTIMEFIX/pi_ufo_baseline_v1/build/A_PI_NATIVE_200/MG5_PROC/SubProcesses/P1_gg_h2h2/decayBW.inc
matrix1_optim.o	3	archive/superseded/.pack_a_native_clean/pi_ufo_baseline_v1_runtimefix/build/A_PI_NATIVE_200/MG5_PROC/SubProcesses/P1_gg_h2h2/matrix1_optim.o; runs/A_PI_NATIVE/pi_ufo_baseline_v1/build/A_PI_NATIVE_200/MG5_PROC/SubProcesses/P1_gg_h2h2/matrix1_optim.o; runs/A_PI_NATIVE_RUNTIMEFIX/pi_ufo_baseline_v1/build/A_PI_NATIVE_200/MG5_PROC/SubProcesses/P1_gg_h2h2/matrix1_optim.o
iproc.dat	4	archive/superseded/.pack_a_native_clean/pi_ufo_baseline_v1_runtimefix/build/A_PI_NATIVE_200/MG5_PROC/SubProcesses/P1_gg_h2h2/iproc.dat; releases/pack_a/scientific_validation/external_validation_a/pi_ufo_baseline_v1/build/point_000001/MG5_PROC/SubProcesses/P1_gg_h2h2/iproc.dat; runs/A_PI_NATIVE/pi_ufo_baseline_v1/build/A_PI_NATIVE_200/MG5_PROC/SubProcesses/P1_gg_h2h2/iproc.dat; runs/A_PI_NATIVE_RUNTIMEFIX/pi_ufo_baseline_v1/build/A_PI_NATIVE_200/MG5_PROC/SubProcesses/P1_gg_h2h2/iproc.dat
config_subproc_map.inc	4	archive/superseded/.pack_a_native_clean/pi_ufo_baseline_v1_runtimefix/build/A_PI_NATIVE_200/MG5_PROC/SubProcesses/P1_gg_h2h2/config_subproc_map.inc; releases/pack_a/scientific_validation/external_validation_a/pi_ufo_baseline_v1/build/point_000001/MG5_PROC/SubProcesses/P1_gg_h2h2/config_subproc_map.inc; runs/A_PI_NATIVE/pi_ufo_baseline_v1/build/A_PI_NATIVE_200/MG5_PROC/SubProcesses/P1_gg_h2h2/config_subproc_map.inc; runs/A_PI_NATIVE_RUNTIMEFIX/pi_ufo_baseline_v1/build/A_PI_NATIVE_200/MG5_PROC/SubProcesses/P1_gg_h2h2/config_subproc_map.inc
symfact.dat	3	archive/superseded/.pack_a_native_clean/pi_ufo_baseline_v1_runtimefix/build/A_PI_NATIVE_200/MG5_PROC/SubProcesses/P1_gg_h2h2/symfact.dat; runs/A_PI_NATIVE/pi_ufo_baseline_v1/build/A_PI_NATIVE_200/MG5_PROC/SubProcesses/P1_gg_h2h2/symfact.dat; runs/A_PI_NATIVE_RUNTIMEFIX/pi_ufo_baseline_v1/build/A_PI_NATIVE_200/MG5_PROC/SubProcesses/P1_gg_h2h2/symfact.dat
matrix1.ps	4	archive/superseded/.pack_a_native_clean/pi_ufo_baseline_v1_runtimefix/build/A_PI_NATIVE_200/MG5_PROC/SubProcesses/P1_gg_h2h2/matrix1.ps; releases/pack_a/scientific_validation/external_validation_a/pi_ufo_baseline_v1/build/point_000001/MG5_PROC/SubProcesses/P1_gg_h2h2/matrix1.ps; runs/A_PI_NATIVE/pi_ufo_baseline_v1/build/A_PI_NATIVE_200/MG5_PROC/SubProcesses/P1_gg_h2h2/matrix1.ps; runs/A_PI_NATIVE_RUNTIMEFIX/pi_ufo_baseline_v1/build/A_PI_NATIVE_200/MG5_PROC/SubProcesses/P1_gg_h2h2/matrix1.ps
reweight.o	3	archive/superseded/.pack_a_native_clean/pi_ufo_baseline_v1_runtimefix/build/A_PI_NATIVE_200/MG5_PROC/SubProcesses/P1_gg_h2h2/reweight.o; runs/A_PI_NATIVE/pi_ufo_baseline_v1/build/A_PI_NATIVE_200/MG5_PROC/SubProcesses/P1_gg_h2h2/reweight.o; runs/A_PI_NATIVE_RUNTIMEFIX/pi_ufo_baseline_v1/build/A_PI_NATIVE_200/MG5_PROC/SubProcesses/P1_gg_h2h2/reweight.o
auto_dsig1.f	4	archive/superseded/.pack_a_native_clean/pi_ufo_baseline_v1_runtimefix/build/A_PI_NATIVE_200/MG5_PROC/SubProcesses/P1_gg_h2h2/auto_dsig1.f; releases/pack_a/scientific_validation/external_validation_a/pi_ufo_baseline_v1/build/point_000001/MG5_PROC/SubProcesses/P1_gg_h2h2/auto_dsig1.f; runs/A_PI_NATIVE/pi_ufo_baseline_v1/build/A_PI_NATIVE_200/MG5_PROC/SubProcesses/P1_gg_h2h2/auto_dsig1.f; runs/A_PI_NATIVE_RUNTIMEFIX/pi_ufo_baseline_v1/build/A_PI_NATIVE_200/MG5_PROC/SubProcesses/P1_gg_h2h2/auto_dsig1.f
auto_dsig.o	3	archive/superseded/.pack_a_native_clean/pi_ufo_baseline_v1_runtimefix/build/A_PI_NATIVE_200/MG5_PROC/SubProcesses/P1_gg_h2h2/auto_dsig.o; runs/A_PI_NATIVE/pi_ufo_baseline_v1/build/A_PI_NATIVE_200/MG5_PROC/SubProcesses/P1_gg_h2h2/auto_dsig.o; runs/A_PI_NATIVE_RUNTIMEFIX/pi_ufo_baseline_v1/build/A_PI_NATIVE_200/MG5_PROC/SubProcesses/P1_gg_h2h2/auto_dsig.o
dummy_fct.o	3	archive/superseded/.pack_a_native_clean/pi_ufo_baseline_v1_runtimefix/build/A_PI_NATIVE_200/MG5_PROC/SubProcesses/P1_gg_h2h2/dummy_fct.o; runs/A_PI_NATIVE/pi_ufo_baseline_v1/build/A_PI_NATIVE_200/MG5_PROC/SubProcesses/P1_gg_h2h2/dummy_fct.o; runs/A_PI_NATIVE_RUNTIMEFIX/pi_ufo_baseline_v1/build/A_PI_NATIVE_200/MG5_PROC/SubProcesses/P1_gg_h2h2/dummy_fct.o
cluster.o	3	archive/superseded/.pack_a_native_clean/pi_ufo_baseline_v1_runtimefix/build/A_PI_NATIVE_200/MG5_PROC/SubProcesses/P1_gg_h2h2/cluster.o; runs/A_PI_NATIVE/pi_ufo_baseline_v1/build/A_PI_NATIVE_200/MG5_PROC/SubProcesses/P1_gg_h2h2/cluster.o; runs/A_PI_NATIVE_RUNTIMEFIX/pi_ufo_baseline_v1/build/A_PI_NATIVE_200/MG5_PROC/SubProcesses/P1_gg_h2h2/cluster.o
matrix1_orig.o	3	archive/superseded/.pack_a_native_clean/pi_ufo_baseline_v1_runtimefix/build/A_PI_NATIVE_200/MG5_PROC/SubProcesses/P1_gg_h2h2/matrix1_orig.o; runs/A_PI_NATIVE/pi_ufo_baseline_v1/build/A_PI_NATIVE_200/MG5_PROC/SubProcesses/P1_gg_h2h2/matrix1_orig.o; runs/A_PI_NATIVE_RUNTIMEFIX/pi_ufo_baseline_v1/build/A_PI_NATIVE_200/MG5_PROC/SubProcesses/P1_gg_h2h2/matrix1_orig.o
auto_dsig1.o	3	archive/superseded/.pack_a_native_clean/pi_ufo_baseline_v1_runtimefix/build/A_PI_NATIVE_200/MG5_PROC/SubProcesses/P1_gg_h2h2/auto_dsig1.o; runs/A_PI_NATIVE/pi_ufo_baseline_v1/build/A_PI_NATIVE_200/MG5_PROC/SubProcesses/P1_gg_h2h2/auto_dsig1.o; runs/A_PI_NATIVE_RUNTIMEFIX/pi_ufo_baseline_v1/build/A_PI_NATIVE_200/MG5_PROC/SubProcesses/P1_gg_h2h2/auto_dsig1.o
cuts.o	3	archive/superseded/.pack_a_native_clean/pi_ufo_baseline_v1_runtimefix/build/A_PI_NATIVE_200/MG5_PROC/SubProcesses/P1_gg_h2h2/cuts.o; runs/A_PI_NATIVE/pi_ufo_baseline_v1/build/A_PI_NATIVE_200/MG5_PROC/SubProcesses/P1_gg_h2h2/cuts.o; runs/A_PI_NATIVE_RUNTIMEFIX/pi_ufo_baseline_v1/build/A_PI_NATIVE_200/MG5_PROC/SubProcesses/P1_gg_h2h2/cuts.o
symmetry.o	3	archive/superseded/.pack_a_native_clean/pi_ufo_baseline_v1_runtimefix/build/A_PI_NATIVE_200/MG5_PROC/SubProcesses/P1_gg_h2h2/symmetry.o; runs/A_PI_NATIVE/pi_ufo_baseline_v1/build/A_PI_NATIVE_200/MG5_PROC/SubProcesses/P1_gg_h2h2/symmetry.o; runs/A_PI_NATIVE_RUNTIMEFIX/pi_ufo_baseline_v1/build/A_PI_NATIVE_200/MG5_PROC/SubProcesses/P1_gg_h2h2/symmetry.o
get_color.f	4	archive/superseded/.pack_a_native_clean/pi_ufo_baseline_v1_runtimefix/build/A_PI_NATIVE_200/MG5_PROC/SubProcesses/P1_gg_h2h2/get_color.f; releases/pack_a/scientific_validation/external_validation_a/pi_ufo_baseline_v1/build/point_000001/MG5_PROC/SubProcesses/P1_gg_h2h2/get_color.f; runs/A_PI_NATIVE/pi_ufo_baseline_v1/build/A_PI_NATIVE_200/MG5_PROC/SubProcesses/P1_gg_h2h2/get_color.f; runs/A_PI_NATIVE_RUNTIMEFIX/pi_ufo_baseline_v1/build/A_PI_NATIVE_200/MG5_PROC/SubProcesses/P1_gg_h2h2/get_color.f
symperms.inc	4	archive/superseded/.pack_a_native_clean/pi_ufo_baseline_v1_runtimefix/build/A_PI_NATIVE_200/MG5_PROC/SubProcesses/P1_gg_h2h2/symperms.inc; releases/pack_a/scientific_validation/external_validation_a/pi_ufo_baseline_v1/build/point_000001/MG5_PROC/SubProcesses/P1_gg_h2h2/symperms.inc; runs/A_PI_NATIVE/pi_ufo_baseline_v1/build/A_PI_NATIVE_200/MG5_PROC/SubProcesses/P1_gg_h2h2/symperms.inc; runs/A_PI_NATIVE_RUNTIMEFIX/pi_ufo_baseline_v1/build/A_PI_NATIVE_200/MG5_PROC/SubProcesses/P1_gg_h2h2/symperms.inc
maxamps.inc	4	archive/superseded/.pack_a_native_clean/pi_ufo_baseline_v1_runtimefix/build/A_PI_NATIVE_200/MG5_PROC/SubProcesses/P1_gg_h2h2/maxamps.inc; releases/pack_a/scientific_validation/external_validation_a/pi_ufo_baseline_v1/build/point_000001/MG5_PROC/SubProcesses/P1_gg_h2h2/maxamps.inc; runs/A_PI_NATIVE/pi_ufo_baseline_v1/build/A_PI_NATIVE_200/MG5_PROC/SubProcesses/P1_gg_h2h2/maxamps.inc; runs/A_PI_NATIVE_RUNTIMEFIX/pi_ufo_baseline_v1/build/A_PI_NATIVE_200/MG5_PROC/SubProcesses/P1_gg_h2h2/maxamps.inc
madevent_forhel	3	archive/superseded/.pack_a_native_clean/pi_ufo_baseline_v1_runtimefix/build/A_PI_NATIVE_200/MG5_PROC/SubProcesses/P1_gg_h2h2/madevent_forhel; runs/A_PI_NATIVE/pi_ufo_baseline_v1/build/A_PI_NATIVE_200/MG5_PROC/SubProcesses/P1_gg_h2h2/madevent_forhel; runs/A_PI_NATIVE_RUNTIMEFIX/pi_ufo_baseline_v1/build/A_PI_NATIVE_200/MG5_PROC/SubProcesses/P1_gg_h2h2/madevent_forhel
dname.mg	4	archive/superseded/.pack_a_native_clean/pi_ufo_baseline_v1_runtimefix/build/A_PI_NATIVE_200/MG5_PROC/SubProcesses/P1_gg_h2h2/dname.mg; releases/pack_a/scientific_validation/external_validation_a/pi_ufo_baseline_v1/build/point_000001/MG5_PROC/SubProcesses/P1_gg_h2h2/dname.mg; runs/A_PI_NATIVE/pi_ufo_baseline_v1/build/A_PI_NATIVE_200/MG5_PROC/SubProcesses/P1_gg_h2h2/dname.mg; runs/A_PI_NATIVE_RUNTIMEFIX/pi_ufo_baseline_v1/build/A_PI_NATIVE_200/MG5_PROC/SubProcesses/P1_gg_h2h2/dname.mg
myamp.o	3	archive/superseded/.pack_a_native_clean/pi_ufo_baseline_v1_runtimefix/build/A_PI_NATIVE_200/MG5_PROC/SubProcesses/P1_gg_h2h2/myamp.o; runs/A_PI_NATIVE/pi_ufo_baseline_v1/build/A_PI_NATIVE_200/MG5_PROC/SubProcesses/P1_gg_h2h2/myamp.o; runs/A_PI_NATIVE_RUNTIMEFIX/pi_ufo_baseline_v1/build/A_PI_NATIVE_200/MG5_PROC/SubProcesses/P1_gg_h2h2/myamp.o
madevent	7	archive/superseded/.pack_a_native_clean/pi_ufo_baseline_v1_runtimefix/build/A_PI_NATIVE_200/MG5_PROC/SubProcesses/P1_gg_h2h2/madevent; archive/superseded/.pack_a_native_clean/pi_ufo_baseline_v1_runtimefix/build/A_PI_NATIVE_200/MG5_PROC/bin/madevent; releases/pack_a/scientific_validation/external_validation_a/pi_ufo_baseline_v1/build/point_000001/MG5_PROC/bin/madevent; runs/A_PI_NATIVE/pi_ufo_baseline_v1/build/A_PI_NATIVE_200/MG5_PROC/SubProcesses/P1_gg_h2h2/madevent; runs/A_PI_NATIVE/pi_ufo_baseline_v1/build/A_PI_NATIVE_200/MG5_PROC/bin/madevent; runs/A_PI_NATIVE_RUNTIMEFIX/pi_ufo_baseline_v1/build/A_PI_NATIVE_200/MG5_PROC/SubProcesses/P1_gg_h2h2/madevent; runs/A_PI_NATIVE_RUNTIMEFIX/pi_ufo_baseline_v1/build/A_PI_NATIVE_200/MG5_PROC/bin/madevent
processes.dat	4	archive/superseded/.pack_a_native_clean/pi_ufo_baseline_v1_runtimefix/build/A_PI_NATIVE_200/MG5_PROC/SubProcesses/P1_gg_h2h2/processes.dat; releases/pack_a/scientific_validation/external_validation_a/pi_ufo_baseline_v1/build/point_000001/MG5_PROC/SubProcesses/P1_gg_h2h2/processes.dat; runs/A_PI_NATIVE/pi_ufo_baseline_v1/build/A_PI_NATIVE_200/MG5_PROC/SubProcesses/P1_gg_h2h2/processes.dat; runs/A_PI_NATIVE_RUNTIMEFIX/pi_ufo_baseline_v1/build/A_PI_NATIVE_200/MG5_PROC/SubProcesses/P1_gg_h2h2/processes.dat
setcuts.o	3	archive/superseded/.pack_a_native_clean/pi_ufo_baseline_v1_runtimefix/build/A_PI_NATIVE_200/MG5_PROC/SubProcesses/P1_gg_h2h2/setcuts.o; runs/A_PI_NATIVE/pi_ufo_baseline_v1/build/A_PI_NATIVE_200/MG5_PROC/SubProcesses/P1_gg_h2h2/setcuts.o; runs/A_PI_NATIVE_RUNTIMEFIX/pi_ufo_baseline_v1/build/A_PI_NATIVE_200/MG5_PROC/SubProcesses/P1_gg_h2h2/setcuts.o
matrix1_orig.f	4	archive/superseded/.pack_a_native_clean/pi_ufo_baseline_v1_runtimefix/build/A_PI_NATIVE_200/MG5_PROC/SubProcesses/P1_gg_h2h2/matrix1_orig.f; releases/pack_a/scientific_validation/external_validation_a/pi_ufo_baseline_v1/build/point_000001/MG5_PROC/SubProcesses/P1_gg_h2h2/matrix1_orig.f; runs/A_PI_NATIVE/pi_ufo_baseline_v1/build/A_PI_NATIVE_200/MG5_PROC/SubProcesses/P1_gg_h2h2/matrix1_orig.f; runs/A_PI_NATIVE_RUNTIMEFIX/pi_ufo_baseline_v1/build/A_PI_NATIVE_200/MG5_PROC/SubProcesses/P1_gg_h2h2/matrix1_orig.f
idenparts.o	3	archive/superseded/.pack_a_native_clean/pi_ufo_baseline_v1_runtimefix/build/A_PI_NATIVE_200/MG5_PROC/SubProcesses/P1_gg_h2h2/idenparts.o; runs/A_PI_NATIVE/pi_ufo_baseline_v1/build/A_PI_NATIVE_200/MG5_PROC/SubProcesses/P1_gg_h2h2/idenparts.o; runs/A_PI_NATIVE_RUNTIMEFIX/pi_ufo_baseline_v1/build/A_PI_NATIVE_200/MG5_PROC/SubProcesses/P1_gg_h2h2/idenparts.o
addmothers.o	3	archive/superseded/.pack_a_native_clean/pi_ufo_baseline_v1_runtimefix/build/A_PI_NATIVE_200/MG5_PROC/SubProcesses/P1_gg_h2h2/addmothers.o; runs/A_PI_NATIVE/pi_ufo_baseline_v1/build/A_PI_NATIVE_200/MG5_PROC/SubProcesses/P1_gg_h2h2/addmothers.o; runs/A_PI_NATIVE_RUNTIMEFIX/pi_ufo_baseline_v1/build/A_PI_NATIVE_200/MG5_PROC/SubProcesses/P1_gg_h2h2/addmothers.o
configs.inc	4	archive/superseded/.pack_a_native_clean/pi_ufo_baseline_v1_runtimefix/build/A_PI_NATIVE_200/MG5_PROC/SubProcesses/P1_gg_h2h2/configs.inc; releases/pack_a/scientific_validation/external_validation_a/pi_ufo_baseline_v1/build/point_000001/MG5_PROC/SubProcesses/P1_gg_h2h2/configs.inc; runs/A_PI_NATIVE/pi_ufo_baseline_v1/build/A_PI_NATIVE_200/MG5_PROC/SubProcesses/P1_gg_h2h2/configs.inc; runs/A_PI_NATIVE_RUNTIMEFIX/pi_ufo_baseline_v1/build/A_PI_NATIVE_200/MG5_PROC/SubProcesses/P1_gg_h2h2/configs.inc
pmass.inc	4	archive/superseded/.pack_a_native_clean/pi_ufo_baseline_v1_runtimefix/build/A_PI_NATIVE_200/MG5_PROC/SubProcesses/P1_gg_h2h2/pmass.inc; releases/pack_a/scientific_validation/external_validation_a/pi_ufo_baseline_v1/build/point_000001/MG5_PROC/SubProcesses/P1_gg_h2h2/pmass.inc; runs/A_PI_NATIVE/pi_ufo_baseline_v1/build/A_PI_NATIVE_200/MG5_PROC/SubProcesses/P1_gg_h2h2/pmass.inc; runs/A_PI_NATIVE_RUNTIMEFIX/pi_ufo_baseline_v1/build/A_PI_NATIVE_200/MG5_PROC/SubProcesses/P1_gg_h2h2/pmass.inc
template_matrix1.f	4	archive/superseded/.pack_a_native_clean/pi_ufo_baseline_v1_runtimefix/build/A_PI_NATIVE_200/MG5_PROC/SubProcesses/P1_gg_h2h2/template_matrix1.f; releases/pack_a/scientific_validation/external_validation_a/pi_ufo_baseline_v1/build/point_000001/MG5_PROC/SubProcesses/P1_gg_h2h2/template_matrix1.f; runs/A_PI_NATIVE/pi_ufo_baseline_v1/build/A_PI_NATIVE_200/MG5_PROC/SubProcesses/P1_gg_h2h2/template_matrix1.f; runs/A_PI_NATIVE_RUNTIMEFIX/pi_ufo_baseline_v1/build/A_PI_NATIVE_200/MG5_PROC/SubProcesses/P1_gg_h2h2/template_matrix1.f
gensym	3	archive/superseded/.pack_a_native_clean/pi_ufo_baseline_v1_runtimefix/build/A_PI_NATIVE_200/MG5_PROC/SubProcesses/P1_gg_h2h2/gensym; runs/A_PI_NATIVE/pi_ufo_baseline_v1/build/A_PI_NATIVE_200/MG5_PROC/SubProcesses/P1_gg_h2h2/gensym; runs/A_PI_NATIVE_RUNTIMEFIX/pi_ufo_baseline_v1/build/A_PI_NATIVE_200/MG5_PROC/SubProcesses/P1_gg_h2h2/gensym
nexternal.inc	4	archive/superseded/.pack_a_native_clean/pi_ufo_baseline_v1_runtimefix/build/A_PI_NATIVE_200/MG5_PROC/SubProcesses/P1_gg_h2h2/nexternal.inc; releases/pack_a/scientific_validation/external_validation_a/pi_ufo_baseline_v1/build/point_000001/MG5_PROC/SubProcesses/P1_gg_h2h2/nexternal.inc; runs/A_PI_NATIVE/pi_ufo_baseline_v1/build/A_PI_NATIVE_200/MG5_PROC/SubProcesses/P1_gg_h2h2/nexternal.inc; runs/A_PI_NATIVE_RUNTIMEFIX/pi_ufo_baseline_v1/build/A_PI_NATIVE_200/MG5_PROC/SubProcesses/P1_gg_h2h2/nexternal.inc
mirrorprocs.inc	4	archive/superseded/.pack_a_native_clean/pi_ufo_baseline_v1_runtimefix/build/A_PI_NATIVE_200/MG5_PROC/SubProcesses/P1_gg_h2h2/mirrorprocs.inc; releases/pack_a/scientific_validation/external_validation_a/pi_ufo_baseline_v1/build/point_000001/MG5_PROC/SubProcesses/P1_gg_h2h2/mirrorprocs.inc; runs/A_PI_NATIVE/pi_ufo_baseline_v1/build/A_PI_NATIVE_200/MG5_PROC/SubProcesses/P1_gg_h2h2/mirrorprocs.inc; runs/A_PI_NATIVE_RUNTIMEFIX/pi_ufo_baseline_v1/build/A_PI_NATIVE_200/MG5_PROC/SubProcesses/P1_gg_h2h2/mirrorprocs.inc
auto_dsig.f	4	archive/superseded/.pack_a_native_clean/pi_ufo_baseline_v1_runtimefix/build/A_PI_NATIVE_200/MG5_PROC/SubProcesses/P1_gg_h2h2/auto_dsig.f; releases/pack_a/scientific_validation/external_validation_a/pi_ufo_baseline_v1/build/point_000001/MG5_PROC/SubProcesses/P1_gg_h2h2/auto_dsig.f; runs/A_PI_NATIVE/pi_ufo_baseline_v1/build/A_PI_NATIVE_200/MG5_PROC/SubProcesses/P1_gg_h2h2/auto_dsig.f; runs/A_PI_NATIVE_RUNTIMEFIX/pi_ufo_baseline_v1/build/A_PI_NATIVE_200/MG5_PROC/SubProcesses/P1_gg_h2h2/auto_dsig.f
input_app.txt	9	archive/superseded/.pack_a_native_clean/pi_ufo_baseline_v1_runtimefix/build/A_PI_NATIVE_200/MG5_PROC/SubProcesses/P1_gg_h2h2/input_app.txt; archive/superseded/.pack_a_native_clean/pi_ufo_baseline_v1_runtimefix/build/A_PI_NATIVE_200/MG5_PROC/SubProcesses/P1_gg_h2h2/Hel/input_app.txt; archive/superseded/.pack_a_native_clean/pi_ufo_baseline_v1_runtimefix/build/A_PI_NATIVE_200/MG5_PROC/SubProcesses/P1_gg_h2h2/G1.2/input_app.txt; runs/A_PI_NATIVE/pi_ufo_baseline_v1/build/A_PI_NATIVE_200/MG5_PROC/SubProcesses/P1_gg_h2h2/input_app.txt; runs/A_PI_NATIVE/pi_ufo_baseline_v1/build/A_PI_NATIVE_200/MG5_PROC/SubProcesses/P1_gg_h2h2/Hel/input_app.txt; runs/A_PI_NATIVE/pi_ufo_baseline_v1/build/A_PI_NATIVE_200/MG5_PROC/SubProcesses/P1_gg_h2h2/G1.2/input_app.txt; runs/A_PI_NATIVE_RUNTIMEFIX/pi_ufo_baseline_v1/build/A_PI_NATIVE_200/MG5_PROC/SubProcesses/P1_gg_h2h2/input_app.txt; runs/A_PI_NATIVE_RUNTIMEFIX/pi_ufo_baseline_v1/build/A_PI_NATIVE_200/MG5_PROC/SubProcesses/P1_gg_h2h2/Hel/input_app.txt; runs/A_PI_NATIVE_RUNTIMEFIX/pi_ufo_baseline_v1/build/A_PI_NATIVE_200/MG5_PROC/SubProcesses/P1_gg_h2h2/G1.2/input_app.txt
setscales.o	3	archive/superseded/.pack_a_native_clean/pi_ufo_baseline_v1_runtimefix/build/A_PI_NATIVE_200/MG5_PROC/SubProcesses/P1_gg_h2h2/setscales.o; runs/A_PI_NATIVE/pi_ufo_baseline_v1/build/A_PI_NATIVE_200/MG5_PROC/SubProcesses/P1_gg_h2h2/setscales.o; runs/A_PI_NATIVE_RUNTIMEFIX/pi_ufo_baseline_v1/build/A_PI_NATIVE_200/MG5_PROC/SubProcesses/P1_gg_h2h2/setscales.o
driver.o	3	archive/superseded/.pack_a_native_clean/pi_ufo_baseline_v1_runtimefix/build/A_PI_NATIVE_200/MG5_PROC/SubProcesses/P1_gg_h2h2/driver.o; runs/A_PI_NATIVE/pi_ufo_baseline_v1/build/A_PI_NATIVE_200/MG5_PROC/SubProcesses/P1_gg_h2h2/driver.o; runs/A_PI_NATIVE_RUNTIMEFIX/pi_ufo_baseline_v1/build/A_PI_NATIVE_200/MG5_PROC/SubProcesses/P1_gg_h2h2/driver.o
matrix1_optim.f	3	archive/superseded/.pack_a_native_clean/pi_ufo_baseline_v1_runtimefix/build/A_PI_NATIVE_200/MG5_PROC/SubProcesses/P1_gg_h2h2/matrix1_optim.f; runs/A_PI_NATIVE/pi_ufo_baseline_v1/build/A_PI_NATIVE_200/MG5_PROC/SubProcesses/P1_gg_h2h2/matrix1_optim.f; runs/A_PI_NATIVE_RUNTIMEFIX/pi_ufo_baseline_v1/build/A_PI_NATIVE_200/MG5_PROC/SubProcesses/P1_gg_h2h2/matrix1_optim.f
symswap.inc	4	archive/superseded/.pack_a_native_clean/pi_ufo_baseline_v1_runtimefix/build/A_PI_NATIVE_200/MG5_PROC/SubProcesses/P1_gg_h2h2/symswap.inc; releases/pack_a/scientific_validation/external_validation_a/pi_ufo_baseline_v1/build/point_000001/MG5_PROC/SubProcesses/P1_gg_h2h2/symswap.inc; runs/A_PI_NATIVE/pi_ufo_baseline_v1/build/A_PI_NATIVE_200/MG5_PROC/SubProcesses/P1_gg_h2h2/symswap.inc; runs/A_PI_NATIVE_RUNTIMEFIX/pi_ufo_baseline_v1/build/A_PI_NATIVE_200/MG5_PROC/SubProcesses/P1_gg_h2h2/symswap.inc
props.inc	4	archive/superseded/.pack_a_native_clean/pi_ufo_baseline_v1_runtimefix/build/A_PI_NATIVE_200/MG5_PROC/SubProcesses/P1_gg_h2h2/props.inc; releases/pack_a/scientific_validation/external_validation_a/pi_ufo_baseline_v1/build/point_000001/MG5_PROC/SubProcesses/P1_gg_h2h2/props.inc; runs/A_PI_NATIVE/pi_ufo_baseline_v1/build/A_PI_NATIVE_200/MG5_PROC/SubProcesses/P1_gg_h2h2/props.inc; runs/A_PI_NATIVE_RUNTIMEFIX/pi_ufo_baseline_v1/build/A_PI_NATIVE_200/MG5_PROC/SubProcesses/P1_gg_h2h2/props.inc
leshouche.inc	4	archive/superseded/.pack_a_native_clean/pi_ufo_baseline_v1_runtimefix/build/A_PI_NATIVE_200/MG5_PROC/SubProcesses/P1_gg_h2h2/leshouche.inc; releases/pack_a/scientific_validation/external_validation_a/pi_ufo_baseline_v1/build/point_000001/MG5_PROC/SubProcesses/P1_gg_h2h2/leshouche.inc; runs/A_PI_NATIVE/pi_ufo_baseline_v1/build/A_PI_NATIVE_200/MG5_PROC/SubProcesses/P1_gg_h2h2/leshouche.inc; runs/A_PI_NATIVE_RUNTIMEFIX/pi_ufo_baseline_v1/build/A_PI_NATIVE_200/MG5_PROC/SubProcesses/P1_gg_h2h2/leshouche.inc
driver.f	4	archive/superseded/.pack_a_native_clean/pi_ufo_baseline_v1_runtimefix/build/A_PI_NATIVE_200/MG5_PROC/SubProcesses/P1_gg_h2h2/driver.f; releases/pack_a/scientific_validation/external_validation_a/pi_ufo_baseline_v1/build/point_000001/MG5_PROC/SubProcesses/P1_gg_h2h2/driver.f; runs/A_PI_NATIVE/pi_ufo_baseline_v1/build/A_PI_NATIVE_200/MG5_PROC/SubProcesses/P1_gg_h2h2/driver.f; runs/A_PI_NATIVE_RUNTIMEFIX/pi_ufo_baseline_v1/build/A_PI_NATIVE_200/MG5_PROC/SubProcesses/P1_gg_h2h2/driver.f
unwgt.o	3	archive/superseded/.pack_a_native_clean/pi_ufo_baseline_v1_runtimefix/build/A_PI_NATIVE_200/MG5_PROC/SubProcesses/P1_gg_h2h2/unwgt.o; runs/A_PI_NATIVE/pi_ufo_baseline_v1/build/A_PI_NATIVE_200/MG5_PROC/SubProcesses/P1_gg_h2h2/unwgt.o; runs/A_PI_NATIVE_RUNTIMEFIX/pi_ufo_baseline_v1/build/A_PI_NATIVE_200/MG5_PROC/SubProcesses/P1_gg_h2h2/unwgt.o
symfact_orig.dat	4	archive/superseded/.pack_a_native_clean/pi_ufo_baseline_v1_runtimefix/build/A_PI_NATIVE_200/MG5_PROC/SubProcesses/P1_gg_h2h2/symfact_orig.dat; releases/pack_a/scientific_validation/external_validation_a/pi_ufo_baseline_v1/build/point_000001/MG5_PROC/SubProcesses/P1_gg_h2h2/symfact_orig.dat; runs/A_PI_NATIVE/pi_ufo_baseline_v1/build/A_PI_NATIVE_200/MG5_PROC/SubProcesses/P1_gg_h2h2/symfact_orig.dat; runs/A_PI_NATIVE_RUNTIMEFIX/pi_ufo_baseline_v1/build/A_PI_NATIVE_200/MG5_PROC/SubProcesses/P1_gg_h2h2/symfact_orig.dat
coloramps.inc	4	archive/superseded/.pack_a_native_clean/pi_ufo_baseline_v1_runtimefix/build/A_PI_NATIVE_200/MG5_PROC/SubProcesses/P1_gg_h2h2/coloramps.inc; releases/pack_a/scientific_validation/external_validation_a/pi_ufo_baseline_v1/build/point_000001/MG5_PROC/SubProcesses/P1_gg_h2h2/coloramps.inc; runs/A_PI_NATIVE/pi_ufo_baseline_v1/build/A_PI_NATIVE_200/MG5_PROC/SubProcesses/P1_gg_h2h2/coloramps.inc; runs/A_PI_NATIVE_RUNTIMEFIX/pi_ufo_baseline_v1/build/A_PI_NATIVE_200/MG5_PROC/SubProcesses/P1_gg_h2h2/coloramps.inc
config_nqcd.inc	4	archive/superseded/.pack_a_native_clean/pi_ufo_baseline_v1_runtimefix/build/A_PI_NATIVE_200/MG5_PROC/SubProcesses/P1_gg_h2h2/config_nqcd.inc; releases/pack_a/scientific_validation/external_validation_a/pi_ufo_baseline_v1/build/point_000001/MG5_PROC/SubProcesses/P1_gg_h2h2/config_nqcd.inc; runs/A_PI_NATIVE/pi_ufo_baseline_v1/build/A_PI_NATIVE_200/MG5_PROC/SubProcesses/P1_gg_h2h2/config_nqcd.inc; runs/A_PI_NATIVE_RUNTIMEFIX/pi_ufo_baseline_v1/build/A_PI_NATIVE_200/MG5_PROC/SubProcesses/P1_gg_h2h2/config_nqcd.inc
get_color.o	3	archive/superseded/.pack_a_native_clean/pi_ufo_baseline_v1_runtimefix/build/A_PI_NATIVE_200/MG5_PROC/SubProcesses/P1_gg_h2h2/get_color.o; runs/A_PI_NATIVE/pi_ufo_baseline_v1/build/A_PI_NATIVE_200/MG5_PROC/SubProcesses/P1_gg_h2h2/get_color.o; runs/A_PI_NATIVE_RUNTIMEFIX/pi_ufo_baseline_v1/build/A_PI_NATIVE_200/MG5_PROC/SubProcesses/P1_gg_h2h2/get_color.o
genps.o	3	archive/superseded/.pack_a_native_clean/pi_ufo_baseline_v1_runtimefix/build/A_PI_NATIVE_200/MG5_PROC/SubProcesses/P1_gg_h2h2/genps.o; runs/A_PI_NATIVE/pi_ufo_baseline_v1/build/A_PI_NATIVE_200/MG5_PROC/SubProcesses/P1_gg_h2h2/genps.o; runs/A_PI_NATIVE_RUNTIMEFIX/pi_ufo_baseline_v1/build/A_PI_NATIVE_200/MG5_PROC/SubProcesses/P1_gg_h2h2/genps.o
initcluster.o	3	archive/superseded/.pack_a_native_clean/pi_ufo_baseline_v1_runtimefix/build/A_PI_NATIVE_200/MG5_PROC/SubProcesses/P1_gg_h2h2/initcluster.o; runs/A_PI_NATIVE/pi_ufo_baseline_v1/build/A_PI_NATIVE_200/MG5_PROC/SubProcesses/P1_gg_h2h2/initcluster.o; runs/A_PI_NATIVE_RUNTIMEFIX/pi_ufo_baseline_v1/build/A_PI_NATIVE_200/MG5_PROC/SubProcesses/P1_gg_h2h2/initcluster.o
ngraphs.inc	4	archive/superseded/.pack_a_native_clean/pi_ufo_baseline_v1_runtimefix/build/A_PI_NATIVE_200/MG5_PROC/SubProcesses/P1_gg_h2h2/ngraphs.inc; releases/pack_a/scientific_validation/external_validation_a/pi_ufo_baseline_v1/build/point_000001/MG5_PROC/SubProcesses/P1_gg_h2h2/ngraphs.inc; runs/A_PI_NATIVE/pi_ufo_baseline_v1/build/A_PI_NATIVE_200/MG5_PROC/SubProcesses/P1_gg_h2h2/ngraphs.inc; runs/A_PI_NATIVE_RUNTIMEFIX/pi_ufo_baseline_v1/build/A_PI_NATIVE_200/MG5_PROC/SubProcesses/P1_gg_h2h2/ngraphs.inc
ncombs.inc	4	archive/superseded/.pack_a_native_clean/pi_ufo_baseline_v1_runtimefix/build/A_PI_NATIVE_200/MG5_PROC/SubProcesses/P1_gg_h2h2/ncombs.inc; releases/pack_a/scientific_validation/external_validation_a/pi_ufo_baseline_v1/build/point_000001/MG5_PROC/SubProcesses/P1_gg_h2h2/ncombs.inc; runs/A_PI_NATIVE/pi_ufo_baseline_v1/build/A_PI_NATIVE_200/MG5_PROC/SubProcesses/P1_gg_h2h2/ncombs.inc; runs/A_PI_NATIVE_RUNTIMEFIX/pi_ufo_baseline_v1/build/A_PI_NATIVE_200/MG5_PROC/SubProcesses/P1_gg_h2h2/ncombs.inc
grid_information	3	archive/superseded/.pack_a_native_clean/pi_ufo_baseline_v1_runtimefix/build/A_PI_NATIVE_200/MG5_PROC/SubProcesses/P1_gg_h2h2/Hel/grid_information; runs/A_PI_NATIVE/pi_ufo_baseline_v1/build/A_PI_NATIVE_200/MG5_PROC/SubProcesses/P1_gg_h2h2/Hel/grid_information; runs/A_PI_NATIVE_RUNTIMEFIX/pi_ufo_baseline_v1/build/A_PI_NATIVE_200/MG5_PROC/SubProcesses/P1_gg_h2h2/Hel/grid_information
events.lhe	3	archive/superseded/.pack_a_native_clean/pi_ufo_baseline_v1_runtimefix/build/A_PI_NATIVE_200/MG5_PROC/SubProcesses/P1_gg_h2h2/Hel/events.lhe; runs/A_PI_NATIVE/pi_ufo_baseline_v1/build/A_PI_NATIVE_200/MG5_PROC/SubProcesses/P1_gg_h2h2/Hel/events.lhe; runs/A_PI_NATIVE_RUNTIMEFIX/pi_ufo_baseline_v1/build/A_PI_NATIVE_200/MG5_PROC/SubProcesses/P1_gg_h2h2/Hel/events.lhe
selection	3	archive/superseded/.pack_a_native_clean/pi_ufo_baseline_v1_runtimefix/build/A_PI_NATIVE_200/MG5_PROC/SubProcesses/P1_gg_h2h2/Hel/selection; runs/A_PI_NATIVE/pi_ufo_baseline_v1/build/A_PI_NATIVE_200/MG5_PROC/SubProcesses/P1_gg_h2h2/Hel/selection; runs/A_PI_NATIVE_RUNTIMEFIX/pi_ufo_baseline_v1/build/A_PI_NATIVE_200/MG5_PROC/SubProcesses/P1_gg_h2h2/Hel/selection
run1_app.log	3	archive/superseded/.pack_a_native_clean/pi_ufo_baseline_v1_runtimefix/build/A_PI_NATIVE_200/MG5_PROC/SubProcesses/P1_gg_h2h2/G1.2/run1_app.log; runs/A_PI_NATIVE/pi_ufo_baseline_v1/build/A_PI_NATIVE_200/MG5_PROC/SubProcesses/P1_gg_h2h2/G1.2/run1_app.log; runs/A_PI_NATIVE_RUNTIMEFIX/pi_ufo_baseline_v1/build/A_PI_NATIVE_200/MG5_PROC/SubProcesses/P1_gg_h2h2/G1.2/run1_app.log
ftn26	3	archive/superseded/.pack_a_native_clean/pi_ufo_baseline_v1_runtimefix/build/A_PI_NATIVE_200/MG5_PROC/SubProcesses/P1_gg_h2h2/G1.2/ftn26; runs/A_PI_NATIVE/pi_ufo_baseline_v1/build/A_PI_NATIVE_200/MG5_PROC/SubProcesses/P1_gg_h2h2/G1.2/ftn26; runs/A_PI_NATIVE_RUNTIMEFIX/pi_ufo_baseline_v1/build/A_PI_NATIVE_200/MG5_PROC/SubProcesses/P1_gg_h2h2/G1.2/ftn26
smoke_log.txt	2	archive/superseded/.pack_a_native_clean/pi_ufo_baseline_v1_runtimefix/build/A_PI_NATIVE_200/MG5_PROC/SubProcesses/P1_gg_h2h2/G1.2/smoke_log.txt; runs/A_PI_NATIVE_RUNTIMEFIX/pi_ufo_baseline_v1/build/A_PI_NATIVE_200/MG5_PROC/SubProcesses/P1_gg_h2h2/G1.2/smoke_log.txt
.keep	4	archive/superseded/.pack_a_native_clean/pi_ufo_baseline_v1_runtimefix/build/A_PI_NATIVE_200/MG5_PROC/Events/.keep; releases/pack_a/scientific_validation/external_validation_a/pi_ufo_baseline_v1/build/point_000001/MG5_PROC/Events/.keep; runs/A_PI_NATIVE/pi_ufo_baseline_v1/build/A_PI_NATIVE_200/MG5_PROC/Events/.keep; runs/A_PI_NATIVE_RUNTIMEFIX/pi_ufo_baseline_v1/build/A_PI_NATIVE_200/MG5_PROC/Events/.keep
smoke_tag_1_banner.txt	2	archive/superseded/.pack_a_native_clean/pi_ufo_baseline_v1_runtimefix/build/A_PI_NATIVE_200/MG5_PROC/Events/smoke/smoke_tag_1_banner.txt; runs/A_PI_NATIVE_RUNTIMEFIX/pi_ufo_baseline_v1/build/A_PI_NATIVE_200/MG5_PROC/Events/smoke/smoke_tag_1_banner.txt
unweighted_events.lhe.gz	3	archive/superseded/.pack_a_native_clean/pi_ufo_baseline_v1_runtimefix/build/A_PI_NATIVE_200/MG5_PROC/Events/smoke/unweighted_events.lhe.gz; runs/A_PI_NATIVE/pi_ufo_baseline_v1/build/A_PI_NATIVE_200/MG5_PROC/Events/smoke2/unweighted_events.lhe.gz; runs/A_PI_NATIVE_RUNTIMEFIX/pi_ufo_baseline_v1/build/A_PI_NATIVE_200/MG5_PROC/Events/smoke/unweighted_events.lhe.gz
generate_events	4	archive/superseded/.pack_a_native_clean/pi_ufo_baseline_v1_runtimefix/build/A_PI_NATIVE_200/MG5_PROC/bin/generate_events; releases/pack_a/scientific_validation/external_validation_a/pi_ufo_baseline_v1/build/point_000001/MG5_PROC/bin/generate_events; runs/A_PI_NATIVE/pi_ufo_baseline_v1/build/A_PI_NATIVE_200/MG5_PROC/bin/generate_events; runs/A_PI_NATIVE_RUNTIMEFIX/pi_ufo_baseline_v1/build/A_PI_NATIVE_200/MG5_PROC/bin/generate_events
cleanall	4	archive/superseded/.pack_a_native_clean/pi_ufo_baseline_v1_runtimefix/build/A_PI_NATIVE_200/MG5_PROC/bin/cleanall; releases/pack_a/scientific_validation/external_validation_a/pi_ufo_baseline_v1/build/point_000001/MG5_PROC/bin/cleanall; runs/A_PI_NATIVE/pi_ufo_baseline_v1/build/A_PI_NATIVE_200/MG5_PROC/bin/cleanall; runs/A_PI_NATIVE_RUNTIMEFIX/pi_ufo_baseline_v1/build/A_PI_NATIVE_200/MG5_PROC/bin/cleanall
newprocess_mg5	4	archive/superseded/.pack_a_native_clean/pi_ufo_baseline_v1_runtimefix/build/A_PI_NATIVE_200/MG5_PROC/bin/newprocess_mg5; releases/pack_a/scientific_validation/external_validation_a/pi_ufo_baseline_v1/build/point_000001/MG5_PROC/bin/newprocess_mg5; runs/A_PI_NATIVE/pi_ufo_baseline_v1/build/A_PI_NATIVE_200/MG5_PROC/bin/newprocess_mg5; runs/A_PI_NATIVE_RUNTIMEFIX/pi_ufo_baseline_v1/build/A_PI_NATIVE_200/MG5_PROC/bin/newprocess_mg5
file_writers.py	4	archive/superseded/.pack_a_native_clean/pi_ufo_baseline_v1_runtimefix/build/A_PI_NATIVE_200/MG5_PROC/bin/internal/file_writers.py; releases/pack_a/scientific_validation/external_validation_a/pi_ufo_baseline_v1/build/point_000001/MG5_PROC/bin/internal/file_writers.py; runs/A_PI_NATIVE/pi_ufo_baseline_v1/build/A_PI_NATIVE_200/MG5_PROC/bin/internal/file_writers.py; runs/A_PI_NATIVE_RUNTIMEFIX/pi_ufo_baseline_v1/build/A_PI_NATIVE_200/MG5_PROC/bin/internal/file_writers.py
plot_page-pl	4	archive/superseded/.pack_a_native_clean/pi_ufo_baseline_v1_runtimefix/build/A_PI_NATIVE_200/MG5_PROC/bin/internal/plot_page-pl; releases/pack_a/scientific_validation/external_validation_a/pi_ufo_baseline_v1/build/point_000001/MG5_PROC/bin/internal/plot_page-pl; runs/A_PI_NATIVE/pi_ufo_baseline_v1/build/A_PI_NATIVE_200/MG5_PROC/bin/internal/plot_page-pl; runs/A_PI_NATIVE_RUNTIMEFIX/pi_ufo_baseline_v1/build/A_PI_NATIVE_200/MG5_PROC/bin/internal/plot_page-pl
plot_tree.C	4	archive/superseded/.pack_a_native_clean/pi_ufo_baseline_v1_runtimefix/build/A_PI_NATIVE_200/MG5_PROC/bin/internal/plot_tree.C; releases/pack_a/scientific_validation/external_validation_a/pi_ufo_baseline_v1/build/point_000001/MG5_PROC/bin/internal/plot_tree.C; runs/A_PI_NATIVE/pi_ufo_baseline_v1/build/A_PI_NATIVE_200/MG5_PROC/bin/internal/plot_tree.C; runs/A_PI_NATIVE_RUNTIMEFIX/pi_ufo_baseline_v1/build/A_PI_NATIVE_200/MG5_PROC/bin/internal/plot_tree.C
make_gridpack	4	archive/superseded/.pack_a_native_clean/pi_ufo_baseline_v1_runtimefix/build/A_PI_NATIVE_200/MG5_PROC/bin/internal/make_gridpack; releases/pack_a/scientific_validation/external_validation_a/pi_ufo_baseline_v1/build/point_000001/MG5_PROC/bin/internal/make_gridpack; runs/A_PI_NATIVE/pi_ufo_baseline_v1/build/A_PI_NATIVE_200/MG5_PROC/bin/internal/make_gridpack; runs/A_PI_NATIVE_RUNTIMEFIX/pi_ufo_baseline_v1/build/A_PI_NATIVE_200/MG5_PROC/bin/internal/make_gridpack
misc.py	4	archive/superseded/.pack_a_native_clean/pi_ufo_baseline_v1_runtimefix/build/A_PI_NATIVE_200/MG5_PROC/bin/internal/misc.py; releases/pack_a/scientific_validation/external_validation_a/pi_ufo_baseline_v1/build/point_000001/MG5_PROC/bin/internal/misc.py; runs/A_PI_NATIVE/pi_ufo_baseline_v1/build/A_PI_NATIVE_200/MG5_PROC/bin/internal/misc.py; runs/A_PI_NATIVE_RUNTIMEFIX/pi_ufo_baseline_v1/build/A_PI_NATIVE_200/MG5_PROC/bin/internal/misc.py
extended_cmd.py	4	archive/superseded/.pack_a_native_clean/pi_ufo_baseline_v1_runtimefix/build/A_PI_NATIVE_200/MG5_PROC/bin/internal/extended_cmd.py; releases/pack_a/scientific_validation/external_validation_a/pi_ufo_baseline_v1/build/point_000001/MG5_PROC/bin/internal/extended_cmd.py; runs/A_PI_NATIVE/pi_ufo_baseline_v1/build/A_PI_NATIVE_200/MG5_PROC/bin/internal/extended_cmd.py; runs/A_PI_NATIVE_RUNTIMEFIX/pi_ufo_baseline_v1/build/A_PI_NATIVE_200/MG5_PROC/bin/internal/extended_cmd.py
create_matching_plots.C	4	archive/superseded/.pack_a_native_clean/pi_ufo_baseline_v1_runtimefix/build/A_PI_NATIVE_200/MG5_PROC/bin/internal/create_matching_plots.C; releases/pack_a/scientific_validation/external_validation_a/pi_ufo_baseline_v1/build/point_000001/MG5_PROC/bin/internal/create_matching_plots.C; runs/A_PI_NATIVE/pi_ufo_baseline_v1/build/A_PI_NATIVE_200/MG5_PROC/bin/internal/create_matching_plots.C; runs/A_PI_NATIVE_RUNTIMEFIX/pi_ufo_baseline_v1/build/A_PI_NATIVE_200/MG5_PROC/bin/internal/create_matching_plots.C
shower_card.py	4	archive/superseded/.pack_a_native_clean/pi_ufo_baseline_v1_runtimefix/build/A_PI_NATIVE_200/MG5_PROC/bin/internal/shower_card.py; releases/pack_a/scientific_validation/external_validation_a/pi_ufo_baseline_v1/build/point_000001/MG5_PROC/bin/internal/shower_card.py; runs/A_PI_NATIVE/pi_ufo_baseline_v1/build/A_PI_NATIVE_200/MG5_PROC/bin/internal/shower_card.py; runs/A_PI_NATIVE_RUNTIMEFIX/pi_ufo_baseline_v1/build/A_PI_NATIVE_200/MG5_PROC/bin/internal/shower_card.py
clean	4	archive/superseded/.pack_a_native_clean/pi_ufo_baseline_v1_runtimefix/build/A_PI_NATIVE_200/MG5_PROC/bin/internal/clean; releases/pack_a/scientific_validation/external_validation_a/pi_ufo_baseline_v1/build/point_000001/MG5_PROC/bin/internal/clean; runs/A_PI_NATIVE/pi_ufo_baseline_v1/build/A_PI_NATIVE_200/MG5_PROC/bin/internal/clean; runs/A_PI_NATIVE_RUNTIMEFIX/pi_ufo_baseline_v1/build/A_PI_NATIVE_200/MG5_PROC/bin/internal/clean
cluster.py	4	archive/superseded/.pack_a_native_clean/pi_ufo_baseline_v1_runtimefix/build/A_PI_NATIVE_200/MG5_PROC/bin/internal/cluster.py; releases/pack_a/scientific_validation/external_validation_a/pi_ufo_baseline_v1/build/point_000001/MG5_PROC/bin/internal/cluster.py; runs/A_PI_NATIVE/pi_ufo_baseline_v1/build/A_PI_NATIVE_200/MG5_PROC/bin/internal/cluster.py; runs/A_PI_NATIVE_RUNTIMEFIX/pi_ufo_baseline_v1/build/A_PI_NATIVE_200/MG5_PROC/bin/internal/cluster.py
run_pgs	4	archive/superseded/.pack_a_native_clean/pi_ufo_baseline_v1_runtimefix/build/A_PI_NATIVE_200/MG5_PROC/bin/internal/run_pgs; releases/pack_a/scientific_validation/external_validation_a/pi_ufo_baseline_v1/build/point_000001/MG5_PROC/bin/internal/run_pgs; runs/A_PI_NATIVE/pi_ufo_baseline_v1/build/A_PI_NATIVE_200/MG5_PROC/bin/internal/run_pgs; runs/A_PI_NATIVE_RUNTIMEFIX/pi_ufo_baseline_v1/build/A_PI_NATIVE_200/MG5_PROC/bin/internal/run_pgs
merge.pl	4	archive/superseded/.pack_a_native_clean/pi_ufo_baseline_v1_runtimefix/build/A_PI_NATIVE_200/MG5_PROC/bin/internal/merge.pl; releases/pack_a/scientific_validation/external_validation_a/pi_ufo_baseline_v1/build/point_000001/MG5_PROC/bin/internal/merge.pl; runs/A_PI_NATIVE/pi_ufo_baseline_v1/build/A_PI_NATIVE_200/MG5_PROC/bin/internal/merge.pl; runs/A_PI_NATIVE_RUNTIMEFIX/pi_ufo_baseline_v1/build/A_PI_NATIVE_200/MG5_PROC/bin/internal/merge.pl
plot_djrs.py	4	archive/superseded/.pack_a_native_clean/pi_ufo_baseline_v1_runtimefix/build/A_PI_NATIVE_200/MG5_PROC/bin/internal/plot_djrs.py; releases/pack_a/scientific_validation/external_validation_a/pi_ufo_baseline_v1/build/point_000001/MG5_PROC/bin/internal/plot_djrs.py; runs/A_PI_NATIVE/pi_ufo_baseline_v1/build/A_PI_NATIVE_200/MG5_PROC/bin/internal/plot_djrs.py; runs/A_PI_NATIVE_RUNTIMEFIX/pi_ufo_baseline_v1/build/A_PI_NATIVE_200/MG5_PROC/bin/internal/plot_djrs.py
syscalc_template.dat	4	archive/superseded/.pack_a_native_clean/pi_ufo_baseline_v1_runtimefix/build/A_PI_NATIVE_200/MG5_PROC/bin/internal/syscalc_template.dat; releases/pack_a/scientific_validation/external_validation_a/pi_ufo_baseline_v1/build/point_000001/MG5_PROC/bin/internal/syscalc_template.dat; runs/A_PI_NATIVE/pi_ufo_baseline_v1/build/A_PI_NATIVE_200/MG5_PROC/bin/internal/syscalc_template.dat; runs/A_PI_NATIVE_RUNTIMEFIX/pi_ufo_baseline_v1/build/A_PI_NATIVE_200/MG5_PROC/bin/internal/syscalc_template.dat
gen_jpeg-pl	4	archive/superseded/.pack_a_native_clean/pi_ufo_baseline_v1_runtimefix/build/A_PI_NATIVE_200/MG5_PROC/bin/internal/gen_jpeg-pl; releases/pack_a/scientific_validation/external_validation_a/pi_ufo_baseline_v1/build/point_000001/MG5_PROC/bin/internal/gen_jpeg-pl; runs/A_PI_NATIVE/pi_ufo_baseline_v1/build/A_PI_NATIVE_200/MG5_PROC/bin/internal/gen_jpeg-pl; runs/A_PI_NATIVE_RUNTIMEFIX/pi_ufo_baseline_v1/build/A_PI_NATIVE_200/MG5_PROC/bin/internal/gen_jpeg-pl
histograms.py	4	archive/superseded/.pack_a_native_clean/pi_ufo_baseline_v1_runtimefix/build/A_PI_NATIVE_200/MG5_PROC/bin/internal/histograms.py; releases/pack_a/scientific_validation/external_validation_a/pi_ufo_baseline_v1/build/point_000001/MG5_PROC/bin/internal/histograms.py; runs/A_PI_NATIVE/pi_ufo_baseline_v1/build/A_PI_NATIVE_200/MG5_PROC/bin/internal/histograms.py; runs/A_PI_NATIVE_RUNTIMEFIX/pi_ufo_baseline_v1/build/A_PI_NATIVE_200/MG5_PROC/bin/internal/histograms.py
store4grid	4	archive/superseded/.pack_a_native_clean/pi_ufo_baseline_v1_runtimefix/build/A_PI_NATIVE_200/MG5_PROC/bin/internal/store4grid; releases/pack_a/scientific_validation/external_validation_a/pi_ufo_baseline_v1/build/point_000001/MG5_PROC/bin/internal/store4grid; runs/A_PI_NATIVE/pi_ufo_baseline_v1/build/A_PI_NATIVE_200/MG5_PROC/bin/internal/store4grid; runs/A_PI_NATIVE_RUNTIMEFIX/pi_ufo_baseline_v1/build/A_PI_NATIVE_200/MG5_PROC/bin/internal/store4grid
addmasses_optional.py	4	archive/superseded/.pack_a_native_clean/pi_ufo_baseline_v1_runtimefix/build/A_PI_NATIVE_200/MG5_PROC/bin/internal/addmasses_optional.py; releases/pack_a/scientific_validation/external_validation_a/pi_ufo_baseline_v1/build/point_000001/MG5_PROC/bin/internal/addmasses_optional.py; runs/A_PI_NATIVE/pi_ufo_baseline_v1/build/A_PI_NATIVE_200/MG5_PROC/bin/internal/addmasses_optional.py; runs/A_PI_NATIVE_RUNTIMEFIX/pi_ufo_baseline_v1/build/A_PI_NATIVE_200/MG5_PROC/bin/internal/addmasses_optional.py
run_plot	4	archive/superseded/.pack_a_native_clean/pi_ufo_baseline_v1_runtimefix/build/A_PI_NATIVE_200/MG5_PROC/bin/internal/run_plot; releases/pack_a/scientific_validation/external_validation_a/pi_ufo_baseline_v1/build/point_000001/MG5_PROC/bin/internal/run_plot; runs/A_PI_NATIVE/pi_ufo_baseline_v1/build/A_PI_NATIVE_200/MG5_PROC/bin/internal/run_plot; runs/A_PI_NATIVE_RUNTIMEFIX/pi_ufo_baseline_v1/build/A_PI_NATIVE_200/MG5_PROC/bin/internal/run_plot
plot_pypage-pl	4	archive/superseded/.pack_a_native_clean/pi_ufo_baseline_v1_runtimefix/build/A_PI_NATIVE_200/MG5_PROC/bin/internal/plot_pypage-pl; releases/pack_a/scientific_validation/external_validation_a/pi_ufo_baseline_v1/build/point_000001/MG5_PROC/bin/internal/plot_pypage-pl; runs/A_PI_NATIVE/pi_ufo_baseline_v1/build/A_PI_NATIVE_200/MG5_PROC/bin/internal/plot_pypage-pl; runs/A_PI_NATIVE_RUNTIMEFIX/pi_ufo_baseline_v1/build/A_PI_NATIVE_200/MG5_PROC/bin/internal/plot_pypage-pl
run_plot_pgs	4	archive/superseded/.pack_a_native_clean/pi_ufo_baseline_v1_runtimefix/build/A_PI_NATIVE_200/MG5_PROC/bin/internal/run_plot_pgs; releases/pack_a/scientific_validation/external_validation_a/pi_ufo_baseline_v1/build/point_000001/MG5_PROC/bin/internal/run_plot_pgs; runs/A_PI_NATIVE/pi_ufo_baseline_v1/build/A_PI_NATIVE_200/MG5_PROC/bin/internal/run_plot_pgs; runs/A_PI_NATIVE_RUNTIMEFIX/pi_ufo_baseline_v1/build/A_PI_NATIVE_200/MG5_PROC/bin/internal/run_plot_pgs
gen_cardhtml-pl	4	archive/superseded/.pack_a_native_clean/pi_ufo_baseline_v1_runtimefix/build/A_PI_NATIVE_200/MG5_PROC/bin/internal/gen_cardhtml-pl; releases/pack_a/scientific_validation/external_validation_a/pi_ufo_baseline_v1/build/point_000001/MG5_PROC/bin/internal/gen_cardhtml-pl; runs/A_PI_NATIVE/pi_ufo_baseline_v1/build/A_PI_NATIVE_200/MG5_PROC/bin/internal/gen_cardhtml-pl; runs/A_PI_NATIVE_RUNTIMEFIX/pi_ufo_baseline_v1/build/A_PI_NATIVE_200/MG5_PROC/bin/internal/gen_cardhtml-pl
plot	4	archive/superseded/.pack_a_native_clean/pi_ufo_baseline_v1_runtimefix/build/A_PI_NATIVE_200/MG5_PROC/bin/internal/plot; releases/pack_a/scientific_validation/external_validation_a/pi_ufo_baseline_v1/build/point_000001/MG5_PROC/bin/internal/plot; runs/A_PI_NATIVE/pi_ufo_baseline_v1/build/A_PI_NATIVE_200/MG5_PROC/bin/internal/plot; runs/A_PI_NATIVE_RUNTIMEFIX/pi_ufo_baseline_v1/build/A_PI_NATIVE_200/MG5_PROC/bin/internal/plot
multicore	4	archive/superseded/.pack_a_native_clean/pi_ufo_baseline_v1_runtimefix/build/A_PI_NATIVE_200/MG5_PROC/bin/internal/multicore; releases/pack_a/scientific_validation/external_validation_a/pi_ufo_baseline_v1/build/point_000001/MG5_PROC/bin/internal/multicore; runs/A_PI_NATIVE/pi_ufo_baseline_v1/build/A_PI_NATIVE_200/MG5_PROC/bin/internal/multicore; runs/A_PI_NATIVE_RUNTIMEFIX/pi_ufo_baseline_v1/build/A_PI_NATIVE_200/MG5_PROC/bin/internal/multicore
systematics.py	4	archive/superseded/.pack_a_native_clean/pi_ufo_baseline_v1_runtimefix/build/A_PI_NATIVE_200/MG5_PROC/bin/internal/systematics.py; releases/pack_a/scientific_validation/external_validation_a/pi_ufo_baseline_v1/build/point_000001/MG5_PROC/bin/internal/systematics.py; runs/A_PI_NATIVE/pi_ufo_baseline_v1/build/A_PI_NATIVE_200/MG5_PROC/bin/internal/systematics.py; runs/A_PI_NATIVE_RUNTIMEFIX/pi_ufo_baseline_v1/build/A_PI_NATIVE_200/MG5_PROC/bin/internal/systematics.py
monitor	4	archive/superseded/.pack_a_native_clean/pi_ufo_baseline_v1_runtimefix/build/A_PI_NATIVE_200/MG5_PROC/bin/internal/monitor; releases/pack_a/scientific_validation/external_validation_a/pi_ufo_baseline_v1/build/point_000001/MG5_PROC/bin/internal/monitor; runs/A_PI_NATIVE/pi_ufo_baseline_v1/build/A_PI_NATIVE_200/MG5_PROC/bin/internal/monitor; runs/A_PI_NATIVE_RUNTIMEFIX/pi_ufo_baseline_v1/build/A_PI_NATIVE_200/MG5_PROC/bin/internal/monitor
coloring_logging.py	4	archive/superseded/.pack_a_native_clean/pi_ufo_baseline_v1_runtimefix/build/A_PI_NATIVE_200/MG5_PROC/bin/internal/coloring_logging.py; releases/pack_a/scientific_validation/external_validation_a/pi_ufo_baseline_v1/build/point_000001/MG5_PROC/bin/internal/coloring_logging.py; runs/A_PI_NATIVE/pi_ufo_baseline_v1/build/A_PI_NATIVE_200/MG5_PROC/bin/internal/coloring_logging.py; runs/A_PI_NATIVE_RUNTIMEFIX/pi_ufo_baseline_v1/build/A_PI_NATIVE_200/MG5_PROC/bin/internal/coloring_logging.py
check_param_card.py	4	archive/superseded/.pack_a_native_clean/pi_ufo_baseline_v1_runtimefix/build/A_PI_NATIVE_200/MG5_PROC/bin/internal/check_param_card.py; releases/pack_a/scientific_validation/external_validation_a/pi_ufo_baseline_v1/build/point_000001/MG5_PROC/bin/internal/check_param_card.py; runs/A_PI_NATIVE/pi_ufo_baseline_v1/build/A_PI_NATIVE_200/MG5_PROC/bin/internal/check_param_card.py; runs/A_PI_NATIVE_RUNTIMEFIX/pi_ufo_baseline_v1/build/A_PI_NATIVE_200/MG5_PROC/bin/internal/check_param_card.py
extract_banner-pl	4	archive/superseded/.pack_a_native_clean/pi_ufo_baseline_v1_runtimefix/build/A_PI_NATIVE_200/MG5_PROC/bin/internal/extract_banner-pl; releases/pack_a/scientific_validation/external_validation_a/pi_ufo_baseline_v1/build/point_000001/MG5_PROC/bin/internal/extract_banner-pl; runs/A_PI_NATIVE/pi_ufo_baseline_v1/build/A_PI_NATIVE_200/MG5_PROC/bin/internal/extract_banner-pl; runs/A_PI_NATIVE_RUNTIMEFIX/pi_ufo_baseline_v1/build/A_PI_NATIVE_200/MG5_PROC/bin/internal/extract_banner-pl
combine_grid.py	4	archive/superseded/.pack_a_native_clean/pi_ufo_baseline_v1_runtimefix/build/A_PI_NATIVE_200/MG5_PROC/bin/internal/combine_grid.py; releases/pack_a/scientific_validation/external_validation_a/pi_ufo_baseline_v1/build/point_000001/MG5_PROC/bin/internal/combine_grid.py; runs/A_PI_NATIVE/pi_ufo_baseline_v1/build/A_PI_NATIVE_200/MG5_PROC/bin/internal/combine_grid.py; runs/A_PI_NATIVE_RUNTIMEFIX/pi_ufo_baseline_v1/build/A_PI_NATIVE_200/MG5_PROC/bin/internal/combine_grid.py
gen_ximprove.py	4	archive/superseded/.pack_a_native_clean/pi_ufo_baseline_v1_runtimefix/build/A_PI_NATIVE_200/MG5_PROC/bin/internal/gen_ximprove.py; releases/pack_a/scientific_validation/external_validation_a/pi_ufo_baseline_v1/build/point_000001/MG5_PROC/bin/internal/gen_ximprove.py; runs/A_PI_NATIVE/pi_ufo_baseline_v1/build/A_PI_NATIVE_200/MG5_PROC/bin/internal/gen_ximprove.py; runs/A_PI_NATIVE_RUNTIMEFIX/pi_ufo_baseline_v1/build/A_PI_NATIVE_200/MG5_PROC/bin/internal/gen_ximprove.py
run_hep2lhe	4	archive/superseded/.pack_a_native_clean/pi_ufo_baseline_v1_runtimefix/build/A_PI_NATIVE_200/MG5_PROC/bin/internal/run_hep2lhe; releases/pack_a/scientific_validation/external_validation_a/pi_ufo_baseline_v1/build/point_000001/MG5_PROC/bin/internal/run_hep2lhe; runs/A_PI_NATIVE/pi_ufo_baseline_v1/build/A_PI_NATIVE_200/MG5_PROC/bin/internal/run_hep2lhe; runs/A_PI_NATIVE_RUNTIMEFIX/pi_ufo_baseline_v1/build/A_PI_NATIVE_200/MG5_PROC/bin/internal/run_hep2lhe
run_plot_pythia	4	archive/superseded/.pack_a_native_clean/pi_ufo_baseline_v1_runtimefix/build/A_PI_NATIVE_200/MG5_PROC/bin/internal/run_plot_pythia; releases/pack_a/scientific_validation/external_validation_a/pi_ufo_baseline_v1/build/point_000001/MG5_PROC/bin/internal/run_plot_pythia; runs/A_PI_NATIVE/pi_ufo_baseline_v1/build/A_PI_NATIVE_200/MG5_PROC/bin/internal/run_plot_pythia; runs/A_PI_NATIVE_RUNTIMEFIX/pi_ufo_baseline_v1/build/A_PI_NATIVE_200/MG5_PROC/bin/internal/run_plot_pythia
clean_template	4	archive/superseded/.pack_a_native_clean/pi_ufo_baseline_v1_runtimefix/build/A_PI_NATIVE_200/MG5_PROC/bin/internal/clean_template; releases/pack_a/scientific_validation/external_validation_a/pi_ufo_baseline_v1/build/point_000001/MG5_PROC/bin/internal/clean_template; runs/A_PI_NATIVE/pi_ufo_baseline_v1/build/A_PI_NATIVE_200/MG5_PROC/bin/internal/clean_template; runs/A_PI_NATIVE_RUNTIMEFIX/pi_ufo_baseline_v1/build/A_PI_NATIVE_200/MG5_PROC/bin/internal/clean_template
eval.sh	4	archive/superseded/.pack_a_native_clean/pi_ufo_baseline_v1_runtimefix/build/A_PI_NATIVE_200/MG5_PROC/bin/internal/eval.sh; releases/pack_a/scientific_validation/external_validation_a/pi_ufo_baseline_v1/build/point_000001/MG5_PROC/bin/internal/eval.sh; runs/A_PI_NATIVE/pi_ufo_baseline_v1/build/A_PI_NATIVE_200/MG5_PROC/bin/internal/eval.sh; runs/A_PI_NATIVE_RUNTIMEFIX/pi_ufo_baseline_v1/build/A_PI_NATIVE_200/MG5_PROC/bin/internal/eval.sh
run_delphes	4	archive/superseded/.pack_a_native_clean/pi_ufo_baseline_v1_runtimefix/build/A_PI_NATIVE_200/MG5_PROC/bin/internal/run_delphes; releases/pack_a/scientific_validation/external_validation_a/pi_ufo_baseline_v1/build/point_000001/MG5_PROC/bin/internal/run_delphes; runs/A_PI_NATIVE/pi_ufo_baseline_v1/build/A_PI_NATIVE_200/MG5_PROC/bin/internal/run_delphes; runs/A_PI_NATIVE_RUNTIMEFIX/pi_ufo_baseline_v1/build/A_PI_NATIVE_200/MG5_PROC/bin/internal/run_delphes
make_madevent_tar	4	archive/superseded/.pack_a_native_clean/pi_ufo_baseline_v1_runtimefix/build/A_PI_NATIVE_200/MG5_PROC/bin/internal/make_madevent_tar; releases/pack_a/scientific_validation/external_validation_a/pi_ufo_baseline_v1/build/point_000001/MG5_PROC/bin/internal/make_madevent_tar; runs/A_PI_NATIVE/pi_ufo_baseline_v1/build/A_PI_NATIVE_200/MG5_PROC/bin/internal/make_madevent_tar; runs/A_PI_NATIVE_RUNTIMEFIX/pi_ufo_baseline_v1/build/A_PI_NATIVE_200/MG5_PROC/bin/internal/make_madevent_tar
create_matching_plots.sh	4	archive/superseded/.pack_a_native_clean/pi_ufo_baseline_v1_runtimefix/build/A_PI_NATIVE_200/MG5_PROC/bin/internal/create_matching_plots.sh; releases/pack_a/scientific_validation/external_validation_a/pi_ufo_baseline_v1/build/point_000001/MG5_PROC/bin/internal/create_matching_plots.sh; runs/A_PI_NATIVE/pi_ufo_baseline_v1/build/A_PI_NATIVE_200/MG5_PROC/bin/internal/create_matching_plots.sh; runs/A_PI_NATIVE_RUNTIMEFIX/pi_ufo_baseline_v1/build/A_PI_NATIVE_200/MG5_PROC/bin/internal/create_matching_plots.sh
banner.py	4	archive/superseded/.pack_a_native_clean/pi_ufo_baseline_v1_runtimefix/build/A_PI_NATIVE_200/MG5_PROC/bin/internal/banner.py; releases/pack_a/scientific_validation/external_validation_a/pi_ufo_baseline_v1/build/point_000001/MG5_PROC/bin/internal/banner.py; runs/A_PI_NATIVE/pi_ufo_baseline_v1/build/A_PI_NATIVE_200/MG5_PROC/bin/internal/banner.py; runs/A_PI_NATIVE_RUNTIMEFIX/pi_ufo_baseline_v1/build/A_PI_NATIVE_200/MG5_PROC/bin/internal/banner.py
gen_crossxhtml.py	4	archive/superseded/.pack_a_native_clean/pi_ufo_baseline_v1_runtimefix/build/A_PI_NATIVE_200/MG5_PROC/bin/internal/gen_crossxhtml.py; releases/pack_a/scientific_validation/external_validation_a/pi_ufo_baseline_v1/build/point_000001/MG5_PROC/bin/internal/gen_crossxhtml.py; runs/A_PI_NATIVE/pi_ufo_baseline_v1/build/A_PI_NATIVE_200/MG5_PROC/bin/internal/gen_crossxhtml.py; runs/A_PI_NATIVE_RUNTIMEFIX/pi_ufo_baseline_v1/build/A_PI_NATIVE_200/MG5_PROC/bin/internal/gen_crossxhtml.py
FO_analyse_card.py	4	archive/superseded/.pack_a_native_clean/pi_ufo_baseline_v1_runtimefix/build/A_PI_NATIVE_200/MG5_PROC/bin/internal/FO_analyse_card.py; releases/pack_a/scientific_validation/external_validation_a/pi_ufo_baseline_v1/build/point_000001/MG5_PROC/bin/internal/FO_analyse_card.py; runs/A_PI_NATIVE/pi_ufo_baseline_v1/build/A_PI_NATIVE_200/MG5_PROC/bin/internal/FO_analyse_card.py; runs/A_PI_NATIVE_RUNTIMEFIX/pi_ufo_baseline_v1/build/A_PI_NATIVE_200/MG5_PROC/bin/internal/FO_analyse_card.py
combine_runs.py	4	archive/superseded/.pack_a_native_clean/pi_ufo_baseline_v1_runtimefix/build/A_PI_NATIVE_200/MG5_PROC/bin/internal/combine_runs.py; releases/pack_a/scientific_validation/external_validation_a/pi_ufo_baseline_v1/build/point_000001/MG5_PROC/bin/internal/combine_runs.py; runs/A_PI_NATIVE/pi_ufo_baseline_v1/build/A_PI_NATIVE_200/MG5_PROC/bin/internal/combine_runs.py; runs/A_PI_NATIVE_RUNTIMEFIX/pi_ufo_baseline_v1/build/A_PI_NATIVE_200/MG5_PROC/bin/internal/combine_runs.py
me5_logging.conf	4	archive/superseded/.pack_a_native_clean/pi_ufo_baseline_v1_runtimefix/build/A_PI_NATIVE_200/MG5_PROC/bin/internal/me5_logging.conf; releases/pack_a/scientific_validation/external_validation_a/pi_ufo_baseline_v1/build/point_000001/MG5_PROC/bin/internal/me5_logging.conf; runs/A_PI_NATIVE/pi_ufo_baseline_v1/build/A_PI_NATIVE_200/MG5_PROC/bin/internal/me5_logging.conf; runs/A_PI_NATIVE_RUNTIMEFIX/pi_ufo_baseline_v1/build/A_PI_NATIVE_200/MG5_PROC/bin/internal/me5_logging.conf
madevent_interface.py	4	archive/superseded/.pack_a_native_clean/pi_ufo_baseline_v1_runtimefix/build/A_PI_NATIVE_200/MG5_PROC/bin/internal/madevent_interface.py; releases/pack_a/scientific_validation/external_validation_a/pi_ufo_baseline_v1/build/point_000001/MG5_PROC/bin/internal/madevent_interface.py; runs/A_PI_NATIVE/pi_ufo_baseline_v1/build/A_PI_NATIVE_200/MG5_PROC/bin/internal/madevent_interface.py; runs/A_PI_NATIVE_RUNTIMEFIX/pi_ufo_baseline_v1/build/A_PI_NATIVE_200/MG5_PROC/bin/internal/madevent_interface.py
hel_recycle.py	4	archive/superseded/.pack_a_native_clean/pi_ufo_baseline_v1_runtimefix/build/A_PI_NATIVE_200/MG5_PROC/bin/internal/hel_recycle.py; releases/pack_a/scientific_validation/external_validation_a/pi_ufo_baseline_v1/build/point_000001/MG5_PROC/bin/internal/hel_recycle.py; runs/A_PI_NATIVE/pi_ufo_baseline_v1/build/A_PI_NATIVE_200/MG5_PROC/bin/internal/hel_recycle.py; runs/A_PI_NATIVE_RUNTIMEFIX/pi_ufo_baseline_v1/build/A_PI_NATIVE_200/MG5_PROC/bin/internal/hel_recycle.py
run_combine	4	archive/superseded/.pack_a_native_clean/pi_ufo_baseline_v1_runtimefix/build/A_PI_NATIVE_200/MG5_PROC/bin/internal/run_combine; releases/pack_a/scientific_validation/external_validation_a/pi_ufo_baseline_v1/build/point_000001/MG5_PROC/bin/internal/run_combine; runs/A_PI_NATIVE/pi_ufo_baseline_v1/build/A_PI_NATIVE_200/MG5_PROC/bin/internal/run_combine; runs/A_PI_NATIVE_RUNTIMEFIX/pi_ufo_baseline_v1/build/A_PI_NATIVE_200/MG5_PROC/bin/internal/run_combine
lhe_parser.py	4	archive/superseded/.pack_a_native_clean/pi_ufo_baseline_v1_runtimefix/build/A_PI_NATIVE_200/MG5_PROC/bin/internal/lhe_parser.py; releases/pack_a/scientific_validation/external_validation_a/pi_ufo_baseline_v1/build/point_000001/MG5_PROC/bin/internal/lhe_parser.py; runs/A_PI_NATIVE/pi_ufo_baseline_v1/build/A_PI_NATIVE_200/MG5_PROC/bin/internal/lhe_parser.py; runs/A_PI_NATIVE_RUNTIMEFIX/pi_ufo_baseline_v1/build/A_PI_NATIVE_200/MG5_PROC/bin/internal/lhe_parser.py
files.py	4	archive/superseded/.pack_a_native_clean/pi_ufo_baseline_v1_runtimefix/build/A_PI_NATIVE_200/MG5_PROC/bin/internal/files.py; releases/pack_a/scientific_validation/external_validation_a/pi_ufo_baseline_v1/build/point_000001/MG5_PROC/bin/internal/files.py; runs/A_PI_NATIVE/pi_ufo_baseline_v1/build/A_PI_NATIVE_200/MG5_PROC/bin/internal/files.py; runs/A_PI_NATIVE_RUNTIMEFIX/pi_ufo_baseline_v1/build/A_PI_NATIVE_200/MG5_PROC/bin/internal/files.py
run_delphes3	4	archive/superseded/.pack_a_native_clean/pi_ufo_baseline_v1_runtimefix/build/A_PI_NATIVE_200/MG5_PROC/bin/internal/run_delphes3; releases/pack_a/scientific_validation/external_validation_a/pi_ufo_baseline_v1/build/point_000001/MG5_PROC/bin/internal/run_delphes3; runs/A_PI_NATIVE/pi_ufo_baseline_v1/build/A_PI_NATIVE_200/MG5_PROC/bin/internal/run_delphes3; runs/A_PI_NATIVE_RUNTIMEFIX/pi_ufo_baseline_v1/build/A_PI_NATIVE_200/MG5_PROC/bin/internal/run_delphes3
run_plot_delphes	4	archive/superseded/.pack_a_native_clean/pi_ufo_baseline_v1_runtimefix/build/A_PI_NATIVE_200/MG5_PROC/bin/internal/run_plot_delphes; releases/pack_a/scientific_validation/external_validation_a/pi_ufo_baseline_v1/build/point_000001/MG5_PROC/bin/internal/run_plot_delphes; runs/A_PI_NATIVE/pi_ufo_baseline_v1/build/A_PI_NATIVE_200/MG5_PROC/bin/internal/run_plot_delphes; runs/A_PI_NATIVE_RUNTIMEFIX/pi_ufo_baseline_v1/build/A_PI_NATIVE_200/MG5_PROC/bin/internal/run_plot_delphes
common_run_interface.py	4	archive/superseded/.pack_a_native_clean/pi_ufo_baseline_v1_runtimefix/build/A_PI_NATIVE_200/MG5_PROC/bin/internal/common_run_interface.py; releases/pack_a/scientific_validation/external_validation_a/pi_ufo_baseline_v1/build/point_000001/MG5_PROC/bin/internal/common_run_interface.py; runs/A_PI_NATIVE/pi_ufo_baseline_v1/build/A_PI_NATIVE_200/MG5_PROC/bin/internal/common_run_interface.py; runs/A_PI_NATIVE_RUNTIMEFIX/pi_ufo_baseline_v1/build/A_PI_NATIVE_200/MG5_PROC/bin/internal/common_run_interface.py
sum_html.py	4	archive/superseded/.pack_a_native_clean/pi_ufo_baseline_v1_runtimefix/build/A_PI_NATIVE_200/MG5_PROC/bin/internal/sum_html.py; releases/pack_a/scientific_validation/external_validation_a/pi_ufo_baseline_v1/build/point_000001/MG5_PROC/bin/internal/sum_html.py; runs/A_PI_NATIVE/pi_ufo_baseline_v1/build/A_PI_NATIVE_200/MG5_PROC/bin/internal/sum_html.py; runs/A_PI_NATIVE_RUNTIMEFIX/pi_ufo_baseline_v1/build/A_PI_NATIVE_200/MG5_PROC/bin/internal/sum_html.py
run_genissud	4	archive/superseded/.pack_a_native_clean/pi_ufo_baseline_v1_runtimefix/build/A_PI_NATIVE_200/MG5_PROC/bin/internal/run_genissud; releases/pack_a/scientific_validation/external_validation_a/pi_ufo_baseline_v1/build/point_000001/MG5_PROC/bin/internal/run_genissud; runs/A_PI_NATIVE/pi_ufo_baseline_v1/build/A_PI_NATIVE_200/MG5_PROC/bin/internal/run_genissud; runs/A_PI_NATIVE_RUNTIMEFIX/pi_ufo_baseline_v1/build/A_PI_NATIVE_200/MG5_PROC/bin/internal/run_genissud
save_load_object.py	4	archive/superseded/.pack_a_native_clean/pi_ufo_baseline_v1_runtimefix/build/A_PI_NATIVE_200/MG5_PROC/bin/internal/save_load_object.py; releases/pack_a/scientific_validation/external_validation_a/pi_ufo_baseline_v1/build/point_000001/MG5_PROC/bin/internal/save_load_object.py; runs/A_PI_NATIVE/pi_ufo_baseline_v1/build/A_PI_NATIVE_200/MG5_PROC/bin/internal/save_load_object.py; runs/A_PI_NATIVE_RUNTIMEFIX/pi_ufo_baseline_v1/build/A_PI_NATIVE_200/MG5_PROC/bin/internal/save_load_object.py
restore_data	4	archive/superseded/.pack_a_native_clean/pi_ufo_baseline_v1_runtimefix/build/A_PI_NATIVE_200/MG5_PROC/bin/internal/restore_data; releases/pack_a/scientific_validation/external_validation_a/pi_ufo_baseline_v1/build/point_000001/MG5_PROC/bin/internal/restore_data; runs/A_PI_NATIVE/pi_ufo_baseline_v1/build/A_PI_NATIVE_200/MG5_PROC/bin/internal/restore_data; runs/A_PI_NATIVE_RUNTIMEFIX/pi_ufo_baseline_v1/build/A_PI_NATIVE_200/MG5_PROC/bin/internal/restore_data
couplings.cpython-312.opt-1.pyc	2	archive/superseded/.pack_a_native_clean/pi_ufo_baseline_v1_runtimefix/build/A_PI_NATIVE_200/MG5_PROC/bin/internal/ufomodel/__pycache__/couplings.cpython-312.opt-1.pyc; runs/A_PI_NATIVE/pi_ufo_baseline_v1/build/A_PI_NATIVE_200/MG5_PROC/bin/internal/ufomodel/__pycache__/couplings.cpython-312.opt-1.pyc
parameters.cpython-312.opt-1.pyc	2	archive/superseded/.pack_a_native_clean/pi_ufo_baseline_v1_runtimefix/build/A_PI_NATIVE_200/MG5_PROC/bin/internal/ufomodel/__pycache__/parameters.cpython-312.opt-1.pyc; runs/A_PI_NATIVE/pi_ufo_baseline_v1/build/A_PI_NATIVE_200/MG5_PROC/bin/internal/ufomodel/__pycache__/parameters.cpython-312.opt-1.pyc
vertices.cpython-312.opt-1.pyc	2	archive/superseded/.pack_a_native_clean/pi_ufo_baseline_v1_runtimefix/build/A_PI_NATIVE_200/MG5_PROC/bin/internal/ufomodel/__pycache__/vertices.cpython-312.opt-1.pyc; runs/A_PI_NATIVE/pi_ufo_baseline_v1/build/A_PI_NATIVE_200/MG5_PROC/bin/internal/ufomodel/__pycache__/vertices.cpython-312.opt-1.pyc
propagators.cpython-312.opt-1.pyc	2	archive/superseded/.pack_a_native_clean/pi_ufo_baseline_v1_runtimefix/build/A_PI_NATIVE_200/MG5_PROC/bin/internal/ufomodel/__pycache__/propagators.cpython-312.opt-1.pyc; runs/A_PI_NATIVE/pi_ufo_baseline_v1/build/A_PI_NATIVE_200/MG5_PROC/bin/internal/ufomodel/__pycache__/propagators.cpython-312.opt-1.pyc
decays.cpython-312.opt-1.pyc	2	archive/superseded/.pack_a_native_clean/pi_ufo_baseline_v1_runtimefix/build/A_PI_NATIVE_200/MG5_PROC/bin/internal/ufomodel/__pycache__/decays.cpython-312.opt-1.pyc; runs/A_PI_NATIVE/pi_ufo_baseline_v1/build/A_PI_NATIVE_200/MG5_PROC/bin/internal/ufomodel/__pycache__/decays.cpython-312.opt-1.pyc
function_library.cpython-312.opt-1.pyc	2	archive/superseded/.pack_a_native_clean/pi_ufo_baseline_v1_runtimefix/build/A_PI_NATIVE_200/MG5_PROC/bin/internal/ufomodel/__pycache__/function_library.cpython-312.opt-1.pyc; runs/A_PI_NATIVE/pi_ufo_baseline_v1/build/A_PI_NATIVE_200/MG5_PROC/bin/internal/ufomodel/__pycache__/function_library.cpython-312.opt-1.pyc
object_library.cpython-312.opt-1.pyc	2	archive/superseded/.pack_a_native_clean/pi_ufo_baseline_v1_runtimefix/build/A_PI_NATIVE_200/MG5_PROC/bin/internal/ufomodel/__pycache__/object_library.cpython-312.opt-1.pyc; runs/A_PI_NATIVE/pi_ufo_baseline_v1/build/A_PI_NATIVE_200/MG5_PROC/bin/internal/ufomodel/__pycache__/object_library.cpython-312.opt-1.pyc
__init__.cpython-312.opt-1.pyc	5	archive/superseded/.pack_a_native_clean/pi_ufo_baseline_v1_runtimefix/build/A_PI_NATIVE_200/MG5_PROC/bin/internal/ufomodel/__pycache__/__init__.cpython-312.opt-1.pyc; archive/superseded/.pack_a_native_clean/pi_ufo_baseline_v1_runtimefix/build/A_PI_NATIVE_200/MG5_PROC/bin/internal/__pycache__/__init__.cpython-312.opt-1.pyc; runs/A_PI_NATIVE/pi_ufo_baseline_v1/build/A_PI_NATIVE_200/MG5_PROC/bin/internal/ufomodel/__pycache__/__init__.cpython-312.opt-1.pyc; runs/A_PI_NATIVE/pi_ufo_baseline_v1/build/A_PI_NATIVE_200/MG5_PROC/bin/internal/__pycache__/__init__.cpython-312.opt-1.pyc; runs/A_PI_NATIVE_RUNTIMEFIX/pi_ufo_baseline_v1/build/A_PI_NATIVE_200/MG5_PROC/bin/internal/__pycache__/__init__.cpython-312.opt-1.pyc
coupling_orders.cpython-312.opt-1.pyc	2	archive/superseded/.pack_a_native_clean/pi_ufo_baseline_v1_runtimefix/build/A_PI_NATIVE_200/MG5_PROC/bin/internal/ufomodel/__pycache__/coupling_orders.cpython-312.opt-1.pyc; runs/A_PI_NATIVE/pi_ufo_baseline_v1/build/A_PI_NATIVE_200/MG5_PROC/bin/internal/ufomodel/__pycache__/coupling_orders.cpython-312.opt-1.pyc
form_factors.cpython-312.opt-1.pyc	2	archive/superseded/.pack_a_native_clean/pi_ufo_baseline_v1_runtimefix/build/A_PI_NATIVE_200/MG5_PROC/bin/internal/ufomodel/__pycache__/form_factors.cpython-312.opt-1.pyc; runs/A_PI_NATIVE/pi_ufo_baseline_v1/build/A_PI_NATIVE_200/MG5_PROC/bin/internal/ufomodel/__pycache__/form_factors.cpython-312.opt-1.pyc
lorentz.cpython-312.opt-1.pyc	2	archive/superseded/.pack_a_native_clean/pi_ufo_baseline_v1_runtimefix/build/A_PI_NATIVE_200/MG5_PROC/bin/internal/ufomodel/__pycache__/lorentz.cpython-312.opt-1.pyc; runs/A_PI_NATIVE/pi_ufo_baseline_v1/build/A_PI_NATIVE_200/MG5_PROC/bin/internal/ufomodel/__pycache__/lorentz.cpython-312.opt-1.pyc
particles.cpython-312.opt-1.pyc	2	archive/superseded/.pack_a_native_clean/pi_ufo_baseline_v1_runtimefix/build/A_PI_NATIVE_200/MG5_PROC/bin/internal/ufomodel/__pycache__/particles.cpython-312.opt-1.pyc; runs/A_PI_NATIVE/pi_ufo_baseline_v1/build/A_PI_NATIVE_200/MG5_PROC/bin/internal/ufomodel/__pycache__/particles.cpython-312.opt-1.pyc
common_run_interface.cpython-312.opt-1.pyc	3	archive/superseded/.pack_a_native_clean/pi_ufo_baseline_v1_runtimefix/build/A_PI_NATIVE_200/MG5_PROC/bin/internal/__pycache__/common_run_interface.cpython-312.opt-1.pyc; runs/A_PI_NATIVE/pi_ufo_baseline_v1/build/A_PI_NATIVE_200/MG5_PROC/bin/internal/__pycache__/common_run_interface.cpython-312.opt-1.pyc; runs/A_PI_NATIVE_RUNTIMEFIX/pi_ufo_baseline_v1/build/A_PI_NATIVE_200/MG5_PROC/bin/internal/__pycache__/common_run_interface.cpython-312.opt-1.pyc
cluster.cpython-312.opt-1.pyc	3	archive/superseded/.pack_a_native_clean/pi_ufo_baseline_v1_runtimefix/build/A_PI_NATIVE_200/MG5_PROC/bin/internal/__pycache__/cluster.cpython-312.opt-1.pyc; runs/A_PI_NATIVE/pi_ufo_baseline_v1/build/A_PI_NATIVE_200/MG5_PROC/bin/internal/__pycache__/cluster.cpython-312.opt-1.pyc; runs/A_PI_NATIVE_RUNTIMEFIX/pi_ufo_baseline_v1/build/A_PI_NATIVE_200/MG5_PROC/bin/internal/__pycache__/cluster.cpython-312.opt-1.pyc
shower_card.cpython-312.opt-1.pyc	3	archive/superseded/.pack_a_native_clean/pi_ufo_baseline_v1_runtimefix/build/A_PI_NATIVE_200/MG5_PROC/bin/internal/__pycache__/shower_card.cpython-312.opt-1.pyc; runs/A_PI_NATIVE/pi_ufo_baseline_v1/build/A_PI_NATIVE_200/MG5_PROC/bin/internal/__pycache__/shower_card.cpython-312.opt-1.pyc; runs/A_PI_NATIVE_RUNTIMEFIX/pi_ufo_baseline_v1/build/A_PI_NATIVE_200/MG5_PROC/bin/internal/__pycache__/shower_card.cpython-312.opt-1.pyc
combine_grid.cpython-312.opt-1.pyc	3	archive/superseded/.pack_a_native_clean/pi_ufo_baseline_v1_runtimefix/build/A_PI_NATIVE_200/MG5_PROC/bin/internal/__pycache__/combine_grid.cpython-312.opt-1.pyc; runs/A_PI_NATIVE/pi_ufo_baseline_v1/build/A_PI_NATIVE_200/MG5_PROC/bin/internal/__pycache__/combine_grid.cpython-312.opt-1.pyc; runs/A_PI_NATIVE_RUNTIMEFIX/pi_ufo_baseline_v1/build/A_PI_NATIVE_200/MG5_PROC/bin/internal/__pycache__/combine_grid.cpython-312.opt-1.pyc
save_load_object.cpython-312.opt-1.pyc	3	archive/superseded/.pack_a_native_clean/pi_ufo_baseline_v1_runtimefix/build/A_PI_NATIVE_200/MG5_PROC/bin/internal/__pycache__/save_load_object.cpython-312.opt-1.pyc; runs/A_PI_NATIVE/pi_ufo_baseline_v1/build/A_PI_NATIVE_200/MG5_PROC/bin/internal/__pycache__/save_load_object.cpython-312.opt-1.pyc; runs/A_PI_NATIVE_RUNTIMEFIX/pi_ufo_baseline_v1/build/A_PI_NATIVE_200/MG5_PROC/bin/internal/__pycache__/save_load_object.cpython-312.opt-1.pyc
files.cpython-312.opt-1.pyc	3	archive/superseded/.pack_a_native_clean/pi_ufo_baseline_v1_runtimefix/build/A_PI_NATIVE_200/MG5_PROC/bin/internal/__pycache__/files.cpython-312.opt-1.pyc; runs/A_PI_NATIVE/pi_ufo_baseline_v1/build/A_PI_NATIVE_200/MG5_PROC/bin/internal/__pycache__/files.cpython-312.opt-1.pyc; runs/A_PI_NATIVE_RUNTIMEFIX/pi_ufo_baseline_v1/build/A_PI_NATIVE_200/MG5_PROC/bin/internal/__pycache__/files.cpython-312.opt-1.pyc
hel_recycle.cpython-312.opt-1.pyc	3	archive/superseded/.pack_a_native_clean/pi_ufo_baseline_v1_runtimefix/build/A_PI_NATIVE_200/MG5_PROC/bin/internal/__pycache__/hel_recycle.cpython-312.opt-1.pyc; runs/A_PI_NATIVE/pi_ufo_baseline_v1/build/A_PI_NATIVE_200/MG5_PROC/bin/internal/__pycache__/hel_recycle.cpython-312.opt-1.pyc; runs/A_PI_NATIVE_RUNTIMEFIX/pi_ufo_baseline_v1/build/A_PI_NATIVE_200/MG5_PROC/bin/internal/__pycache__/hel_recycle.cpython-312.opt-1.pyc
extended_cmd.cpython-312.opt-1.pyc	3	archive/superseded/.pack_a_native_clean/pi_ufo_baseline_v1_runtimefix/build/A_PI_NATIVE_200/MG5_PROC/bin/internal/__pycache__/extended_cmd.cpython-312.opt-1.pyc; runs/A_PI_NATIVE/pi_ufo_baseline_v1/build/A_PI_NATIVE_200/MG5_PROC/bin/internal/__pycache__/extended_cmd.cpython-312.opt-1.pyc; runs/A_PI_NATIVE_RUNTIMEFIX/pi_ufo_baseline_v1/build/A_PI_NATIVE_200/MG5_PROC/bin/internal/__pycache__/extended_cmd.cpython-312.opt-1.pyc
check_param_card.cpython-312.opt-1.pyc	3	archive/superseded/.pack_a_native_clean/pi_ufo_baseline_v1_runtimefix/build/A_PI_NATIVE_200/MG5_PROC/bin/internal/__pycache__/check_param_card.cpython-312.opt-1.pyc; runs/A_PI_NATIVE/pi_ufo_baseline_v1/build/A_PI_NATIVE_200/MG5_PROC/bin/internal/__pycache__/check_param_card.cpython-312.opt-1.pyc; runs/A_PI_NATIVE_RUNTIMEFIX/pi_ufo_baseline_v1/build/A_PI_NATIVE_200/MG5_PROC/bin/internal/__pycache__/check_param_card.cpython-312.opt-1.pyc
gen_ximprove.cpython-312.opt-1.pyc	3	archive/superseded/.pack_a_native_clean/pi_ufo_baseline_v1_runtimefix/build/A_PI_NATIVE_200/MG5_PROC/bin/internal/__pycache__/gen_ximprove.cpython-312.opt-1.pyc; runs/A_PI_NATIVE/pi_ufo_baseline_v1/build/A_PI_NATIVE_200/MG5_PROC/bin/internal/__pycache__/gen_ximprove.cpython-312.opt-1.pyc; runs/A_PI_NATIVE_RUNTIMEFIX/pi_ufo_baseline_v1/build/A_PI_NATIVE_200/MG5_PROC/bin/internal/__pycache__/gen_ximprove.cpython-312.opt-1.pyc
coloring_logging.cpython-312.opt-1.pyc	3	archive/superseded/.pack_a_native_clean/pi_ufo_baseline_v1_runtimefix/build/A_PI_NATIVE_200/MG5_PROC/bin/internal/__pycache__/coloring_logging.cpython-312.opt-1.pyc; runs/A_PI_NATIVE/pi_ufo_baseline_v1/build/A_PI_NATIVE_200/MG5_PROC/bin/internal/__pycache__/coloring_logging.cpython-312.opt-1.pyc; runs/A_PI_NATIVE_RUNTIMEFIX/pi_ufo_baseline_v1/build/A_PI_NATIVE_200/MG5_PROC/bin/internal/__pycache__/coloring_logging.cpython-312.opt-1.pyc
banner.cpython-312.opt-1.pyc	3	archive/superseded/.pack_a_native_clean/pi_ufo_baseline_v1_runtimefix/build/A_PI_NATIVE_200/MG5_PROC/bin/internal/__pycache__/banner.cpython-312.opt-1.pyc; runs/A_PI_NATIVE/pi_ufo_baseline_v1/build/A_PI_NATIVE_200/MG5_PROC/bin/internal/__pycache__/banner.cpython-312.opt-1.pyc; runs/A_PI_NATIVE_RUNTIMEFIX/pi_ufo_baseline_v1/build/A_PI_NATIVE_200/MG5_PROC/bin/internal/__pycache__/banner.cpython-312.opt-1.pyc
misc.cpython-312.opt-1.pyc	3	archive/superseded/.pack_a_native_clean/pi_ufo_baseline_v1_runtimefix/build/A_PI_NATIVE_200/MG5_PROC/bin/internal/__pycache__/misc.cpython-312.opt-1.pyc; runs/A_PI_NATIVE/pi_ufo_baseline_v1/build/A_PI_NATIVE_200/MG5_PROC/bin/internal/__pycache__/misc.cpython-312.opt-1.pyc; runs/A_PI_NATIVE_RUNTIMEFIX/pi_ufo_baseline_v1/build/A_PI_NATIVE_200/MG5_PROC/bin/internal/__pycache__/misc.cpython-312.opt-1.pyc
FO_analyse_card.cpython-312.opt-1.pyc	3	archive/superseded/.pack_a_native_clean/pi_ufo_baseline_v1_runtimefix/build/A_PI_NATIVE_200/MG5_PROC/bin/internal/__pycache__/FO_analyse_card.cpython-312.opt-1.pyc; runs/A_PI_NATIVE/pi_ufo_baseline_v1/build/A_PI_NATIVE_200/MG5_PROC/bin/internal/__pycache__/FO_analyse_card.cpython-312.opt-1.pyc; runs/A_PI_NATIVE_RUNTIMEFIX/pi_ufo_baseline_v1/build/A_PI_NATIVE_200/MG5_PROC/bin/internal/__pycache__/FO_analyse_card.cpython-312.opt-1.pyc
combine_runs.cpython-312.opt-1.pyc	3	archive/superseded/.pack_a_native_clean/pi_ufo_baseline_v1_runtimefix/build/A_PI_NATIVE_200/MG5_PROC/bin/internal/__pycache__/combine_runs.cpython-312.opt-1.pyc; runs/A_PI_NATIVE/pi_ufo_baseline_v1/build/A_PI_NATIVE_200/MG5_PROC/bin/internal/__pycache__/combine_runs.cpython-312.opt-1.pyc; runs/A_PI_NATIVE_RUNTIMEFIX/pi_ufo_baseline_v1/build/A_PI_NATIVE_200/MG5_PROC/bin/internal/__pycache__/combine_runs.cpython-312.opt-1.pyc
gen_crossxhtml.cpython-312.opt-1.pyc	3	archive/superseded/.pack_a_native_clean/pi_ufo_baseline_v1_runtimefix/build/A_PI_NATIVE_200/MG5_PROC/bin/internal/__pycache__/gen_crossxhtml.cpython-312.opt-1.pyc; runs/A_PI_NATIVE/pi_ufo_baseline_v1/build/A_PI_NATIVE_200/MG5_PROC/bin/internal/__pycache__/gen_crossxhtml.cpython-312.opt-1.pyc; runs/A_PI_NATIVE_RUNTIMEFIX/pi_ufo_baseline_v1/build/A_PI_NATIVE_200/MG5_PROC/bin/internal/__pycache__/gen_crossxhtml.cpython-312.opt-1.pyc
file_writers.cpython-312.opt-1.pyc	3	archive/superseded/.pack_a_native_clean/pi_ufo_baseline_v1_runtimefix/build/A_PI_NATIVE_200/MG5_PROC/bin/internal/__pycache__/file_writers.cpython-312.opt-1.pyc; runs/A_PI_NATIVE/pi_ufo_baseline_v1/build/A_PI_NATIVE_200/MG5_PROC/bin/internal/__pycache__/file_writers.cpython-312.opt-1.pyc; runs/A_PI_NATIVE_RUNTIMEFIX/pi_ufo_baseline_v1/build/A_PI_NATIVE_200/MG5_PROC/bin/internal/__pycache__/file_writers.cpython-312.opt-1.pyc
sum_html.cpython-312.opt-1.pyc	3	archive/superseded/.pack_a_native_clean/pi_ufo_baseline_v1_runtimefix/build/A_PI_NATIVE_200/MG5_PROC/bin/internal/__pycache__/sum_html.cpython-312.opt-1.pyc; runs/A_PI_NATIVE/pi_ufo_baseline_v1/build/A_PI_NATIVE_200/MG5_PROC/bin/internal/__pycache__/sum_html.cpython-312.opt-1.pyc; runs/A_PI_NATIVE_RUNTIMEFIX/pi_ufo_baseline_v1/build/A_PI_NATIVE_200/MG5_PROC/bin/internal/__pycache__/sum_html.cpython-312.opt-1.pyc
madevent_interface.cpython-312.opt-1.pyc	3	archive/superseded/.pack_a_native_clean/pi_ufo_baseline_v1_runtimefix/build/A_PI_NATIVE_200/MG5_PROC/bin/internal/__pycache__/madevent_interface.cpython-312.opt-1.pyc; runs/A_PI_NATIVE/pi_ufo_baseline_v1/build/A_PI_NATIVE_200/MG5_PROC/bin/internal/__pycache__/madevent_interface.cpython-312.opt-1.pyc; runs/A_PI_NATIVE_RUNTIMEFIX/pi_ufo_baseline_v1/build/A_PI_NATIVE_200/MG5_PROC/bin/internal/__pycache__/madevent_interface.cpython-312.opt-1.pyc
lhe_parser.cpython-312.opt-1.pyc	3	archive/superseded/.pack_a_native_clean/pi_ufo_baseline_v1_runtimefix/build/A_PI_NATIVE_200/MG5_PROC/bin/internal/__pycache__/lhe_parser.cpython-312.opt-1.pyc; runs/A_PI_NATIVE/pi_ufo_baseline_v1/build/A_PI_NATIVE_200/MG5_PROC/bin/internal/__pycache__/lhe_parser.cpython-312.opt-1.pyc; runs/A_PI_NATIVE_RUNTIMEFIX/pi_ufo_baseline_v1/build/A_PI_NATIVE_200/MG5_PROC/bin/internal/__pycache__/lhe_parser.cpython-312.opt-1.pyc
run.sh	4	archive/superseded/.pack_a_native_clean/pi_ufo_baseline_v1_runtimefix/build/A_PI_NATIVE_200/MG5_PROC/bin/internal/Gridpack/run.sh; releases/pack_a/scientific_validation/external_validation_a/pi_ufo_baseline_v1/build/point_000001/MG5_PROC/bin/internal/Gridpack/run.sh; runs/A_PI_NATIVE/pi_ufo_baseline_v1/build/A_PI_NATIVE_200/MG5_PROC/bin/internal/Gridpack/run.sh; runs/A_PI_NATIVE_RUNTIMEFIX/pi_ufo_baseline_v1/build/A_PI_NATIVE_200/MG5_PROC/bin/internal/Gridpack/run.sh
TheChopper-pl	4	archive/superseded/.pack_a_native_clean/pi_ufo_baseline_v1_runtimefix/build/A_PI_NATIVE_200/MG5_PROC/bin/internal/Gridpack/TheChopper-pl; releases/pack_a/scientific_validation/external_validation_a/pi_ufo_baseline_v1/build/point_000001/MG5_PROC/bin/internal/Gridpack/TheChopper-pl; runs/A_PI_NATIVE/pi_ufo_baseline_v1/build/A_PI_NATIVE_200/MG5_PROC/bin/internal/Gridpack/TheChopper-pl; runs/A_PI_NATIVE_RUNTIMEFIX/pi_ufo_baseline_v1/build/A_PI_NATIVE_200/MG5_PROC/bin/internal/Gridpack/TheChopper-pl
compile	4	archive/superseded/.pack_a_native_clean/pi_ufo_baseline_v1_runtimefix/build/A_PI_NATIVE_200/MG5_PROC/bin/internal/Gridpack/compile; releases/pack_a/scientific_validation/external_validation_a/pi_ufo_baseline_v1/build/point_000001/MG5_PROC/bin/internal/Gridpack/compile; runs/A_PI_NATIVE/pi_ufo_baseline_v1/build/A_PI_NATIVE_200/MG5_PROC/bin/internal/Gridpack/compile; runs/A_PI_NATIVE_RUNTIMEFIX/pi_ufo_baseline_v1/build/A_PI_NATIVE_200/MG5_PROC/bin/internal/Gridpack/compile
gridrun	4	archive/superseded/.pack_a_native_clean/pi_ufo_baseline_v1_runtimefix/build/A_PI_NATIVE_200/MG5_PROC/bin/internal/Gridpack/gridrun; releases/pack_a/scientific_validation/external_validation_a/pi_ufo_baseline_v1/build/point_000001/MG5_PROC/bin/internal/Gridpack/gridrun; runs/A_PI_NATIVE/pi_ufo_baseline_v1/build/A_PI_NATIVE_200/MG5_PROC/bin/internal/Gridpack/gridrun; runs/A_PI_NATIVE_RUNTIMEFIX/pi_ufo_baseline_v1/build/A_PI_NATIVE_200/MG5_PROC/bin/internal/Gridpack/gridrun
clean4grid	4	archive/superseded/.pack_a_native_clean/pi_ufo_baseline_v1_runtimefix/build/A_PI_NATIVE_200/MG5_PROC/bin/internal/Gridpack/clean4grid; releases/pack_a/scientific_validation/external_validation_a/pi_ufo_baseline_v1/build/point_000001/MG5_PROC/bin/internal/Gridpack/clean4grid; runs/A_PI_NATIVE/pi_ufo_baseline_v1/build/A_PI_NATIVE_200/MG5_PROC/bin/internal/Gridpack/clean4grid; runs/A_PI_NATIVE_RUNTIMEFIX/pi_ufo_baseline_v1/build/A_PI_NATIVE_200/MG5_PROC/bin/internal/Gridpack/clean4grid
refine4grid	4	archive/superseded/.pack_a_native_clean/pi_ufo_baseline_v1_runtimefix/build/A_PI_NATIVE_200/MG5_PROC/bin/internal/Gridpack/refine4grid; releases/pack_a/scientific_validation/external_validation_a/pi_ufo_baseline_v1/build/point_000001/MG5_PROC/bin/internal/Gridpack/refine4grid; runs/A_PI_NATIVE/pi_ufo_baseline_v1/build/A_PI_NATIVE_200/MG5_PROC/bin/internal/Gridpack/refine4grid; runs/A_PI_NATIVE_RUNTIMEFIX/pi_ufo_baseline_v1/build/A_PI_NATIVE_200/MG5_PROC/bin/internal/Gridpack/refine4grid
replace.pl	4	archive/superseded/.pack_a_native_clean/pi_ufo_baseline_v1_runtimefix/build/A_PI_NATIVE_200/MG5_PROC/bin/internal/Gridpack/replace.pl; releases/pack_a/scientific_validation/external_validation_a/pi_ufo_baseline_v1/build/point_000001/MG5_PROC/bin/internal/Gridpack/replace.pl; runs/A_PI_NATIVE/pi_ufo_baseline_v1/build/A_PI_NATIVE_200/MG5_PROC/bin/internal/Gridpack/replace.pl; runs/A_PI_NATIVE_RUNTIMEFIX/pi_ufo_baseline_v1/build/A_PI_NATIVE_200/MG5_PROC/bin/internal/Gridpack/replace.pl
setrun.f	4	archive/superseded/.pack_a_native_clean/pi_ufo_baseline_v1_runtimefix/build/A_PI_NATIVE_200/MG5_PROC/Source/setrun.f; releases/pack_a/scientific_validation/external_validation_a/pi_ufo_baseline_v1/build/point_000001/MG5_PROC/Source/setrun.f; runs/A_PI_NATIVE/pi_ufo_baseline_v1/build/A_PI_NATIVE_200/MG5_PROC/Source/setrun.f; runs/A_PI_NATIVE_RUNTIMEFIX/pi_ufo_baseline_v1/build/A_PI_NATIVE_200/MG5_PROC/Source/setrun.f
invarients.o	3	archive/superseded/.pack_a_native_clean/pi_ufo_baseline_v1_runtimefix/build/A_PI_NATIVE_200/MG5_PROC/Source/invarients.o; runs/A_PI_NATIVE/pi_ufo_baseline_v1/build/A_PI_NATIVE_200/MG5_PROC/Source/invarients.o; runs/A_PI_NATIVE_RUNTIMEFIX/pi_ufo_baseline_v1/build/A_PI_NATIVE_200/MG5_PROC/Source/invarients.o
readgrid.o	3	archive/superseded/.pack_a_native_clean/pi_ufo_baseline_v1_runtimefix/build/A_PI_NATIVE_200/MG5_PROC/Source/readgrid.o; runs/A_PI_NATIVE/pi_ufo_baseline_v1/build/A_PI_NATIVE_200/MG5_PROC/Source/readgrid.o; runs/A_PI_NATIVE_RUNTIMEFIX/pi_ufo_baseline_v1/build/A_PI_NATIVE_200/MG5_PROC/Source/readgrid.o
alfas_functions.o	3	archive/superseded/.pack_a_native_clean/pi_ufo_baseline_v1_runtimefix/build/A_PI_NATIVE_200/MG5_PROC/Source/alfas_functions.o; runs/A_PI_NATIVE/pi_ufo_baseline_v1/build/A_PI_NATIVE_200/MG5_PROC/Source/alfas_functions.o; runs/A_PI_NATIVE_RUNTIMEFIX/pi_ufo_baseline_v1/build/A_PI_NATIVE_200/MG5_PROC/Source/alfas_functions.o
rw_events.f	4	archive/superseded/.pack_a_native_clean/pi_ufo_baseline_v1_runtimefix/build/A_PI_NATIVE_200/MG5_PROC/Source/rw_events.f; releases/pack_a/scientific_validation/external_validation_a/pi_ufo_baseline_v1/build/point_000001/MG5_PROC/Source/rw_events.f; runs/A_PI_NATIVE/pi_ufo_baseline_v1/build/A_PI_NATIVE_200/MG5_PROC/Source/rw_events.f; runs/A_PI_NATIVE_RUNTIMEFIX/pi_ufo_baseline_v1/build/A_PI_NATIVE_200/MG5_PROC/Source/rw_events.f
ran1.o	3	archive/superseded/.pack_a_native_clean/pi_ufo_baseline_v1_runtimefix/build/A_PI_NATIVE_200/MG5_PROC/Source/ran1.o; runs/A_PI_NATIVE/pi_ufo_baseline_v1/build/A_PI_NATIVE_200/MG5_PROC/Source/ran1.o; runs/A_PI_NATIVE_RUNTIMEFIX/pi_ufo_baseline_v1/build/A_PI_NATIVE_200/MG5_PROC/Source/ran1.o
eepdf.inc	8	archive/superseded/.pack_a_native_clean/pi_ufo_baseline_v1_runtimefix/build/A_PI_NATIVE_200/MG5_PROC/Source/eepdf.inc; archive/superseded/.pack_a_native_clean/pi_ufo_baseline_v1_runtimefix/build/A_PI_NATIVE_200/MG5_PROC/Source/PDF/eepdf.inc; releases/pack_a/scientific_validation/external_validation_a/pi_ufo_baseline_v1/build/point_000001/MG5_PROC/Source/eepdf.inc; releases/pack_a/scientific_validation/external_validation_a/pi_ufo_baseline_v1/build/point_000001/MG5_PROC/Source/PDF/eepdf.inc; runs/A_PI_NATIVE/pi_ufo_baseline_v1/build/A_PI_NATIVE_200/MG5_PROC/Source/eepdf.inc; runs/A_PI_NATIVE/pi_ufo_baseline_v1/build/A_PI_NATIVE_200/MG5_PROC/Source/PDF/eepdf.inc; runs/A_PI_NATIVE_RUNTIMEFIX/pi_ufo_baseline_v1/build/A_PI_NATIVE_200/MG5_PROC/Source/eepdf.inc; runs/A_PI_NATIVE_RUNTIMEFIX/pi_ufo_baseline_v1/build/A_PI_NATIVE_200/MG5_PROC/Source/PDF/eepdf.inc
ran1.f	4	archive/superseded/.pack_a_native_clean/pi_ufo_baseline_v1_runtimefix/build/A_PI_NATIVE_200/MG5_PROC/Source/ran1.f; releases/pack_a/scientific_validation/external_validation_a/pi_ufo_baseline_v1/build/point_000001/MG5_PROC/Source/ran1.f; runs/A_PI_NATIVE/pi_ufo_baseline_v1/build/A_PI_NATIVE_200/MG5_PROC/Source/ran1.f; runs/A_PI_NATIVE_RUNTIMEFIX/pi_ufo_baseline_v1/build/A_PI_NATIVE_200/MG5_PROC/Source/ran1.f
psample.inc	4	archive/superseded/.pack_a_native_clean/pi_ufo_baseline_v1_runtimefix/build/A_PI_NATIVE_200/MG5_PROC/Source/psample.inc; releases/pack_a/scientific_validation/external_validation_a/pi_ufo_baseline_v1/build/point_000001/MG5_PROC/Source/psample.inc; runs/A_PI_NATIVE/pi_ufo_baseline_v1/build/A_PI_NATIVE_200/MG5_PROC/Source/psample.inc; runs/A_PI_NATIVE_RUNTIMEFIX/pi_ufo_baseline_v1/build/A_PI_NATIVE_200/MG5_PROC/Source/psample.inc
combine_events.f	4	archive/superseded/.pack_a_native_clean/pi_ufo_baseline_v1_runtimefix/build/A_PI_NATIVE_200/MG5_PROC/Source/combine_events.f; releases/pack_a/scientific_validation/external_validation_a/pi_ufo_baseline_v1/build/point_000001/MG5_PROC/Source/combine_events.f; runs/A_PI_NATIVE/pi_ufo_baseline_v1/build/A_PI_NATIVE_200/MG5_PROC/Source/combine_events.f; runs/A_PI_NATIVE_RUNTIMEFIX/pi_ufo_baseline_v1/build/A_PI_NATIVE_200/MG5_PROC/Source/combine_events.f
param_card.inc	3	archive/superseded/.pack_a_native_clean/pi_ufo_baseline_v1_runtimefix/build/A_PI_NATIVE_200/MG5_PROC/Source/param_card.inc; runs/A_PI_NATIVE/pi_ufo_baseline_v1/build/A_PI_NATIVE_200/MG5_PROC/Source/param_card.inc; runs/A_PI_NATIVE_RUNTIMEFIX/pi_ufo_baseline_v1/build/A_PI_NATIVE_200/MG5_PROC/Source/param_card.inc
getissud.o	3	archive/superseded/.pack_a_native_clean/pi_ufo_baseline_v1_runtimefix/build/A_PI_NATIVE_200/MG5_PROC/Source/getissud.o; runs/A_PI_NATIVE/pi_ufo_baseline_v1/build/A_PI_NATIVE_200/MG5_PROC/Source/getissud.o; runs/A_PI_NATIVE_RUNTIMEFIX/pi_ufo_baseline_v1/build/A_PI_NATIVE_200/MG5_PROC/Source/getissud.o
StringCast.f	4	archive/superseded/.pack_a_native_clean/pi_ufo_baseline_v1_runtimefix/build/A_PI_NATIVE_200/MG5_PROC/Source/StringCast.f; releases/pack_a/scientific_validation/external_validation_a/pi_ufo_baseline_v1/build/point_000001/MG5_PROC/Source/StringCast.f; runs/A_PI_NATIVE/pi_ufo_baseline_v1/build/A_PI_NATIVE_200/MG5_PROC/Source/StringCast.f; runs/A_PI_NATIVE_RUNTIMEFIX/pi_ufo_baseline_v1/build/A_PI_NATIVE_200/MG5_PROC/Source/StringCast.f
gen_ximprove.f	4	archive/superseded/.pack_a_native_clean/pi_ufo_baseline_v1_runtimefix/build/A_PI_NATIVE_200/MG5_PROC/Source/gen_ximprove.f; releases/pack_a/scientific_validation/external_validation_a/pi_ufo_baseline_v1/build/point_000001/MG5_PROC/Source/gen_ximprove.f; runs/A_PI_NATIVE/pi_ufo_baseline_v1/build/A_PI_NATIVE_200/MG5_PROC/Source/gen_ximprove.f; runs/A_PI_NATIVE_RUNTIMEFIX/pi_ufo_baseline_v1/build/A_PI_NATIVE_200/MG5_PROC/Source/gen_ximprove.f
discretesampler.mod	3	archive/superseded/.pack_a_native_clean/pi_ufo_baseline_v1_runtimefix/build/A_PI_NATIVE_200/MG5_PROC/Source/discretesampler.mod; runs/A_PI_NATIVE/pi_ufo_baseline_v1/build/A_PI_NATIVE_200/MG5_PROC/Source/discretesampler.mod; runs/A_PI_NATIVE_RUNTIMEFIX/pi_ufo_baseline_v1/build/A_PI_NATIVE_200/MG5_PROC/Source/discretesampler.mod
alfas.inc	4	archive/superseded/.pack_a_native_clean/pi_ufo_baseline_v1_runtimefix/build/A_PI_NATIVE_200/MG5_PROC/Source/alfas.inc; releases/pack_a/scientific_validation/external_validation_a/pi_ufo_baseline_v1/build/point_000001/MG5_PROC/Source/alfas.inc; runs/A_PI_NATIVE/pi_ufo_baseline_v1/build/A_PI_NATIVE_200/MG5_PROC/Source/alfas.inc; runs/A_PI_NATIVE_RUNTIMEFIX/pi_ufo_baseline_v1/build/A_PI_NATIVE_200/MG5_PROC/Source/alfas.inc
pawgraphs.f	4	archive/superseded/.pack_a_native_clean/pi_ufo_baseline_v1_runtimefix/build/A_PI_NATIVE_200/MG5_PROC/Source/pawgraphs.f; releases/pack_a/scientific_validation/external_validation_a/pi_ufo_baseline_v1/build/point_000001/MG5_PROC/Source/pawgraphs.f; runs/A_PI_NATIVE/pi_ufo_baseline_v1/build/A_PI_NATIVE_200/MG5_PROC/Source/pawgraphs.f; runs/A_PI_NATIVE_RUNTIMEFIX/pi_ufo_baseline_v1/build/A_PI_NATIVE_200/MG5_PROC/Source/pawgraphs.f
banner_header.txt	4	archive/superseded/.pack_a_native_clean/pi_ufo_baseline_v1_runtimefix/build/A_PI_NATIVE_200/MG5_PROC/Source/banner_header.txt; releases/pack_a/scientific_validation/external_validation_a/pi_ufo_baseline_v1/build/point_000001/MG5_PROC/Source/banner_header.txt; runs/A_PI_NATIVE/pi_ufo_baseline_v1/build/A_PI_NATIVE_200/MG5_PROC/Source/banner_header.txt; runs/A_PI_NATIVE_RUNTIMEFIX/pi_ufo_baseline_v1/build/A_PI_NATIVE_200/MG5_PROC/Source/banner_header.txt
hcurve.f	4	archive/superseded/.pack_a_native_clean/pi_ufo_baseline_v1_runtimefix/build/A_PI_NATIVE_200/MG5_PROC/Source/hcurve.f; releases/pack_a/scientific_validation/external_validation_a/pi_ufo_baseline_v1/build/point_000001/MG5_PROC/Source/hcurve.f; runs/A_PI_NATIVE/pi_ufo_baseline_v1/build/A_PI_NATIVE_200/MG5_PROC/Source/hcurve.f; runs/A_PI_NATIVE_RUNTIMEFIX/pi_ufo_baseline_v1/build/A_PI_NATIVE_200/MG5_PROC/Source/hcurve.f
kin_functions.o	3	archive/superseded/.pack_a_native_clean/pi_ufo_baseline_v1_runtimefix/build/A_PI_NATIVE_200/MG5_PROC/Source/kin_functions.o; runs/A_PI_NATIVE/pi_ufo_baseline_v1/build/A_PI_NATIVE_200/MG5_PROC/Source/kin_functions.o; runs/A_PI_NATIVE_RUNTIMEFIX/pi_ufo_baseline_v1/build/A_PI_NATIVE_200/MG5_PROC/Source/kin_functions.o
run_printout.f	4	archive/superseded/.pack_a_native_clean/pi_ufo_baseline_v1_runtimefix/build/A_PI_NATIVE_200/MG5_PROC/Source/run_printout.f; releases/pack_a/scientific_validation/external_validation_a/pi_ufo_baseline_v1/build/point_000001/MG5_PROC/Source/run_printout.f; runs/A_PI_NATIVE/pi_ufo_baseline_v1/build/A_PI_NATIVE_200/MG5_PROC/Source/run_printout.f; runs/A_PI_NATIVE_RUNTIMEFIX/pi_ufo_baseline_v1/build/A_PI_NATIVE_200/MG5_PROC/Source/run_printout.f
cuts.inc	4	archive/superseded/.pack_a_native_clean/pi_ufo_baseline_v1_runtimefix/build/A_PI_NATIVE_200/MG5_PROC/Source/cuts.inc; releases/pack_a/scientific_validation/external_validation_a/pi_ufo_baseline_v1/build/point_000001/MG5_PROC/Source/cuts.inc; runs/A_PI_NATIVE/pi_ufo_baseline_v1/build/A_PI_NATIVE_200/MG5_PROC/Source/cuts.inc; runs/A_PI_NATIVE_RUNTIMEFIX/pi_ufo_baseline_v1/build/A_PI_NATIVE_200/MG5_PROC/Source/cuts.inc
run.inc	4	archive/superseded/.pack_a_native_clean/pi_ufo_baseline_v1_runtimefix/build/A_PI_NATIVE_200/MG5_PROC/Source/run.inc; releases/pack_a/scientific_validation/external_validation_a/pi_ufo_baseline_v1/build/point_000001/MG5_PROC/Source/run.inc; runs/A_PI_NATIVE/pi_ufo_baseline_v1/build/A_PI_NATIVE_200/MG5_PROC/Source/run.inc; runs/A_PI_NATIVE_RUNTIMEFIX/pi_ufo_baseline_v1/build/A_PI_NATIVE_200/MG5_PROC/Source/run.inc
hbook.inc	4	archive/superseded/.pack_a_native_clean/pi_ufo_baseline_v1_runtimefix/build/A_PI_NATIVE_200/MG5_PROC/Source/hbook.inc; releases/pack_a/scientific_validation/external_validation_a/pi_ufo_baseline_v1/build/point_000001/MG5_PROC/Source/hbook.inc; runs/A_PI_NATIVE/pi_ufo_baseline_v1/build/A_PI_NATIVE_200/MG5_PROC/Source/hbook.inc; runs/A_PI_NATIVE_RUNTIMEFIX/pi_ufo_baseline_v1/build/A_PI_NATIVE_200/MG5_PROC/Source/hbook.inc
make_opts	4	archive/superseded/.pack_a_native_clean/pi_ufo_baseline_v1_runtimefix/build/A_PI_NATIVE_200/MG5_PROC/Source/make_opts; releases/pack_a/scientific_validation/external_validation_a/pi_ufo_baseline_v1/build/point_000001/MG5_PROC/Source/make_opts; runs/A_PI_NATIVE/pi_ufo_baseline_v1/build/A_PI_NATIVE_200/MG5_PROC/Source/make_opts; runs/A_PI_NATIVE_RUNTIMEFIX/pi_ufo_baseline_v1/build/A_PI_NATIVE_200/MG5_PROC/Source/make_opts
run_printout.o	3	archive/superseded/.pack_a_native_clean/pi_ufo_baseline_v1_runtimefix/build/A_PI_NATIVE_200/MG5_PROC/Source/run_printout.o; runs/A_PI_NATIVE/pi_ufo_baseline_v1/build/A_PI_NATIVE_200/MG5_PROC/Source/run_printout.o; runs/A_PI_NATIVE_RUNTIMEFIX/pi_ufo_baseline_v1/build/A_PI_NATIVE_200/MG5_PROC/Source/run_printout.o
transpole.f	4	archive/superseded/.pack_a_native_clean/pi_ufo_baseline_v1_runtimefix/build/A_PI_NATIVE_200/MG5_PROC/Source/transpole.f; releases/pack_a/scientific_validation/external_validation_a/pi_ufo_baseline_v1/build/point_000001/MG5_PROC/Source/transpole.f; runs/A_PI_NATIVE/pi_ufo_baseline_v1/build/A_PI_NATIVE_200/MG5_PROC/Source/transpole.f; runs/A_PI_NATIVE_RUNTIMEFIX/pi_ufo_baseline_v1/build/A_PI_NATIVE_200/MG5_PROC/Source/transpole.f
kin_functions.f	4	archive/superseded/.pack_a_native_clean/pi_ufo_baseline_v1_runtimefix/build/A_PI_NATIVE_200/MG5_PROC/Source/kin_functions.f; releases/pack_a/scientific_validation/external_validation_a/pi_ufo_baseline_v1/build/point_000001/MG5_PROC/Source/kin_functions.f; runs/A_PI_NATIVE/pi_ufo_baseline_v1/build/A_PI_NATIVE_200/MG5_PROC/Source/kin_functions.f; runs/A_PI_NATIVE_RUNTIMEFIX/pi_ufo_baseline_v1/build/A_PI_NATIVE_200/MG5_PROC/Source/kin_functions.f
maxconfigs.inc	4	archive/superseded/.pack_a_native_clean/pi_ufo_baseline_v1_runtimefix/build/A_PI_NATIVE_200/MG5_PROC/Source/maxconfigs.inc; releases/pack_a/scientific_validation/external_validation_a/pi_ufo_baseline_v1/build/point_000001/MG5_PROC/Source/maxconfigs.inc; runs/A_PI_NATIVE/pi_ufo_baseline_v1/build/A_PI_NATIVE_200/MG5_PROC/Source/maxconfigs.inc; runs/A_PI_NATIVE_RUNTIMEFIX/pi_ufo_baseline_v1/build/A_PI_NATIVE_200/MG5_PROC/Source/maxconfigs.inc
rw_events.o	3	archive/superseded/.pack_a_native_clean/pi_ufo_baseline_v1_runtimefix/build/A_PI_NATIVE_200/MG5_PROC/Source/rw_events.o; runs/A_PI_NATIVE/pi_ufo_baseline_v1/build/A_PI_NATIVE_200/MG5_PROC/Source/rw_events.o; runs/A_PI_NATIVE_RUNTIMEFIX/pi_ufo_baseline_v1/build/A_PI_NATIVE_200/MG5_PROC/Source/rw_events.o
transpole.o	3	archive/superseded/.pack_a_native_clean/pi_ufo_baseline_v1_runtimefix/build/A_PI_NATIVE_200/MG5_PROC/Source/transpole.o; runs/A_PI_NATIVE/pi_ufo_baseline_v1/build/A_PI_NATIVE_200/MG5_PROC/Source/transpole.o; runs/A_PI_NATIVE_RUNTIMEFIX/pi_ufo_baseline_v1/build/A_PI_NATIVE_200/MG5_PROC/Source/transpole.o
hbook1.f	4	archive/superseded/.pack_a_native_clean/pi_ufo_baseline_v1_runtimefix/build/A_PI_NATIVE_200/MG5_PROC/Source/hbook1.f; releases/pack_a/scientific_validation/external_validation_a/pi_ufo_baseline_v1/build/point_000001/MG5_PROC/Source/hbook1.f; runs/A_PI_NATIVE/pi_ufo_baseline_v1/build/A_PI_NATIVE_200/MG5_PROC/Source/hbook1.f; runs/A_PI_NATIVE_RUNTIMEFIX/pi_ufo_baseline_v1/build/A_PI_NATIVE_200/MG5_PROC/Source/hbook1.f
basecode.o	3	archive/superseded/.pack_a_native_clean/pi_ufo_baseline_v1_runtimefix/build/A_PI_NATIVE_200/MG5_PROC/Source/basecode.o; runs/A_PI_NATIVE/pi_ufo_baseline_v1/build/A_PI_NATIVE_200/MG5_PROC/Source/basecode.o; runs/A_PI_NATIVE_RUNTIMEFIX/pi_ufo_baseline_v1/build/A_PI_NATIVE_200/MG5_PROC/Source/basecode.o
getissud.f	4	archive/superseded/.pack_a_native_clean/pi_ufo_baseline_v1_runtimefix/build/A_PI_NATIVE_200/MG5_PROC/Source/getissud.f; releases/pack_a/scientific_validation/external_validation_a/pi_ufo_baseline_v1/build/point_000001/MG5_PROC/Source/getissud.f; runs/A_PI_NATIVE/pi_ufo_baseline_v1/build/A_PI_NATIVE_200/MG5_PROC/Source/getissud.f; runs/A_PI_NATIVE_RUNTIMEFIX/pi_ufo_baseline_v1/build/A_PI_NATIVE_200/MG5_PROC/Source/getissud.f
genps.inc	4	archive/superseded/.pack_a_native_clean/pi_ufo_baseline_v1_runtimefix/build/A_PI_NATIVE_200/MG5_PROC/Source/genps.inc; releases/pack_a/scientific_validation/external_validation_a/pi_ufo_baseline_v1/build/point_000001/MG5_PROC/Source/genps.inc; runs/A_PI_NATIVE/pi_ufo_baseline_v1/build/A_PI_NATIVE_200/MG5_PROC/Source/genps.inc; runs/A_PI_NATIVE_RUNTIMEFIX/pi_ufo_baseline_v1/build/A_PI_NATIVE_200/MG5_PROC/Source/genps.inc
lhe_event_infos.inc	4	archive/superseded/.pack_a_native_clean/pi_ufo_baseline_v1_runtimefix/build/A_PI_NATIVE_200/MG5_PROC/Source/lhe_event_infos.inc; releases/pack_a/scientific_validation/external_validation_a/pi_ufo_baseline_v1/build/point_000001/MG5_PROC/Source/lhe_event_infos.inc; runs/A_PI_NATIVE/pi_ufo_baseline_v1/build/A_PI_NATIVE_200/MG5_PROC/Source/lhe_event_infos.inc; runs/A_PI_NATIVE_RUNTIMEFIX/pi_ufo_baseline_v1/build/A_PI_NATIVE_200/MG5_PROC/Source/lhe_event_infos.inc
dgauss.f	4	archive/superseded/.pack_a_native_clean/pi_ufo_baseline_v1_runtimefix/build/A_PI_NATIVE_200/MG5_PROC/Source/dgauss.f; releases/pack_a/scientific_validation/external_validation_a/pi_ufo_baseline_v1/build/point_000001/MG5_PROC/Source/dgauss.f; runs/A_PI_NATIVE/pi_ufo_baseline_v1/build/A_PI_NATIVE_200/MG5_PROC/Source/dgauss.f; runs/A_PI_NATIVE_RUNTIMEFIX/pi_ufo_baseline_v1/build/A_PI_NATIVE_200/MG5_PROC/Source/dgauss.f
StringCast.o	3	archive/superseded/.pack_a_native_clean/pi_ufo_baseline_v1_runtimefix/build/A_PI_NATIVE_200/MG5_PROC/Source/StringCast.o; runs/A_PI_NATIVE/pi_ufo_baseline_v1/build/A_PI_NATIVE_200/MG5_PROC/Source/StringCast.o; runs/A_PI_NATIVE_RUNTIMEFIX/pi_ufo_baseline_v1/build/A_PI_NATIVE_200/MG5_PROC/Source/StringCast.o
rw_events.short.f	4	archive/superseded/.pack_a_native_clean/pi_ufo_baseline_v1_runtimefix/build/A_PI_NATIVE_200/MG5_PROC/Source/rw_events.short.f; releases/pack_a/scientific_validation/external_validation_a/pi_ufo_baseline_v1/build/point_000001/MG5_PROC/Source/rw_events.short.f; runs/A_PI_NATIVE/pi_ufo_baseline_v1/build/A_PI_NATIVE_200/MG5_PROC/Source/rw_events.short.f; runs/A_PI_NATIVE_RUNTIMEFIX/pi_ufo_baseline_v1/build/A_PI_NATIVE_200/MG5_PROC/Source/rw_events.short.f
open_file.o	3	archive/superseded/.pack_a_native_clean/pi_ufo_baseline_v1_runtimefix/build/A_PI_NATIVE_200/MG5_PROC/Source/open_file.o; runs/A_PI_NATIVE/pi_ufo_baseline_v1/build/A_PI_NATIVE_200/MG5_PROC/Source/open_file.o; runs/A_PI_NATIVE_RUNTIMEFIX/pi_ufo_baseline_v1/build/A_PI_NATIVE_200/MG5_PROC/Source/open_file.o
pawgraphs.o	3	archive/superseded/.pack_a_native_clean/pi_ufo_baseline_v1_runtimefix/build/A_PI_NATIVE_200/MG5_PROC/Source/pawgraphs.o; runs/A_PI_NATIVE/pi_ufo_baseline_v1/build/A_PI_NATIVE_200/MG5_PROC/Source/pawgraphs.o; runs/A_PI_NATIVE_RUNTIMEFIX/pi_ufo_baseline_v1/build/A_PI_NATIVE_200/MG5_PROC/Source/pawgraphs.o
rw_routines.o	3	archive/superseded/.pack_a_native_clean/pi_ufo_baseline_v1_runtimefix/build/A_PI_NATIVE_200/MG5_PROC/Source/rw_routines.o; runs/A_PI_NATIVE/pi_ufo_baseline_v1/build/A_PI_NATIVE_200/MG5_PROC/Source/rw_routines.o; runs/A_PI_NATIVE_RUNTIMEFIX/pi_ufo_baseline_v1/build/A_PI_NATIVE_200/MG5_PROC/Source/rw_routines.o
basecode.f	4	archive/superseded/.pack_a_native_clean/pi_ufo_baseline_v1_runtimefix/build/A_PI_NATIVE_200/MG5_PROC/Source/basecode.f; releases/pack_a/scientific_validation/external_validation_a/pi_ufo_baseline_v1/build/point_000001/MG5_PROC/Source/basecode.f; runs/A_PI_NATIVE/pi_ufo_baseline_v1/build/A_PI_NATIVE_200/MG5_PROC/Source/basecode.f; runs/A_PI_NATIVE_RUNTIMEFIX/pi_ufo_baseline_v1/build/A_PI_NATIVE_200/MG5_PROC/Source/basecode.f
dsample.o	3	archive/superseded/.pack_a_native_clean/pi_ufo_baseline_v1_runtimefix/build/A_PI_NATIVE_200/MG5_PROC/Source/dsample.o; runs/A_PI_NATIVE/pi_ufo_baseline_v1/build/A_PI_NATIVE_200/MG5_PROC/Source/dsample.o; runs/A_PI_NATIVE_RUNTIMEFIX/pi_ufo_baseline_v1/build/A_PI_NATIVE_200/MG5_PROC/Source/dsample.o
dsample.f	4	archive/superseded/.pack_a_native_clean/pi_ufo_baseline_v1_runtimefix/build/A_PI_NATIVE_200/MG5_PROC/Source/dsample.f; releases/pack_a/scientific_validation/external_validation_a/pi_ufo_baseline_v1/build/point_000001/MG5_PROC/Source/dsample.f; runs/A_PI_NATIVE/pi_ufo_baseline_v1/build/A_PI_NATIVE_200/MG5_PROC/Source/dsample.f; runs/A_PI_NATIVE_RUNTIMEFIX/pi_ufo_baseline_v1/build/A_PI_NATIVE_200/MG5_PROC/Source/dsample.f
hfill.o	3	archive/superseded/.pack_a_native_clean/pi_ufo_baseline_v1_runtimefix/build/A_PI_NATIVE_200/MG5_PROC/Source/hfill.o; runs/A_PI_NATIVE/pi_ufo_baseline_v1/build/A_PI_NATIVE_200/MG5_PROC/Source/hfill.o; runs/A_PI_NATIVE_RUNTIMEFIX/pi_ufo_baseline_v1/build/A_PI_NATIVE_200/MG5_PROC/Source/hfill.o
invarients.f	4	archive/superseded/.pack_a_native_clean/pi_ufo_baseline_v1_runtimefix/build/A_PI_NATIVE_200/MG5_PROC/Source/invarients.f; releases/pack_a/scientific_validation/external_validation_a/pi_ufo_baseline_v1/build/point_000001/MG5_PROC/Source/invarients.f; runs/A_PI_NATIVE/pi_ufo_baseline_v1/build/A_PI_NATIVE_200/MG5_PROC/Source/invarients.f; runs/A_PI_NATIVE_RUNTIMEFIX/pi_ufo_baseline_v1/build/A_PI_NATIVE_200/MG5_PROC/Source/invarients.f
readgrid.f	4	archive/superseded/.pack_a_native_clean/pi_ufo_baseline_v1_runtimefix/build/A_PI_NATIVE_200/MG5_PROC/Source/readgrid.f; releases/pack_a/scientific_validation/external_validation_a/pi_ufo_baseline_v1/build/point_000001/MG5_PROC/Source/readgrid.f; runs/A_PI_NATIVE/pi_ufo_baseline_v1/build/A_PI_NATIVE_200/MG5_PROC/Source/readgrid.f; runs/A_PI_NATIVE_RUNTIMEFIX/pi_ufo_baseline_v1/build/A_PI_NATIVE_200/MG5_PROC/Source/readgrid.f
ranmar.f	4	archive/superseded/.pack_a_native_clean/pi_ufo_baseline_v1_runtimefix/build/A_PI_NATIVE_200/MG5_PROC/Source/ranmar.f; releases/pack_a/scientific_validation/external_validation_a/pi_ufo_baseline_v1/build/point_000001/MG5_PROC/Source/ranmar.f; runs/A_PI_NATIVE/pi_ufo_baseline_v1/build/A_PI_NATIVE_200/MG5_PROC/Source/ranmar.f; runs/A_PI_NATIVE_RUNTIMEFIX/pi_ufo_baseline_v1/build/A_PI_NATIVE_200/MG5_PROC/Source/ranmar.f
sudgrid.inc	4	archive/superseded/.pack_a_native_clean/pi_ufo_baseline_v1_runtimefix/build/A_PI_NATIVE_200/MG5_PROC/Source/sudgrid.inc; releases/pack_a/scientific_validation/external_validation_a/pi_ufo_baseline_v1/build/point_000001/MG5_PROC/Source/sudgrid.inc; runs/A_PI_NATIVE/pi_ufo_baseline_v1/build/A_PI_NATIVE_200/MG5_PROC/Source/sudgrid.inc; runs/A_PI_NATIVE_RUNTIMEFIX/pi_ufo_baseline_v1/build/A_PI_NATIVE_200/MG5_PROC/Source/sudgrid.inc
alfas_functions.f	4	archive/superseded/.pack_a_native_clean/pi_ufo_baseline_v1_runtimefix/build/A_PI_NATIVE_200/MG5_PROC/Source/alfas_functions.f; releases/pack_a/scientific_validation/external_validation_a/pi_ufo_baseline_v1/build/point_000001/MG5_PROC/Source/alfas_functions.f; runs/A_PI_NATIVE/pi_ufo_baseline_v1/build/A_PI_NATIVE_200/MG5_PROC/Source/alfas_functions.f; runs/A_PI_NATIVE_RUNTIMEFIX/pi_ufo_baseline_v1/build/A_PI_NATIVE_200/MG5_PROC/Source/alfas_functions.f
stringcast.mod	3	archive/superseded/.pack_a_native_clean/pi_ufo_baseline_v1_runtimefix/build/A_PI_NATIVE_200/MG5_PROC/Source/stringcast.mod; runs/A_PI_NATIVE/pi_ufo_baseline_v1/build/A_PI_NATIVE_200/MG5_PROC/Source/stringcast.mod; runs/A_PI_NATIVE_RUNTIMEFIX/pi_ufo_baseline_v1/build/A_PI_NATIVE_200/MG5_PROC/Source/stringcast.mod
hbook2.f	4	archive/superseded/.pack_a_native_clean/pi_ufo_baseline_v1_runtimefix/build/A_PI_NATIVE_200/MG5_PROC/Source/hbook2.f; releases/pack_a/scientific_validation/external_validation_a/pi_ufo_baseline_v1/build/point_000001/MG5_PROC/Source/hbook2.f; runs/A_PI_NATIVE/pi_ufo_baseline_v1/build/A_PI_NATIVE_200/MG5_PROC/Source/hbook2.f; runs/A_PI_NATIVE_RUNTIMEFIX/pi_ufo_baseline_v1/build/A_PI_NATIVE_200/MG5_PROC/Source/hbook2.f
ranmar.o	3	archive/superseded/.pack_a_native_clean/pi_ufo_baseline_v1_runtimefix/build/A_PI_NATIVE_200/MG5_PROC/Source/ranmar.o; runs/A_PI_NATIVE/pi_ufo_baseline_v1/build/A_PI_NATIVE_200/MG5_PROC/Source/ranmar.o; runs/A_PI_NATIVE_RUNTIMEFIX/pi_ufo_baseline_v1/build/A_PI_NATIVE_200/MG5_PROC/Source/ranmar.o
htuple.f	4	archive/superseded/.pack_a_native_clean/pi_ufo_baseline_v1_runtimefix/build/A_PI_NATIVE_200/MG5_PROC/Source/htuple.f; releases/pack_a/scientific_validation/external_validation_a/pi_ufo_baseline_v1/build/point_000001/MG5_PROC/Source/htuple.f; runs/A_PI_NATIVE/pi_ufo_baseline_v1/build/A_PI_NATIVE_200/MG5_PROC/Source/htuple.f; runs/A_PI_NATIVE_RUNTIMEFIX/pi_ufo_baseline_v1/build/A_PI_NATIVE_200/MG5_PROC/Source/htuple.f
maxparticles.inc	4	archive/superseded/.pack_a_native_clean/pi_ufo_baseline_v1_runtimefix/build/A_PI_NATIVE_200/MG5_PROC/Source/maxparticles.inc; releases/pack_a/scientific_validation/external_validation_a/pi_ufo_baseline_v1/build/point_000001/MG5_PROC/Source/maxparticles.inc; runs/A_PI_NATIVE/pi_ufo_baseline_v1/build/A_PI_NATIVE_200/MG5_PROC/Source/maxparticles.inc; runs/A_PI_NATIVE_RUNTIMEFIX/pi_ufo_baseline_v1/build/A_PI_NATIVE_200/MG5_PROC/Source/maxparticles.inc
hfill.f	4	archive/superseded/.pack_a_native_clean/pi_ufo_baseline_v1_runtimefix/build/A_PI_NATIVE_200/MG5_PROC/Source/hfill.f; releases/pack_a/scientific_validation/external_validation_a/pi_ufo_baseline_v1/build/point_000001/MG5_PROC/Source/hfill.f; runs/A_PI_NATIVE/pi_ufo_baseline_v1/build/A_PI_NATIVE_200/MG5_PROC/Source/hfill.f; runs/A_PI_NATIVE_RUNTIMEFIX/pi_ufo_baseline_v1/build/A_PI_NATIVE_200/MG5_PROC/Source/hfill.f
DiscreteSampler.o	3	archive/superseded/.pack_a_native_clean/pi_ufo_baseline_v1_runtimefix/build/A_PI_NATIVE_200/MG5_PROC/Source/DiscreteSampler.o; runs/A_PI_NATIVE/pi_ufo_baseline_v1/build/A_PI_NATIVE_200/MG5_PROC/Source/DiscreteSampler.o; runs/A_PI_NATIVE_RUNTIMEFIX/pi_ufo_baseline_v1/build/A_PI_NATIVE_200/MG5_PROC/Source/DiscreteSampler.o
run_card.inc	3	archive/superseded/.pack_a_native_clean/pi_ufo_baseline_v1_runtimefix/build/A_PI_NATIVE_200/MG5_PROC/Source/run_card.inc; runs/A_PI_NATIVE/pi_ufo_baseline_v1/build/A_PI_NATIVE_200/MG5_PROC/Source/run_card.inc; runs/A_PI_NATIVE_RUNTIMEFIX/pi_ufo_baseline_v1/build/A_PI_NATIVE_200/MG5_PROC/Source/run_card.inc
rw_routines.f	4	archive/superseded/.pack_a_native_clean/pi_ufo_baseline_v1_runtimefix/build/A_PI_NATIVE_200/MG5_PROC/Source/rw_routines.f; releases/pack_a/scientific_validation/external_validation_a/pi_ufo_baseline_v1/build/point_000001/MG5_PROC/Source/rw_routines.f; runs/A_PI_NATIVE/pi_ufo_baseline_v1/build/A_PI_NATIVE_200/MG5_PROC/Source/rw_routines.f; runs/A_PI_NATIVE_RUNTIMEFIX/pi_ufo_baseline_v1/build/A_PI_NATIVE_200/MG5_PROC/Source/rw_routines.f
run_config.inc	4	archive/superseded/.pack_a_native_clean/pi_ufo_baseline_v1_runtimefix/build/A_PI_NATIVE_200/MG5_PROC/Source/run_config.inc; releases/pack_a/scientific_validation/external_validation_a/pi_ufo_baseline_v1/build/point_000001/MG5_PROC/Source/run_config.inc; runs/A_PI_NATIVE/pi_ufo_baseline_v1/build/A_PI_NATIVE_200/MG5_PROC/Source/run_config.inc; runs/A_PI_NATIVE_RUNTIMEFIX/pi_ufo_baseline_v1/build/A_PI_NATIVE_200/MG5_PROC/Source/run_config.inc
open_file.f	4	archive/superseded/.pack_a_native_clean/pi_ufo_baseline_v1_runtimefix/build/A_PI_NATIVE_200/MG5_PROC/Source/open_file.f; releases/pack_a/scientific_validation/external_validation_a/pi_ufo_baseline_v1/build/point_000001/MG5_PROC/Source/open_file.f; runs/A_PI_NATIVE/pi_ufo_baseline_v1/build/A_PI_NATIVE_200/MG5_PROC/Source/open_file.f; runs/A_PI_NATIVE_RUNTIMEFIX/pi_ufo_baseline_v1/build/A_PI_NATIVE_200/MG5_PROC/Source/open_file.f
dgauss.o	3	archive/superseded/.pack_a_native_clean/pi_ufo_baseline_v1_runtimefix/build/A_PI_NATIVE_200/MG5_PROC/Source/dgauss.o; runs/A_PI_NATIVE/pi_ufo_baseline_v1/build/A_PI_NATIVE_200/MG5_PROC/Source/dgauss.o; runs/A_PI_NATIVE_RUNTIMEFIX/pi_ufo_baseline_v1/build/A_PI_NATIVE_200/MG5_PROC/Source/dgauss.o
.make_opts	4	archive/superseded/.pack_a_native_clean/pi_ufo_baseline_v1_runtimefix/build/A_PI_NATIVE_200/MG5_PROC/Source/.make_opts; releases/pack_a/scientific_validation/external_validation_a/pi_ufo_baseline_v1/build/point_000001/MG5_PROC/Source/.make_opts; runs/A_PI_NATIVE/pi_ufo_baseline_v1/build/A_PI_NATIVE_200/MG5_PROC/Source/.make_opts; runs/A_PI_NATIVE_RUNTIMEFIX/pi_ufo_baseline_v1/build/A_PI_NATIVE_200/MG5_PROC/Source/.make_opts
alfas_functions_lhapdf.f	4	archive/superseded/.pack_a_native_clean/pi_ufo_baseline_v1_runtimefix/build/A_PI_NATIVE_200/MG5_PROC/Source/alfas_functions_lhapdf.f; releases/pack_a/scientific_validation/external_validation_a/pi_ufo_baseline_v1/build/point_000001/MG5_PROC/Source/alfas_functions_lhapdf.f; runs/A_PI_NATIVE/pi_ufo_baseline_v1/build/A_PI_NATIVE_200/MG5_PROC/Source/alfas_functions_lhapdf.f; runs/A_PI_NATIVE_RUNTIMEFIX/pi_ufo_baseline_v1/build/A_PI_NATIVE_200/MG5_PROC/Source/alfas_functions_lhapdf.f
setrun.o	3	archive/superseded/.pack_a_native_clean/pi_ufo_baseline_v1_runtimefix/build/A_PI_NATIVE_200/MG5_PROC/Source/setrun.o; runs/A_PI_NATIVE/pi_ufo_baseline_v1/build/A_PI_NATIVE_200/MG5_PROC/Source/setrun.o; runs/A_PI_NATIVE_RUNTIMEFIX/pi_ufo_baseline_v1/build/A_PI_NATIVE_200/MG5_PROC/Source/setrun.o
DiscreteSampler.f	4	archive/superseded/.pack_a_native_clean/pi_ufo_baseline_v1_runtimefix/build/A_PI_NATIVE_200/MG5_PROC/Source/DiscreteSampler.f; releases/pack_a/scientific_validation/external_validation_a/pi_ufo_baseline_v1/build/point_000001/MG5_PROC/Source/DiscreteSampler.f; runs/A_PI_NATIVE/pi_ufo_baseline_v1/build/A_PI_NATIVE_200/MG5_PROC/Source/DiscreteSampler.f; runs/A_PI_NATIVE_RUNTIMEFIX/pi_ufo_baseline_v1/build/A_PI_NATIVE_200/MG5_PROC/Source/DiscreteSampler.f
setrun_gen.f	4	archive/superseded/.pack_a_native_clean/pi_ufo_baseline_v1_runtimefix/build/A_PI_NATIVE_200/MG5_PROC/Source/setrun_gen.f; releases/pack_a/scientific_validation/external_validation_a/pi_ufo_baseline_v1/build/point_000001/MG5_PROC/Source/setrun_gen.f; runs/A_PI_NATIVE/pi_ufo_baseline_v1/build/A_PI_NATIVE_200/MG5_PROC/Source/setrun_gen.f; runs/A_PI_NATIVE_RUNTIMEFIX/pi_ufo_baseline_v1/build/A_PI_NATIVE_200/MG5_PROC/Source/setrun_gen.f
bias.inc	3	archive/superseded/.pack_a_native_clean/pi_ufo_baseline_v1_runtimefix/build/A_PI_NATIVE_200/MG5_PROC/Source/BIAS/bias.inc; runs/A_PI_NATIVE/pi_ufo_baseline_v1/build/A_PI_NATIVE_200/MG5_PROC/Source/BIAS/bias.inc; runs/A_PI_NATIVE_RUNTIMEFIX/pi_ufo_baseline_v1/build/A_PI_NATIVE_200/MG5_PROC/Source/BIAS/bias.inc
ptj_bias.f	4	archive/superseded/.pack_a_native_clean/pi_ufo_baseline_v1_runtimefix/build/A_PI_NATIVE_200/MG5_PROC/Source/BIAS/ptj_bias/ptj_bias.f; releases/pack_a/scientific_validation/external_validation_a/pi_ufo_baseline_v1/build/point_000001/MG5_PROC/Source/BIAS/ptj_bias/ptj_bias.f; runs/A_PI_NATIVE/pi_ufo_baseline_v1/build/A_PI_NATIVE_200/MG5_PROC/Source/BIAS/ptj_bias/ptj_bias.f; runs/A_PI_NATIVE_RUNTIMEFIX/pi_ufo_baseline_v1/build/A_PI_NATIVE_200/MG5_PROC/Source/BIAS/ptj_bias/ptj_bias.f
dummy.o	3	archive/superseded/.pack_a_native_clean/pi_ufo_baseline_v1_runtimefix/build/A_PI_NATIVE_200/MG5_PROC/Source/BIAS/dummy/dummy.o; runs/A_PI_NATIVE/pi_ufo_baseline_v1/build/A_PI_NATIVE_200/MG5_PROC/Source/BIAS/dummy/dummy.o; runs/A_PI_NATIVE_RUNTIMEFIX/pi_ufo_baseline_v1/build/A_PI_NATIVE_200/MG5_PROC/Source/BIAS/dummy/dummy.o
dummy.f	4	archive/superseded/.pack_a_native_clean/pi_ufo_baseline_v1_runtimefix/build/A_PI_NATIVE_200/MG5_PROC/Source/BIAS/dummy/dummy.f; releases/pack_a/scientific_validation/external_validation_a/pi_ufo_baseline_v1/build/point_000001/MG5_PROC/Source/BIAS/dummy/dummy.f; runs/A_PI_NATIVE/pi_ufo_baseline_v1/build/A_PI_NATIVE_200/MG5_PROC/Source/BIAS/dummy/dummy.f; runs/A_PI_NATIVE_RUNTIMEFIX/pi_ufo_baseline_v1/build/A_PI_NATIVE_200/MG5_PROC/Source/BIAS/dummy/dummy.f
VVS2FF1_3.f	4	archive/superseded/.pack_a_native_clean/pi_ufo_baseline_v1_runtimefix/build/A_PI_NATIVE_200/MG5_PROC/Source/DHELAS/VVS2FF1_3.f; releases/pack_a/scientific_validation/external_validation_a/pi_ufo_baseline_v1/build/point_000001/MG5_PROC/Source/DHELAS/VVS2FF1_3.f; runs/A_PI_NATIVE/pi_ufo_baseline_v1/build/A_PI_NATIVE_200/MG5_PROC/Source/DHELAS/VVS2FF1_3.f; runs/A_PI_NATIVE_RUNTIMEFIX/pi_ufo_baseline_v1/build/A_PI_NATIVE_200/MG5_PROC/Source/DHELAS/VVS2FF1_3.f
SSS1_0.o	3	archive/superseded/.pack_a_native_clean/pi_ufo_baseline_v1_runtimefix/build/A_PI_NATIVE_200/MG5_PROC/Source/DHELAS/SSS1_0.o; runs/A_PI_NATIVE/pi_ufo_baseline_v1/build/A_PI_NATIVE_200/MG5_PROC/Source/DHELAS/SSS1_0.o; runs/A_PI_NATIVE_RUNTIMEFIX/pi_ufo_baseline_v1/build/A_PI_NATIVE_200/MG5_PROC/Source/DHELAS/SSS1_0.o
SSS1P1N_1.f	4	archive/superseded/.pack_a_native_clean/pi_ufo_baseline_v1_runtimefix/build/A_PI_NATIVE_200/MG5_PROC/Source/DHELAS/SSS1P1N_1.f; releases/pack_a/scientific_validation/external_validation_a/pi_ufo_baseline_v1/build/point_000001/MG5_PROC/Source/DHELAS/SSS1P1N_1.f; runs/A_PI_NATIVE/pi_ufo_baseline_v1/build/A_PI_NATIVE_200/MG5_PROC/Source/DHELAS/SSS1P1N_1.f; runs/A_PI_NATIVE_RUNTIMEFIX/pi_ufo_baseline_v1/build/A_PI_NATIVE_200/MG5_PROC/Source/DHELAS/SSS1P1N_1.f
VVS2FF1_3.o	3	archive/superseded/.pack_a_native_clean/pi_ufo_baseline_v1_runtimefix/build/A_PI_NATIVE_200/MG5_PROC/Source/DHELAS/VVS2FF1_3.o; runs/A_PI_NATIVE/pi_ufo_baseline_v1/build/A_PI_NATIVE_200/MG5_PROC/Source/DHELAS/VVS2FF1_3.o; runs/A_PI_NATIVE_RUNTIMEFIX/pi_ufo_baseline_v1/build/A_PI_NATIVE_200/MG5_PROC/Source/DHELAS/VVS2FF1_3.o
SSS1P1N_2.f	4	archive/superseded/.pack_a_native_clean/pi_ufo_baseline_v1_runtimefix/build/A_PI_NATIVE_200/MG5_PROC/Source/DHELAS/SSS1P1N_2.f; releases/pack_a/scientific_validation/external_validation_a/pi_ufo_baseline_v1/build/point_000001/MG5_PROC/Source/DHELAS/SSS1P1N_2.f; runs/A_PI_NATIVE/pi_ufo_baseline_v1/build/A_PI_NATIVE_200/MG5_PROC/Source/DHELAS/SSS1P1N_2.f; runs/A_PI_NATIVE_RUNTIMEFIX/pi_ufo_baseline_v1/build/A_PI_NATIVE_200/MG5_PROC/Source/DHELAS/SSS1P1N_2.f
SSS1P1N_2.o	3	archive/superseded/.pack_a_native_clean/pi_ufo_baseline_v1_runtimefix/build/A_PI_NATIVE_200/MG5_PROC/Source/DHELAS/SSS1P1N_2.o; runs/A_PI_NATIVE/pi_ufo_baseline_v1/build/A_PI_NATIVE_200/MG5_PROC/Source/DHELAS/SSS1P1N_2.o; runs/A_PI_NATIVE_RUNTIMEFIX/pi_ufo_baseline_v1/build/A_PI_NATIVE_200/MG5_PROC/Source/DHELAS/SSS1P1N_2.o
SSS1P1N_3.o	3	archive/superseded/.pack_a_native_clean/pi_ufo_baseline_v1_runtimefix/build/A_PI_NATIVE_200/MG5_PROC/Source/DHELAS/SSS1P1N_3.o; runs/A_PI_NATIVE/pi_ufo_baseline_v1/build/A_PI_NATIVE_200/MG5_PROC/Source/DHELAS/SSS1P1N_3.o; runs/A_PI_NATIVE_RUNTIMEFIX/pi_ufo_baseline_v1/build/A_PI_NATIVE_200/MG5_PROC/Source/DHELAS/SSS1P1N_3.o
SSS1P1N_3.f	4	archive/superseded/.pack_a_native_clean/pi_ufo_baseline_v1_runtimefix/build/A_PI_NATIVE_200/MG5_PROC/Source/DHELAS/SSS1P1N_3.f; releases/pack_a/scientific_validation/external_validation_a/pi_ufo_baseline_v1/build/point_000001/MG5_PROC/Source/DHELAS/SSS1P1N_3.f; runs/A_PI_NATIVE/pi_ufo_baseline_v1/build/A_PI_NATIVE_200/MG5_PROC/Source/DHELAS/SSS1P1N_3.f; runs/A_PI_NATIVE_RUNTIMEFIX/pi_ufo_baseline_v1/build/A_PI_NATIVE_200/MG5_PROC/Source/DHELAS/SSS1P1N_3.f
SSS1P1N_1.o	3	archive/superseded/.pack_a_native_clean/pi_ufo_baseline_v1_runtimefix/build/A_PI_NATIVE_200/MG5_PROC/Source/DHELAS/SSS1P1N_1.o; runs/A_PI_NATIVE/pi_ufo_baseline_v1/build/A_PI_NATIVE_200/MG5_PROC/Source/DHELAS/SSS1P1N_1.o; runs/A_PI_NATIVE_RUNTIMEFIX/pi_ufo_baseline_v1/build/A_PI_NATIVE_200/MG5_PROC/Source/DHELAS/SSS1P1N_1.o
aloha_functions.o	3	archive/superseded/.pack_a_native_clean/pi_ufo_baseline_v1_runtimefix/build/A_PI_NATIVE_200/MG5_PROC/Source/DHELAS/aloha_functions.o; runs/A_PI_NATIVE/pi_ufo_baseline_v1/build/A_PI_NATIVE_200/MG5_PROC/Source/DHELAS/aloha_functions.o; runs/A_PI_NATIVE_RUNTIMEFIX/pi_ufo_baseline_v1/build/A_PI_NATIVE_200/MG5_PROC/Source/DHELAS/aloha_functions.o
aloha_file.inc	4	archive/superseded/.pack_a_native_clean/pi_ufo_baseline_v1_runtimefix/build/A_PI_NATIVE_200/MG5_PROC/Source/DHELAS/aloha_file.inc; releases/pack_a/scientific_validation/external_validation_a/pi_ufo_baseline_v1/build/point_000001/MG5_PROC/Source/DHELAS/aloha_file.inc; runs/A_PI_NATIVE/pi_ufo_baseline_v1/build/A_PI_NATIVE_200/MG5_PROC/Source/DHELAS/aloha_file.inc; runs/A_PI_NATIVE_RUNTIMEFIX/pi_ufo_baseline_v1/build/A_PI_NATIVE_200/MG5_PROC/Source/DHELAS/aloha_file.inc
aloha_functions.f	4	archive/superseded/.pack_a_native_clean/pi_ufo_baseline_v1_runtimefix/build/A_PI_NATIVE_200/MG5_PROC/Source/DHELAS/aloha_functions.f; releases/pack_a/scientific_validation/external_validation_a/pi_ufo_baseline_v1/build/point_000001/MG5_PROC/Source/DHELAS/aloha_functions.f; runs/A_PI_NATIVE/pi_ufo_baseline_v1/build/A_PI_NATIVE_200/MG5_PROC/Source/DHELAS/aloha_functions.f; runs/A_PI_NATIVE_RUNTIMEFIX/pi_ufo_baseline_v1/build/A_PI_NATIVE_200/MG5_PROC/Source/DHELAS/aloha_functions.f
SSS1_0.f	4	archive/superseded/.pack_a_native_clean/pi_ufo_baseline_v1_runtimefix/build/A_PI_NATIVE_200/MG5_PROC/Source/DHELAS/SSS1_0.f; releases/pack_a/scientific_validation/external_validation_a/pi_ufo_baseline_v1/build/point_000001/MG5_PROC/Source/DHELAS/SSS1_0.f; runs/A_PI_NATIVE/pi_ufo_baseline_v1/build/A_PI_NATIVE_200/MG5_PROC/Source/DHELAS/SSS1_0.f; runs/A_PI_NATIVE_RUNTIMEFIX/pi_ufo_baseline_v1/build/A_PI_NATIVE_200/MG5_PROC/Source/DHELAS/SSS1_0.f
.keepthisdir	4	archive/superseded/.pack_a_native_clean/pi_ufo_baseline_v1_runtimefix/build/A_PI_NATIVE_200/MG5_PROC/Source/DHELAS/.keepthisdir; releases/pack_a/scientific_validation/external_validation_a/pi_ufo_baseline_v1/build/point_000001/MG5_PROC/Source/DHELAS/.keepthisdir; runs/A_PI_NATIVE/pi_ufo_baseline_v1/build/A_PI_NATIVE_200/MG5_PROC/Source/DHELAS/.keepthisdir; runs/A_PI_NATIVE_RUNTIMEFIX/pi_ufo_baseline_v1/build/A_PI_NATIVE_200/MG5_PROC/Source/DHELAS/.keepthisdir
mtlset.f	4	archive/superseded/.pack_a_native_clean/pi_ufo_baseline_v1_runtimefix/build/A_PI_NATIVE_200/MG5_PROC/Source/CERNLIB/mtlset.f; releases/pack_a/scientific_validation/external_validation_a/pi_ufo_baseline_v1/build/point_000001/MG5_PROC/Source/CERNLIB/mtlset.f; runs/A_PI_NATIVE/pi_ufo_baseline_v1/build/A_PI_NATIVE_200/MG5_PROC/Source/CERNLIB/mtlset.f; runs/A_PI_NATIVE_RUNTIMEFIX/pi_ufo_baseline_v1/build/A_PI_NATIVE_200/MG5_PROC/Source/CERNLIB/mtlset.f
dlsqp2.f	4	archive/superseded/.pack_a_native_clean/pi_ufo_baseline_v1_runtimefix/build/A_PI_NATIVE_200/MG5_PROC/Source/CERNLIB/dlsqp2.f; releases/pack_a/scientific_validation/external_validation_a/pi_ufo_baseline_v1/build/point_000001/MG5_PROC/Source/CERNLIB/dlsqp2.f; runs/A_PI_NATIVE/pi_ufo_baseline_v1/build/A_PI_NATIVE_200/MG5_PROC/Source/CERNLIB/dlsqp2.f; runs/A_PI_NATIVE_RUNTIMEFIX/pi_ufo_baseline_v1/build/A_PI_NATIVE_200/MG5_PROC/Source/CERNLIB/dlsqp2.f
radmul.f	4	archive/superseded/.pack_a_native_clean/pi_ufo_baseline_v1_runtimefix/build/A_PI_NATIVE_200/MG5_PROC/Source/CERNLIB/radmul.f; releases/pack_a/scientific_validation/external_validation_a/pi_ufo_baseline_v1/build/point_000001/MG5_PROC/Source/CERNLIB/radmul.f; runs/A_PI_NATIVE/pi_ufo_baseline_v1/build/A_PI_NATIVE_200/MG5_PROC/Source/CERNLIB/radmul.f; runs/A_PI_NATIVE_RUNTIMEFIX/pi_ufo_baseline_v1/build/A_PI_NATIVE_200/MG5_PROC/Source/CERNLIB/radmul.f
abend.o	3	archive/superseded/.pack_a_native_clean/pi_ufo_baseline_v1_runtimefix/build/A_PI_NATIVE_200/MG5_PROC/Source/CERNLIB/abend.o; runs/A_PI_NATIVE/pi_ufo_baseline_v1/build/A_PI_NATIVE_200/MG5_PROC/Source/CERNLIB/abend.o; runs/A_PI_NATIVE_RUNTIMEFIX/pi_ufo_baseline_v1/build/A_PI_NATIVE_200/MG5_PROC/Source/CERNLIB/abend.o
lenocc.o	3	archive/superseded/.pack_a_native_clean/pi_ufo_baseline_v1_runtimefix/build/A_PI_NATIVE_200/MG5_PROC/Source/CERNLIB/lenocc.o; runs/A_PI_NATIVE/pi_ufo_baseline_v1/build/A_PI_NATIVE_200/MG5_PROC/Source/CERNLIB/lenocc.o; runs/A_PI_NATIVE_RUNTIMEFIX/pi_ufo_baseline_v1/build/A_PI_NATIVE_200/MG5_PROC/Source/CERNLIB/lenocc.o
mtlset.o	3	archive/superseded/.pack_a_native_clean/pi_ufo_baseline_v1_runtimefix/build/A_PI_NATIVE_200/MG5_PROC/Source/CERNLIB/mtlset.o; runs/A_PI_NATIVE/pi_ufo_baseline_v1/build/A_PI_NATIVE_200/MG5_PROC/Source/CERNLIB/mtlset.o; runs/A_PI_NATIVE_RUNTIMEFIX/pi_ufo_baseline_v1/build/A_PI_NATIVE_200/MG5_PROC/Source/CERNLIB/mtlset.o
lenocc.f	4	archive/superseded/.pack_a_native_clean/pi_ufo_baseline_v1_runtimefix/build/A_PI_NATIVE_200/MG5_PROC/Source/CERNLIB/lenocc.f; releases/pack_a/scientific_validation/external_validation_a/pi_ufo_baseline_v1/build/point_000001/MG5_PROC/Source/CERNLIB/lenocc.f; runs/A_PI_NATIVE/pi_ufo_baseline_v1/build/A_PI_NATIVE_200/MG5_PROC/Source/CERNLIB/lenocc.f; runs/A_PI_NATIVE_RUNTIMEFIX/pi_ufo_baseline_v1/build/A_PI_NATIVE_200/MG5_PROC/Source/CERNLIB/lenocc.f
dlsqp2.o	3	archive/superseded/.pack_a_native_clean/pi_ufo_baseline_v1_runtimefix/build/A_PI_NATIVE_200/MG5_PROC/Source/CERNLIB/dlsqp2.o; runs/A_PI_NATIVE/pi_ufo_baseline_v1/build/A_PI_NATIVE_200/MG5_PROC/Source/CERNLIB/dlsqp2.o; runs/A_PI_NATIVE_RUNTIMEFIX/pi_ufo_baseline_v1/build/A_PI_NATIVE_200/MG5_PROC/Source/CERNLIB/dlsqp2.o
mtlprt.f	4	archive/superseded/.pack_a_native_clean/pi_ufo_baseline_v1_runtimefix/build/A_PI_NATIVE_200/MG5_PROC/Source/CERNLIB/mtlprt.f; releases/pack_a/scientific_validation/external_validation_a/pi_ufo_baseline_v1/build/point_000001/MG5_PROC/Source/CERNLIB/mtlprt.f; runs/A_PI_NATIVE/pi_ufo_baseline_v1/build/A_PI_NATIVE_200/MG5_PROC/Source/CERNLIB/mtlprt.f; runs/A_PI_NATIVE_RUNTIMEFIX/pi_ufo_baseline_v1/build/A_PI_NATIVE_200/MG5_PROC/Source/CERNLIB/mtlprt.f
radmul.o	3	archive/superseded/.pack_a_native_clean/pi_ufo_baseline_v1_runtimefix/build/A_PI_NATIVE_200/MG5_PROC/Source/CERNLIB/radmul.o; runs/A_PI_NATIVE/pi_ufo_baseline_v1/build/A_PI_NATIVE_200/MG5_PROC/Source/CERNLIB/radmul.o; runs/A_PI_NATIVE_RUNTIMEFIX/pi_ufo_baseline_v1/build/A_PI_NATIVE_200/MG5_PROC/Source/CERNLIB/radmul.o
mtlprt.o	3	archive/superseded/.pack_a_native_clean/pi_ufo_baseline_v1_runtimefix/build/A_PI_NATIVE_200/MG5_PROC/Source/CERNLIB/mtlprt.o; runs/A_PI_NATIVE/pi_ufo_baseline_v1/build/A_PI_NATIVE_200/MG5_PROC/Source/CERNLIB/mtlprt.o; runs/A_PI_NATIVE_RUNTIMEFIX/pi_ufo_baseline_v1/build/A_PI_NATIVE_200/MG5_PROC/Source/CERNLIB/mtlprt.o
abend.f	4	archive/superseded/.pack_a_native_clean/pi_ufo_baseline_v1_runtimefix/build/A_PI_NATIVE_200/MG5_PROC/Source/CERNLIB/abend.f; releases/pack_a/scientific_validation/external_validation_a/pi_ufo_baseline_v1/build/point_000001/MG5_PROC/Source/CERNLIB/abend.f; runs/A_PI_NATIVE/pi_ufo_baseline_v1/build/A_PI_NATIVE_200/MG5_PROC/Source/CERNLIB/abend.f; runs/A_PI_NATIVE_RUNTIMEFIX/pi_ufo_baseline_v1/build/A_PI_NATIVE_200/MG5_PROC/Source/CERNLIB/abend.f
couplings2.o	3	archive/superseded/.pack_a_native_clean/pi_ufo_baseline_v1_runtimefix/build/A_PI_NATIVE_200/MG5_PROC/Source/MODEL/couplings2.o; runs/A_PI_NATIVE/pi_ufo_baseline_v1/build/A_PI_NATIVE_200/MG5_PROC/Source/MODEL/couplings2.o; runs/A_PI_NATIVE_RUNTIMEFIX/pi_ufo_baseline_v1/build/A_PI_NATIVE_200/MG5_PROC/Source/MODEL/couplings2.o
intparam_definition.inc	4	archive/superseded/.pack_a_native_clean/pi_ufo_baseline_v1_runtimefix/build/A_PI_NATIVE_200/MG5_PROC/Source/MODEL/intparam_definition.inc; releases/pack_a/scientific_validation/external_validation_a/pi_ufo_baseline_v1/build/point_000001/MG5_PROC/Source/MODEL/intparam_definition.inc; runs/A_PI_NATIVE/pi_ufo_baseline_v1/build/A_PI_NATIVE_200/MG5_PROC/Source/MODEL/intparam_definition.inc; runs/A_PI_NATIVE_RUNTIMEFIX/pi_ufo_baseline_v1/build/A_PI_NATIVE_200/MG5_PROC/Source/MODEL/intparam_definition.inc
coupl_write.inc	4	archive/superseded/.pack_a_native_clean/pi_ufo_baseline_v1_runtimefix/build/A_PI_NATIVE_200/MG5_PROC/Source/MODEL/coupl_write.inc; releases/pack_a/scientific_validation/external_validation_a/pi_ufo_baseline_v1/build/point_000001/MG5_PROC/Source/MODEL/coupl_write.inc; runs/A_PI_NATIVE/pi_ufo_baseline_v1/build/A_PI_NATIVE_200/MG5_PROC/Source/MODEL/coupl_write.inc; runs/A_PI_NATIVE_RUNTIMEFIX/pi_ufo_baseline_v1/build/A_PI_NATIVE_200/MG5_PROC/Source/MODEL/coupl_write.inc
couplings1.f	4	archive/superseded/.pack_a_native_clean/pi_ufo_baseline_v1_runtimefix/build/A_PI_NATIVE_200/MG5_PROC/Source/MODEL/couplings1.f; releases/pack_a/scientific_validation/external_validation_a/pi_ufo_baseline_v1/build/point_000001/MG5_PROC/Source/MODEL/couplings1.f; runs/A_PI_NATIVE/pi_ufo_baseline_v1/build/A_PI_NATIVE_200/MG5_PROC/Source/MODEL/couplings1.f; runs/A_PI_NATIVE_RUNTIMEFIX/pi_ufo_baseline_v1/build/A_PI_NATIVE_200/MG5_PROC/Source/MODEL/couplings1.f
formats.inc	4	archive/superseded/.pack_a_native_clean/pi_ufo_baseline_v1_runtimefix/build/A_PI_NATIVE_200/MG5_PROC/Source/MODEL/formats.inc; releases/pack_a/scientific_validation/external_validation_a/pi_ufo_baseline_v1/build/point_000001/MG5_PROC/Source/MODEL/formats.inc; runs/A_PI_NATIVE/pi_ufo_baseline_v1/build/A_PI_NATIVE_200/MG5_PROC/Source/MODEL/formats.inc; runs/A_PI_NATIVE_RUNTIMEFIX/pi_ufo_baseline_v1/build/A_PI_NATIVE_200/MG5_PROC/Source/MODEL/formats.inc
lha_read.o	3	archive/superseded/.pack_a_native_clean/pi_ufo_baseline_v1_runtimefix/build/A_PI_NATIVE_200/MG5_PROC/Source/MODEL/lha_read.o; runs/A_PI_NATIVE/pi_ufo_baseline_v1/build/A_PI_NATIVE_200/MG5_PROC/Source/MODEL/lha_read.o; runs/A_PI_NATIVE_RUNTIMEFIX/pi_ufo_baseline_v1/build/A_PI_NATIVE_200/MG5_PROC/Source/MODEL/lha_read.o
model_functions.o	3	archive/superseded/.pack_a_native_clean/pi_ufo_baseline_v1_runtimefix/build/A_PI_NATIVE_200/MG5_PROC/Source/MODEL/model_functions.o; runs/A_PI_NATIVE/pi_ufo_baseline_v1/build/A_PI_NATIVE_200/MG5_PROC/Source/MODEL/model_functions.o; runs/A_PI_NATIVE_RUNTIMEFIX/pi_ufo_baseline_v1/build/A_PI_NATIVE_200/MG5_PROC/Source/MODEL/model_functions.o
couplings.o	3	archive/superseded/.pack_a_native_clean/pi_ufo_baseline_v1_runtimefix/build/A_PI_NATIVE_200/MG5_PROC/Source/MODEL/couplings.o; runs/A_PI_NATIVE/pi_ufo_baseline_v1/build/A_PI_NATIVE_200/MG5_PROC/Source/MODEL/couplings.o; runs/A_PI_NATIVE_RUNTIMEFIX/pi_ufo_baseline_v1/build/A_PI_NATIVE_200/MG5_PROC/Source/MODEL/couplings.o
input.inc	4	archive/superseded/.pack_a_native_clean/pi_ufo_baseline_v1_runtimefix/build/A_PI_NATIVE_200/MG5_PROC/Source/MODEL/input.inc; releases/pack_a/scientific_validation/external_validation_a/pi_ufo_baseline_v1/build/point_000001/MG5_PROC/Source/MODEL/input.inc; runs/A_PI_NATIVE/pi_ufo_baseline_v1/build/A_PI_NATIVE_200/MG5_PROC/Source/MODEL/input.inc; runs/A_PI_NATIVE_RUNTIMEFIX/pi_ufo_baseline_v1/build/A_PI_NATIVE_200/MG5_PROC/Source/MODEL/input.inc
param_write.inc	4	archive/superseded/.pack_a_native_clean/pi_ufo_baseline_v1_runtimefix/build/A_PI_NATIVE_200/MG5_PROC/Source/MODEL/param_write.inc; releases/pack_a/scientific_validation/external_validation_a/pi_ufo_baseline_v1/build/point_000001/MG5_PROC/Source/MODEL/param_write.inc; runs/A_PI_NATIVE/pi_ufo_baseline_v1/build/A_PI_NATIVE_200/MG5_PROC/Source/MODEL/param_write.inc; runs/A_PI_NATIVE_RUNTIMEFIX/pi_ufo_baseline_v1/build/A_PI_NATIVE_200/MG5_PROC/Source/MODEL/param_write.inc
couplings1.o	3	archive/superseded/.pack_a_native_clean/pi_ufo_baseline_v1_runtimefix/build/A_PI_NATIVE_200/MG5_PROC/Source/MODEL/couplings1.o; runs/A_PI_NATIVE/pi_ufo_baseline_v1/build/A_PI_NATIVE_200/MG5_PROC/Source/MODEL/couplings1.o; runs/A_PI_NATIVE_RUNTIMEFIX/pi_ufo_baseline_v1/build/A_PI_NATIVE_200/MG5_PROC/Source/MODEL/couplings1.o
printout.o	3	archive/superseded/.pack_a_native_clean/pi_ufo_baseline_v1_runtimefix/build/A_PI_NATIVE_200/MG5_PROC/Source/MODEL/printout.o; runs/A_PI_NATIVE/pi_ufo_baseline_v1/build/A_PI_NATIVE_200/MG5_PROC/Source/MODEL/printout.o; runs/A_PI_NATIVE_RUNTIMEFIX/pi_ufo_baseline_v1/build/A_PI_NATIVE_200/MG5_PROC/Source/MODEL/printout.o
printout.f	4	archive/superseded/.pack_a_native_clean/pi_ufo_baseline_v1_runtimefix/build/A_PI_NATIVE_200/MG5_PROC/Source/MODEL/printout.f; releases/pack_a/scientific_validation/external_validation_a/pi_ufo_baseline_v1/build/point_000001/MG5_PROC/Source/MODEL/printout.f; runs/A_PI_NATIVE/pi_ufo_baseline_v1/build/A_PI_NATIVE_200/MG5_PROC/Source/MODEL/printout.f; runs/A_PI_NATIVE_RUNTIMEFIX/pi_ufo_baseline_v1/build/A_PI_NATIVE_200/MG5_PROC/Source/MODEL/printout.f
testprog.f	4	archive/superseded/.pack_a_native_clean/pi_ufo_baseline_v1_runtimefix/build/A_PI_NATIVE_200/MG5_PROC/Source/MODEL/testprog.f; releases/pack_a/scientific_validation/external_validation_a/pi_ufo_baseline_v1/build/point_000001/MG5_PROC/Source/MODEL/testprog.f; runs/A_PI_NATIVE/pi_ufo_baseline_v1/build/A_PI_NATIVE_200/MG5_PROC/Source/MODEL/testprog.f; runs/A_PI_NATIVE_RUNTIMEFIX/pi_ufo_baseline_v1/build/A_PI_NATIVE_200/MG5_PROC/Source/MODEL/testprog.f
rw_para.o	3	archive/superseded/.pack_a_native_clean/pi_ufo_baseline_v1_runtimefix/build/A_PI_NATIVE_200/MG5_PROC/Source/MODEL/rw_para.o; runs/A_PI_NATIVE/pi_ufo_baseline_v1/build/A_PI_NATIVE_200/MG5_PROC/Source/MODEL/rw_para.o; runs/A_PI_NATIVE_RUNTIMEFIX/pi_ufo_baseline_v1/build/A_PI_NATIVE_200/MG5_PROC/Source/MODEL/rw_para.o
param_read.inc	4	archive/superseded/.pack_a_native_clean/pi_ufo_baseline_v1_runtimefix/build/A_PI_NATIVE_200/MG5_PROC/Source/MODEL/param_read.inc; releases/pack_a/scientific_validation/external_validation_a/pi_ufo_baseline_v1/build/point_000001/MG5_PROC/Source/MODEL/param_read.inc; runs/A_PI_NATIVE/pi_ufo_baseline_v1/build/A_PI_NATIVE_200/MG5_PROC/Source/MODEL/param_read.inc; runs/A_PI_NATIVE_RUNTIMEFIX/pi_ufo_baseline_v1/build/A_PI_NATIVE_200/MG5_PROC/Source/MODEL/param_read.inc
actualize_mp_ext_params.inc	4	archive/superseded/.pack_a_native_clean/pi_ufo_baseline_v1_runtimefix/build/A_PI_NATIVE_200/MG5_PROC/Source/MODEL/actualize_mp_ext_params.inc; releases/pack_a/scientific_validation/external_validation_a/pi_ufo_baseline_v1/build/point_000001/MG5_PROC/Source/MODEL/actualize_mp_ext_params.inc; runs/A_PI_NATIVE/pi_ufo_baseline_v1/build/A_PI_NATIVE_200/MG5_PROC/Source/MODEL/actualize_mp_ext_params.inc; runs/A_PI_NATIVE_RUNTIMEFIX/pi_ufo_baseline_v1/build/A_PI_NATIVE_200/MG5_PROC/Source/MODEL/actualize_mp_ext_params.inc
model_functions.inc	4	archive/superseded/.pack_a_native_clean/pi_ufo_baseline_v1_runtimefix/build/A_PI_NATIVE_200/MG5_PROC/Source/MODEL/model_functions.inc; releases/pack_a/scientific_validation/external_validation_a/pi_ufo_baseline_v1/build/point_000001/MG5_PROC/Source/MODEL/model_functions.inc; runs/A_PI_NATIVE/pi_ufo_baseline_v1/build/A_PI_NATIVE_200/MG5_PROC/Source/MODEL/model_functions.inc; runs/A_PI_NATIVE_RUNTIMEFIX/pi_ufo_baseline_v1/build/A_PI_NATIVE_200/MG5_PROC/Source/MODEL/model_functions.inc
.keepme	4	archive/superseded/.pack_a_native_clean/pi_ufo_baseline_v1_runtimefix/build/A_PI_NATIVE_200/MG5_PROC/Source/MODEL/.keepme; releases/pack_a/scientific_validation/external_validation_a/pi_ufo_baseline_v1/build/point_000001/MG5_PROC/Source/MODEL/.keepme; runs/A_PI_NATIVE/pi_ufo_baseline_v1/build/A_PI_NATIVE_200/MG5_PROC/Source/MODEL/.keepme; runs/A_PI_NATIVE_RUNTIMEFIX/pi_ufo_baseline_v1/build/A_PI_NATIVE_200/MG5_PROC/Source/MODEL/.keepme
couplings.f	4	archive/superseded/.pack_a_native_clean/pi_ufo_baseline_v1_runtimefix/build/A_PI_NATIVE_200/MG5_PROC/Source/MODEL/couplings.f; releases/pack_a/scientific_validation/external_validation_a/pi_ufo_baseline_v1/build/point_000001/MG5_PROC/Source/MODEL/couplings.f; runs/A_PI_NATIVE/pi_ufo_baseline_v1/build/A_PI_NATIVE_200/MG5_PROC/Source/MODEL/couplings.f; runs/A_PI_NATIVE_RUNTIMEFIX/pi_ufo_baseline_v1/build/A_PI_NATIVE_200/MG5_PROC/Source/MODEL/couplings.f
coupl.inc	4	archive/superseded/.pack_a_native_clean/pi_ufo_baseline_v1_runtimefix/build/A_PI_NATIVE_200/MG5_PROC/Source/MODEL/coupl.inc; releases/pack_a/scientific_validation/external_validation_a/pi_ufo_baseline_v1/build/point_000001/MG5_PROC/Source/MODEL/coupl.inc; runs/A_PI_NATIVE/pi_ufo_baseline_v1/build/A_PI_NATIVE_200/MG5_PROC/Source/MODEL/coupl.inc; runs/A_PI_NATIVE_RUNTIMEFIX/pi_ufo_baseline_v1/build/A_PI_NATIVE_200/MG5_PROC/Source/MODEL/coupl.inc
makeinc.inc	4	archive/superseded/.pack_a_native_clean/pi_ufo_baseline_v1_runtimefix/build/A_PI_NATIVE_200/MG5_PROC/Source/MODEL/makeinc.inc; releases/pack_a/scientific_validation/external_validation_a/pi_ufo_baseline_v1/build/point_000001/MG5_PROC/Source/MODEL/makeinc.inc; runs/A_PI_NATIVE/pi_ufo_baseline_v1/build/A_PI_NATIVE_200/MG5_PROC/Source/MODEL/makeinc.inc; runs/A_PI_NATIVE_RUNTIMEFIX/pi_ufo_baseline_v1/build/A_PI_NATIVE_200/MG5_PROC/Source/MODEL/makeinc.inc
b0f_caching.mod	3	archive/superseded/.pack_a_native_clean/pi_ufo_baseline_v1_runtimefix/build/A_PI_NATIVE_200/MG5_PROC/Source/MODEL/b0f_caching.mod; runs/A_PI_NATIVE/pi_ufo_baseline_v1/build/A_PI_NATIVE_200/MG5_PROC/Source/MODEL/b0f_caching.mod; runs/A_PI_NATIVE_RUNTIMEFIX/pi_ufo_baseline_v1/build/A_PI_NATIVE_200/MG5_PROC/Source/MODEL/b0f_caching.mod
model_functions.f	4	archive/superseded/.pack_a_native_clean/pi_ufo_baseline_v1_runtimefix/build/A_PI_NATIVE_200/MG5_PROC/Source/MODEL/model_functions.f; releases/pack_a/scientific_validation/external_validation_a/pi_ufo_baseline_v1/build/point_000001/MG5_PROC/Source/MODEL/model_functions.f; runs/A_PI_NATIVE/pi_ufo_baseline_v1/build/A_PI_NATIVE_200/MG5_PROC/Source/MODEL/model_functions.f; runs/A_PI_NATIVE_RUNTIMEFIX/pi_ufo_baseline_v1/build/A_PI_NATIVE_200/MG5_PROC/Source/MODEL/model_functions.f
rw_para.f	4	archive/superseded/.pack_a_native_clean/pi_ufo_baseline_v1_runtimefix/build/A_PI_NATIVE_200/MG5_PROC/Source/MODEL/rw_para.f; releases/pack_a/scientific_validation/external_validation_a/pi_ufo_baseline_v1/build/point_000001/MG5_PROC/Source/MODEL/rw_para.f; runs/A_PI_NATIVE/pi_ufo_baseline_v1/build/A_PI_NATIVE_200/MG5_PROC/Source/MODEL/rw_para.f; runs/A_PI_NATIVE_RUNTIMEFIX/pi_ufo_baseline_v1/build/A_PI_NATIVE_200/MG5_PROC/Source/MODEL/rw_para.f
lha_read.f	4	archive/superseded/.pack_a_native_clean/pi_ufo_baseline_v1_runtimefix/build/A_PI_NATIVE_200/MG5_PROC/Source/MODEL/lha_read.f; releases/pack_a/scientific_validation/external_validation_a/pi_ufo_baseline_v1/build/point_000001/MG5_PROC/Source/MODEL/lha_read.f; runs/A_PI_NATIVE/pi_ufo_baseline_v1/build/A_PI_NATIVE_200/MG5_PROC/Source/MODEL/lha_read.f; runs/A_PI_NATIVE_RUNTIMEFIX/pi_ufo_baseline_v1/build/A_PI_NATIVE_200/MG5_PROC/Source/MODEL/lha_read.f
couplings2.f	4	archive/superseded/.pack_a_native_clean/pi_ufo_baseline_v1_runtimefix/build/A_PI_NATIVE_200/MG5_PROC/Source/MODEL/couplings2.f; releases/pack_a/scientific_validation/external_validation_a/pi_ufo_baseline_v1/build/point_000001/MG5_PROC/Source/MODEL/couplings2.f; runs/A_PI_NATIVE/pi_ufo_baseline_v1/build/A_PI_NATIVE_200/MG5_PROC/Source/MODEL/couplings2.f; runs/A_PI_NATIVE_RUNTIMEFIX/pi_ufo_baseline_v1/build/A_PI_NATIVE_200/MG5_PROC/Source/MODEL/couplings2.f
opendata.o	3	archive/superseded/.pack_a_native_clean/pi_ufo_baseline_v1_runtimefix/build/A_PI_NATIVE_200/MG5_PROC/Source/PDF/opendata.o; runs/A_PI_NATIVE/pi_ufo_baseline_v1/build/A_PI_NATIVE_200/MG5_PROC/Source/PDF/opendata.o; runs/A_PI_NATIVE_RUNTIMEFIX/pi_ufo_baseline_v1/build/A_PI_NATIVE_200/MG5_PROC/Source/PDF/opendata.o
Ctq6Pdf.f	4	archive/superseded/.pack_a_native_clean/pi_ufo_baseline_v1_runtimefix/build/A_PI_NATIVE_200/MG5_PROC/Source/PDF/Ctq6Pdf.f; releases/pack_a/scientific_validation/external_validation_a/pi_ufo_baseline_v1/build/point_000001/MG5_PROC/Source/PDF/Ctq6Pdf.f; runs/A_PI_NATIVE/pi_ufo_baseline_v1/build/A_PI_NATIVE_200/MG5_PROC/Source/PDF/Ctq6Pdf.f; runs/A_PI_NATIVE_RUNTIMEFIX/pi_ufo_baseline_v1/build/A_PI_NATIVE_200/MG5_PROC/Source/PDF/Ctq6Pdf.f
NNPDFDriver.f	4	archive/superseded/.pack_a_native_clean/pi_ufo_baseline_v1_runtimefix/build/A_PI_NATIVE_200/MG5_PROC/Source/PDF/NNPDFDriver.f; releases/pack_a/scientific_validation/external_validation_a/pi_ufo_baseline_v1/build/point_000001/MG5_PROC/Source/PDF/NNPDFDriver.f; runs/A_PI_NATIVE/pi_ufo_baseline_v1/build/A_PI_NATIVE_200/MG5_PROC/Source/PDF/NNPDFDriver.f; runs/A_PI_NATIVE_RUNTIMEFIX/pi_ufo_baseline_v1/build/A_PI_NATIVE_200/MG5_PROC/Source/PDF/NNPDFDriver.f
gridpdfaux.f	28	archive/superseded/.pack_a_native_clean/pi_ufo_baseline_v1_runtimefix/build/A_PI_NATIVE_200/MG5_PROC/Source/PDF/gridpdfaux.f; archive/superseded/.pack_a_native_clean/pi_ufo_baseline_v1_runtimefix/build/A_PI_NATIVE_200/MG5_PROC/Source/PDF/lep_densities/clic3000ll/gridpdfaux.f; archive/superseded/.pack_a_native_clean/pi_ufo_baseline_v1_runtimefix/build/A_PI_NATIVE_200/MG5_PROC/Source/PDF/lep_densities/isronlyll/gridpdfaux.f; archive/superseded/.pack_a_native_clean/pi_ufo_baseline_v1_runtimefix/build/A_PI_NATIVE_200/MG5_PROC/Source/PDF/lep_densities/fcce240ll/gridpdfaux.f; archive/superseded/.pack_a_native_clean/pi_ufo_baseline_v1_runtimefix/build/A_PI_NATIVE_200/MG5_PROC/Source/PDF/lep_densities/ilc500ll/gridpdfaux.f; archive/superseded/.pack_a_native_clean/pi_ufo_baseline_v1_runtimefix/build/A_PI_NATIVE_200/MG5_PROC/Source/PDF/lep_densities/fcce365ll/gridpdfaux.f; archive/superseded/.pack_a_native_clean/pi_ufo_baseline_v1_runtimefix/build/A_PI_NATIVE_200/MG5_PROC/Source/PDF/lep_densities/cepc240ll/gridpdfaux.f; releases/pack_a/scientific_validation/external_validation_a/pi_ufo_baseline_v1/build/point_000001/MG5_PROC/Source/PDF/gridpdfaux.f; releases/pack_a/scientific_validation/external_validation_a/pi_ufo_baseline_v1/build/point_000001/MG5_PROC/Source/PDF/lep_densities/clic3000ll/gridpdfaux.f; releases/pack_a/scientific_validation/external_validation_a/pi_ufo_baseline_v1/build/point_000001/MG5_PROC/Source/PDF/lep_densities/isronlyll/gridpdfaux.f; releases/pack_a/scientific_validation/external_validation_a/pi_ufo_baseline_v1/build/point_000001/MG5_PROC/Source/PDF/lep_densities/fcce240ll/gridpdfaux.f; releases/pack_a/scientific_validation/external_validation_a/pi_ufo_baseline_v1/build/point_000001/MG5_PROC/Source/PDF/lep_densities/ilc500ll/gridpdfaux.f; releases/pack_a/scientific_validation/external_validation_a/pi_ufo_baseline_v1/build/point_000001/MG5_PROC/Source/PDF/lep_densities/fcce365ll/gridpdfaux.f; releases/pack_a/scientific_validation/external_validation_a/pi_ufo_baseline_v1/build/point_000001/MG5_PROC/Source/PDF/lep_densities/cepc240ll/gridpdfaux.f; runs/A_PI_NATIVE/pi_ufo_baseline_v1/build/A_PI_NATIVE_200/MG5_PROC/Source/PDF/gridpdfaux.f; runs/A_PI_NATIVE/pi_ufo_baseline_v1/build/A_PI_NATIVE_200/MG5_PROC/Source/PDF/lep_densities/clic3000ll/gridpdfaux.f; runs/A_PI_NATIVE/pi_ufo_baseline_v1/build/A_PI_NATIVE_200/MG5_PROC/Source/PDF/lep_densities/isronlyll/gridpdfaux.f; runs/A_PI_NATIVE/pi_ufo_baseline_v1/build/A_PI_NATIVE_200/MG5_PROC/Source/PDF/lep_densities/fcce240ll/gridpdfaux.f; runs/A_PI_NATIVE/pi_ufo_baseline_v1/build/A_PI_NATIVE_200/MG5_PROC/Source/PDF/lep_densities/ilc500ll/gridpdfaux.f; runs/A_PI_NATIVE/pi_ufo_baseline_v1/build/A_PI_NATIVE_200/MG5_PROC/Source/PDF/lep_densities/fcce365ll/gridpdfaux.f; runs/A_PI_NATIVE/pi_ufo_baseline_v1/build/A_PI_NATIVE_200/MG5_PROC/Source/PDF/lep_densities/cepc240ll/gridpdfaux.f; runs/A_PI_NATIVE_RUNTIMEFIX/pi_ufo_baseline_v1/build/A_PI_NATIVE_200/MG5_PROC/Source/PDF/gridpdfaux.f; runs/A_PI_NATIVE_RUNTIMEFIX/pi_ufo_baseline_v1/build/A_PI_NATIVE_200/MG5_PROC/Source/PDF/lep_densities/clic3000ll/gridpdfaux.f; runs/A_PI_NATIVE_RUNTIMEFIX/pi_ufo_baseline_v1/build/A_PI_NATIVE_200/MG5_PROC/Source/PDF/lep_densities/isronlyll/gridpdfaux.f; runs/A_PI_NATIVE_RUNTIMEFIX/pi_ufo_baseline_v1/build/A_PI_NATIVE_200/MG5_PROC/Source/PDF/lep_densities/fcce240ll/gridpdfaux.f; runs/A_PI_NATIVE_RUNTIMEFIX/pi_ufo_baseline_v1/build/A_PI_NATIVE_200/MG5_PROC/Source/PDF/lep_densities/ilc500ll/gridpdfaux.f; runs/A_PI_NATIVE_RUNTIMEFIX/pi_ufo_baseline_v1/build/A_PI_NATIVE_200/MG5_PROC/Source/PDF/lep_densities/fcce365ll/gridpdfaux.f; runs/A_PI_NATIVE_RUNTIMEFIX/pi_ufo_baseline_v1/build/A_PI_NATIVE_200/MG5_PROC/Source/PDF/lep_densities/cepc240ll/gridpdfaux.f
PhotonFlux.f	4	archive/superseded/.pack_a_native_clean/pi_ufo_baseline_v1_runtimefix/build/A_PI_NATIVE_200/MG5_PROC/Source/PDF/PhotonFlux.f; releases/pack_a/scientific_validation/external_validation_a/pi_ufo_baseline_v1/build/point_000001/MG5_PROC/Source/PDF/PhotonFlux.f; runs/A_PI_NATIVE/pi_ufo_baseline_v1/build/A_PI_NATIVE_200/MG5_PROC/Source/PDF/PhotonFlux.f; runs/A_PI_NATIVE_RUNTIMEFIX/pi_ufo_baseline_v1/build/A_PI_NATIVE_200/MG5_PROC/Source/PDF/PhotonFlux.f
pdf.o	3	archive/superseded/.pack_a_native_clean/pi_ufo_baseline_v1_runtimefix/build/A_PI_NATIVE_200/MG5_PROC/Source/PDF/pdf.o; runs/A_PI_NATIVE/pi_ufo_baseline_v1/build/A_PI_NATIVE_200/MG5_PROC/Source/PDF/pdf.o; runs/A_PI_NATIVE_RUNTIMEFIX/pi_ufo_baseline_v1/build/A_PI_NATIVE_200/MG5_PROC/Source/PDF/pdf.o
kerset.o	3	archive/superseded/.pack_a_native_clean/pi_ufo_baseline_v1_runtimefix/build/A_PI_NATIVE_200/MG5_PROC/Source/PDF/kerset.o; runs/A_PI_NATIVE/pi_ufo_baseline_v1/build/A_PI_NATIVE_200/MG5_PROC/Source/PDF/kerset.o; runs/A_PI_NATIVE_RUNTIMEFIX/pi_ufo_baseline_v1/build/A_PI_NATIVE_200/MG5_PROC/Source/PDF/kerset.o
Ctq6Pdf.o	3	archive/superseded/.pack_a_native_clean/pi_ufo_baseline_v1_runtimefix/build/A_PI_NATIVE_200/MG5_PROC/Source/PDF/Ctq6Pdf.o; runs/A_PI_NATIVE/pi_ufo_baseline_v1/build/A_PI_NATIVE_200/MG5_PROC/Source/PDF/Ctq6Pdf.o; runs/A_PI_NATIVE_RUNTIMEFIX/pi_ufo_baseline_v1/build/A_PI_NATIVE_200/MG5_PROC/Source/PDF/Ctq6Pdf.o
pdfwrap_lhapdf.f	4	archive/superseded/.pack_a_native_clean/pi_ufo_baseline_v1_runtimefix/build/A_PI_NATIVE_200/MG5_PROC/Source/PDF/pdfwrap_lhapdf.f; releases/pack_a/scientific_validation/external_validation_a/pi_ufo_baseline_v1/build/point_000001/MG5_PROC/Source/PDF/pdfwrap_lhapdf.f; runs/A_PI_NATIVE/pi_ufo_baseline_v1/build/A_PI_NATIVE_200/MG5_PROC/Source/PDF/pdfwrap_lhapdf.f; runs/A_PI_NATIVE_RUNTIMEFIX/pi_ufo_baseline_v1/build/A_PI_NATIVE_200/MG5_PROC/Source/PDF/pdfwrap_lhapdf.f
ElectroweakFlux.inc	4	archive/superseded/.pack_a_native_clean/pi_ufo_baseline_v1_runtimefix/build/A_PI_NATIVE_200/MG5_PROC/Source/PDF/ElectroweakFlux.inc; releases/pack_a/scientific_validation/external_validation_a/pi_ufo_baseline_v1/build/point_000001/MG5_PROC/Source/PDF/ElectroweakFlux.inc; runs/A_PI_NATIVE/pi_ufo_baseline_v1/build/A_PI_NATIVE_200/MG5_PROC/Source/PDF/ElectroweakFlux.inc; runs/A_PI_NATIVE_RUNTIMEFIX/pi_ufo_baseline_v1/build/A_PI_NATIVE_200/MG5_PROC/Source/PDF/ElectroweakFlux.inc
NNPDFDriver.o	3	archive/superseded/.pack_a_native_clean/pi_ufo_baseline_v1_runtimefix/build/A_PI_NATIVE_200/MG5_PROC/Source/PDF/NNPDFDriver.o; runs/A_PI_NATIVE/pi_ufo_baseline_v1/build/A_PI_NATIVE_200/MG5_PROC/Source/PDF/NNPDFDriver.o; runs/A_PI_NATIVE_RUNTIMEFIX/pi_ufo_baseline_v1/build/A_PI_NATIVE_200/MG5_PROC/Source/PDF/NNPDFDriver.o
pdf_lhapdf62.cc	4	archive/superseded/.pack_a_native_clean/pi_ufo_baseline_v1_runtimefix/build/A_PI_NATIVE_200/MG5_PROC/Source/PDF/pdf_lhapdf62.cc; releases/pack_a/scientific_validation/external_validation_a/pi_ufo_baseline_v1/build/point_000001/MG5_PROC/Source/PDF/pdf_lhapdf62.cc; runs/A_PI_NATIVE/pi_ufo_baseline_v1/build/A_PI_NATIVE_200/MG5_PROC/Source/PDF/pdf_lhapdf62.cc; runs/A_PI_NATIVE_RUNTIMEFIX/pi_ufo_baseline_v1/build/A_PI_NATIVE_200/MG5_PROC/Source/PDF/pdf_lhapdf62.cc
dfint.f	4	archive/superseded/.pack_a_native_clean/pi_ufo_baseline_v1_runtimefix/build/A_PI_NATIVE_200/MG5_PROC/Source/PDF/dfint.f; releases/pack_a/scientific_validation/external_validation_a/pi_ufo_baseline_v1/build/point_000001/MG5_PROC/Source/PDF/dfint.f; runs/A_PI_NATIVE/pi_ufo_baseline_v1/build/A_PI_NATIVE_200/MG5_PROC/Source/PDF/dfint.f; runs/A_PI_NATIVE_RUNTIMEFIX/pi_ufo_baseline_v1/build/A_PI_NATIVE_200/MG5_PROC/Source/PDF/dfint.f
gridpdfaux.o	3	archive/superseded/.pack_a_native_clean/pi_ufo_baseline_v1_runtimefix/build/A_PI_NATIVE_200/MG5_PROC/Source/PDF/gridpdfaux.o; runs/A_PI_NATIVE/pi_ufo_baseline_v1/build/A_PI_NATIVE_200/MG5_PROC/Source/PDF/gridpdfaux.o; runs/A_PI_NATIVE_RUNTIMEFIX/pi_ufo_baseline_v1/build/A_PI_NATIVE_200/MG5_PROC/Source/PDF/gridpdfaux.o
ElectroweakFluxDriver.f	4	archive/superseded/.pack_a_native_clean/pi_ufo_baseline_v1_runtimefix/build/A_PI_NATIVE_200/MG5_PROC/Source/PDF/ElectroweakFluxDriver.f; releases/pack_a/scientific_validation/external_validation_a/pi_ufo_baseline_v1/build/point_000001/MG5_PROC/Source/PDF/ElectroweakFluxDriver.f; runs/A_PI_NATIVE/pi_ufo_baseline_v1/build/A_PI_NATIVE_200/MG5_PROC/Source/PDF/ElectroweakFluxDriver.f; runs/A_PI_NATIVE_RUNTIMEFIX/pi_ufo_baseline_v1/build/A_PI_NATIVE_200/MG5_PROC/Source/PDF/ElectroweakFluxDriver.f
pdfwrap.o	3	archive/superseded/.pack_a_native_clean/pi_ufo_baseline_v1_runtimefix/build/A_PI_NATIVE_200/MG5_PROC/Source/PDF/pdfwrap.o; runs/A_PI_NATIVE/pi_ufo_baseline_v1/build/A_PI_NATIVE_200/MG5_PROC/Source/PDF/pdfwrap.o; runs/A_PI_NATIVE_RUNTIMEFIX/pi_ufo_baseline_v1/build/A_PI_NATIVE_200/MG5_PROC/Source/PDF/pdfwrap.o
pdf_lhapdf6.cc	4	archive/superseded/.pack_a_native_clean/pi_ufo_baseline_v1_runtimefix/build/A_PI_NATIVE_200/MG5_PROC/Source/PDF/pdf_lhapdf6.cc; releases/pack_a/scientific_validation/external_validation_a/pi_ufo_baseline_v1/build/point_000001/MG5_PROC/Source/PDF/pdf_lhapdf6.cc; runs/A_PI_NATIVE/pi_ufo_baseline_v1/build/A_PI_NATIVE_200/MG5_PROC/Source/PDF/pdf_lhapdf6.cc; runs/A_PI_NATIVE_RUNTIMEFIX/pi_ufo_baseline_v1/build/A_PI_NATIVE_200/MG5_PROC/Source/PDF/pdf_lhapdf6.cc
kerset.f	4	archive/superseded/.pack_a_native_clean/pi_ufo_baseline_v1_runtimefix/build/A_PI_NATIVE_200/MG5_PROC/Source/PDF/kerset.f; releases/pack_a/scientific_validation/external_validation_a/pi_ufo_baseline_v1/build/point_000001/MG5_PROC/Source/PDF/kerset.f; runs/A_PI_NATIVE/pi_ufo_baseline_v1/build/A_PI_NATIVE_200/MG5_PROC/Source/PDF/kerset.f; runs/A_PI_NATIVE_RUNTIMEFIX/pi_ufo_baseline_v1/build/A_PI_NATIVE_200/MG5_PROC/Source/PDF/kerset.f
pdfwrap_emela.f	4	archive/superseded/.pack_a_native_clean/pi_ufo_baseline_v1_runtimefix/build/A_PI_NATIVE_200/MG5_PROC/Source/PDF/pdfwrap_emela.f; releases/pack_a/scientific_validation/external_validation_a/pi_ufo_baseline_v1/build/point_000001/MG5_PROC/Source/PDF/pdfwrap_emela.f; runs/A_PI_NATIVE/pi_ufo_baseline_v1/build/A_PI_NATIVE_200/MG5_PROC/Source/PDF/pdfwrap_emela.f; runs/A_PI_NATIVE_RUNTIMEFIX/pi_ufo_baseline_v1/build/A_PI_NATIVE_200/MG5_PROC/Source/PDF/pdfwrap_emela.f
pdf.f	4	archive/superseded/.pack_a_native_clean/pi_ufo_baseline_v1_runtimefix/build/A_PI_NATIVE_200/MG5_PROC/Source/PDF/pdf.f; releases/pack_a/scientific_validation/external_validation_a/pi_ufo_baseline_v1/build/point_000001/MG5_PROC/Source/PDF/pdf.f; runs/A_PI_NATIVE/pi_ufo_baseline_v1/build/A_PI_NATIVE_200/MG5_PROC/Source/PDF/pdf.f; runs/A_PI_NATIVE_RUNTIMEFIX/pi_ufo_baseline_v1/build/A_PI_NATIVE_200/MG5_PROC/Source/PDF/pdf.f
pdf.inc	4	archive/superseded/.pack_a_native_clean/pi_ufo_baseline_v1_runtimefix/build/A_PI_NATIVE_200/MG5_PROC/Source/PDF/pdf.inc; releases/pack_a/scientific_validation/external_validation_a/pi_ufo_baseline_v1/build/point_000001/MG5_PROC/Source/PDF/pdf.inc; runs/A_PI_NATIVE/pi_ufo_baseline_v1/build/A_PI_NATIVE_200/MG5_PROC/Source/PDF/pdf.inc; runs/A_PI_NATIVE_RUNTIMEFIX/pi_ufo_baseline_v1/build/A_PI_NATIVE_200/MG5_PROC/Source/PDF/pdf.inc
ElectroweakFlux.f	4	archive/superseded/.pack_a_native_clean/pi_ufo_baseline_v1_runtimefix/build/A_PI_NATIVE_200/MG5_PROC/Source/PDF/ElectroweakFlux.f; releases/pack_a/scientific_validation/external_validation_a/pi_ufo_baseline_v1/build/point_000001/MG5_PROC/Source/PDF/ElectroweakFlux.f; runs/A_PI_NATIVE/pi_ufo_baseline_v1/build/A_PI_NATIVE_200/MG5_PROC/Source/PDF/ElectroweakFlux.f; runs/A_PI_NATIVE_RUNTIMEFIX/pi_ufo_baseline_v1/build/A_PI_NATIVE_200/MG5_PROC/Source/PDF/ElectroweakFlux.f
dfint.o	3	archive/superseded/.pack_a_native_clean/pi_ufo_baseline_v1_runtimefix/build/A_PI_NATIVE_200/MG5_PROC/Source/PDF/dfint.o; runs/A_PI_NATIVE/pi_ufo_baseline_v1/build/A_PI_NATIVE_200/MG5_PROC/Source/PDF/dfint.o; runs/A_PI_NATIVE_RUNTIMEFIX/pi_ufo_baseline_v1/build/A_PI_NATIVE_200/MG5_PROC/Source/PDF/dfint.o
ElectroweakFlux_dummy.o	3	archive/superseded/.pack_a_native_clean/pi_ufo_baseline_v1_runtimefix/build/A_PI_NATIVE_200/MG5_PROC/Source/PDF/ElectroweakFlux_dummy.o; runs/A_PI_NATIVE/pi_ufo_baseline_v1/build/A_PI_NATIVE_200/MG5_PROC/Source/PDF/ElectroweakFlux_dummy.o; runs/A_PI_NATIVE_RUNTIMEFIX/pi_ufo_baseline_v1/build/A_PI_NATIVE_200/MG5_PROC/Source/PDF/ElectroweakFlux_dummy.o
pdg2pdf.o	3	archive/superseded/.pack_a_native_clean/pi_ufo_baseline_v1_runtimefix/build/A_PI_NATIVE_200/MG5_PROC/Source/PDF/pdg2pdf.o; runs/A_PI_NATIVE/pi_ufo_baseline_v1/build/A_PI_NATIVE_200/MG5_PROC/Source/PDF/pdg2pdf.o; runs/A_PI_NATIVE_RUNTIMEFIX/pi_ufo_baseline_v1/build/A_PI_NATIVE_200/MG5_PROC/Source/PDF/pdg2pdf.o
eepdf.o	3	archive/superseded/.pack_a_native_clean/pi_ufo_baseline_v1_runtimefix/build/A_PI_NATIVE_200/MG5_PROC/Source/PDF/eepdf.o; runs/A_PI_NATIVE/pi_ufo_baseline_v1/build/A_PI_NATIVE_200/MG5_PROC/Source/PDF/eepdf.o; runs/A_PI_NATIVE_RUNTIMEFIX/pi_ufo_baseline_v1/build/A_PI_NATIVE_200/MG5_PROC/Source/PDF/eepdf.o
opendata.f	4	archive/superseded/.pack_a_native_clean/pi_ufo_baseline_v1_runtimefix/build/A_PI_NATIVE_200/MG5_PROC/Source/PDF/opendata.f; releases/pack_a/scientific_validation/external_validation_a/pi_ufo_baseline_v1/build/point_000001/MG5_PROC/Source/PDF/opendata.f; runs/A_PI_NATIVE/pi_ufo_baseline_v1/build/A_PI_NATIVE_200/MG5_PROC/Source/PDF/opendata.f; runs/A_PI_NATIVE_RUNTIMEFIX/pi_ufo_baseline_v1/build/A_PI_NATIVE_200/MG5_PROC/Source/PDF/opendata.f
eepdf.f	28	archive/superseded/.pack_a_native_clean/pi_ufo_baseline_v1_runtimefix/build/A_PI_NATIVE_200/MG5_PROC/Source/PDF/eepdf.f; archive/superseded/.pack_a_native_clean/pi_ufo_baseline_v1_runtimefix/build/A_PI_NATIVE_200/MG5_PROC/Source/PDF/lep_densities/clic3000ll/eepdf.f; archive/superseded/.pack_a_native_clean/pi_ufo_baseline_v1_runtimefix/build/A_PI_NATIVE_200/MG5_PROC/Source/PDF/lep_densities/isronlyll/eepdf.f; archive/superseded/.pack_a_native_clean/pi_ufo_baseline_v1_runtimefix/build/A_PI_NATIVE_200/MG5_PROC/Source/PDF/lep_densities/fcce240ll/eepdf.f; archive/superseded/.pack_a_native_clean/pi_ufo_baseline_v1_runtimefix/build/A_PI_NATIVE_200/MG5_PROC/Source/PDF/lep_densities/ilc500ll/eepdf.f; archive/superseded/.pack_a_native_clean/pi_ufo_baseline_v1_runtimefix/build/A_PI_NATIVE_200/MG5_PROC/Source/PDF/lep_densities/fcce365ll/eepdf.f; archive/superseded/.pack_a_native_clean/pi_ufo_baseline_v1_runtimefix/build/A_PI_NATIVE_200/MG5_PROC/Source/PDF/lep_densities/cepc240ll/eepdf.f; releases/pack_a/scientific_validation/external_validation_a/pi_ufo_baseline_v1/build/point_000001/MG5_PROC/Source/PDF/eepdf.f; releases/pack_a/scientific_validation/external_validation_a/pi_ufo_baseline_v1/build/point_000001/MG5_PROC/Source/PDF/lep_densities/clic3000ll/eepdf.f; releases/pack_a/scientific_validation/external_validation_a/pi_ufo_baseline_v1/build/point_000001/MG5_PROC/Source/PDF/lep_densities/isronlyll/eepdf.f; releases/pack_a/scientific_validation/external_validation_a/pi_ufo_baseline_v1/build/point_000001/MG5_PROC/Source/PDF/lep_densities/fcce240ll/eepdf.f; releases/pack_a/scientific_validation/external_validation_a/pi_ufo_baseline_v1/build/point_000001/MG5_PROC/Source/PDF/lep_densities/ilc500ll/eepdf.f; releases/pack_a/scientific_validation/external_validation_a/pi_ufo_baseline_v1/build/point_000001/MG5_PROC/Source/PDF/lep_densities/fcce365ll/eepdf.f; releases/pack_a/scientific_validation/external_validation_a/pi_ufo_baseline_v1/build/point_000001/MG5_PROC/Source/PDF/lep_densities/cepc240ll/eepdf.f; runs/A_PI_NATIVE/pi_ufo_baseline_v1/build/A_PI_NATIVE_200/MG5_PROC/Source/PDF/eepdf.f; runs/A_PI_NATIVE/pi_ufo_baseline_v1/build/A_PI_NATIVE_200/MG5_PROC/Source/PDF/lep_densities/clic3000ll/eepdf.f; runs/A_PI_NATIVE/pi_ufo_baseline_v1/build/A_PI_NATIVE_200/MG5_PROC/Source/PDF/lep_densities/isronlyll/eepdf.f; runs/A_PI_NATIVE/pi_ufo_baseline_v1/build/A_PI_NATIVE_200/MG5_PROC/Source/PDF/lep_densities/fcce240ll/eepdf.f; runs/A_PI_NATIVE/pi_ufo_baseline_v1/build/A_PI_NATIVE_200/MG5_PROC/Source/PDF/lep_densities/ilc500ll/eepdf.f; runs/A_PI_NATIVE/pi_ufo_baseline_v1/build/A_PI_NATIVE_200/MG5_PROC/Source/PDF/lep_densities/fcce365ll/eepdf.f; runs/A_PI_NATIVE/pi_ufo_baseline_v1/build/A_PI_NATIVE_200/MG5_PROC/Source/PDF/lep_densities/cepc240ll/eepdf.f; runs/A_PI_NATIVE_RUNTIMEFIX/pi_ufo_baseline_v1/build/A_PI_NATIVE_200/MG5_PROC/Source/PDF/eepdf.f; runs/A_PI_NATIVE_RUNTIMEFIX/pi_ufo_baseline_v1/build/A_PI_NATIVE_200/MG5_PROC/Source/PDF/lep_densities/clic3000ll/eepdf.f; runs/A_PI_NATIVE_RUNTIMEFIX/pi_ufo_baseline_v1/build/A_PI_NATIVE_200/MG5_PROC/Source/PDF/lep_densities/isronlyll/eepdf.f; runs/A_PI_NATIVE_RUNTIMEFIX/pi_ufo_baseline_v1/build/A_PI_NATIVE_200/MG5_PROC/Source/PDF/lep_densities/fcce240ll/eepdf.f; runs/A_PI_NATIVE_RUNTIMEFIX/pi_ufo_baseline_v1/build/A_PI_NATIVE_200/MG5_PROC/Source/PDF/lep_densities/ilc500ll/eepdf.f; runs/A_PI_NATIVE_RUNTIMEFIX/pi_ufo_baseline_v1/build/A_PI_NATIVE_200/MG5_PROC/Source/PDF/lep_densities/fcce365ll/eepdf.f; runs/A_PI_NATIVE_RUNTIMEFIX/pi_ufo_baseline_v1/build/A_PI_NATIVE_200/MG5_PROC/Source/PDF/lep_densities/cepc240ll/eepdf.f
ElectroweakFlux_dummy.f	4	archive/superseded/.pack_a_native_clean/pi_ufo_baseline_v1_runtimefix/build/A_PI_NATIVE_200/MG5_PROC/Source/PDF/ElectroweakFlux_dummy.f; releases/pack_a/scientific_validation/external_validation_a/pi_ufo_baseline_v1/build/point_000001/MG5_PROC/Source/PDF/ElectroweakFlux_dummy.f; runs/A_PI_NATIVE/pi_ufo_baseline_v1/build/A_PI_NATIVE_200/MG5_PROC/Source/PDF/ElectroweakFlux_dummy.f; runs/A_PI_NATIVE_RUNTIMEFIX/pi_ufo_baseline_v1/build/A_PI_NATIVE_200/MG5_PROC/Source/PDF/ElectroweakFlux_dummy.f
pdg2pdf_lhapdf6.f	4	archive/superseded/.pack_a_native_clean/pi_ufo_baseline_v1_runtimefix/build/A_PI_NATIVE_200/MG5_PROC/Source/PDF/pdg2pdf_lhapdf6.f; releases/pack_a/scientific_validation/external_validation_a/pi_ufo_baseline_v1/build/point_000001/MG5_PROC/Source/PDF/pdg2pdf_lhapdf6.f; runs/A_PI_NATIVE/pi_ufo_baseline_v1/build/A_PI_NATIVE_200/MG5_PROC/Source/PDF/pdg2pdf_lhapdf6.f; runs/A_PI_NATIVE_RUNTIMEFIX/pi_ufo_baseline_v1/build/A_PI_NATIVE_200/MG5_PROC/Source/PDF/pdg2pdf_lhapdf6.f
pdg2pdf.f	4	archive/superseded/.pack_a_native_clean/pi_ufo_baseline_v1_runtimefix/build/A_PI_NATIVE_200/MG5_PROC/Source/PDF/pdg2pdf.f; releases/pack_a/scientific_validation/external_validation_a/pi_ufo_baseline_v1/build/point_000001/MG5_PROC/Source/PDF/pdg2pdf.f; runs/A_PI_NATIVE/pi_ufo_baseline_v1/build/A_PI_NATIVE_200/MG5_PROC/Source/PDF/pdg2pdf.f; runs/A_PI_NATIVE_RUNTIMEFIX/pi_ufo_baseline_v1/build/A_PI_NATIVE_200/MG5_PROC/Source/PDF/pdg2pdf.f
PhotonFlux.o	3	archive/superseded/.pack_a_native_clean/pi_ufo_baseline_v1_runtimefix/build/A_PI_NATIVE_200/MG5_PROC/Source/PDF/PhotonFlux.o; runs/A_PI_NATIVE/pi_ufo_baseline_v1/build/A_PI_NATIVE_200/MG5_PROC/Source/PDF/PhotonFlux.o; runs/A_PI_NATIVE_RUNTIMEFIX/pi_ufo_baseline_v1/build/A_PI_NATIVE_200/MG5_PROC/Source/PDF/PhotonFlux.o
pdfwrap.f	4	archive/superseded/.pack_a_native_clean/pi_ufo_baseline_v1_runtimefix/build/A_PI_NATIVE_200/MG5_PROC/Source/PDF/pdfwrap.f; releases/pack_a/scientific_validation/external_validation_a/pi_ufo_baseline_v1/build/point_000001/MG5_PROC/Source/PDF/pdfwrap.f; runs/A_PI_NATIVE/pi_ufo_baseline_v1/build/A_PI_NATIVE_200/MG5_PROC/Source/PDF/pdfwrap.f; runs/A_PI_NATIVE_RUNTIMEFIX/pi_ufo_baseline_v1/build/A_PI_NATIVE_200/MG5_PROC/Source/PDF/pdfwrap.f
pdf_list.txt	4	archive/superseded/.pack_a_native_clean/pi_ufo_baseline_v1_runtimefix/build/A_PI_NATIVE_200/MG5_PROC/Source/PDF/pdf_list.txt; releases/pack_a/scientific_validation/external_validation_a/pi_ufo_baseline_v1/build/point_000001/MG5_PROC/Source/PDF/pdf_list.txt; runs/A_PI_NATIVE/pi_ufo_baseline_v1/build/A_PI_NATIVE_200/MG5_PROC/Source/PDF/pdf_list.txt; runs/A_PI_NATIVE_RUNTIMEFIX/pi_ufo_baseline_v1/build/A_PI_NATIVE_200/MG5_PROC/Source/PDF/pdf_list.txt
run90.inc	4	archive/superseded/.pack_a_native_clean/pi_ufo_baseline_v1_runtimefix/build/A_PI_NATIVE_200/MG5_PROC/Source/PDF/gammaUPC/run90.inc; releases/pack_a/scientific_validation/external_validation_a/pi_ufo_baseline_v1/build/point_000001/MG5_PROC/Source/PDF/gammaUPC/run90.inc; runs/A_PI_NATIVE/pi_ufo_baseline_v1/build/A_PI_NATIVE_200/MG5_PROC/Source/PDF/gammaUPC/run90.inc; runs/A_PI_NATIVE_RUNTIMEFIX/pi_ufo_baseline_v1/build/A_PI_NATIVE_200/MG5_PROC/Source/PDF/gammaUPC/run90.inc
photonpdfsquare.f	4	archive/superseded/.pack_a_native_clean/pi_ufo_baseline_v1_runtimefix/build/A_PI_NATIVE_200/MG5_PROC/Source/PDF/gammaUPC/photonpdfsquare.f; releases/pack_a/scientific_validation/external_validation_a/pi_ufo_baseline_v1/build/point_000001/MG5_PROC/Source/PDF/gammaUPC/photonpdfsquare.f; runs/A_PI_NATIVE/pi_ufo_baseline_v1/build/A_PI_NATIVE_200/MG5_PROC/Source/PDF/gammaUPC/photonpdfsquare.f; runs/A_PI_NATIVE_RUNTIMEFIX/pi_ufo_baseline_v1/build/A_PI_NATIVE_200/MG5_PROC/Source/PDF/gammaUPC/photonpdfsquare.f
nintlib.f90	4	archive/superseded/.pack_a_native_clean/pi_ufo_baseline_v1_runtimefix/build/A_PI_NATIVE_200/MG5_PROC/Source/PDF/gammaUPC/nintlib.f90; releases/pack_a/scientific_validation/external_validation_a/pi_ufo_baseline_v1/build/point_000001/MG5_PROC/Source/PDF/gammaUPC/nintlib.f90; runs/A_PI_NATIVE/pi_ufo_baseline_v1/build/A_PI_NATIVE_200/MG5_PROC/Source/PDF/gammaUPC/nintlib.f90; runs/A_PI_NATIVE_RUNTIMEFIX/pi_ufo_baseline_v1/build/A_PI_NATIVE_200/MG5_PROC/Source/PDF/gammaUPC/nintlib.f90
gammaUPC_dummy.o	3	archive/superseded/.pack_a_native_clean/pi_ufo_baseline_v1_runtimefix/build/A_PI_NATIVE_200/MG5_PROC/Source/PDF/gammaUPC/gammaUPC_dummy.o; runs/A_PI_NATIVE/pi_ufo_baseline_v1/build/A_PI_NATIVE_200/MG5_PROC/Source/PDF/gammaUPC/gammaUPC_dummy.o; runs/A_PI_NATIVE_RUNTIMEFIX/pi_ufo_baseline_v1/build/A_PI_NATIVE_200/MG5_PROC/Source/PDF/gammaUPC/gammaUPC_dummy.o
tbessk.f90	4	archive/superseded/.pack_a_native_clean/pi_ufo_baseline_v1_runtimefix/build/A_PI_NATIVE_200/MG5_PROC/Source/PDF/gammaUPC/tbessk.f90; releases/pack_a/scientific_validation/external_validation_a/pi_ufo_baseline_v1/build/point_000001/MG5_PROC/Source/PDF/gammaUPC/tbessk.f90; runs/A_PI_NATIVE/pi_ufo_baseline_v1/build/A_PI_NATIVE_200/MG5_PROC/Source/PDF/gammaUPC/tbessk.f90; runs/A_PI_NATIVE_RUNTIMEFIX/pi_ufo_baseline_v1/build/A_PI_NATIVE_200/MG5_PROC/Source/PDF/gammaUPC/tbessk.f90
OpticalGlauber_Geometry.f90	4	archive/superseded/.pack_a_native_clean/pi_ufo_baseline_v1_runtimefix/build/A_PI_NATIVE_200/MG5_PROC/Source/PDF/gammaUPC/OpticalGlauber_Geometry.f90; releases/pack_a/scientific_validation/external_validation_a/pi_ufo_baseline_v1/build/point_000001/MG5_PROC/Source/PDF/gammaUPC/OpticalGlauber_Geometry.f90; runs/A_PI_NATIVE/pi_ufo_baseline_v1/build/A_PI_NATIVE_200/MG5_PROC/Source/PDF/gammaUPC/OpticalGlauber_Geometry.f90; runs/A_PI_NATIVE_RUNTIMEFIX/pi_ufo_baseline_v1/build/A_PI_NATIVE_200/MG5_PROC/Source/PDF/gammaUPC/OpticalGlauber_Geometry.f90
makefile_dummy	4	archive/superseded/.pack_a_native_clean/pi_ufo_baseline_v1_runtimefix/build/A_PI_NATIVE_200/MG5_PROC/Source/PDF/gammaUPC/makefile_dummy; releases/pack_a/scientific_validation/external_validation_a/pi_ufo_baseline_v1/build/point_000001/MG5_PROC/Source/PDF/gammaUPC/makefile_dummy; runs/A_PI_NATIVE/pi_ufo_baseline_v1/build/A_PI_NATIVE_200/MG5_PROC/Source/PDF/gammaUPC/makefile_dummy; runs/A_PI_NATIVE_RUNTIMEFIX/pi_ufo_baseline_v1/build/A_PI_NATIVE_200/MG5_PROC/Source/PDF/gammaUPC/makefile_dummy
test.f90	4	archive/superseded/.pack_a_native_clean/pi_ufo_baseline_v1_runtimefix/build/A_PI_NATIVE_200/MG5_PROC/Source/PDF/gammaUPC/test.f90; releases/pack_a/scientific_validation/external_validation_a/pi_ufo_baseline_v1/build/point_000001/MG5_PROC/Source/PDF/gammaUPC/test.f90; runs/A_PI_NATIVE/pi_ufo_baseline_v1/build/A_PI_NATIVE_200/MG5_PROC/Source/PDF/gammaUPC/test.f90; runs/A_PI_NATIVE_RUNTIMEFIX/pi_ufo_baseline_v1/build/A_PI_NATIVE_200/MG5_PROC/Source/PDF/gammaUPC/test.f90
interpolation.f90	4	archive/superseded/.pack_a_native_clean/pi_ufo_baseline_v1_runtimefix/build/A_PI_NATIVE_200/MG5_PROC/Source/PDF/gammaUPC/interpolation.f90; releases/pack_a/scientific_validation/external_validation_a/pi_ufo_baseline_v1/build/point_000001/MG5_PROC/Source/PDF/gammaUPC/interpolation.f90; runs/A_PI_NATIVE/pi_ufo_baseline_v1/build/A_PI_NATIVE_200/MG5_PROC/Source/PDF/gammaUPC/interpolation.f90; runs/A_PI_NATIVE_RUNTIMEFIX/pi_ufo_baseline_v1/build/A_PI_NATIVE_200/MG5_PROC/Source/PDF/gammaUPC/interpolation.f90
ElasticPhotonPhotonFlux.f90	4	archive/superseded/.pack_a_native_clean/pi_ufo_baseline_v1_runtimefix/build/A_PI_NATIVE_200/MG5_PROC/Source/PDF/gammaUPC/ElasticPhotonPhotonFlux.f90; releases/pack_a/scientific_validation/external_validation_a/pi_ufo_baseline_v1/build/point_000001/MG5_PROC/Source/PDF/gammaUPC/ElasticPhotonPhotonFlux.f90; runs/A_PI_NATIVE/pi_ufo_baseline_v1/build/A_PI_NATIVE_200/MG5_PROC/Source/PDF/gammaUPC/ElasticPhotonPhotonFlux.f90; runs/A_PI_NATIVE_RUNTIMEFIX/pi_ufo_baseline_v1/build/A_PI_NATIVE_200/MG5_PROC/Source/PDF/gammaUPC/ElasticPhotonPhotonFlux.f90
nielsen_generalized_polylog.f90	4	archive/superseded/.pack_a_native_clean/pi_ufo_baseline_v1_runtimefix/build/A_PI_NATIVE_200/MG5_PROC/Source/PDF/gammaUPC/nielsen_generalized_polylog.f90; releases/pack_a/scientific_validation/external_validation_a/pi_ufo_baseline_v1/build/point_000001/MG5_PROC/Source/PDF/gammaUPC/nielsen_generalized_polylog.f90; runs/A_PI_NATIVE/pi_ufo_baseline_v1/build/A_PI_NATIVE_200/MG5_PROC/Source/PDF/gammaUPC/nielsen_generalized_polylog.f90; runs/A_PI_NATIVE_RUNTIMEFIX/pi_ufo_baseline_v1/build/A_PI_NATIVE_200/MG5_PROC/Source/PDF/gammaUPC/nielsen_generalized_polylog.f90
tbessj.f90	4	archive/superseded/.pack_a_native_clean/pi_ufo_baseline_v1_runtimefix/build/A_PI_NATIVE_200/MG5_PROC/Source/PDF/gammaUPC/tbessj.f90; releases/pack_a/scientific_validation/external_validation_a/pi_ufo_baseline_v1/build/point_000001/MG5_PROC/Source/PDF/gammaUPC/tbessj.f90; runs/A_PI_NATIVE/pi_ufo_baseline_v1/build/A_PI_NATIVE_200/MG5_PROC/Source/PDF/gammaUPC/tbessj.f90; runs/A_PI_NATIVE_RUNTIMEFIX/pi_ufo_baseline_v1/build/A_PI_NATIVE_200/MG5_PROC/Source/PDF/gammaUPC/tbessj.f90
gammaUPC_dummy.f	4	archive/superseded/.pack_a_native_clean/pi_ufo_baseline_v1_runtimefix/build/A_PI_NATIVE_200/MG5_PROC/Source/PDF/gammaUPC/gammaUPC_dummy.f; releases/pack_a/scientific_validation/external_validation_a/pi_ufo_baseline_v1/build/point_000001/MG5_PROC/Source/PDF/gammaUPC/gammaUPC_dummy.f; runs/A_PI_NATIVE/pi_ufo_baseline_v1/build/A_PI_NATIVE_200/MG5_PROC/Source/PDF/gammaUPC/gammaUPC_dummy.f; runs/A_PI_NATIVE_RUNTIMEFIX/pi_ufo_baseline_v1/build/A_PI_NATIVE_200/MG5_PROC/Source/PDF/gammaUPC/gammaUPC_dummy.f
libgeneric.a	3	archive/superseded/.pack_a_native_clean/pi_ufo_baseline_v1_runtimefix/build/A_PI_NATIVE_200/MG5_PROC/lib/libgeneric.a; runs/A_PI_NATIVE/pi_ufo_baseline_v1/build/A_PI_NATIVE_200/MG5_PROC/lib/libgeneric.a; runs/A_PI_NATIVE_RUNTIMEFIX/pi_ufo_baseline_v1/build/A_PI_NATIVE_200/MG5_PROC/lib/libgeneric.a
libbias.a	3	archive/superseded/.pack_a_native_clean/pi_ufo_baseline_v1_runtimefix/build/A_PI_NATIVE_200/MG5_PROC/lib/libbias.a; runs/A_PI_NATIVE/pi_ufo_baseline_v1/build/A_PI_NATIVE_200/MG5_PROC/lib/libbias.a; runs/A_PI_NATIVE_RUNTIMEFIX/pi_ufo_baseline_v1/build/A_PI_NATIVE_200/MG5_PROC/lib/libbias.a
libgammaUPC.a	3	archive/superseded/.pack_a_native_clean/pi_ufo_baseline_v1_runtimefix/build/A_PI_NATIVE_200/MG5_PROC/lib/libgammaUPC.a; runs/A_PI_NATIVE/pi_ufo_baseline_v1/build/A_PI_NATIVE_200/MG5_PROC/lib/libgammaUPC.a; runs/A_PI_NATIVE_RUNTIMEFIX/pi_ufo_baseline_v1/build/A_PI_NATIVE_200/MG5_PROC/lib/libgammaUPC.a
libmodel.a	3	archive/superseded/.pack_a_native_clean/pi_ufo_baseline_v1_runtimefix/build/A_PI_NATIVE_200/MG5_PROC/lib/libmodel.a; runs/A_PI_NATIVE/pi_ufo_baseline_v1/build/A_PI_NATIVE_200/MG5_PROC/lib/libmodel.a; runs/A_PI_NATIVE_RUNTIMEFIX/pi_ufo_baseline_v1/build/A_PI_NATIVE_200/MG5_PROC/lib/libmodel.a
libdsample.a	3	archive/superseded/.pack_a_native_clean/pi_ufo_baseline_v1_runtimefix/build/A_PI_NATIVE_200/MG5_PROC/lib/libdsample.a; runs/A_PI_NATIVE/pi_ufo_baseline_v1/build/A_PI_NATIVE_200/MG5_PROC/lib/libdsample.a; runs/A_PI_NATIVE_RUNTIMEFIX/pi_ufo_baseline_v1/build/A_PI_NATIVE_200/MG5_PROC/lib/libdsample.a
libpdf.a	3	archive/superseded/.pack_a_native_clean/pi_ufo_baseline_v1_runtimefix/build/A_PI_NATIVE_200/MG5_PROC/lib/libpdf.a; runs/A_PI_NATIVE/pi_ufo_baseline_v1/build/A_PI_NATIVE_200/MG5_PROC/lib/libpdf.a; runs/A_PI_NATIVE_RUNTIMEFIX/pi_ufo_baseline_v1/build/A_PI_NATIVE_200/MG5_PROC/lib/libpdf.a
libcernlib.a	3	archive/superseded/.pack_a_native_clean/pi_ufo_baseline_v1_runtimefix/build/A_PI_NATIVE_200/MG5_PROC/lib/libcernlib.a; runs/A_PI_NATIVE/pi_ufo_baseline_v1/build/A_PI_NATIVE_200/MG5_PROC/lib/libcernlib.a; runs/A_PI_NATIVE_RUNTIMEFIX/pi_ufo_baseline_v1/build/A_PI_NATIVE_200/MG5_PROC/lib/libcernlib.a
libdhelas.a	3	archive/superseded/.pack_a_native_clean/pi_ufo_baseline_v1_runtimefix/build/A_PI_NATIVE_200/MG5_PROC/lib/libdhelas.a; runs/A_PI_NATIVE/pi_ufo_baseline_v1/build/A_PI_NATIVE_200/MG5_PROC/lib/libdhelas.a; runs/A_PI_NATIVE_RUNTIMEFIX/pi_ufo_baseline_v1/build/A_PI_NATIVE_200/MG5_PROC/lib/libdhelas.a
mrse.dat	4	archive/superseded/.pack_a_native_clean/pi_ufo_baseline_v1_runtimefix/build/A_PI_NATIVE_200/MG5_PROC/lib/Pdfdata/mrse.dat; releases/pack_a/scientific_validation/external_validation_a/pi_ufo_baseline_v1/build/point_000001/MG5_PROC/lib/Pdfdata/mrse.dat; runs/A_PI_NATIVE/pi_ufo_baseline_v1/build/A_PI_NATIVE_200/MG5_PROC/lib/Pdfdata/mrse.dat; runs/A_PI_NATIVE_RUNTIMEFIX/pi_ufo_baseline_v1/build/A_PI_NATIVE_200/MG5_PROC/lib/Pdfdata/mrse.dat
mrst2002nlo.dat	4	archive/superseded/.pack_a_native_clean/pi_ufo_baseline_v1_runtimefix/build/A_PI_NATIVE_200/MG5_PROC/lib/Pdfdata/mrst2002nlo.dat; releases/pack_a/scientific_validation/external_validation_a/pi_ufo_baseline_v1/build/point_000001/MG5_PROC/lib/Pdfdata/mrst2002nlo.dat; runs/A_PI_NATIVE/pi_ufo_baseline_v1/build/A_PI_NATIVE_200/MG5_PROC/lib/Pdfdata/mrst2002nlo.dat; runs/A_PI_NATIVE_RUNTIMEFIX/pi_ufo_baseline_v1/build/A_PI_NATIVE_200/MG5_PROC/lib/Pdfdata/mrst2002nlo.dat
mrsb.dat	4	archive/superseded/.pack_a_native_clean/pi_ufo_baseline_v1_runtimefix/build/A_PI_NATIVE_200/MG5_PROC/lib/Pdfdata/mrsb.dat; releases/pack_a/scientific_validation/external_validation_a/pi_ufo_baseline_v1/build/point_000001/MG5_PROC/lib/Pdfdata/mrsb.dat; runs/A_PI_NATIVE/pi_ufo_baseline_v1/build/A_PI_NATIVE_200/MG5_PROC/lib/Pdfdata/mrsb.dat; runs/A_PI_NATIVE_RUNTIMEFIX/pi_ufo_baseline_v1/build/A_PI_NATIVE_200/MG5_PROC/lib/Pdfdata/mrsb.dat
cteq6m.tbl	4	archive/superseded/.pack_a_native_clean/pi_ufo_baseline_v1_runtimefix/build/A_PI_NATIVE_200/MG5_PROC/lib/Pdfdata/cteq6m.tbl; releases/pack_a/scientific_validation/external_validation_a/pi_ufo_baseline_v1/build/point_000001/MG5_PROC/lib/Pdfdata/cteq6m.tbl; runs/A_PI_NATIVE/pi_ufo_baseline_v1/build/A_PI_NATIVE_200/MG5_PROC/lib/Pdfdata/cteq6m.tbl; runs/A_PI_NATIVE_RUNTIMEFIX/pi_ufo_baseline_v1/build/A_PI_NATIVE_200/MG5_PROC/lib/Pdfdata/cteq6m.tbl
cteq6l.tbl	4	archive/superseded/.pack_a_native_clean/pi_ufo_baseline_v1_runtimefix/build/A_PI_NATIVE_200/MG5_PROC/lib/Pdfdata/cteq6l.tbl; releases/pack_a/scientific_validation/external_validation_a/pi_ufo_baseline_v1/build/point_000001/MG5_PROC/lib/Pdfdata/cteq6l.tbl; runs/A_PI_NATIVE/pi_ufo_baseline_v1/build/A_PI_NATIVE_200/MG5_PROC/lib/Pdfdata/cteq6l.tbl; runs/A_PI_NATIVE_RUNTIMEFIX/pi_ufo_baseline_v1/build/A_PI_NATIVE_200/MG5_PROC/lib/Pdfdata/cteq6l.tbl
NNPDF23nlo_as_0119_qed_mem0.grid	4	archive/superseded/.pack_a_native_clean/pi_ufo_baseline_v1_runtimefix/build/A_PI_NATIVE_200/MG5_PROC/lib/Pdfdata/NNPDF23nlo_as_0119_qed_mem0.grid; releases/pack_a/scientific_validation/external_validation_a/pi_ufo_baseline_v1/build/point_000001/MG5_PROC/lib/Pdfdata/NNPDF23nlo_as_0119_qed_mem0.grid; runs/A_PI_NATIVE/pi_ufo_baseline_v1/build/A_PI_NATIVE_200/MG5_PROC/lib/Pdfdata/NNPDF23nlo_as_0119_qed_mem0.grid; runs/A_PI_NATIVE_RUNTIMEFIX/pi_ufo_baseline_v1/build/A_PI_NATIVE_200/MG5_PROC/lib/Pdfdata/NNPDF23nlo_as_0119_qed_mem0.grid
NNPDF23_lo_as_0130_qed_mem0.grid	4	archive/superseded/.pack_a_native_clean/pi_ufo_baseline_v1_runtimefix/build/A_PI_NATIVE_200/MG5_PROC/lib/Pdfdata/NNPDF23_lo_as_0130_qed_mem0.grid; releases/pack_a/scientific_validation/external_validation_a/pi_ufo_baseline_v1/build/point_000001/MG5_PROC/lib/Pdfdata/NNPDF23_lo_as_0130_qed_mem0.grid; runs/A_PI_NATIVE/pi_ufo_baseline_v1/build/A_PI_NATIVE_200/MG5_PROC/lib/Pdfdata/NNPDF23_lo_as_0130_qed_mem0.grid; runs/A_PI_NATIVE_RUNTIMEFIX/pi_ufo_baseline_v1/build/A_PI_NATIVE_200/MG5_PROC/lib/Pdfdata/NNPDF23_lo_as_0130_qed_mem0.grid
cteq6d.tbl	4	archive/superseded/.pack_a_native_clean/pi_ufo_baseline_v1_runtimefix/build/A_PI_NATIVE_200/MG5_PROC/lib/Pdfdata/cteq6d.tbl; releases/pack_a/scientific_validation/external_validation_a/pi_ufo_baseline_v1/build/point_000001/MG5_PROC/lib/Pdfdata/cteq6d.tbl; runs/A_PI_NATIVE/pi_ufo_baseline_v1/build/A_PI_NATIVE_200/MG5_PROC/lib/Pdfdata/cteq6d.tbl; runs/A_PI_NATIVE_RUNTIMEFIX/pi_ufo_baseline_v1/build/A_PI_NATIVE_200/MG5_PROC/lib/Pdfdata/cteq6d.tbl
cteq6l1.tbl	4	archive/superseded/.pack_a_native_clean/pi_ufo_baseline_v1_runtimefix/build/A_PI_NATIVE_200/MG5_PROC/lib/Pdfdata/cteq6l1.tbl; releases/pack_a/scientific_validation/external_validation_a/pi_ufo_baseline_v1/build/point_000001/MG5_PROC/lib/Pdfdata/cteq6l1.tbl; runs/A_PI_NATIVE/pi_ufo_baseline_v1/build/A_PI_NATIVE_200/MG5_PROC/lib/Pdfdata/cteq6l1.tbl; runs/A_PI_NATIVE_RUNTIMEFIX/pi_ufo_baseline_v1/build/A_PI_NATIVE_200/MG5_PROC/lib/Pdfdata/cteq6l1.tbl
cteq5l.tbl	4	archive/superseded/.pack_a_native_clean/pi_ufo_baseline_v1_runtimefix/build/A_PI_NATIVE_200/MG5_PROC/lib/Pdfdata/cteq5l.tbl; releases/pack_a/scientific_validation/external_validation_a/pi_ufo_baseline_v1/build/point_000001/MG5_PROC/lib/Pdfdata/cteq5l.tbl; runs/A_PI_NATIVE/pi_ufo_baseline_v1/build/A_PI_NATIVE_200/MG5_PROC/lib/Pdfdata/cteq5l.tbl; runs/A_PI_NATIVE_RUNTIMEFIX/pi_ufo_baseline_v1/build/A_PI_NATIVE_200/MG5_PROC/lib/Pdfdata/cteq5l.tbl
NNPDF23_lo_as_0119_qed_mem0.grid	4	archive/superseded/.pack_a_native_clean/pi_ufo_baseline_v1_runtimefix/build/A_PI_NATIVE_200/MG5_PROC/lib/Pdfdata/NNPDF23_lo_as_0119_qed_mem0.grid; releases/pack_a/scientific_validation/external_validation_a/pi_ufo_baseline_v1/build/point_000001/MG5_PROC/lib/Pdfdata/NNPDF23_lo_as_0119_qed_mem0.grid; runs/A_PI_NATIVE/pi_ufo_baseline_v1/build/A_PI_NATIVE_200/MG5_PROC/lib/Pdfdata/NNPDF23_lo_as_0119_qed_mem0.grid; runs/A_PI_NATIVE_RUNTIMEFIX/pi_ufo_baseline_v1/build/A_PI_NATIVE_200/MG5_PROC/lib/Pdfdata/NNPDF23_lo_as_0119_qed_mem0.grid
cteq5m.tbl	4	archive/superseded/.pack_a_native_clean/pi_ufo_baseline_v1_runtimefix/build/A_PI_NATIVE_200/MG5_PROC/lib/Pdfdata/cteq5m.tbl; releases/pack_a/scientific_validation/external_validation_a/pi_ufo_baseline_v1/build/point_000001/MG5_PROC/lib/Pdfdata/cteq5m.tbl; runs/A_PI_NATIVE/pi_ufo_baseline_v1/build/A_PI_NATIVE_200/MG5_PROC/lib/Pdfdata/cteq5m.tbl; runs/A_PI_NATIVE_RUNTIMEFIX/pi_ufo_baseline_v1/build/A_PI_NATIVE_200/MG5_PROC/lib/Pdfdata/cteq5m.tbl
pgs_card_LHC.dat	4	archive/superseded/.pack_a_native_clean/pi_ufo_baseline_v1_runtimefix/build/A_PI_NATIVE_200/MG5_PROC/Cards/pgs_card_LHC.dat; releases/pack_a/scientific_validation/external_validation_a/pi_ufo_baseline_v1/build/point_000001/MG5_PROC/Cards/pgs_card_LHC.dat; runs/A_PI_NATIVE/pi_ufo_baseline_v1/build/A_PI_NATIVE_200/MG5_PROC/Cards/pgs_card_LHC.dat; runs/A_PI_NATIVE_RUNTIMEFIX/pi_ufo_baseline_v1/build/A_PI_NATIVE_200/MG5_PROC/Cards/pgs_card_LHC.dat
madspin_card_default.dat	4	archive/superseded/.pack_a_native_clean/pi_ufo_baseline_v1_runtimefix/build/A_PI_NATIVE_200/MG5_PROC/Cards/madspin_card_default.dat; releases/pack_a/scientific_validation/external_validation_a/pi_ufo_baseline_v1/build/point_000001/MG5_PROC/Cards/madspin_card_default.dat; runs/A_PI_NATIVE/pi_ufo_baseline_v1/build/A_PI_NATIVE_200/MG5_PROC/Cards/madspin_card_default.dat; runs/A_PI_NATIVE_RUNTIMEFIX/pi_ufo_baseline_v1/build/A_PI_NATIVE_200/MG5_PROC/Cards/madspin_card_default.dat
delphes_trigger_default.dat	4	archive/superseded/.pack_a_native_clean/pi_ufo_baseline_v1_runtimefix/build/A_PI_NATIVE_200/MG5_PROC/Cards/delphes_trigger_default.dat; releases/pack_a/scientific_validation/external_validation_a/pi_ufo_baseline_v1/build/point_000001/MG5_PROC/Cards/delphes_trigger_default.dat; runs/A_PI_NATIVE/pi_ufo_baseline_v1/build/A_PI_NATIVE_200/MG5_PROC/Cards/delphes_trigger_default.dat; runs/A_PI_NATIVE_RUNTIMEFIX/pi_ufo_baseline_v1/build/A_PI_NATIVE_200/MG5_PROC/Cards/delphes_trigger_default.dat
param_card_default.dat	4	archive/superseded/.pack_a_native_clean/pi_ufo_baseline_v1_runtimefix/build/A_PI_NATIVE_200/MG5_PROC/Cards/param_card_default.dat; releases/pack_a/scientific_validation/external_validation_a/pi_ufo_baseline_v1/build/point_000001/MG5_PROC/Cards/param_card_default.dat; runs/A_PI_NATIVE/pi_ufo_baseline_v1/build/A_PI_NATIVE_200/MG5_PROC/Cards/param_card_default.dat; runs/A_PI_NATIVE_RUNTIMEFIX/pi_ufo_baseline_v1/build/A_PI_NATIVE_200/MG5_PROC/Cards/param_card_default.dat
me5_configuration.txt	4	archive/superseded/.pack_a_native_clean/pi_ufo_baseline_v1_runtimefix/build/A_PI_NATIVE_200/MG5_PROC/Cards/me5_configuration.txt; releases/pack_a/scientific_validation/external_validation_a/pi_ufo_baseline_v1/build/point_000001/MG5_PROC/Cards/me5_configuration.txt; runs/A_PI_NATIVE/pi_ufo_baseline_v1/build/A_PI_NATIVE_200/MG5_PROC/Cards/me5_configuration.txt; runs/A_PI_NATIVE_RUNTIMEFIX/pi_ufo_baseline_v1/build/A_PI_NATIVE_200/MG5_PROC/Cards/me5_configuration.txt
rivet_card_default.dat	4	archive/superseded/.pack_a_native_clean/pi_ufo_baseline_v1_runtimefix/build/A_PI_NATIVE_200/MG5_PROC/Cards/rivet_card_default.dat; releases/pack_a/scientific_validation/external_validation_a/pi_ufo_baseline_v1/build/point_000001/MG5_PROC/Cards/rivet_card_default.dat; runs/A_PI_NATIVE/pi_ufo_baseline_v1/build/A_PI_NATIVE_200/MG5_PROC/Cards/rivet_card_default.dat; runs/A_PI_NATIVE_RUNTIMEFIX/pi_ufo_baseline_v1/build/A_PI_NATIVE_200/MG5_PROC/Cards/rivet_card_default.dat
delphes_card_CMS.dat	4	archive/superseded/.pack_a_native_clean/pi_ufo_baseline_v1_runtimefix/build/A_PI_NATIVE_200/MG5_PROC/Cards/delphes_card_CMS.dat; releases/pack_a/scientific_validation/external_validation_a/pi_ufo_baseline_v1/build/point_000001/MG5_PROC/Cards/delphes_card_CMS.dat; runs/A_PI_NATIVE/pi_ufo_baseline_v1/build/A_PI_NATIVE_200/MG5_PROC/Cards/delphes_card_CMS.dat; runs/A_PI_NATIVE_RUNTIMEFIX/pi_ufo_baseline_v1/build/A_PI_NATIVE_200/MG5_PROC/Cards/delphes_card_CMS.dat
pythia8_card_default.dat	4	archive/superseded/.pack_a_native_clean/pi_ufo_baseline_v1_runtimefix/build/A_PI_NATIVE_200/MG5_PROC/Cards/pythia8_card_default.dat; releases/pack_a/scientific_validation/external_validation_a/pi_ufo_baseline_v1/build/point_000001/MG5_PROC/Cards/pythia8_card_default.dat; runs/A_PI_NATIVE/pi_ufo_baseline_v1/build/A_PI_NATIVE_200/MG5_PROC/Cards/pythia8_card_default.dat; runs/A_PI_NATIVE_RUNTIMEFIX/pi_ufo_baseline_v1/build/A_PI_NATIVE_200/MG5_PROC/Cards/pythia8_card_default.dat
delphes_card_ATLAS.dat	4	archive/superseded/.pack_a_native_clean/pi_ufo_baseline_v1_runtimefix/build/A_PI_NATIVE_200/MG5_PROC/Cards/delphes_card_ATLAS.dat; releases/pack_a/scientific_validation/external_validation_a/pi_ufo_baseline_v1/build/point_000001/MG5_PROC/Cards/delphes_card_ATLAS.dat; runs/A_PI_NATIVE/pi_ufo_baseline_v1/build/A_PI_NATIVE_200/MG5_PROC/Cards/delphes_card_ATLAS.dat; runs/A_PI_NATIVE_RUNTIMEFIX/pi_ufo_baseline_v1/build/A_PI_NATIVE_200/MG5_PROC/Cards/delphes_card_ATLAS.dat
ident_card.dat	4	archive/superseded/.pack_a_native_clean/pi_ufo_baseline_v1_runtimefix/build/A_PI_NATIVE_200/MG5_PROC/Cards/ident_card.dat; releases/pack_a/scientific_validation/external_validation_a/pi_ufo_baseline_v1/build/point_000001/MG5_PROC/Cards/ident_card.dat; runs/A_PI_NATIVE/pi_ufo_baseline_v1/build/A_PI_NATIVE_200/MG5_PROC/Cards/ident_card.dat; runs/A_PI_NATIVE_RUNTIMEFIX/pi_ufo_baseline_v1/build/A_PI_NATIVE_200/MG5_PROC/Cards/ident_card.dat
grid_card.dat	4	archive/superseded/.pack_a_native_clean/pi_ufo_baseline_v1_runtimefix/build/A_PI_NATIVE_200/MG5_PROC/Cards/grid_card.dat; releases/pack_a/scientific_validation/external_validation_a/pi_ufo_baseline_v1/build/point_000001/MG5_PROC/Cards/grid_card.dat; runs/A_PI_NATIVE/pi_ufo_baseline_v1/build/A_PI_NATIVE_200/MG5_PROC/Cards/grid_card.dat; runs/A_PI_NATIVE_RUNTIMEFIX/pi_ufo_baseline_v1/build/A_PI_NATIVE_200/MG5_PROC/Cards/grid_card.dat
grid_card_default.dat	4	archive/superseded/.pack_a_native_clean/pi_ufo_baseline_v1_runtimefix/build/A_PI_NATIVE_200/MG5_PROC/Cards/grid_card_default.dat; releases/pack_a/scientific_validation/external_validation_a/pi_ufo_baseline_v1/build/point_000001/MG5_PROC/Cards/grid_card_default.dat; runs/A_PI_NATIVE/pi_ufo_baseline_v1/build/A_PI_NATIVE_200/MG5_PROC/Cards/grid_card_default.dat; runs/A_PI_NATIVE_RUNTIMEFIX/pi_ufo_baseline_v1/build/A_PI_NATIVE_200/MG5_PROC/Cards/grid_card_default.dat
delphes_card_default.dat	4	archive/superseded/.pack_a_native_clean/pi_ufo_baseline_v1_runtimefix/build/A_PI_NATIVE_200/MG5_PROC/Cards/delphes_card_default.dat; releases/pack_a/scientific_validation/external_validation_a/pi_ufo_baseline_v1/build/point_000001/MG5_PROC/Cards/delphes_card_default.dat; runs/A_PI_NATIVE/pi_ufo_baseline_v1/build/A_PI_NATIVE_200/MG5_PROC/Cards/delphes_card_default.dat; runs/A_PI_NATIVE_RUNTIMEFIX/pi_ufo_baseline_v1/build/A_PI_NATIVE_200/MG5_PROC/Cards/delphes_card_default.dat
madanalysis5_hadron_card_default.dat	4	archive/superseded/.pack_a_native_clean/pi_ufo_baseline_v1_runtimefix/build/A_PI_NATIVE_200/MG5_PROC/Cards/madanalysis5_hadron_card_default.dat; releases/pack_a/scientific_validation/external_validation_a/pi_ufo_baseline_v1/build/point_000001/MG5_PROC/Cards/madanalysis5_hadron_card_default.dat; runs/A_PI_NATIVE/pi_ufo_baseline_v1/build/A_PI_NATIVE_200/MG5_PROC/Cards/madanalysis5_hadron_card_default.dat; runs/A_PI_NATIVE_RUNTIMEFIX/pi_ufo_baseline_v1/build/A_PI_NATIVE_200/MG5_PROC/Cards/madanalysis5_hadron_card_default.dat
delphes_trigger_ATLAS.dat	4	archive/superseded/.pack_a_native_clean/pi_ufo_baseline_v1_runtimefix/build/A_PI_NATIVE_200/MG5_PROC/Cards/delphes_trigger_ATLAS.dat; releases/pack_a/scientific_validation/external_validation_a/pi_ufo_baseline_v1/build/point_000001/MG5_PROC/Cards/delphes_trigger_ATLAS.dat; runs/A_PI_NATIVE/pi_ufo_baseline_v1/build/A_PI_NATIVE_200/MG5_PROC/Cards/delphes_trigger_ATLAS.dat; runs/A_PI_NATIVE_RUNTIMEFIX/pi_ufo_baseline_v1/build/A_PI_NATIVE_200/MG5_PROC/Cards/delphes_trigger_ATLAS.dat
madanalysis5_parton_card_default.dat	4	archive/superseded/.pack_a_native_clean/pi_ufo_baseline_v1_runtimefix/build/A_PI_NATIVE_200/MG5_PROC/Cards/madanalysis5_parton_card_default.dat; releases/pack_a/scientific_validation/external_validation_a/pi_ufo_baseline_v1/build/point_000001/MG5_PROC/Cards/madanalysis5_parton_card_default.dat; runs/A_PI_NATIVE/pi_ufo_baseline_v1/build/A_PI_NATIVE_200/MG5_PROC/Cards/madanalysis5_parton_card_default.dat; runs/A_PI_NATIVE_RUNTIMEFIX/pi_ufo_baseline_v1/build/A_PI_NATIVE_200/MG5_PROC/Cards/madanalysis5_parton_card_default.dat
pgs_card_TEV.dat	4	archive/superseded/.pack_a_native_clean/pi_ufo_baseline_v1_runtimefix/build/A_PI_NATIVE_200/MG5_PROC/Cards/pgs_card_TEV.dat; releases/pack_a/scientific_validation/external_validation_a/pi_ufo_baseline_v1/build/point_000001/MG5_PROC/Cards/pgs_card_TEV.dat; runs/A_PI_NATIVE/pi_ufo_baseline_v1/build/A_PI_NATIVE_200/MG5_PROC/Cards/pgs_card_TEV.dat; runs/A_PI_NATIVE_RUNTIMEFIX/pi_ufo_baseline_v1/build/A_PI_NATIVE_200/MG5_PROC/Cards/pgs_card_TEV.dat
reweight_card_default.dat	4	archive/superseded/.pack_a_native_clean/pi_ufo_baseline_v1_runtimefix/build/A_PI_NATIVE_200/MG5_PROC/Cards/reweight_card_default.dat; releases/pack_a/scientific_validation/external_validation_a/pi_ufo_baseline_v1/build/point_000001/MG5_PROC/Cards/reweight_card_default.dat; runs/A_PI_NATIVE/pi_ufo_baseline_v1/build/A_PI_NATIVE_200/MG5_PROC/Cards/reweight_card_default.dat; runs/A_PI_NATIVE_RUNTIMEFIX/pi_ufo_baseline_v1/build/A_PI_NATIVE_200/MG5_PROC/Cards/reweight_card_default.dat
pgs_card_CMS.dat	4	archive/superseded/.pack_a_native_clean/pi_ufo_baseline_v1_runtimefix/build/A_PI_NATIVE_200/MG5_PROC/Cards/pgs_card_CMS.dat; releases/pack_a/scientific_validation/external_validation_a/pi_ufo_baseline_v1/build/point_000001/MG5_PROC/Cards/pgs_card_CMS.dat; runs/A_PI_NATIVE/pi_ufo_baseline_v1/build/A_PI_NATIVE_200/MG5_PROC/Cards/pgs_card_CMS.dat; runs/A_PI_NATIVE_RUNTIMEFIX/pi_ufo_baseline_v1/build/A_PI_NATIVE_200/MG5_PROC/Cards/pgs_card_CMS.dat
.delphes_trigger.dat	3	archive/superseded/.pack_a_native_clean/pi_ufo_baseline_v1_runtimefix/build/A_PI_NATIVE_200/MG5_PROC/Cards/.delphes_trigger.dat; runs/A_PI_NATIVE/pi_ufo_baseline_v1/build/A_PI_NATIVE_200/MG5_PROC/Cards/.delphes_trigger.dat; runs/A_PI_NATIVE_RUNTIMEFIX/pi_ufo_baseline_v1/build/A_PI_NATIVE_200/MG5_PROC/Cards/.delphes_trigger.dat
pgs_card_ATLAS.dat	4	archive/superseded/.pack_a_native_clean/pi_ufo_baseline_v1_runtimefix/build/A_PI_NATIVE_200/MG5_PROC/Cards/pgs_card_ATLAS.dat; releases/pack_a/scientific_validation/external_validation_a/pi_ufo_baseline_v1/build/point_000001/MG5_PROC/Cards/pgs_card_ATLAS.dat; runs/A_PI_NATIVE/pi_ufo_baseline_v1/build/A_PI_NATIVE_200/MG5_PROC/Cards/pgs_card_ATLAS.dat; runs/A_PI_NATIVE_RUNTIMEFIX/pi_ufo_baseline_v1/build/A_PI_NATIVE_200/MG5_PROC/Cards/pgs_card_ATLAS.dat
proc_card_mg5.dat	4	archive/superseded/.pack_a_native_clean/pi_ufo_baseline_v1_runtimefix/build/A_PI_NATIVE_200/MG5_PROC/Cards/proc_card_mg5.dat; releases/pack_a/scientific_validation/external_validation_a/pi_ufo_baseline_v1/build/point_000001/MG5_PROC/Cards/proc_card_mg5.dat; runs/A_PI_NATIVE/pi_ufo_baseline_v1/build/A_PI_NATIVE_200/MG5_PROC/Cards/proc_card_mg5.dat; runs/A_PI_NATIVE_RUNTIMEFIX/pi_ufo_baseline_v1/build/A_PI_NATIVE_200/MG5_PROC/Cards/proc_card_mg5.dat
pgs_card_default.dat	4	archive/superseded/.pack_a_native_clean/pi_ufo_baseline_v1_runtimefix/build/A_PI_NATIVE_200/MG5_PROC/Cards/pgs_card_default.dat; releases/pack_a/scientific_validation/external_validation_a/pi_ufo_baseline_v1/build/point_000001/MG5_PROC/Cards/pgs_card_default.dat; runs/A_PI_NATIVE/pi_ufo_baseline_v1/build/A_PI_NATIVE_200/MG5_PROC/Cards/pgs_card_default.dat; runs/A_PI_NATIVE_RUNTIMEFIX/pi_ufo_baseline_v1/build/A_PI_NATIVE_200/MG5_PROC/Cards/pgs_card_default.dat
delphes_trigger_CMS.dat	4	archive/superseded/.pack_a_native_clean/pi_ufo_baseline_v1_runtimefix/build/A_PI_NATIVE_200/MG5_PROC/Cards/delphes_trigger_CMS.dat; releases/pack_a/scientific_validation/external_validation_a/pi_ufo_baseline_v1/build/point_000001/MG5_PROC/Cards/delphes_trigger_CMS.dat; runs/A_PI_NATIVE/pi_ufo_baseline_v1/build/A_PI_NATIVE_200/MG5_PROC/Cards/delphes_trigger_CMS.dat; runs/A_PI_NATIVE_RUNTIMEFIX/pi_ufo_baseline_v1/build/A_PI_NATIVE_200/MG5_PROC/Cards/delphes_trigger_CMS.dat
run_card_default.dat	4	archive/superseded/.pack_a_native_clean/pi_ufo_baseline_v1_runtimefix/build/A_PI_NATIVE_200/MG5_PROC/Cards/run_card_default.dat; releases/pack_a/scientific_validation/external_validation_a/pi_ufo_baseline_v1/build/point_000001/MG5_PROC/Cards/run_card_default.dat; runs/A_PI_NATIVE/pi_ufo_baseline_v1/build/A_PI_NATIVE_200/MG5_PROC/Cards/run_card_default.dat; runs/A_PI_NATIVE_RUNTIMEFIX/pi_ufo_baseline_v1/build/A_PI_NATIVE_200/MG5_PROC/Cards/run_card_default.dat
.plot_card.dat	3	archive/superseded/.pack_a_native_clean/pi_ufo_baseline_v1_runtimefix/build/A_PI_NATIVE_200/MG5_PROC/Cards/.plot_card.dat; runs/A_PI_NATIVE/pi_ufo_baseline_v1/build/A_PI_NATIVE_200/MG5_PROC/Cards/.plot_card.dat; runs/A_PI_NATIVE_RUNTIMEFIX/pi_ufo_baseline_v1/build/A_PI_NATIVE_200/MG5_PROC/Cards/.plot_card.dat
plot_card_default.dat	4	archive/superseded/.pack_a_native_clean/pi_ufo_baseline_v1_runtimefix/build/A_PI_NATIVE_200/MG5_PROC/Cards/plot_card_default.dat; releases/pack_a/scientific_validation/external_validation_a/pi_ufo_baseline_v1/build/point_000001/MG5_PROC/Cards/plot_card_default.dat; runs/A_PI_NATIVE/pi_ufo_baseline_v1/build/A_PI_NATIVE_200/MG5_PROC/Cards/plot_card_default.dat; runs/A_PI_NATIVE_RUNTIMEFIX/pi_ufo_baseline_v1/build/A_PI_NATIVE_200/MG5_PROC/Cards/plot_card_default.dat
pythia_card_default.dat	4	archive/superseded/.pack_a_native_clean/pi_ufo_baseline_v1_runtimefix/build/A_PI_NATIVE_200/MG5_PROC/Cards/pythia_card_default.dat; releases/pack_a/scientific_validation/external_validation_a/pi_ufo_baseline_v1/build/point_000001/MG5_PROC/Cards/pythia_card_default.dat; runs/A_PI_NATIVE/pi_ufo_baseline_v1/build/A_PI_NATIVE_200/MG5_PROC/Cards/pythia_card_default.dat; runs/A_PI_NATIVE_RUNTIMEFIX/pi_ufo_baseline_v1/build/A_PI_NATIVE_200/MG5_PROC/Cards/pythia_card_default.dat
replace_card1.dat	4	archive/superseded/.pack_a_native_clean/pi_ufo_baseline_v1_runtimefix/build/A_PI_NATIVE_200/MG5_PROC/Cards/replace_card1.dat; releases/pack_a/scientific_validation/external_validation_a/pi_ufo_baseline_v1/build/point_000001/MG5_PROC/Cards/replace_card1.dat; runs/A_PI_NATIVE/pi_ufo_baseline_v1/build/A_PI_NATIVE_200/MG5_PROC/Cards/replace_card1.dat; runs/A_PI_NATIVE_RUNTIMEFIX/pi_ufo_baseline_v1/build/A_PI_NATIVE_200/MG5_PROC/Cards/replace_card1.dat
materialize_internal_masses.py	2	archive/superseded/.pack_a_native_clean/pi_ufo_baseline_v1_runtimefix/scripts/materialize_internal_masses.py; runs/A_PI_NATIVE_RUNTIMEFIX/pi_ufo_baseline_v1/scripts/materialize_internal_masses.py
build_point.py	4	archive/superseded/.pack_a_native_clean/pi_ufo_baseline_v1_runtimefix/scripts/build_point.py; releases/pack_a/scientific_validation/external_validation_a/pi_ufo_baseline_v1/scripts/build_point.py; runs/A_PI_NATIVE/pi_ufo_baseline_v1/scripts/build_point.py; runs/A_PI_NATIVE_RUNTIMEFIX/pi_ufo_baseline_v1/scripts/build_point.py
run_validation_pack_a_native.sh	2	archive/superseded/.pack_a_native_clean/pi_ufo_baseline_v1_runtimefix/scripts/run_validation_pack_a_native.sh; runs/A_PI_NATIVE_RUNTIMEFIX/pi_ufo_baseline_v1/scripts/run_validation_pack_a_native.sh
run_pythia_smoke.sh	4	archive/superseded/.pack_a_native_clean/pi_ufo_baseline_v1_runtimefix/scripts/run_pythia_smoke.sh; releases/pack_a/scientific_validation/external_validation_a/pi_ufo_baseline_v1/scripts/run_pythia_smoke.sh; runs/A_PI_NATIVE/pi_ufo_baseline_v1/scripts/run_pythia_smoke.sh; runs/A_PI_NATIVE_RUNTIMEFIX/pi_ufo_baseline_v1/scripts/run_pythia_smoke.sh
extract_mg5_cross_section.py	4	archive/superseded/.pack_a_native_clean/pi_ufo_baseline_v1_runtimefix/scripts/extract_mg5_cross_section.py; releases/pack_a/scientific_validation/external_validation_a/pi_ufo_baseline_v1/scripts/extract_mg5_cross_section.py; runs/A_PI_NATIVE/pi_ufo_baseline_v1/scripts/extract_mg5_cross_section.py; runs/A_PI_NATIVE_RUNTIMEFIX/pi_ufo_baseline_v1/scripts/extract_mg5_cross_section.py
run_mg5_smoke.sh	4	archive/superseded/.pack_a_native_clean/pi_ufo_baseline_v1_runtimefix/scripts/run_mg5_smoke.sh; releases/pack_a/scientific_validation/external_validation_a/pi_ufo_baseline_v1/scripts/run_mg5_smoke.sh; runs/A_PI_NATIVE/pi_ufo_baseline_v1/scripts/run_mg5_smoke.sh; runs/A_PI_NATIVE_RUNTIMEFIX/pi_ufo_baseline_v1/scripts/run_mg5_smoke.sh
inspect_lhe.py	4	archive/superseded/.pack_a_native_clean/pi_ufo_baseline_v1_runtimefix/scripts/inspect_lhe.py; releases/pack_a/scientific_validation/external_validation_a/pi_ufo_baseline_v1/scripts/inspect_lhe.py; runs/A_PI_NATIVE/pi_ufo_baseline_v1/scripts/inspect_lhe.py; runs/A_PI_NATIVE_RUNTIMEFIX/pi_ufo_baseline_v1/scripts/inspect_lhe.py
run_recast_smoke.sh	4	archive/superseded/.pack_a_native_clean/pi_ufo_baseline_v1_runtimefix/scripts/run_recast_smoke.sh; releases/pack_a/scientific_validation/external_validation_a/pi_ufo_baseline_v1/scripts/run_recast_smoke.sh; runs/A_PI_NATIVE/pi_ufo_baseline_v1/scripts/run_recast_smoke.sh; runs/A_PI_NATIVE_RUNTIMEFIX/pi_ufo_baseline_v1/scripts/run_recast_smoke.sh
run_static_tests.py	4	archive/superseded/.pack_a_native_clean/pi_ufo_baseline_v1_runtimefix/scripts/run_static_tests.py; releases/pack_a/scientific_validation/external_validation_a/pi_ufo_baseline_v1/scripts/run_static_tests.py; runs/A_PI_NATIVE/pi_ufo_baseline_v1/scripts/run_static_tests.py; runs/A_PI_NATIVE_RUNTIMEFIX/pi_ufo_baseline_v1/scripts/run_static_tests.py
check_coupling_scaling.py	4	archive/superseded/.pack_a_native_clean/pi_ufo_baseline_v1_runtimefix/scripts/check_coupling_scaling.py; releases/pack_a/scientific_validation/external_validation_a/pi_ufo_baseline_v1/scripts/check_coupling_scaling.py; runs/A_PI_NATIVE/pi_ufo_baseline_v1/scripts/check_coupling_scaling.py; runs/A_PI_NATIVE_RUNTIMEFIX/pi_ufo_baseline_v1/scripts/check_coupling_scaling.py
make_param_card.py	4	archive/superseded/.pack_a_native_clean/pi_ufo_baseline_v1_runtimefix/scripts/make_param_card.py; releases/pack_a/scientific_validation/external_validation_a/pi_ufo_baseline_v1/scripts/make_param_card.py; runs/A_PI_NATIVE/pi_ufo_baseline_v1/scripts/make_param_card.py; runs/A_PI_NATIVE_RUNTIMEFIX/pi_ufo_baseline_v1/scripts/make_param_card.py
patch_mg5_run_card.py	4	archive/superseded/.pack_a_native_clean/pi_ufo_baseline_v1_runtimefix/scripts/patch_mg5_run_card.py; releases/pack_a/scientific_validation/external_validation_a/pi_ufo_baseline_v1/scripts/patch_mg5_run_card.py; runs/A_PI_NATIVE/pi_ufo_baseline_v1/scripts/patch_mg5_run_card.py; runs/A_PI_NATIVE_RUNTIMEFIX/pi_ufo_baseline_v1/scripts/patch_mg5_run_card.py
pack_constants.py	4	archive/superseded/.pack_a_native_clean/pi_ufo_baseline_v1_runtimefix/scripts/pack_constants.py; releases/pack_a/scientific_validation/external_validation_a/pi_ufo_baseline_v1/scripts/pack_constants.py; runs/A_PI_NATIVE/pi_ufo_baseline_v1/scripts/pack_constants.py; runs/A_PI_NATIVE_RUNTIMEFIX/pi_ufo_baseline_v1/scripts/pack_constants.py
validate_point.py	4	archive/superseded/.pack_a_native_clean/pi_ufo_baseline_v1_runtimefix/scripts/validate_point.py; releases/pack_a/scientific_validation/external_validation_a/pi_ufo_baseline_v1/scripts/validate_point.py; runs/A_PI_NATIVE/pi_ufo_baseline_v1/scripts/validate_point.py; runs/A_PI_NATIVE_RUNTIMEFIX/pi_ufo_baseline_v1/scripts/validate_point.py
model_utils.py	4	archive/superseded/.pack_a_native_clean/pi_ufo_baseline_v1_runtimefix/scripts/model_utils.py; releases/pack_a/scientific_validation/external_validation_a/pi_ufo_baseline_v1/scripts/model_utils.py; runs/A_PI_NATIVE/pi_ufo_baseline_v1/scripts/model_utils.py; runs/A_PI_NATIVE_RUNTIMEFIX/pi_ufo_baseline_v1/scripts/model_utils.py
make_decay_slha.py	4	archive/superseded/.pack_a_native_clean/pi_ufo_baseline_v1_runtimefix/scripts/make_decay_slha.py; releases/pack_a/scientific_validation/external_validation_a/pi_ufo_baseline_v1/scripts/make_decay_slha.py; runs/A_PI_NATIVE/pi_ufo_baseline_v1/scripts/make_decay_slha.py; runs/A_PI_NATIVE_RUNTIMEFIX/pi_ufo_baseline_v1/scripts/make_decay_slha.py
pack_constants.cpython-312.pyc	3	archive/superseded/.pack_a_native_clean/pi_ufo_baseline_v1_runtimefix/scripts/__pycache__/pack_constants.cpython-312.pyc; releases/pack_a/scientific_validation/external_validation_a/pi_ufo_baseline_v1/scripts/__pycache__/pack_constants.cpython-312.pyc; runs/A_PI_NATIVE/pi_ufo_baseline_v1/scripts/__pycache__/pack_constants.cpython-312.pyc
model_utils.cpython-312.pyc	3	archive/superseded/.pack_a_native_clean/pi_ufo_baseline_v1_runtimefix/scripts/__pycache__/model_utils.cpython-312.pyc; releases/pack_a/scientific_validation/external_validation_a/pi_ufo_baseline_v1/scripts/__pycache__/model_utils.cpython-312.pyc; runs/A_PI_NATIVE/pi_ufo_baseline_v1/scripts/__pycache__/model_utils.cpython-312.pyc
smoke_contract.json	4	archive/superseded/.pack_a_native_clean/pi_ufo_baseline_v1_runtimefix/expected/smoke_contract.json; releases/pack_a/scientific_validation/external_validation_a/pi_ufo_baseline_v1/expected/smoke_contract.json; runs/A_PI_NATIVE/pi_ufo_baseline_v1/expected/smoke_contract.json; runs/A_PI_NATIVE_RUNTIMEFIX/pi_ufo_baseline_v1/expected/smoke_contract.json
propagators.pyc	4	archive/superseded/.pack_a_native_clean/pi_ufo_baseline_v1_runtimefix/vendor/LLscalar_v3_UFO_original/propagators.pyc; releases/pack_a/scientific_validation/external_validation_a/pi_ufo_baseline_v1/vendor/LLscalar_v3_UFO_original/propagators.pyc; runs/A_PI_NATIVE/pi_ufo_baseline_v1/vendor/LLscalar_v3_UFO_original/propagators.pyc; runs/A_PI_NATIVE_RUNTIMEFIX/pi_ufo_baseline_v1/vendor/LLscalar_v3_UFO_original/propagators.pyc
parameters.py~	4	archive/superseded/.pack_a_native_clean/pi_ufo_baseline_v1_runtimefix/vendor/LLscalar_v3_UFO_original/parameters.py~; releases/pack_a/scientific_validation/external_validation_a/pi_ufo_baseline_v1/vendor/LLscalar_v3_UFO_original/parameters.py~; runs/A_PI_NATIVE/pi_ufo_baseline_v1/vendor/LLscalar_v3_UFO_original/parameters.py~; runs/A_PI_NATIVE_RUNTIMEFIX/pi_ufo_baseline_v1/vendor/LLscalar_v3_UFO_original/parameters.py~
__init__.pyc	4	archive/superseded/.pack_a_native_clean/pi_ufo_baseline_v1_runtimefix/vendor/LLscalar_v3_UFO_original/__init__.pyc; releases/pack_a/scientific_validation/external_validation_a/pi_ufo_baseline_v1/vendor/LLscalar_v3_UFO_original/__init__.pyc; runs/A_PI_NATIVE/pi_ufo_baseline_v1/vendor/LLscalar_v3_UFO_original/__init__.pyc; runs/A_PI_NATIVE_RUNTIMEFIX/pi_ufo_baseline_v1/vendor/LLscalar_v3_UFO_original/__init__.pyc
model.pkl	4	archive/superseded/.pack_a_native_clean/pi_ufo_baseline_v1_runtimefix/vendor/LLscalar_v3_UFO_original/model.pkl; releases/pack_a/scientific_validation/external_validation_a/pi_ufo_baseline_v1/vendor/LLscalar_v3_UFO_original/model.pkl; runs/A_PI_NATIVE/pi_ufo_baseline_v1/vendor/LLscalar_v3_UFO_original/model.pkl; runs/A_PI_NATIVE_RUNTIMEFIX/pi_ufo_baseline_v1/vendor/LLscalar_v3_UFO_original/model.pkl
object_library.pyc	4	archive/superseded/.pack_a_native_clean/pi_ufo_baseline_v1_runtimefix/vendor/LLscalar_v3_UFO_original/object_library.pyc; releases/pack_a/scientific_validation/external_validation_a/pi_ufo_baseline_v1/vendor/LLscalar_v3_UFO_original/object_library.pyc; runs/A_PI_NATIVE/pi_ufo_baseline_v1/vendor/LLscalar_v3_UFO_original/object_library.pyc; runs/A_PI_NATIVE_RUNTIMEFIX/pi_ufo_baseline_v1/vendor/LLscalar_v3_UFO_original/object_library.pyc
function_library.pyc	4	archive/superseded/.pack_a_native_clean/pi_ufo_baseline_v1_runtimefix/vendor/LLscalar_v3_UFO_original/function_library.pyc; releases/pack_a/scientific_validation/external_validation_a/pi_ufo_baseline_v1/vendor/LLscalar_v3_UFO_original/function_library.pyc; runs/A_PI_NATIVE/pi_ufo_baseline_v1/vendor/LLscalar_v3_UFO_original/function_library.pyc; runs/A_PI_NATIVE_RUNTIMEFIX/pi_ufo_baseline_v1/vendor/LLscalar_v3_UFO_original/function_library.pyc
particles.pyc	4	archive/superseded/.pack_a_native_clean/pi_ufo_baseline_v1_runtimefix/vendor/LLscalar_v3_UFO_original/particles.pyc; releases/pack_a/scientific_validation/external_validation_a/pi_ufo_baseline_v1/vendor/LLscalar_v3_UFO_original/particles.pyc; runs/A_PI_NATIVE/pi_ufo_baseline_v1/vendor/LLscalar_v3_UFO_original/particles.pyc; runs/A_PI_NATIVE_RUNTIMEFIX/pi_ufo_baseline_v1/vendor/LLscalar_v3_UFO_original/particles.pyc
23-06-21_LLscalar_v2_UFO.log	4	archive/superseded/.pack_a_native_clean/pi_ufo_baseline_v1_runtimefix/vendor/LLscalar_v3_UFO_original/23-06-21_LLscalar_v2_UFO.log; releases/pack_a/scientific_validation/external_validation_a/pi_ufo_baseline_v1/vendor/LLscalar_v3_UFO_original/23-06-21_LLscalar_v2_UFO.log; runs/A_PI_NATIVE/pi_ufo_baseline_v1/vendor/LLscalar_v3_UFO_original/23-06-21_LLscalar_v2_UFO.log; runs/A_PI_NATIVE_RUNTIMEFIX/pi_ufo_baseline_v1/vendor/LLscalar_v3_UFO_original/23-06-21_LLscalar_v2_UFO.log
vertices.pyc	4	archive/superseded/.pack_a_native_clean/pi_ufo_baseline_v1_runtimefix/vendor/LLscalar_v3_UFO_original/vertices.pyc; releases/pack_a/scientific_validation/external_validation_a/pi_ufo_baseline_v1/vendor/LLscalar_v3_UFO_original/vertices.pyc; runs/A_PI_NATIVE/pi_ufo_baseline_v1/vendor/LLscalar_v3_UFO_original/vertices.pyc; runs/A_PI_NATIVE_RUNTIMEFIX/pi_ufo_baseline_v1/vendor/LLscalar_v3_UFO_original/vertices.pyc
coupling_orders.pyc	4	archive/superseded/.pack_a_native_clean/pi_ufo_baseline_v1_runtimefix/vendor/LLscalar_v3_UFO_original/coupling_orders.pyc; releases/pack_a/scientific_validation/external_validation_a/pi_ufo_baseline_v1/vendor/LLscalar_v3_UFO_original/coupling_orders.pyc; runs/A_PI_NATIVE/pi_ufo_baseline_v1/vendor/LLscalar_v3_UFO_original/coupling_orders.pyc; runs/A_PI_NATIVE_RUNTIMEFIX/pi_ufo_baseline_v1/vendor/LLscalar_v3_UFO_original/coupling_orders.pyc
lorentz.pyc	4	archive/superseded/.pack_a_native_clean/pi_ufo_baseline_v1_runtimefix/vendor/LLscalar_v3_UFO_original/lorentz.pyc; releases/pack_a/scientific_validation/external_validation_a/pi_ufo_baseline_v1/vendor/LLscalar_v3_UFO_original/lorentz.pyc; runs/A_PI_NATIVE/pi_ufo_baseline_v1/vendor/LLscalar_v3_UFO_original/lorentz.pyc; runs/A_PI_NATIVE_RUNTIMEFIX/pi_ufo_baseline_v1/vendor/LLscalar_v3_UFO_original/lorentz.pyc
function_library.py~	4	archive/superseded/.pack_a_native_clean/pi_ufo_baseline_v1_runtimefix/vendor/LLscalar_v3_UFO_original/function_library.py~; releases/pack_a/scientific_validation/external_validation_a/pi_ufo_baseline_v1/vendor/LLscalar_v3_UFO_original/function_library.py~; runs/A_PI_NATIVE/pi_ufo_baseline_v1/vendor/LLscalar_v3_UFO_original/function_library.py~; runs/A_PI_NATIVE_RUNTIMEFIX/pi_ufo_baseline_v1/vendor/LLscalar_v3_UFO_original/function_library.py~
form_factors.pyc	4	archive/superseded/.pack_a_native_clean/pi_ufo_baseline_v1_runtimefix/vendor/LLscalar_v3_UFO_original/form_factors.pyc; releases/pack_a/scientific_validation/external_validation_a/pi_ufo_baseline_v1/vendor/LLscalar_v3_UFO_original/form_factors.pyc; runs/A_PI_NATIVE/pi_ufo_baseline_v1/vendor/LLscalar_v3_UFO_original/form_factors.pyc; runs/A_PI_NATIVE_RUNTIMEFIX/pi_ufo_baseline_v1/vendor/LLscalar_v3_UFO_original/form_factors.pyc
decays.pyc	4	archive/superseded/.pack_a_native_clean/pi_ufo_baseline_v1_runtimefix/vendor/LLscalar_v3_UFO_original/decays.pyc; releases/pack_a/scientific_validation/external_validation_a/pi_ufo_baseline_v1/vendor/LLscalar_v3_UFO_original/decays.pyc; runs/A_PI_NATIVE/pi_ufo_baseline_v1/vendor/LLscalar_v3_UFO_original/decays.pyc; runs/A_PI_NATIVE_RUNTIMEFIX/pi_ufo_baseline_v1/vendor/LLscalar_v3_UFO_original/decays.pyc
couplings.pyc	4	archive/superseded/.pack_a_native_clean/pi_ufo_baseline_v1_runtimefix/vendor/LLscalar_v3_UFO_original/couplings.pyc; releases/pack_a/scientific_validation/external_validation_a/pi_ufo_baseline_v1/vendor/LLscalar_v3_UFO_original/couplings.pyc; runs/A_PI_NATIVE/pi_ufo_baseline_v1/vendor/LLscalar_v3_UFO_original/couplings.pyc; runs/A_PI_NATIVE_RUNTIMEFIX/pi_ufo_baseline_v1/vendor/LLscalar_v3_UFO_original/couplings.pyc
parameters.pyc	4	archive/superseded/.pack_a_native_clean/pi_ufo_baseline_v1_runtimefix/vendor/LLscalar_v3_UFO_original/parameters.pyc; releases/pack_a/scientific_validation/external_validation_a/pi_ufo_baseline_v1/vendor/LLscalar_v3_UFO_original/parameters.pyc; runs/A_PI_NATIVE/pi_ufo_baseline_v1/vendor/LLscalar_v3_UFO_original/parameters.pyc; runs/A_PI_NATIVE_RUNTIMEFIX/pi_ufo_baseline_v1/vendor/LLscalar_v3_UFO_original/parameters.pyc
test_invalid_points.py	4	archive/superseded/.pack_a_native_clean/pi_ufo_baseline_v1_runtimefix/tests/test_invalid_points.py; releases/pack_a/scientific_validation/external_validation_a/pi_ufo_baseline_v1/tests/test_invalid_points.py; runs/A_PI_NATIVE/pi_ufo_baseline_v1/tests/test_invalid_points.py; runs/A_PI_NATIVE_RUNTIMEFIX/pi_ufo_baseline_v1/tests/test_invalid_points.py
test_materialize_internal_masses.py	2	archive/superseded/.pack_a_native_clean/pi_ufo_baseline_v1_runtimefix/tests/test_materialize_internal_masses.py; runs/A_PI_NATIVE_RUNTIMEFIX/pi_ufo_baseline_v1/tests/test_materialize_internal_masses.py
test_model_contract.py	4	archive/superseded/.pack_a_native_clean/pi_ufo_baseline_v1_runtimefix/tests/test_model_contract.py; releases/pack_a/scientific_validation/external_validation_a/pi_ufo_baseline_v1/tests/test_model_contract.py; runs/A_PI_NATIVE/pi_ufo_baseline_v1/tests/test_model_contract.py; runs/A_PI_NATIVE_RUNTIMEFIX/pi_ufo_baseline_v1/tests/test_model_contract.py
test_patch_mg5_run_card.py	2	archive/superseded/.pack_a_native_clean/pi_ufo_baseline_v1_runtimefix/tests/test_patch_mg5_run_card.py; runs/A_PI_NATIVE_RUNTIMEFIX/pi_ufo_baseline_v1/tests/test_patch_mg5_run_card.py
run_card_mg5_generated.dat	2	archive/superseded/.pack_a_native_clean/pi_ufo_baseline_v1_runtimefix/tests/fixtures/run_card_mg5_generated.dat; runs/A_PI_NATIVE_RUNTIMEFIX/pi_ufo_baseline_v1/tests/fixtures/run_card_mg5_generated.dat
param_card_missing_pdg24.dat	2	archive/superseded/.pack_a_native_clean/pi_ufo_baseline_v1_runtimefix/tests/fixtures/param_card_missing_pdg24.dat; runs/A_PI_NATIVE_RUNTIMEFIX/pi_ufo_baseline_v1/tests/fixtures/param_card_missing_pdg24.dat
pythia8.template.cmnd	4	archive/superseded/.pack_a_native_clean/pi_ufo_baseline_v1_runtimefix/cards/pythia8.template.cmnd; releases/pack_a/scientific_validation/external_validation_a/pi_ufo_baseline_v1/cards/pythia8.template.cmnd; runs/A_PI_NATIVE/pi_ufo_baseline_v1/cards/pythia8.template.cmnd; runs/A_PI_NATIVE_RUNTIMEFIX/pi_ufo_baseline_v1/cards/pythia8.template.cmnd
proc_card_zerojet.dat	4	archive/superseded/.pack_a_native_clean/pi_ufo_baseline_v1_runtimefix/cards/proc_card_zerojet.dat; releases/pack_a/scientific_validation/external_validation_a/pi_ufo_baseline_v1/cards/proc_card_zerojet.dat; runs/A_PI_NATIVE/pi_ufo_baseline_v1/cards/proc_card_zerojet.dat; runs/A_PI_NATIVE_RUNTIMEFIX/pi_ufo_baseline_v1/cards/proc_card_zerojet.dat
run_card_smoke.dat	4	archive/superseded/.pack_a_native_clean/pi_ufo_baseline_v1_runtimefix/cards/run_card_smoke.dat; releases/pack_a/scientific_validation/external_validation_a/pi_ufo_baseline_v1/cards/run_card_smoke.dat; runs/A_PI_NATIVE/pi_ufo_baseline_v1/cards/run_card_smoke.dat; runs/A_PI_NATIVE_RUNTIMEFIX/pi_ufo_baseline_v1/cards/run_card_smoke.dat
python3_param_card_compat.patch	4	archive/superseded/.pack_a_native_clean/pi_ufo_baseline_v1_runtimefix/patches/python3_param_card_compat.patch; releases/pack_a/scientific_validation/external_validation_a/pi_ufo_baseline_v1/patches/python3_param_card_compat.patch; runs/A_PI_NATIVE/pi_ufo_baseline_v1/patches/python3_param_card_compat.patch; runs/A_PI_NATIVE_RUNTIMEFIX/pi_ufo_baseline_v1/patches/python3_param_card_compat.patch
point.schema.json	4	archive/superseded/.pack_a_native_clean/pi_ufo_baseline_v1_runtimefix/schemas/point.schema.json; releases/pack_a/scientific_validation/external_validation_a/pi_ufo_baseline_v1/schemas/point.schema.json; runs/A_PI_NATIVE/pi_ufo_baseline_v1/schemas/point.schema.json; runs/A_PI_NATIVE_RUNTIMEFIX/pi_ufo_baseline_v1/schemas/point.schema.json
